original_path	sha256	size	domain_id	action	new_path	notes
AUDIT_CHECKLIST_v2.1.md	cbf871af8cf0c744ade819d64a62d765bd82b57a106d2f3408d4f15e6325b518	23850	D10	copy	records/audit-checklist.md	canonical records/ copy of the D10 audit checklist; version suffix dropped
AUDIT_LEDGER_v2.1.json	b6cc01f09ed01b27bf48fd2c22228489149a815a4e2170b17824a752bf95ce3c	50497	D10	copy	records/audit-ledger.json	canonical records/ copy of the D10 audit ledger; version suffix dropped
B0_wire_spec_v1.44.md	5c639a06a6511cfcaf75209e04daef3d04c0763eafd1a6d8cea35713dab6b311	7436	D7	copy	domains/07-compact-certificate-b0/docs/b0-wire-spec.md	current revision; version suffix dropped
FAILED_ASSUMPTIONS.md	68628f0fad6e73d22b4d4c32b9f0297f70e5aadf86aa2e88853f85d846259184	16775	D12	copy	records/failed-assumptions.md	refuted hypotheses; canonical records/ copy (D12)
FIXES_v2.2.md	a22c10fdf0fd3900c03853901fc3e684b1db78f857b26ae1893051c7cc238817	5044	D12	copy	records/fixes.md	current revision; version suffix dropped per the naming convention (D12)
PQ_CE_QS_v1 (2).29_MLKEM_MLDSA_experiment/PACKAGE_VALIDATION.json	fe4ed992e51318a4efd8e372ef57f2e5c7acd201f4cd6ef6842613e6e0fb6d43	246500	D3	copy	domains/03-zk-carrier-experiments/results/package-validation.json	current package validation record; earlier revisions under history/
PQ_CE_QS_v1 (2).29_MLKEM_MLDSA_experiment/README.md	c7f9e583d697ce6fc875fbcd6505247db757b3c545f7915bd4fd62d76c962dd4	21810	D3	exclude-duplicate		byte-identical to domains/03-zk-carrier-experiments/docs/package-assessment.md (from PQ_CE_QS_v1 (2).29_MLKEM_MLDSA_experiment/continuation_v1.29/assessment.md); kept once
PQ_CE_QS_v1 (2).29_MLKEM_MLDSA_experiment/SOURCE_MANIFEST.json	8d843cac8b444f591413a2e3f3d2a7d5b3481df0c36ab65c7a2d776b5b508feb	201624	D3	copy	domains/03-zk-carrier-experiments/results/source-manifest.json	current package manifest; the v1.27/v1.28 revisions are under history/
PQ_CE_QS_v1 (2).29_MLKEM_MLDSA_experiment/continuation_v1.17/binius64-source/.cargo/config.toml	3bf845109f7e66ed821c345e669365f0738695060f33ba3f74a5e0df732f6542	172	D3	exclude-vendored		vendored upstream binius-zk/binius64 @ 37e9cd64e82243cde0e79c7d8ac0dc319f1cbeb4 (workspace 0.1.0, edition 2024, Rust 1.97.1, licence Apache-2.0 OR MIT); excluded per the D3 dossier (keep a pinned upstream reference, not the tree); the six local modifications are listed in the copied record source-comparison.json (patch prover_memory.patch)
PQ_CE_QS_v1 (2).29_MLKEM_MLDSA_experiment/continuation_v1.17/binius64-source/.editorconfig	2b5bd62c8ac6186f36190713e5abcbe3a68016c1e5594fc455af46c42ebfc365	248	D3	exclude-vendored		vendored upstream binius-zk/binius64 @ 37e9cd64e82243cde0e79c7d8ac0dc319f1cbeb4 (workspace 0.1.0, edition 2024, Rust 1.97.1, licence Apache-2.0 OR MIT); excluded per the D3 dossier (keep a pinned upstream reference, not the tree); the six local modifications are listed in the copied record source-comparison.json (patch prover_memory.patch)
PQ_CE_QS_v1 (2).29_MLKEM_MLDSA_experiment/continuation_v1.17/binius64-source/.github/actions/setup-rust/action.yml	e75ad1afa922958c109f256b89c49dcc2f09a712168ab2fa8811683d36e640b9	3018	D3	exclude-vendored		vendored upstream binius-zk/binius64 @ 37e9cd64e82243cde0e79c7d8ac0dc319f1cbeb4 (workspace 0.1.0, edition 2024, Rust 1.97.1, licence Apache-2.0 OR MIT); excluded per the D3 dossier (keep a pinned upstream reference, not the tree); the six local modifications are listed in the copied record source-comparison.json (patch prover_memory.patch)
PQ_CE_QS_v1 (2).29_MLKEM_MLDSA_experiment/continuation_v1.17/binius64-source/.github/dependabot.yml	522858407842e81bfae30aff230c0f7f2b6b85ce33fd73c3d15671f1b64a6fcd	951	D3	exclude-vendored		vendored upstream binius-zk/binius64 @ 37e9cd64e82243cde0e79c7d8ac0dc319f1cbeb4 (workspace 0.1.0, edition 2024, Rust 1.97.1, licence Apache-2.0 OR MIT); excluded per the D3 dossier (keep a pinned upstream reference, not the tree); the six local modifications are listed in the copied record source-comparison.json (patch prover_memory.patch)
PQ_CE_QS_v1 (2).29_MLKEM_MLDSA_experiment/continuation_v1.17/binius64-source/.github/workflows/ci.yml	aaf7081819f46a4ed1d24c0fc5c2d5867f2bf9f3e8a41bd5e70582382a9e9655	9952	D3	exclude-vendored		vendored upstream binius-zk/binius64 @ 37e9cd64e82243cde0e79c7d8ac0dc319f1cbeb4 (workspace 0.1.0, edition 2024, Rust 1.97.1, licence Apache-2.0 OR MIT); excluded per the D3 dossier (keep a pinned upstream reference, not the tree); the six local modifications are listed in the copied record source-comparison.json (patch prover_memory.patch)
PQ_CE_QS_v1 (2).29_MLKEM_MLDSA_experiment/continuation_v1.17/binius64-source/.github/workflows/docs.yml	32d80887304760cdb4ebbd674a27c21edcdd73d7f6447738c2634e9e9ebed48e	1277	D3	exclude-vendored		vendored upstream binius-zk/binius64 @ 37e9cd64e82243cde0e79c7d8ac0dc319f1cbeb4 (workspace 0.1.0, edition 2024, Rust 1.97.1, licence Apache-2.0 OR MIT); excluded per the D3 dossier (keep a pinned upstream reference, not the tree); the six local modifications are listed in the copied record source-comparison.json (patch prover_memory.patch)
PQ_CE_QS_v1 (2).29_MLKEM_MLDSA_experiment/continuation_v1.17/binius64-source/.gitignore	58c7ace2533ae08473fe023e9a8b22439c7ba307df444a6b5cd10393f56097c8	301	D3	exclude-vendored		vendored upstream binius-zk/binius64 @ 37e9cd64e82243cde0e79c7d8ac0dc319f1cbeb4 (workspace 0.1.0, edition 2024, Rust 1.97.1, licence Apache-2.0 OR MIT); excluded per the D3 dossier (keep a pinned upstream reference, not the tree); the six local modifications are listed in the copied record source-comparison.json (patch prover_memory.patch)
PQ_CE_QS_v1 (2).29_MLKEM_MLDSA_experiment/continuation_v1.17/binius64-source/.rustfmt.toml	5c4bc9ced28d797bd2aaa1a42960ab5a7b655d16936177cb76201981dd98bb26	158	D3	exclude-vendored		vendored upstream binius-zk/binius64 @ 37e9cd64e82243cde0e79c7d8ac0dc319f1cbeb4 (workspace 0.1.0, edition 2024, Rust 1.97.1, licence Apache-2.0 OR MIT); excluded per the D3 dossier (keep a pinned upstream reference, not the tree); the six local modifications are listed in the copied record source-comparison.json (patch prover_memory.patch)
PQ_CE_QS_v1 (2).29_MLKEM_MLDSA_experiment/continuation_v1.17/binius64-source/ARCHITECTURE.md	93b548a23bc3dd7099c3ec108b323eb81cfe3d72ae51ba8900e15c5b54016785	5005	D3	exclude-vendored		vendored upstream binius-zk/binius64 @ 37e9cd64e82243cde0e79c7d8ac0dc319f1cbeb4 (workspace 0.1.0, edition 2024, Rust 1.97.1, licence Apache-2.0 OR MIT); excluded per the D3 dossier (keep a pinned upstream reference, not the tree); the six local modifications are listed in the copied record source-comparison.json (patch prover_memory.patch)
PQ_CE_QS_v1 (2).29_MLKEM_MLDSA_experiment/continuation_v1.17/binius64-source/CONTRIBUTING.md	27ec376a3c3a8d4f9c11f5f69dc3b44f77538f148e0650f7eaf82d82a74a0fd2	14294	D3	exclude-vendored		vendored upstream binius-zk/binius64 @ 37e9cd64e82243cde0e79c7d8ac0dc319f1cbeb4 (workspace 0.1.0, edition 2024, Rust 1.97.1, licence Apache-2.0 OR MIT); excluded per the D3 dossier (keep a pinned upstream reference, not the tree); the six local modifications are listed in the copied record source-comparison.json (patch prover_memory.patch)
PQ_CE_QS_v1 (2).29_MLKEM_MLDSA_experiment/continuation_v1.17/binius64-source/Cargo.toml	6789ff542b79c90abe0a2225caac2c4f5705859eb9fac3f762897d309552fe54	3360	D3	exclude-vendored		vendored upstream binius-zk/binius64 @ 37e9cd64e82243cde0e79c7d8ac0dc319f1cbeb4 (workspace 0.1.0, edition 2024, Rust 1.97.1, licence Apache-2.0 OR MIT); excluded per the D3 dossier (keep a pinned upstream reference, not the tree); the six local modifications are listed in the copied record source-comparison.json (patch prover_memory.patch)
PQ_CE_QS_v1 (2).29_MLKEM_MLDSA_experiment/continuation_v1.17/binius64-source/DEVELOPMENT.md	18aa0ccfce166c1f8bf079b6fba1f405b30740eaf2a927de1c47638d19e638c4	8036	D3	exclude-vendored		vendored upstream binius-zk/binius64 @ 37e9cd64e82243cde0e79c7d8ac0dc319f1cbeb4 (workspace 0.1.0, edition 2024, Rust 1.97.1, licence Apache-2.0 OR MIT); excluded per the D3 dossier (keep a pinned upstream reference, not the tree); the six local modifications are listed in the copied record source-comparison.json (patch prover_memory.patch)
PQ_CE_QS_v1 (2).29_MLKEM_MLDSA_experiment/continuation_v1.17/binius64-source/LICENSE-Apache-2.0.txt	245f1fe888a9b2cc730d5313b1b430ef896bf29aede9649d4f11ebcf42faa8f2	11388	D3	exclude-vendored		vendored upstream binius-zk/binius64 @ 37e9cd64e82243cde0e79c7d8ac0dc319f1cbeb4 (workspace 0.1.0, edition 2024, Rust 1.97.1, licence Apache-2.0 OR MIT); excluded per the D3 dossier (keep a pinned upstream reference, not the tree); the six local modifications are listed in the copied record source-comparison.json (patch prover_memory.patch)
PQ_CE_QS_v1 (2).29_MLKEM_MLDSA_experiment/continuation_v1.17/binius64-source/LICENSE-MIT.txt	723891a70c107d694fe1d457a7c7ed5d0580c274ac8cfa2aa18f3ee75f49790e	1102	D3	exclude-vendored		vendored upstream binius-zk/binius64 @ 37e9cd64e82243cde0e79c7d8ac0dc319f1cbeb4 (workspace 0.1.0, edition 2024, Rust 1.97.1, licence Apache-2.0 OR MIT); excluded per the D3 dossier (keep a pinned upstream reference, not the tree); the six local modifications are listed in the copied record source-comparison.json (patch prover_memory.patch)
PQ_CE_QS_v1 (2).29_MLKEM_MLDSA_experiment/continuation_v1.17/binius64-source/README.md	284557a09041dd35a2ea4842d433847155ad531ff048fff38fdd66c40289cfab	8099	D3	exclude-vendored		vendored upstream binius-zk/binius64 @ 37e9cd64e82243cde0e79c7d8ac0dc319f1cbeb4 (workspace 0.1.0, edition 2024, Rust 1.97.1, licence Apache-2.0 OR MIT); excluded per the D3 dossier (keep a pinned upstream reference, not the tree); the six local modifications are listed in the copied record source-comparison.json (patch prover_memory.patch)
PQ_CE_QS_v1 (2).29_MLKEM_MLDSA_experiment/continuation_v1.17/binius64-source/assets/Logo.png	e42a82cd7db543a31c6f26b29016464c9c8c58de91dc596b12e3fc813673116b	22381	D3	exclude-vendored		vendored upstream binius-zk/binius64 @ 37e9cd64e82243cde0e79c7d8ac0dc319f1cbeb4 (workspace 0.1.0, edition 2024, Rust 1.97.1, licence Apache-2.0 OR MIT); excluded per the D3 dossier (keep a pinned upstream reference, not the tree); the six local modifications are listed in the copied record source-comparison.json (patch prover_memory.patch)
PQ_CE_QS_v1 (2).29_MLKEM_MLDSA_experiment/continuation_v1.17/binius64-source/assets/katex-header.html	6a3c33d1346bbfedd7079864e3661156a7566e53a1a082f284f4a1d0378ee464	971	D3	exclude-vendored		vendored upstream binius-zk/binius64 @ 37e9cd64e82243cde0e79c7d8ac0dc319f1cbeb4 (workspace 0.1.0, edition 2024, Rust 1.97.1, licence Apache-2.0 OR MIT); excluded per the D3 dossier (keep a pinned upstream reference, not the tree); the six local modifications are listed in the copied record source-comparison.json (patch prover_memory.patch)
PQ_CE_QS_v1 (2).29_MLKEM_MLDSA_experiment/continuation_v1.17/binius64-source/crates/arith-bench/Cargo.toml	ca99b4d0c6aa583117c203985532786b19c0f53f065fa9b1aa2982aa9f76c2fb	399	D3	exclude-vendored		vendored upstream binius-zk/binius64 @ 37e9cd64e82243cde0e79c7d8ac0dc319f1cbeb4 (workspace 0.1.0, edition 2024, Rust 1.97.1, licence Apache-2.0 OR MIT); excluded per the D3 dossier (keep a pinned upstream reference, not the tree); the six local modifications are listed in the copied record source-comparison.json (patch prover_memory.patch)
PQ_CE_QS_v1 (2).29_MLKEM_MLDSA_experiment/continuation_v1.17/binius64-source/crates/arith-bench/benches/field_mul.rs	ebfe5e58d5900ddd50ce841020e4eed74d4c923042e98f948752acdee39d4614	34607	D3	exclude-vendored		vendored upstream binius-zk/binius64 @ 37e9cd64e82243cde0e79c7d8ac0dc319f1cbeb4 (workspace 0.1.0, edition 2024, Rust 1.97.1, licence Apache-2.0 OR MIT); excluded per the D3 dossier (keep a pinned upstream reference, not the tree); the six local modifications are listed in the copied record source-comparison.json (patch prover_memory.patch)
PQ_CE_QS_v1 (2).29_MLKEM_MLDSA_experiment/continuation_v1.17/binius64-source/crates/arith-bench/src/arch/aarch64.rs	0fa565b465648c5c31fad4e980f7df4007be030be68d005e6205ed22cdda73f6	14575	D3	exclude-vendored		vendored upstream binius-zk/binius64 @ 37e9cd64e82243cde0e79c7d8ac0dc319f1cbeb4 (workspace 0.1.0, edition 2024, Rust 1.97.1, licence Apache-2.0 OR MIT); excluded per the D3 dossier (keep a pinned upstream reference, not the tree); the six local modifications are listed in the copied record source-comparison.json (patch prover_memory.patch)
PQ_CE_QS_v1 (2).29_MLKEM_MLDSA_experiment/continuation_v1.17/binius64-source/crates/arith-bench/src/arch/mod.rs	f9f5fc252b5a14d3e580465a2764566b62f0525a5021167e773059514340e21f	211	D3	exclude-vendored		vendored upstream binius-zk/binius64 @ 37e9cd64e82243cde0e79c7d8ac0dc319f1cbeb4 (workspace 0.1.0, edition 2024, Rust 1.97.1, licence Apache-2.0 OR MIT); excluded per the D3 dossier (keep a pinned upstream reference, not the tree); the six local modifications are listed in the copied record source-comparison.json (patch prover_memory.patch)
PQ_CE_QS_v1 (2).29_MLKEM_MLDSA_experiment/continuation_v1.17/binius64-source/crates/arith-bench/src/arch/portable64.rs	021d8826b1b5a41430670ea0fa6018c93a3263db1a5b15d5c9f9eaa131129a53	4944	D3	exclude-vendored		vendored upstream binius-zk/binius64 @ 37e9cd64e82243cde0e79c7d8ac0dc319f1cbeb4 (workspace 0.1.0, edition 2024, Rust 1.97.1, licence Apache-2.0 OR MIT); excluded per the D3 dossier (keep a pinned upstream reference, not the tree); the six local modifications are listed in the copied record source-comparison.json (patch prover_memory.patch)
PQ_CE_QS_v1 (2).29_MLKEM_MLDSA_experiment/continuation_v1.17/binius64-source/crates/arith-bench/src/arch/x86_64.rs	9fb7e14cac86a95331e2b95ec1e2ca5b507493395ff06a58d403294125aa4c30	32858	D3	exclude-vendored		vendored upstream binius-zk/binius64 @ 37e9cd64e82243cde0e79c7d8ac0dc319f1cbeb4 (workspace 0.1.0, edition 2024, Rust 1.97.1, licence Apache-2.0 OR MIT); excluded per the D3 dossier (keep a pinned upstream reference, not the tree); the six local modifications are listed in the copied record source-comparison.json (patch prover_memory.patch)
PQ_CE_QS_v1 (2).29_MLKEM_MLDSA_experiment/continuation_v1.17/binius64-source/crates/arith-bench/src/ghash/aarch64.rs	64f5430ad69389a341c063d9bde66b71e311df187ea9956494d474ecbca1b0cb	10459	D3	exclude-vendored		vendored upstream binius-zk/binius64 @ 37e9cd64e82243cde0e79c7d8ac0dc319f1cbeb4 (workspace 0.1.0, edition 2024, Rust 1.97.1, licence Apache-2.0 OR MIT); excluded per the D3 dossier (keep a pinned upstream reference, not the tree); the six local modifications are listed in the copied record source-comparison.json (patch prover_memory.patch)
PQ_CE_QS_v1 (2).29_MLKEM_MLDSA_experiment/continuation_v1.17/binius64-source/crates/arith-bench/src/ghash/bit_sliced.rs	4a104a160f4e3ada6b8e20855151ef65fb595af89800d20849b9dfbcb8d1c5e1	6337	D3	exclude-vendored		vendored upstream binius-zk/binius64 @ 37e9cd64e82243cde0e79c7d8ac0dc319f1cbeb4 (workspace 0.1.0, edition 2024, Rust 1.97.1, licence Apache-2.0 OR MIT); excluded per the D3 dossier (keep a pinned upstream reference, not the tree); the six local modifications are listed in the copied record source-comparison.json (patch prover_memory.patch)
PQ_CE_QS_v1 (2).29_MLKEM_MLDSA_experiment/continuation_v1.17/binius64-source/crates/arith-bench/src/ghash/clmul.rs	aa7b322991b95830a9d77018f5a4e0bca24b05e1d2e8ea255e909aab59feb706	18370	D3	exclude-vendored		vendored upstream binius-zk/binius64 @ 37e9cd64e82243cde0e79c7d8ac0dc319f1cbeb4 (workspace 0.1.0, edition 2024, Rust 1.97.1, licence Apache-2.0 OR MIT); excluded per the D3 dossier (keep a pinned upstream reference, not the tree); the six local modifications are listed in the copied record source-comparison.json (patch prover_memory.patch)
PQ_CE_QS_v1 (2).29_MLKEM_MLDSA_experiment/continuation_v1.17/binius64-source/crates/arith-bench/src/ghash/mod.rs	323b7833718aa0571a4e26e65a85bed4ce2aaac25b0e744e4e873dbc8b7580ae	887	D3	exclude-vendored		vendored upstream binius-zk/binius64 @ 37e9cd64e82243cde0e79c7d8ac0dc319f1cbeb4 (workspace 0.1.0, edition 2024, Rust 1.97.1, licence Apache-2.0 OR MIT); excluded per the D3 dossier (keep a pinned upstream reference, not the tree); the six local modifications are listed in the copied record source-comparison.json (patch prover_memory.patch)
PQ_CE_QS_v1 (2).29_MLKEM_MLDSA_experiment/continuation_v1.17/binius64-source/crates/arith-bench/src/ghash/soft64.rs	da64c91b9df3cc932076925e7b75d8530434a4a289b3a03c96907a3b4bb4fc39	8340	D3	exclude-vendored		vendored upstream binius-zk/binius64 @ 37e9cd64e82243cde0e79c7d8ac0dc319f1cbeb4 (workspace 0.1.0, edition 2024, Rust 1.97.1, licence Apache-2.0 OR MIT); excluded per the D3 dossier (keep a pinned upstream reference, not the tree); the six local modifications are listed in the copied record source-comparison.json (patch prover_memory.patch)
PQ_CE_QS_v1 (2).29_MLKEM_MLDSA_experiment/continuation_v1.17/binius64-source/crates/arith-bench/src/ghash_sq/aarch64.rs	843c00a187fa4a4c0417b9c2e78f3f3b8c073a5b9fc7c631f3cd8ba60897fd1a	3117	D3	exclude-vendored		vendored upstream binius-zk/binius64 @ 37e9cd64e82243cde0e79c7d8ac0dc319f1cbeb4 (workspace 0.1.0, edition 2024, Rust 1.97.1, licence Apache-2.0 OR MIT); excluded per the D3 dossier (keep a pinned upstream reference, not the tree); the six local modifications are listed in the copied record source-comparison.json (patch prover_memory.patch)
PQ_CE_QS_v1 (2).29_MLKEM_MLDSA_experiment/continuation_v1.17/binius64-source/crates/arith-bench/src/ghash_sq/mod.rs	8a5f3a2e54944839c2d72f609f1609ff6b9367345782262789b5677d7e650d53	576	D3	exclude-vendored		vendored upstream binius-zk/binius64 @ 37e9cd64e82243cde0e79c7d8ac0dc319f1cbeb4 (workspace 0.1.0, edition 2024, Rust 1.97.1, licence Apache-2.0 OR MIT); excluded per the D3 dossier (keep a pinned upstream reference, not the tree); the six local modifications are listed in the copied record source-comparison.json (patch prover_memory.patch)
PQ_CE_QS_v1 (2).29_MLKEM_MLDSA_experiment/continuation_v1.17/binius64-source/crates/arith-bench/src/ghash_sq/sliced.rs	edd9d0cd0e4c1a76136d92d0ae827d8f9b86ea5cffc14804095cadc6975ec84e	4365	D3	exclude-vendored		vendored upstream binius-zk/binius64 @ 37e9cd64e82243cde0e79c7d8ac0dc319f1cbeb4 (workspace 0.1.0, edition 2024, Rust 1.97.1, licence Apache-2.0 OR MIT); excluded per the D3 dossier (keep a pinned upstream reference, not the tree); the six local modifications are listed in the copied record source-comparison.json (patch prover_memory.patch)
PQ_CE_QS_v1 (2).29_MLKEM_MLDSA_experiment/continuation_v1.17/binius64-source/crates/arith-bench/src/ghash_sq/soft64.rs	3bcf016e01f201c63f683c11eb729593846de321bad80ec2f9dfc9885c838b7d	3376	D3	exclude-vendored		vendored upstream binius-zk/binius64 @ 37e9cd64e82243cde0e79c7d8ac0dc319f1cbeb4 (workspace 0.1.0, edition 2024, Rust 1.97.1, licence Apache-2.0 OR MIT); excluded per the D3 dossier (keep a pinned upstream reference, not the tree); the six local modifications are listed in the copied record source-comparison.json (patch prover_memory.patch)
PQ_CE_QS_v1 (2).29_MLKEM_MLDSA_experiment/continuation_v1.17/binius64-source/crates/arith-bench/src/ghash_sq/x86_64.rs	857f227b73ac73635c6a7d393796a5031a780adf7e4e28a4095754453d7da883	12233	D3	exclude-vendored		vendored upstream binius-zk/binius64 @ 37e9cd64e82243cde0e79c7d8ac0dc319f1cbeb4 (workspace 0.1.0, edition 2024, Rust 1.97.1, licence Apache-2.0 OR MIT); excluded per the D3 dossier (keep a pinned upstream reference, not the tree); the six local modifications are listed in the copied record source-comparison.json (patch prover_memory.patch)
PQ_CE_QS_v1 (2).29_MLKEM_MLDSA_experiment/continuation_v1.17/binius64-source/crates/arith-bench/src/lib.rs	ad14f16edfcf62527058b4308424242dad9ba026a08170129be3ac3091ef501d	393	D3	exclude-vendored		vendored upstream binius-zk/binius64 @ 37e9cd64e82243cde0e79c7d8ac0dc319f1cbeb4 (workspace 0.1.0, edition 2024, Rust 1.97.1, licence Apache-2.0 OR MIT); excluded per the D3 dossier (keep a pinned upstream reference, not the tree); the six local modifications are listed in the copied record source-comparison.json (patch prover_memory.patch)
PQ_CE_QS_v1 (2).29_MLKEM_MLDSA_experiment/continuation_v1.17/binius64-source/crates/arith-bench/src/monbijou/aarch64.rs	66ff8d6d277244fe6350118e2885fe79cf701fa662bbc49e46fa58b8b9a30131	18416	D3	exclude-vendored		vendored upstream binius-zk/binius64 @ 37e9cd64e82243cde0e79c7d8ac0dc319f1cbeb4 (workspace 0.1.0, edition 2024, Rust 1.97.1, licence Apache-2.0 OR MIT); excluded per the D3 dossier (keep a pinned upstream reference, not the tree); the six local modifications are listed in the copied record source-comparison.json (patch prover_memory.patch)
PQ_CE_QS_v1 (2).29_MLKEM_MLDSA_experiment/continuation_v1.17/binius64-source/crates/arith-bench/src/monbijou/mod.rs	8ffecf2d6426e22dab8aa15c888345533181c0b0d5399d9c09801fc58f73fc66	1308	D3	exclude-vendored		vendored upstream binius-zk/binius64 @ 37e9cd64e82243cde0e79c7d8ac0dc319f1cbeb4 (workspace 0.1.0, edition 2024, Rust 1.97.1, licence Apache-2.0 OR MIT); excluded per the D3 dossier (keep a pinned upstream reference, not the tree); the six local modifications are listed in the copied record source-comparison.json (patch prover_memory.patch)
PQ_CE_QS_v1 (2).29_MLKEM_MLDSA_experiment/continuation_v1.17/binius64-source/crates/arith-bench/src/monbijou/soft64.rs	9ea3006fad8e8f0de20024af0ae3d717556a29236f0d406d57142181c0141a9f	11626	D3	exclude-vendored		vendored upstream binius-zk/binius64 @ 37e9cd64e82243cde0e79c7d8ac0dc319f1cbeb4 (workspace 0.1.0, edition 2024, Rust 1.97.1, licence Apache-2.0 OR MIT); excluded per the D3 dossier (keep a pinned upstream reference, not the tree); the six local modifications are listed in the copied record source-comparison.json (patch prover_memory.patch)
PQ_CE_QS_v1 (2).29_MLKEM_MLDSA_experiment/continuation_v1.17/binius64-source/crates/arith-bench/src/monbijou/x86_64.rs	6f2648252c22dedbed5a020e4877ec1e9efa222de8871f2aa9bdf8c9ecf0e704	17531	D3	exclude-vendored		vendored upstream binius-zk/binius64 @ 37e9cd64e82243cde0e79c7d8ac0dc319f1cbeb4 (workspace 0.1.0, edition 2024, Rust 1.97.1, licence Apache-2.0 OR MIT); excluded per the D3 dossier (keep a pinned upstream reference, not the tree); the six local modifications are listed in the copied record source-comparison.json (patch prover_memory.patch)
PQ_CE_QS_v1 (2).29_MLKEM_MLDSA_experiment/continuation_v1.17/binius64-source/crates/arith-bench/src/polyval/clmul.rs	65866f2731a4b41decb43c105b7e9ddd30a119319b583968876a7e1255e7ea5b	3543	D3	exclude-vendored		vendored upstream binius-zk/binius64 @ 37e9cd64e82243cde0e79c7d8ac0dc319f1cbeb4 (workspace 0.1.0, edition 2024, Rust 1.97.1, licence Apache-2.0 OR MIT); excluded per the D3 dossier (keep a pinned upstream reference, not the tree); the six local modifications are listed in the copied record source-comparison.json (patch prover_memory.patch)
PQ_CE_QS_v1 (2).29_MLKEM_MLDSA_experiment/continuation_v1.17/binius64-source/crates/arith-bench/src/polyval/mod.rs	25aa00e07bad81b63b246795650d4ec088066581cfbc600055105850e7a29fb4	816	D3	exclude-vendored		vendored upstream binius-zk/binius64 @ 37e9cd64e82243cde0e79c7d8ac0dc319f1cbeb4 (workspace 0.1.0, edition 2024, Rust 1.97.1, licence Apache-2.0 OR MIT); excluded per the D3 dossier (keep a pinned upstream reference, not the tree); the six local modifications are listed in the copied record source-comparison.json (patch prover_memory.patch)
PQ_CE_QS_v1 (2).29_MLKEM_MLDSA_experiment/continuation_v1.17/binius64-source/crates/arith-bench/src/polyval/soft64.rs	e4e4ac374f4d67cc702dadfa5f1decbb81ac28eb56b55be60cb73a323f35f53d	4396	D3	exclude-vendored		vendored upstream binius-zk/binius64 @ 37e9cd64e82243cde0e79c7d8ac0dc319f1cbeb4 (workspace 0.1.0, edition 2024, Rust 1.97.1, licence Apache-2.0 OR MIT); excluded per the D3 dossier (keep a pinned upstream reference, not the tree); the six local modifications are listed in the copied record source-comparison.json (patch prover_memory.patch)
PQ_CE_QS_v1 (2).29_MLKEM_MLDSA_experiment/continuation_v1.17/binius64-source/crates/arith-bench/src/rijndael/gfni.rs	e844d7d15a69c23ae6036a332904f1e7726f211eebea64aded111e63311d8aa0	536	D3	exclude-vendored		vendored upstream binius-zk/binius64 @ 37e9cd64e82243cde0e79c7d8ac0dc319f1cbeb4 (workspace 0.1.0, edition 2024, Rust 1.97.1, licence Apache-2.0 OR MIT); excluded per the D3 dossier (keep a pinned upstream reference, not the tree); the six local modifications are listed in the copied record source-comparison.json (patch prover_memory.patch)
PQ_CE_QS_v1 (2).29_MLKEM_MLDSA_experiment/continuation_v1.17/binius64-source/crates/arith-bench/src/rijndael/mod.rs	0eee54eb5b4999e569bf779a37ef3bb0a5ea436046e91628224f29fcafe46207	564	D3	exclude-vendored		vendored upstream binius-zk/binius64 @ 37e9cd64e82243cde0e79c7d8ac0dc319f1cbeb4 (workspace 0.1.0, edition 2024, Rust 1.97.1, licence Apache-2.0 OR MIT); excluded per the D3 dossier (keep a pinned upstream reference, not the tree); the six local modifications are listed in the copied record source-comparison.json (patch prover_memory.patch)
PQ_CE_QS_v1 (2).29_MLKEM_MLDSA_experiment/continuation_v1.17/binius64-source/crates/arith-bench/src/rijndael/russian_peasant.rs	30da96123bb0fb45d38d4c63abe50f98a07da8888784de0ad74a83b6184f390b	6802	D3	exclude-vendored		vendored upstream binius-zk/binius64 @ 37e9cd64e82243cde0e79c7d8ac0dc319f1cbeb4 (workspace 0.1.0, edition 2024, Rust 1.97.1, licence Apache-2.0 OR MIT); excluded per the D3 dossier (keep a pinned upstream reference, not the tree); the six local modifications are listed in the copied record source-comparison.json (patch prover_memory.patch)
PQ_CE_QS_v1 (2).29_MLKEM_MLDSA_experiment/continuation_v1.17/binius64-source/crates/arith-bench/src/rijndael/vmull.rs	a7e6b9cbff1334d478f46af778db7130307241072799ed70628b061364554e67	2099	D3	exclude-vendored		vendored upstream binius-zk/binius64 @ 37e9cd64e82243cde0e79c7d8ac0dc319f1cbeb4 (workspace 0.1.0, edition 2024, Rust 1.97.1, licence Apache-2.0 OR MIT); excluded per the D3 dossier (keep a pinned upstream reference, not the tree); the six local modifications are listed in the copied record source-comparison.json (patch prover_memory.patch)
PQ_CE_QS_v1 (2).29_MLKEM_MLDSA_experiment/continuation_v1.17/binius64-source/crates/arith-bench/src/test_utils.rs	341a6e231b27c35ed260e7652f5a94afaf415a90ce30b71aa66d6d674f22b902	4089	D3	exclude-vendored		vendored upstream binius-zk/binius64 @ 37e9cd64e82243cde0e79c7d8ac0dc319f1cbeb4 (workspace 0.1.0, edition 2024, Rust 1.97.1, licence Apache-2.0 OR MIT); excluded per the D3 dossier (keep a pinned upstream reference, not the tree); the six local modifications are listed in the copied record source-comparison.json (patch prover_memory.patch)
PQ_CE_QS_v1 (2).29_MLKEM_MLDSA_experiment/continuation_v1.17/binius64-source/crates/arith-bench/src/tests.rs	b757005da6f4594ac48f67919cb5d66fb810369b45ccc90924ce1373e38f522b	1843	D3	exclude-vendored		vendored upstream binius-zk/binius64 @ 37e9cd64e82243cde0e79c7d8ac0dc319f1cbeb4 (workspace 0.1.0, edition 2024, Rust 1.97.1, licence Apache-2.0 OR MIT); excluded per the D3 dossier (keep a pinned upstream reference, not the tree); the six local modifications are listed in the copied record source-comparison.json (patch prover_memory.patch)
PQ_CE_QS_v1 (2).29_MLKEM_MLDSA_experiment/continuation_v1.17/binius64-source/crates/arith-bench/src/underlier.rs	c2e8e359e9041a943f94ff3bf5e2db1b337f7882d4a6bffee4cfbca48cd28a4d	11181	D3	exclude-vendored		vendored upstream binius-zk/binius64 @ 37e9cd64e82243cde0e79c7d8ac0dc319f1cbeb4 (workspace 0.1.0, edition 2024, Rust 1.97.1, licence Apache-2.0 OR MIT); excluded per the D3 dossier (keep a pinned upstream reference, not the tree); the six local modifications are listed in the copied record source-comparison.json (patch prover_memory.patch)
PQ_CE_QS_v1 (2).29_MLKEM_MLDSA_experiment/continuation_v1.17/binius64-source/crates/circuits/Cargo.toml	5ddd76c2b767be0517b0c7a8f17888fd761ab7c5b50598b560215e699eb31d38	878	D3	exclude-vendored		vendored upstream binius-zk/binius64 @ 37e9cd64e82243cde0e79c7d8ac0dc319f1cbeb4 (workspace 0.1.0, edition 2024, Rust 1.97.1, licence Apache-2.0 OR MIT); excluded per the D3 dossier (keep a pinned upstream reference, not the tree); the six local modifications are listed in the copied record source-comparison.json (patch prover_memory.patch)
PQ_CE_QS_v1 (2).29_MLKEM_MLDSA_experiment/continuation_v1.17/binius64-source/crates/circuits/src/base64.rs	8235ee2c238f0ce8bea78d696219903dbe28076232b73125135342bffc2ff1cc	17190	D3	exclude-vendored		vendored upstream binius-zk/binius64 @ 37e9cd64e82243cde0e79c7d8ac0dc319f1cbeb4 (workspace 0.1.0, edition 2024, Rust 1.97.1, licence Apache-2.0 OR MIT); excluded per the D3 dossier (keep a pinned upstream reference, not the tree); the six local modifications are listed in the copied record source-comparison.json (patch prover_memory.patch)
PQ_CE_QS_v1 (2).29_MLKEM_MLDSA_experiment/continuation_v1.17/binius64-source/crates/circuits/src/bignum/addsub.rs	977cfb1dba27a2bf8f07836893ef6637da9aedfbbd7361f7d6ecd7c45cbba2f4	6291	D3	exclude-vendored		vendored upstream binius-zk/binius64 @ 37e9cd64e82243cde0e79c7d8ac0dc319f1cbeb4 (workspace 0.1.0, edition 2024, Rust 1.97.1, licence Apache-2.0 OR MIT); excluded per the D3 dossier (keep a pinned upstream reference, not the tree); the six local modifications are listed in the copied record source-comparison.json (patch prover_memory.patch)
PQ_CE_QS_v1 (2).29_MLKEM_MLDSA_experiment/continuation_v1.17/binius64-source/crates/circuits/src/bignum/big_uint_divide.rs	71fd3ca36a82186e9f5f0b4bf4055ae7413a73a76646db83466c5c37c4574301	4551	D3	exclude-vendored		vendored upstream binius-zk/binius64 @ 37e9cd64e82243cde0e79c7d8ac0dc319f1cbeb4 (workspace 0.1.0, edition 2024, Rust 1.97.1, licence Apache-2.0 OR MIT); excluded per the D3 dossier (keep a pinned upstream reference, not the tree); the six local modifications are listed in the copied record source-comparison.json (patch prover_memory.patch)
PQ_CE_QS_v1 (2).29_MLKEM_MLDSA_experiment/continuation_v1.17/binius64-source/crates/circuits/src/bignum/big_uint_mod_pow.rs	5f16dbb656ca84579763a6638480c6406861d03a7a5a244777d108c696af9e1d	3055	D3	exclude-vendored		vendored upstream binius-zk/binius64 @ 37e9cd64e82243cde0e79c7d8ac0dc319f1cbeb4 (workspace 0.1.0, edition 2024, Rust 1.97.1, licence Apache-2.0 OR MIT); excluded per the D3 dossier (keep a pinned upstream reference, not the tree); the six local modifications are listed in the copied record source-comparison.json (patch prover_memory.patch)
PQ_CE_QS_v1 (2).29_MLKEM_MLDSA_experiment/continuation_v1.17/binius64-source/crates/circuits/src/bignum/biguint.rs	2d2c35b47912baf062ad715b99966f8797b3ec9c19c7025d8d356c9409c40f34	6327	D3	exclude-vendored		vendored upstream binius-zk/binius64 @ 37e9cd64e82243cde0e79c7d8ac0dc319f1cbeb4 (workspace 0.1.0, edition 2024, Rust 1.97.1, licence Apache-2.0 OR MIT); excluded per the D3 dossier (keep a pinned upstream reference, not the tree); the six local modifications are listed in the copied record source-comparison.json (patch prover_memory.patch)
PQ_CE_QS_v1 (2).29_MLKEM_MLDSA_experiment/continuation_v1.17/binius64-source/crates/circuits/src/bignum/cmp.rs	e98599eb4759763700a6edc14bc117d6d9df00c65ad88b36992cb94a83d5b5c7	2071	D3	exclude-vendored		vendored upstream binius-zk/binius64 @ 37e9cd64e82243cde0e79c7d8ac0dc319f1cbeb4 (workspace 0.1.0, edition 2024, Rust 1.97.1, licence Apache-2.0 OR MIT); excluded per the D3 dossier (keep a pinned upstream reference, not the tree); the six local modifications are listed in the copied record source-comparison.json (patch prover_memory.patch)
PQ_CE_QS_v1 (2).29_MLKEM_MLDSA_experiment/continuation_v1.17/binius64-source/crates/circuits/src/bignum/mod.rs	fe9e5f5110af52a98b6b76753dac27fd941836f6e4b13f405f7561d1bcf2b586	1006	D3	exclude-vendored		vendored upstream binius-zk/binius64 @ 37e9cd64e82243cde0e79c7d8ac0dc319f1cbeb4 (workspace 0.1.0, edition 2024, Rust 1.97.1, licence Apache-2.0 OR MIT); excluded per the D3 dossier (keep a pinned upstream reference, not the tree); the six local modifications are listed in the copied record source-comparison.json (patch prover_memory.patch)
PQ_CE_QS_v1 (2).29_MLKEM_MLDSA_experiment/continuation_v1.17/binius64-source/crates/circuits/src/bignum/mod_divide.rs	f17d5372761e5ae54220bc61965710eb17905933493931db6322d55f99416cfd	4338	D3	exclude-vendored		vendored upstream binius-zk/binius64 @ 37e9cd64e82243cde0e79c7d8ac0dc319f1cbeb4 (workspace 0.1.0, edition 2024, Rust 1.97.1, licence Apache-2.0 OR MIT); excluded per the D3 dossier (keep a pinned upstream reference, not the tree); the six local modifications are listed in the copied record source-comparison.json (patch prover_memory.patch)
PQ_CE_QS_v1 (2).29_MLKEM_MLDSA_experiment/continuation_v1.17/binius64-source/crates/circuits/src/bignum/mod_inverse.rs	aa6bbeb04879a8c7b26e339d48d96fbe89e6e60816992e273e32c0443c7f6ca2	4933	D3	exclude-vendored		vendored upstream binius-zk/binius64 @ 37e9cd64e82243cde0e79c7d8ac0dc319f1cbeb4 (workspace 0.1.0, edition 2024, Rust 1.97.1, licence Apache-2.0 OR MIT); excluded per the D3 dossier (keep a pinned upstream reference, not the tree); the six local modifications are listed in the copied record source-comparison.json (patch prover_memory.patch)
PQ_CE_QS_v1 (2).29_MLKEM_MLDSA_experiment/continuation_v1.17/binius64-source/crates/circuits/src/bignum/mul.rs	b90943e530c9d9f2612744d94815ea95986d188a70e1e30260a9129c7402ab06	8153	D3	exclude-vendored		vendored upstream binius-zk/binius64 @ 37e9cd64e82243cde0e79c7d8ac0dc319f1cbeb4 (workspace 0.1.0, edition 2024, Rust 1.97.1, licence Apache-2.0 OR MIT); excluded per the D3 dossier (keep a pinned upstream reference, not the tree); the six local modifications are listed in the copied record source-comparison.json (patch prover_memory.patch)
PQ_CE_QS_v1 (2).29_MLKEM_MLDSA_experiment/continuation_v1.17/binius64-source/crates/circuits/src/bignum/prime_field.rs	00d61db399e1f79d5a835381bcfbd992f35ce6827df47f29a9501c5a91542951	8454	D3	exclude-vendored		vendored upstream binius-zk/binius64 @ 37e9cd64e82243cde0e79c7d8ac0dc319f1cbeb4 (workspace 0.1.0, edition 2024, Rust 1.97.1, licence Apache-2.0 OR MIT); excluded per the D3 dossier (keep a pinned upstream reference, not the tree); the six local modifications are listed in the copied record source-comparison.json (patch prover_memory.patch)
PQ_CE_QS_v1 (2).29_MLKEM_MLDSA_experiment/continuation_v1.17/binius64-source/crates/circuits/src/bignum/reduce.rs	5191f86e3e5482c51db75c370d2cc23dcae6147d6bc694435c7f15e6101c5397	5043	D3	exclude-vendored		vendored upstream binius-zk/binius64 @ 37e9cd64e82243cde0e79c7d8ac0dc319f1cbeb4 (workspace 0.1.0, edition 2024, Rust 1.97.1, licence Apache-2.0 OR MIT); excluded per the D3 dossier (keep a pinned upstream reference, not the tree); the six local modifications are listed in the copied record source-comparison.json (patch prover_memory.patch)
PQ_CE_QS_v1 (2).29_MLKEM_MLDSA_experiment/continuation_v1.17/binius64-source/crates/circuits/src/bignum/tests.rs	170df989b1f6340c352d3d14349f25e704cde85218e54edbfd9a0c9c6fe6353a	21233	D3	exclude-vendored		vendored upstream binius-zk/binius64 @ 37e9cd64e82243cde0e79c7d8ac0dc319f1cbeb4 (workspace 0.1.0, edition 2024, Rust 1.97.1, licence Apache-2.0 OR MIT); excluded per the D3 dossier (keep a pinned upstream reference, not the tree); the six local modifications are listed in the copied record source-comparison.json (patch prover_memory.patch)
PQ_CE_QS_v1 (2).29_MLKEM_MLDSA_experiment/continuation_v1.17/binius64-source/crates/circuits/src/bitcoin/double_sha256.rs	e2bbbe937f5d9935807b8b2f7cd3687166e1b1cb2656d6021fa53c23e38f2fef	3227	D3	exclude-vendored		vendored upstream binius-zk/binius64 @ 37e9cd64e82243cde0e79c7d8ac0dc319f1cbeb4 (workspace 0.1.0, edition 2024, Rust 1.97.1, licence Apache-2.0 OR MIT); excluded per the D3 dossier (keep a pinned upstream reference, not the tree); the six local modifications are listed in the copied record source-comparison.json (patch prover_memory.patch)
PQ_CE_QS_v1 (2).29_MLKEM_MLDSA_experiment/continuation_v1.17/binius64-source/crates/circuits/src/bitcoin/header_chain.rs	f5e9bae52928d96dc3d5a479f566ecfd86376e4575cb43ef15cafba278f7034c	7552	D3	exclude-vendored		vendored upstream binius-zk/binius64 @ 37e9cd64e82243cde0e79c7d8ac0dc319f1cbeb4 (workspace 0.1.0, edition 2024, Rust 1.97.1, licence Apache-2.0 OR MIT); excluded per the D3 dossier (keep a pinned upstream reference, not the tree); the six local modifications are listed in the copied record source-comparison.json (patch prover_memory.patch)
PQ_CE_QS_v1 (2).29_MLKEM_MLDSA_experiment/continuation_v1.17/binius64-source/crates/circuits/src/bitcoin/merkle_path.rs	76c792fa79df1e2b336acba9130fee19a420d1db1d91130c2afd1c6ed16a602b	6300	D3	exclude-vendored		vendored upstream binius-zk/binius64 @ 37e9cd64e82243cde0e79c7d8ac0dc319f1cbeb4 (workspace 0.1.0, edition 2024, Rust 1.97.1, licence Apache-2.0 OR MIT); excluded per the D3 dossier (keep a pinned upstream reference, not the tree); the six local modifications are listed in the copied record source-comparison.json (patch prover_memory.patch)
PQ_CE_QS_v1 (2).29_MLKEM_MLDSA_experiment/continuation_v1.17/binius64-source/crates/circuits/src/bitcoin/mod.rs	c73d8d1ab9a4bc1d91e2e9a434cd2eed28fa8d12800363e954aa5ad8a369643c	160	D3	exclude-vendored		vendored upstream binius-zk/binius64 @ 37e9cd64e82243cde0e79c7d8ac0dc319f1cbeb4 (workspace 0.1.0, edition 2024, Rust 1.97.1, licence Apache-2.0 OR MIT); excluded per the D3 dossier (keep a pinned upstream reference, not the tree); the six local modifications are listed in the copied record source-comparison.json (patch prover_memory.patch)
PQ_CE_QS_v1 (2).29_MLKEM_MLDSA_experiment/continuation_v1.17/binius64-source/crates/circuits/src/bitcoin/p2pkh_signature.rs	0e485423deacdf3a2ba8702757721e5fb5a7e0b03272c48f771bfee360830db2	16223	D3	exclude-vendored		vendored upstream binius-zk/binius64 @ 37e9cd64e82243cde0e79c7d8ac0dc319f1cbeb4 (workspace 0.1.0, edition 2024, Rust 1.97.1, licence Apache-2.0 OR MIT); excluded per the D3 dossier (keep a pinned upstream reference, not the tree); the six local modifications are listed in the copied record source-comparison.json (patch prover_memory.patch)
PQ_CE_QS_v1 (2).29_MLKEM_MLDSA_experiment/continuation_v1.17/binius64-source/crates/circuits/src/blake2b/circuit.rs	8c8d49f8165f45cf45319fe342ee43b0cd7ce4a3bced299da579b75dbbc31eeb	11239	D3	exclude-vendored		vendored upstream binius-zk/binius64 @ 37e9cd64e82243cde0e79c7d8ac0dc319f1cbeb4 (workspace 0.1.0, edition 2024, Rust 1.97.1, licence Apache-2.0 OR MIT); excluded per the D3 dossier (keep a pinned upstream reference, not the tree); the six local modifications are listed in the copied record source-comparison.json (patch prover_memory.patch)
PQ_CE_QS_v1 (2).29_MLKEM_MLDSA_experiment/continuation_v1.17/binius64-source/crates/circuits/src/blake2b/constants.rs	ac8bf463a292cd57af3fdf25b308baae1b31cd8e4c96f86e6df55bbfd3219e5f	1618	D3	exclude-vendored		vendored upstream binius-zk/binius64 @ 37e9cd64e82243cde0e79c7d8ac0dc319f1cbeb4 (workspace 0.1.0, edition 2024, Rust 1.97.1, licence Apache-2.0 OR MIT); excluded per the D3 dossier (keep a pinned upstream reference, not the tree); the six local modifications are listed in the copied record source-comparison.json (patch prover_memory.patch)
PQ_CE_QS_v1 (2).29_MLKEM_MLDSA_experiment/continuation_v1.17/binius64-source/crates/circuits/src/blake2b/mod.rs	ad7a2e5eab3db06eff78b71e793f2550fc56fc341c9fc3361d6ffb2db4169bf1	694	D3	exclude-vendored		vendored upstream binius-zk/binius64 @ 37e9cd64e82243cde0e79c7d8ac0dc319f1cbeb4 (workspace 0.1.0, edition 2024, Rust 1.97.1, licence Apache-2.0 OR MIT); excluded per the D3 dossier (keep a pinned upstream reference, not the tree); the six local modifications are listed in the copied record source-comparison.json (patch prover_memory.patch)
PQ_CE_QS_v1 (2).29_MLKEM_MLDSA_experiment/continuation_v1.17/binius64-source/crates/circuits/src/blake2b/reference.rs	59694c3663a4fd6c2b800de3b39bf735380ce8f73dc1a74fa0f2598d7b3dad9c	6395	D3	exclude-vendored		vendored upstream binius-zk/binius64 @ 37e9cd64e82243cde0e79c7d8ac0dc319f1cbeb4 (workspace 0.1.0, edition 2024, Rust 1.97.1, licence Apache-2.0 OR MIT); excluded per the D3 dossier (keep a pinned upstream reference, not the tree); the six local modifications are listed in the copied record source-comparison.json (patch prover_memory.patch)
PQ_CE_QS_v1 (2).29_MLKEM_MLDSA_experiment/continuation_v1.17/binius64-source/crates/circuits/src/blake2b/tests.rs	904d925c7133df3b3918da368987d4c8d45351f0d64f948abc6222fee535ff2c	5086	D3	exclude-vendored		vendored upstream binius-zk/binius64 @ 37e9cd64e82243cde0e79c7d8ac0dc319f1cbeb4 (workspace 0.1.0, edition 2024, Rust 1.97.1, licence Apache-2.0 OR MIT); excluded per the D3 dossier (keep a pinned upstream reference, not the tree); the six local modifications are listed in the copied record source-comparison.json (patch prover_memory.patch)
PQ_CE_QS_v1 (2).29_MLKEM_MLDSA_experiment/continuation_v1.17/binius64-source/crates/circuits/src/blake2s/compress.rs	847a3963299c15e518c6cdfea1920fb27173553808345cbe33ce65e4beabcdfa	32616	D3	exclude-vendored		vendored upstream binius-zk/binius64 @ 37e9cd64e82243cde0e79c7d8ac0dc319f1cbeb4 (workspace 0.1.0, edition 2024, Rust 1.97.1, licence Apache-2.0 OR MIT); excluded per the D3 dossier (keep a pinned upstream reference, not the tree); the six local modifications are listed in the copied record source-comparison.json (patch prover_memory.patch)
PQ_CE_QS_v1 (2).29_MLKEM_MLDSA_experiment/continuation_v1.17/binius64-source/crates/circuits/src/blake2s/constants.rs	2aac2add1b39627fdad0032a4bd040ed5922dacda70c9d2a265822e06bfca81c	2053	D3	exclude-vendored		vendored upstream binius-zk/binius64 @ 37e9cd64e82243cde0e79c7d8ac0dc319f1cbeb4 (workspace 0.1.0, edition 2024, Rust 1.97.1, licence Apache-2.0 OR MIT); excluded per the D3 dossier (keep a pinned upstream reference, not the tree); the six local modifications are listed in the copied record source-comparison.json (patch prover_memory.patch)
PQ_CE_QS_v1 (2).29_MLKEM_MLDSA_experiment/continuation_v1.17/binius64-source/crates/circuits/src/blake2s/mod.rs	75c30c486a76d033e29a023a421505694c0a17341589e3df60981e2b227db315	11606	D3	exclude-vendored		vendored upstream binius-zk/binius64 @ 37e9cd64e82243cde0e79c7d8ac0dc319f1cbeb4 (workspace 0.1.0, edition 2024, Rust 1.97.1, licence Apache-2.0 OR MIT); excluded per the D3 dossier (keep a pinned upstream reference, not the tree); the six local modifications are listed in the copied record source-comparison.json (patch prover_memory.patch)
PQ_CE_QS_v1 (2).29_MLKEM_MLDSA_experiment/continuation_v1.17/binius64-source/crates/circuits/src/blake2s/tests.rs	02e5dcf80e9482caf2ff9ee9dae07705f99fefac9be567ec073a77b447a6b92a	6274	D3	exclude-vendored		vendored upstream binius-zk/binius64 @ 37e9cd64e82243cde0e79c7d8ac0dc319f1cbeb4 (workspace 0.1.0, edition 2024, Rust 1.97.1, licence Apache-2.0 OR MIT); excluded per the D3 dossier (keep a pinned upstream reference, not the tree); the six local modifications are listed in the copied record source-comparison.json (patch prover_memory.patch)
PQ_CE_QS_v1 (2).29_MLKEM_MLDSA_experiment/continuation_v1.17/binius64-source/crates/circuits/src/blake3/compress.rs	9795e9199806a63ba7677cd0964c8d20e8a920b5d4b1fc0c29b14688ee613cac	43105	D3	exclude-vendored		vendored upstream binius-zk/binius64 @ 37e9cd64e82243cde0e79c7d8ac0dc319f1cbeb4 (workspace 0.1.0, edition 2024, Rust 1.97.1, licence Apache-2.0 OR MIT); excluded per the D3 dossier (keep a pinned upstream reference, not the tree); the six local modifications are listed in the copied record source-comparison.json (patch prover_memory.patch)
PQ_CE_QS_v1 (2).29_MLKEM_MLDSA_experiment/continuation_v1.17/binius64-source/crates/circuits/src/blake3/mod.rs	41cb0424cb90908519e8ceaedfbcf90b3d1a2ae8c8796665d33ba393fa6730d9	50871	D3	exclude-vendored		vendored upstream binius-zk/binius64 @ 37e9cd64e82243cde0e79c7d8ac0dc319f1cbeb4 (workspace 0.1.0, edition 2024, Rust 1.97.1, licence Apache-2.0 OR MIT); excluded per the D3 dossier (keep a pinned upstream reference, not the tree); the six local modifications are listed in the copied record source-comparison.json (patch prover_memory.patch)
PQ_CE_QS_v1 (2).29_MLKEM_MLDSA_experiment/continuation_v1.17/binius64-source/crates/circuits/src/bytes.rs	9530b11dc3b134bf172e5a6ecdfc51e6cc2716e98589c9d78314ad96d9a5c1b7	6608	D3	exclude-vendored		vendored upstream binius-zk/binius64 @ 37e9cd64e82243cde0e79c7d8ac0dc319f1cbeb4 (workspace 0.1.0, edition 2024, Rust 1.97.1, licence Apache-2.0 OR MIT); excluded per the D3 dossier (keep a pinned upstream reference, not the tree); the six local modifications are listed in the copied record source-comparison.json (patch prover_memory.patch)
PQ_CE_QS_v1 (2).29_MLKEM_MLDSA_experiment/continuation_v1.17/binius64-source/crates/circuits/src/concat.rs	79425812f8c7d4adc5d6b2b852f3d38336c62ad094c514b168671147e1d71db0	19105	D3	exclude-vendored		vendored upstream binius-zk/binius64 @ 37e9cd64e82243cde0e79c7d8ac0dc319f1cbeb4 (workspace 0.1.0, edition 2024, Rust 1.97.1, licence Apache-2.0 OR MIT); excluded per the D3 dossier (keep a pinned upstream reference, not the tree); the six local modifications are listed in the copied record source-comparison.json (patch prover_memory.patch)
PQ_CE_QS_v1 (2).29_MLKEM_MLDSA_experiment/continuation_v1.17/binius64-source/crates/circuits/src/ecdsa/bitcoin.rs	cecdf5e97fc33a0fd3eec51fbfdf5d62f407ea577d3b946cdbf48636db9a48d5	1893	D3	exclude-vendored		vendored upstream binius-zk/binius64 @ 37e9cd64e82243cde0e79c7d8ac0dc319f1cbeb4 (workspace 0.1.0, edition 2024, Rust 1.97.1, licence Apache-2.0 OR MIT); excluded per the D3 dossier (keep a pinned upstream reference, not the tree); the six local modifications are listed in the copied record source-comparison.json (patch prover_memory.patch)
PQ_CE_QS_v1 (2).29_MLKEM_MLDSA_experiment/continuation_v1.17/binius64-source/crates/circuits/src/ecdsa/ecrecover.rs	fe80eaf04e2940d188873c188c33a0f57ccb127dc4e1188c6819c03a56e6a407	2064	D3	exclude-vendored		vendored upstream binius-zk/binius64 @ 37e9cd64e82243cde0e79c7d8ac0dc319f1cbeb4 (workspace 0.1.0, edition 2024, Rust 1.97.1, licence Apache-2.0 OR MIT); excluded per the D3 dossier (keep a pinned upstream reference, not the tree); the six local modifications are listed in the copied record source-comparison.json (patch prover_memory.patch)
PQ_CE_QS_v1 (2).29_MLKEM_MLDSA_experiment/continuation_v1.17/binius64-source/crates/circuits/src/ecdsa/mod.rs	d540e9e892ef6719262241d6ddf86c671633dc1ebf29f7a7aab2ebefb3478487	215	D3	exclude-vendored		vendored upstream binius-zk/binius64 @ 37e9cd64e82243cde0e79c7d8ac0dc319f1cbeb4 (workspace 0.1.0, edition 2024, Rust 1.97.1, licence Apache-2.0 OR MIT); excluded per the D3 dossier (keep a pinned upstream reference, not the tree); the six local modifications are listed in the copied record source-comparison.json (patch prover_memory.patch)
PQ_CE_QS_v1 (2).29_MLKEM_MLDSA_experiment/continuation_v1.17/binius64-source/crates/circuits/src/ecdsa/scalar_mul.rs	e6221f04b1d5243c5f9524b2efd9157f87b7a1b349442713f5d56a2f1e062cf9	15471	D3	exclude-vendored		vendored upstream binius-zk/binius64 @ 37e9cd64e82243cde0e79c7d8ac0dc319f1cbeb4 (workspace 0.1.0, edition 2024, Rust 1.97.1, licence Apache-2.0 OR MIT); excluded per the D3 dossier (keep a pinned upstream reference, not the tree); the six local modifications are listed in the copied record source-comparison.json (patch prover_memory.patch)
PQ_CE_QS_v1 (2).29_MLKEM_MLDSA_experiment/continuation_v1.17/binius64-source/crates/circuits/src/ecdsa/tests.rs	242bc6d40a19b79c9e366c09456a76febd416f8ba6ce48618b8b727a47357b7a	2295	D3	exclude-vendored		vendored upstream binius-zk/binius64 @ 37e9cd64e82243cde0e79c7d8ac0dc319f1cbeb4 (workspace 0.1.0, edition 2024, Rust 1.97.1, licence Apache-2.0 OR MIT); excluded per the D3 dossier (keep a pinned upstream reference, not the tree); the six local modifications are listed in the copied record source-comparison.json (patch prover_memory.patch)
PQ_CE_QS_v1 (2).29_MLKEM_MLDSA_experiment/continuation_v1.17/binius64-source/crates/circuits/src/fixed_byte_vec.rs	4cacb6fe2f61c1a20a2d964b97285435795479d9d53a4929ec624a19b914a584	25224	D3	exclude-vendored		vendored upstream binius-zk/binius64 @ 37e9cd64e82243cde0e79c7d8ac0dc319f1cbeb4 (workspace 0.1.0, edition 2024, Rust 1.97.1, licence Apache-2.0 OR MIT); excluded per the D3 dossier (keep a pinned upstream reference, not the tree); the six local modifications are listed in the copied record source-comparison.json (patch prover_memory.patch)
PQ_CE_QS_v1 (2).29_MLKEM_MLDSA_experiment/continuation_v1.17/binius64-source/crates/circuits/src/float64/add.rs	cf66171689323d4c9c4a97861c89933895137cf110b9e7ae4712c7d979fe5109	35223	D3	exclude-vendored		vendored upstream binius-zk/binius64 @ 37e9cd64e82243cde0e79c7d8ac0dc319f1cbeb4 (workspace 0.1.0, edition 2024, Rust 1.97.1, licence Apache-2.0 OR MIT); excluded per the D3 dossier (keep a pinned upstream reference, not the tree); the six local modifications are listed in the copied record source-comparison.json (patch prover_memory.patch)
PQ_CE_QS_v1 (2).29_MLKEM_MLDSA_experiment/continuation_v1.17/binius64-source/crates/circuits/src/float64/mod.rs	dc439d1b9cf1e1648049a803199367976b7ca9cd0a8a8a1cf63aa43cd551003a	76	D3	exclude-vendored		vendored upstream binius-zk/binius64 @ 37e9cd64e82243cde0e79c7d8ac0dc319f1cbeb4 (workspace 0.1.0, edition 2024, Rust 1.97.1, licence Apache-2.0 OR MIT); excluded per the D3 dossier (keep a pinned upstream reference, not the tree); the six local modifications are listed in the copied record source-comparison.json (patch prover_memory.patch)
PQ_CE_QS_v1 (2).29_MLKEM_MLDSA_experiment/continuation_v1.17/binius64-source/crates/circuits/src/float64/mul.rs	9f44dea198fe7fde58eb1a2a847b9bb6af2ffce5fdaf5390d6c3e5cdb411824c	23453	D3	exclude-vendored		vendored upstream binius-zk/binius64 @ 37e9cd64e82243cde0e79c7d8ac0dc319f1cbeb4 (workspace 0.1.0, edition 2024, Rust 1.97.1, licence Apache-2.0 OR MIT); excluded per the D3 dossier (keep a pinned upstream reference, not the tree); the six local modifications are listed in the copied record source-comparison.json (patch prover_memory.patch)
PQ_CE_QS_v1 (2).29_MLKEM_MLDSA_experiment/continuation_v1.17/binius64-source/crates/circuits/src/float64/utils.rs	aecb1b2e81be9da9257b74f3e26b393e296b2d9ef2ca781e2948947313f82a92	29946	D3	exclude-vendored		vendored upstream binius-zk/binius64 @ 37e9cd64e82243cde0e79c7d8ac0dc319f1cbeb4 (workspace 0.1.0, edition 2024, Rust 1.97.1, licence Apache-2.0 OR MIT); excluded per the D3 dossier (keep a pinned upstream reference, not the tree); the six local modifications are listed in the copied record source-comparison.json (patch prover_memory.patch)
PQ_CE_QS_v1 (2).29_MLKEM_MLDSA_experiment/continuation_v1.17/binius64-source/crates/circuits/src/hash_based_sig/aggregate.rs	8faa1652ac88ee83d9fdf11ec1f98dd8a310825fceb7c7b3308256db7374a042	24711	D3	exclude-vendored		vendored upstream binius-zk/binius64 @ 37e9cd64e82243cde0e79c7d8ac0dc319f1cbeb4 (workspace 0.1.0, edition 2024, Rust 1.97.1, licence Apache-2.0 OR MIT); excluded per the D3 dossier (keep a pinned upstream reference, not the tree); the six local modifications are listed in the copied record source-comparison.json (patch prover_memory.patch)
PQ_CE_QS_v1 (2).29_MLKEM_MLDSA_experiment/continuation_v1.17/binius64-source/crates/circuits/src/hash_based_sig/hashing.rs	55ce1bd64685b6083da643cba9a496a959c77aae6e2aeaf02bab6351f18ccd28	13850	D3	exclude-vendored		vendored upstream binius-zk/binius64 @ 37e9cd64e82243cde0e79c7d8ac0dc319f1cbeb4 (workspace 0.1.0, edition 2024, Rust 1.97.1, licence Apache-2.0 OR MIT); excluded per the D3 dossier (keep a pinned upstream reference, not the tree); the six local modifications are listed in the copied record source-comparison.json (patch prover_memory.patch)
PQ_CE_QS_v1 (2).29_MLKEM_MLDSA_experiment/continuation_v1.17/binius64-source/crates/circuits/src/hash_based_sig/mod.rs	2605f79ae28f039ac7f59f1ca6972ec0b33620f74c10a701b265e88453d15d19	5154	D3	exclude-vendored		vendored upstream binius-zk/binius64 @ 37e9cd64e82243cde0e79c7d8ac0dc319f1cbeb4 (workspace 0.1.0, edition 2024, Rust 1.97.1, licence Apache-2.0 OR MIT); excluded per the D3 dossier (keep a pinned upstream reference, not the tree); the six local modifications are listed in the copied record source-comparison.json (patch prover_memory.patch)
PQ_CE_QS_v1 (2).29_MLKEM_MLDSA_experiment/continuation_v1.17/binius64-source/crates/circuits/src/hash_based_sig/wots.rs	4ba537bbcb24b9355b07e2acf7f635320537fd7094b67f0bd9bc07d8329b74c1	26012	D3	exclude-vendored		vendored upstream binius-zk/binius64 @ 37e9cd64e82243cde0e79c7d8ac0dc319f1cbeb4 (workspace 0.1.0, edition 2024, Rust 1.97.1, licence Apache-2.0 OR MIT); excluded per the D3 dossier (keep a pinned upstream reference, not the tree); the six local modifications are listed in the copied record source-comparison.json (patch prover_memory.patch)
PQ_CE_QS_v1 (2).29_MLKEM_MLDSA_experiment/continuation_v1.17/binius64-source/crates/circuits/src/hash_based_sig/xmss.rs	0b462127ad711649a3f5c90fdcc0275f8914f5fc38330a7bf409cadcdc79766c	13866	D3	exclude-vendored		vendored upstream binius-zk/binius64 @ 37e9cd64e82243cde0e79c7d8ac0dc319f1cbeb4 (workspace 0.1.0, edition 2024, Rust 1.97.1, licence Apache-2.0 OR MIT); excluded per the D3 dossier (keep a pinned upstream reference, not the tree); the six local modifications are listed in the copied record source-comparison.json (patch prover_memory.patch)
PQ_CE_QS_v1 (2).29_MLKEM_MLDSA_experiment/continuation_v1.17/binius64-source/crates/circuits/src/hmac.rs	5c53f127f01526b6ba86a53aac5f1a6c994400af41231cb24a1a4baf56dc0240	7118	D3	exclude-vendored		vendored upstream binius-zk/binius64 @ 37e9cd64e82243cde0e79c7d8ac0dc319f1cbeb4 (workspace 0.1.0, edition 2024, Rust 1.97.1, licence Apache-2.0 OR MIT); excluded per the D3 dossier (keep a pinned upstream reference, not the tree); the six local modifications are listed in the copied record source-comparison.json (patch prover_memory.patch)
PQ_CE_QS_v1 (2).29_MLKEM_MLDSA_experiment/continuation_v1.17/binius64-source/crates/circuits/src/jwt_claims.rs	296f4e49a4d9cd00616a06cc3b430e10f2f256d73806051d173191d2a3f0b282	18479	D3	exclude-vendored		vendored upstream binius-zk/binius64 @ 37e9cd64e82243cde0e79c7d8ac0dc319f1cbeb4 (workspace 0.1.0, edition 2024, Rust 1.97.1, licence Apache-2.0 OR MIT); excluded per the D3 dossier (keep a pinned upstream reference, not the tree); the six local modifications are listed in the copied record source-comparison.json (patch prover_memory.patch)
PQ_CE_QS_v1 (2).29_MLKEM_MLDSA_experiment/continuation_v1.17/binius64-source/crates/circuits/src/keccak/fixed_length.rs	7529a4f7cdbc613d0d95679d303533b4b4e7eafefdb72e4f2cdf73b3cddc4164	7553	D3	exclude-vendored		vendored upstream binius-zk/binius64 @ 37e9cd64e82243cde0e79c7d8ac0dc319f1cbeb4 (workspace 0.1.0, edition 2024, Rust 1.97.1, licence Apache-2.0 OR MIT); excluded per the D3 dossier (keep a pinned upstream reference, not the tree); the six local modifications are listed in the copied record source-comparison.json (patch prover_memory.patch)
PQ_CE_QS_v1 (2).29_MLKEM_MLDSA_experiment/continuation_v1.17/binius64-source/crates/circuits/src/keccak/mod.rs	42c558a8cda11d1e52bb8f5b2439e0591da58caff5a501e1e7720dfb2115c2f9	13407	D3	exclude-vendored		vendored upstream binius-zk/binius64 @ 37e9cd64e82243cde0e79c7d8ac0dc319f1cbeb4 (workspace 0.1.0, edition 2024, Rust 1.97.1, licence Apache-2.0 OR MIT); excluded per the D3 dossier (keep a pinned upstream reference, not the tree); the six local modifications are listed in the copied record source-comparison.json (patch prover_memory.patch)
PQ_CE_QS_v1 (2).29_MLKEM_MLDSA_experiment/continuation_v1.17/binius64-source/crates/circuits/src/keccak/permutation.rs	3d6b8600af03db6cffc4623028e81069e02bdf42fa3e3d4bb5e85a8155b324dd	10910	D3	exclude-vendored		vendored upstream binius-zk/binius64 @ 37e9cd64e82243cde0e79c7d8ac0dc319f1cbeb4 (workspace 0.1.0, edition 2024, Rust 1.97.1, licence Apache-2.0 OR MIT); excluded per the D3 dossier (keep a pinned upstream reference, not the tree); the six local modifications are listed in the copied record source-comparison.json (patch prover_memory.patch)
PQ_CE_QS_v1 (2).29_MLKEM_MLDSA_experiment/continuation_v1.17/binius64-source/crates/circuits/src/lib.rs	e78f678a876329626bd95e6f5833dc724c252703be22602259bdd1c35b71de9e	1225	D3	exclude-vendored		vendored upstream binius-zk/binius64 @ 37e9cd64e82243cde0e79c7d8ac0dc319f1cbeb4 (workspace 0.1.0, edition 2024, Rust 1.97.1, licence Apache-2.0 OR MIT); excluded per the D3 dossier (keep a pinned upstream reference, not the tree); the six local modifications are listed in the copied record source-comparison.json (patch prover_memory.patch)
PQ_CE_QS_v1 (2).29_MLKEM_MLDSA_experiment/continuation_v1.17/binius64-source/crates/circuits/src/multiplexer.rs	da52358c6811e2fc001140ee1bfecbac2a6fee233a79271e1d59fad7f171697b	16192	D3	exclude-vendored		vendored upstream binius-zk/binius64 @ 37e9cd64e82243cde0e79c7d8ac0dc319f1cbeb4 (workspace 0.1.0, edition 2024, Rust 1.97.1, licence Apache-2.0 OR MIT); excluded per the D3 dossier (keep a pinned upstream reference, not the tree); the six local modifications are listed in the copied record source-comparison.json (patch prover_memory.patch)
PQ_CE_QS_v1 (2).29_MLKEM_MLDSA_experiment/continuation_v1.17/binius64-source/crates/circuits/src/popcount.rs	882c0bd6b2e7d38a10cf4dc640efb759322256d17068b016dc7c100cc1cfbe78	12466	D3	exclude-vendored		vendored upstream binius-zk/binius64 @ 37e9cd64e82243cde0e79c7d8ac0dc319f1cbeb4 (workspace 0.1.0, edition 2024, Rust 1.97.1, licence Apache-2.0 OR MIT); excluded per the D3 dossier (keep a pinned upstream reference, not the tree); the six local modifications are listed in the copied record source-comparison.json (patch prover_memory.patch)
PQ_CE_QS_v1 (2).29_MLKEM_MLDSA_experiment/continuation_v1.17/binius64-source/crates/circuits/src/ripemd.rs	09f1ccdd7e287bc02bf3f03a9dfaad7ecc6c871ad0d9cb554553cdfab205266b	15045	D3	exclude-vendored		vendored upstream binius-zk/binius64 @ 37e9cd64e82243cde0e79c7d8ac0dc319f1cbeb4 (workspace 0.1.0, edition 2024, Rust 1.97.1, licence Apache-2.0 OR MIT); excluded per the D3 dossier (keep a pinned upstream reference, not the tree); the six local modifications are listed in the copied record source-comparison.json (patch prover_memory.patch)
PQ_CE_QS_v1 (2).29_MLKEM_MLDSA_experiment/continuation_v1.17/binius64-source/crates/circuits/src/rs256.rs	494996b9b20ff1950f57b18300e85bdd14caa16b70e7d0aa391fa45f833980f3	18542	D3	exclude-vendored		vendored upstream binius-zk/binius64 @ 37e9cd64e82243cde0e79c7d8ac0dc319f1cbeb4 (workspace 0.1.0, edition 2024, Rust 1.97.1, licence Apache-2.0 OR MIT); excluded per the D3 dossier (keep a pinned upstream reference, not the tree); the six local modifications are listed in the copied record source-comparison.json (patch prover_memory.patch)
PQ_CE_QS_v1 (2).29_MLKEM_MLDSA_experiment/continuation_v1.17/binius64-source/crates/circuits/src/secp256k1/common.rs	c60a1e490473d34ebcebe766650b5dd002684a28a1b99a89fb055ad3ee1effa3	2689	D3	exclude-vendored		vendored upstream binius-zk/binius64 @ 37e9cd64e82243cde0e79c7d8ac0dc319f1cbeb4 (workspace 0.1.0, edition 2024, Rust 1.97.1, licence Apache-2.0 OR MIT); excluded per the D3 dossier (keep a pinned upstream reference, not the tree); the six local modifications are listed in the copied record source-comparison.json (patch prover_memory.patch)
PQ_CE_QS_v1 (2).29_MLKEM_MLDSA_experiment/continuation_v1.17/binius64-source/crates/circuits/src/secp256k1/curve.rs	f37333cd5559afaa2cf8a7247c6917a0b3fbc2db7e46bc884b5cf1b9f69dc0c3	7752	D3	exclude-vendored		vendored upstream binius-zk/binius64 @ 37e9cd64e82243cde0e79c7d8ac0dc319f1cbeb4 (workspace 0.1.0, edition 2024, Rust 1.97.1, licence Apache-2.0 OR MIT); excluded per the D3 dossier (keep a pinned upstream reference, not the tree); the six local modifications are listed in the copied record source-comparison.json (patch prover_memory.patch)
PQ_CE_QS_v1 (2).29_MLKEM_MLDSA_experiment/continuation_v1.17/binius64-source/crates/circuits/src/secp256k1/endosplit.rs	164e7a03d173b3ea298191fbdfbcdf12e38834b3da9db7d5e778d4f588dcbf26	8085	D3	exclude-vendored		vendored upstream binius-zk/binius64 @ 37e9cd64e82243cde0e79c7d8ac0dc319f1cbeb4 (workspace 0.1.0, edition 2024, Rust 1.97.1, licence Apache-2.0 OR MIT); excluded per the D3 dossier (keep a pinned upstream reference, not the tree); the six local modifications are listed in the copied record source-comparison.json (patch prover_memory.patch)
PQ_CE_QS_v1 (2).29_MLKEM_MLDSA_experiment/continuation_v1.17/binius64-source/crates/circuits/src/secp256k1/mod.rs	7d8d68e8be08358da7e8e307743fccca4f20199013490ff5139baf0191016e01	594	D3	exclude-vendored		vendored upstream binius-zk/binius64 @ 37e9cd64e82243cde0e79c7d8ac0dc319f1cbeb4 (workspace 0.1.0, edition 2024, Rust 1.97.1, licence Apache-2.0 OR MIT); excluded per the D3 dossier (keep a pinned upstream reference, not the tree); the six local modifications are listed in the copied record source-comparison.json (patch prover_memory.patch)
PQ_CE_QS_v1 (2).29_MLKEM_MLDSA_experiment/continuation_v1.17/binius64-source/crates/circuits/src/secp256k1/point.rs	fabbf9b69209e758fe4d8e64bcee2d782ca5a8133962e17f2d79905586333787	3087	D3	exclude-vendored		vendored upstream binius-zk/binius64 @ 37e9cd64e82243cde0e79c7d8ac0dc319f1cbeb4 (workspace 0.1.0, edition 2024, Rust 1.97.1, licence Apache-2.0 OR MIT); excluded per the D3 dossier (keep a pinned upstream reference, not the tree); the six local modifications are listed in the copied record source-comparison.json (patch prover_memory.patch)
PQ_CE_QS_v1 (2).29_MLKEM_MLDSA_experiment/continuation_v1.17/binius64-source/crates/circuits/src/secp256k1/tests.rs	d20a86ba1e980ab4c3eeb4de7f45e50a0647e2761556b84553f0aebbc9c17136	4950	D3	exclude-vendored		vendored upstream binius-zk/binius64 @ 37e9cd64e82243cde0e79c7d8ac0dc319f1cbeb4 (workspace 0.1.0, edition 2024, Rust 1.97.1, licence Apache-2.0 OR MIT); excluded per the D3 dossier (keep a pinned upstream reference, not the tree); the six local modifications are listed in the copied record source-comparison.json (patch prover_memory.patch)
PQ_CE_QS_v1 (2).29_MLKEM_MLDSA_experiment/continuation_v1.17/binius64-source/crates/circuits/src/sha256/compress.rs	277870f105833a349ee44587aebd309f698fdae52abd35680f7abbeee52e2bab	44777	D3	exclude-vendored		vendored upstream binius-zk/binius64 @ 37e9cd64e82243cde0e79c7d8ac0dc319f1cbeb4 (workspace 0.1.0, edition 2024, Rust 1.97.1, licence Apache-2.0 OR MIT); excluded per the D3 dossier (keep a pinned upstream reference, not the tree); the six local modifications are listed in the copied record source-comparison.json (patch prover_memory.patch)
PQ_CE_QS_v1 (2).29_MLKEM_MLDSA_experiment/continuation_v1.17/binius64-source/crates/circuits/src/sha256/mod.rs	e5961a57a8006bdbc77b238f65743472853a233459df020a7937db6bd6ac2a90	25542	D3	exclude-vendored		vendored upstream binius-zk/binius64 @ 37e9cd64e82243cde0e79c7d8ac0dc319f1cbeb4 (workspace 0.1.0, edition 2024, Rust 1.97.1, licence Apache-2.0 OR MIT); excluded per the D3 dossier (keep a pinned upstream reference, not the tree); the six local modifications are listed in the copied record source-comparison.json (patch prover_memory.patch)
PQ_CE_QS_v1 (2).29_MLKEM_MLDSA_experiment/continuation_v1.17/binius64-source/crates/circuits/src/sha3/fixed_length.rs	c03dd10b656df6435d3c30177cabd19680dadb7bc47788bce8df18d5883b280f	10604	D3	exclude-vendored		vendored upstream binius-zk/binius64 @ 37e9cd64e82243cde0e79c7d8ac0dc319f1cbeb4 (workspace 0.1.0, edition 2024, Rust 1.97.1, licence Apache-2.0 OR MIT); excluded per the D3 dossier (keep a pinned upstream reference, not the tree); the six local modifications are listed in the copied record source-comparison.json (patch prover_memory.patch)
PQ_CE_QS_v1 (2).29_MLKEM_MLDSA_experiment/continuation_v1.17/binius64-source/crates/circuits/src/sha3/mod.rs	a2f006ff37594381980c0b0f792719ef3265dca9c116d4a2f6f4a30b6092ceaa	2559	D3	exclude-vendored		vendored upstream binius-zk/binius64 @ 37e9cd64e82243cde0e79c7d8ac0dc319f1cbeb4 (workspace 0.1.0, edition 2024, Rust 1.97.1, licence Apache-2.0 OR MIT); excluded per the D3 dossier (keep a pinned upstream reference, not the tree); the six local modifications are listed in the copied record source-comparison.json (patch prover_memory.patch)
PQ_CE_QS_v1 (2).29_MLKEM_MLDSA_experiment/continuation_v1.17/binius64-source/crates/circuits/src/sha3/varlen.rs	dd83da7fa5caaba579e267fac5aed6be5febc626e756acbf89b92da3ec9c34d1	12130	D3	exclude-vendored		vendored upstream binius-zk/binius64 @ 37e9cd64e82243cde0e79c7d8ac0dc319f1cbeb4 (workspace 0.1.0, edition 2024, Rust 1.97.1, licence Apache-2.0 OR MIT); excluded per the D3 dossier (keep a pinned upstream reference, not the tree); the six local modifications are listed in the copied record source-comparison.json (patch prover_memory.patch)
PQ_CE_QS_v1 (2).29_MLKEM_MLDSA_experiment/continuation_v1.17/binius64-source/crates/circuits/src/sha512/compress.rs	c1c323fbf20eee8d8c6611f76d4f7e00bb264970b88928dc22c904ec192fb783	15561	D3	exclude-vendored		vendored upstream binius-zk/binius64 @ 37e9cd64e82243cde0e79c7d8ac0dc319f1cbeb4 (workspace 0.1.0, edition 2024, Rust 1.97.1, licence Apache-2.0 OR MIT); excluded per the D3 dossier (keep a pinned upstream reference, not the tree); the six local modifications are listed in the copied record source-comparison.json (patch prover_memory.patch)
PQ_CE_QS_v1 (2).29_MLKEM_MLDSA_experiment/continuation_v1.17/binius64-source/crates/circuits/src/sha512/mod.rs	0f78803cf189e064efeb0a1a9defdd1a9249f9b31b9987e7350a23a305ee0ea1	20145	D3	exclude-vendored		vendored upstream binius-zk/binius64 @ 37e9cd64e82243cde0e79c7d8ac0dc319f1cbeb4 (workspace 0.1.0, edition 2024, Rust 1.97.1, licence Apache-2.0 OR MIT); excluded per the D3 dossier (keep a pinned upstream reference, not the tree); the six local modifications are listed in the copied record source-comparison.json (patch prover_memory.patch)
PQ_CE_QS_v1 (2).29_MLKEM_MLDSA_experiment/continuation_v1.17/binius64-source/crates/circuits/src/shift.rs	6894fafebd572ce3bacd21ff580ec0b628116dd727736c1d527493ff060fcd94	11619	D3	exclude-vendored		vendored upstream binius-zk/binius64 @ 37e9cd64e82243cde0e79c7d8ac0dc319f1cbeb4 (workspace 0.1.0, edition 2024, Rust 1.97.1, licence Apache-2.0 OR MIT); excluded per the D3 dossier (keep a pinned upstream reference, not the tree); the six local modifications are listed in the copied record source-comparison.json (patch prover_memory.patch)
PQ_CE_QS_v1 (2).29_MLKEM_MLDSA_experiment/continuation_v1.17/binius64-source/crates/circuits/src/skein512/constants.rs	8c4d30a2873483bd6bba3853756dc698060d4c244acc804ea9a0875fbdcf2986	579	D3	exclude-vendored		vendored upstream binius-zk/binius64 @ 37e9cd64e82243cde0e79c7d8ac0dc319f1cbeb4 (workspace 0.1.0, edition 2024, Rust 1.97.1, licence Apache-2.0 OR MIT); excluded per the D3 dossier (keep a pinned upstream reference, not the tree); the six local modifications are listed in the copied record source-comparison.json (patch prover_memory.patch)
PQ_CE_QS_v1 (2).29_MLKEM_MLDSA_experiment/continuation_v1.17/binius64-source/crates/circuits/src/skein512/mod.rs	0675512316dd069783d72aaa3b2e18c82727e089078d9f027adcd992f65ee420	38417	D3	exclude-vendored		vendored upstream binius-zk/binius64 @ 37e9cd64e82243cde0e79c7d8ac0dc319f1cbeb4 (workspace 0.1.0, edition 2024, Rust 1.97.1, licence Apache-2.0 OR MIT); excluded per the D3 dossier (keep a pinned upstream reference, not the tree); the six local modifications are listed in the copied record source-comparison.json (patch prover_memory.patch)
PQ_CE_QS_v1 (2).29_MLKEM_MLDSA_experiment/continuation_v1.17/binius64-source/crates/circuits/src/skein512/reference.rs	fa91f56326d015400f4d01ea460e2bf11802dbc53e916d65754727757f4625f3	10633	D3	exclude-vendored		vendored upstream binius-zk/binius64 @ 37e9cd64e82243cde0e79c7d8ac0dc319f1cbeb4 (workspace 0.1.0, edition 2024, Rust 1.97.1, licence Apache-2.0 OR MIT); excluded per the D3 dossier (keep a pinned upstream reference, not the tree); the six local modifications are listed in the copied record source-comparison.json (patch prover_memory.patch)
PQ_CE_QS_v1 (2).29_MLKEM_MLDSA_experiment/continuation_v1.17/binius64-source/crates/circuits/src/slice.rs	55a54b9e441364b88a8a0e85dbc675a7bf9b730ed3fa81a1cabef2adcc253f9d	16996	D3	exclude-vendored		vendored upstream binius-zk/binius64 @ 37e9cd64e82243cde0e79c7d8ac0dc319f1cbeb4 (workspace 0.1.0, edition 2024, Rust 1.97.1, licence Apache-2.0 OR MIT); excluded per the D3 dossier (keep a pinned upstream reference, not the tree); the six local modifications are listed in the copied record source-comparison.json (patch prover_memory.patch)
PQ_CE_QS_v1 (2).29_MLKEM_MLDSA_experiment/continuation_v1.17/binius64-source/crates/circuits/src/util.rs	0d123aa177b7f774b48115254b52fb01df678f6d4242aa529a3a020d9197e7d4	3750	D3	exclude-vendored		vendored upstream binius-zk/binius64 @ 37e9cd64e82243cde0e79c7d8ac0dc319f1cbeb4 (workspace 0.1.0, edition 2024, Rust 1.97.1, licence Apache-2.0 OR MIT); excluded per the D3 dossier (keep a pinned upstream reference, not the tree); the six local modifications are listed in the copied record source-comparison.json (patch prover_memory.patch)
PQ_CE_QS_v1 (2).29_MLKEM_MLDSA_experiment/continuation_v1.17/binius64-source/crates/circuits/tests/gate_fusion_keccak.rs	d3946b8ce6d77c6b864deea7fde13e53704fe50cc4d4f8e2386b300df55c7e36	1809	D3	exclude-vendored		vendored upstream binius-zk/binius64 @ 37e9cd64e82243cde0e79c7d8ac0dc319f1cbeb4 (workspace 0.1.0, edition 2024, Rust 1.97.1, licence Apache-2.0 OR MIT); excluded per the D3 dossier (keep a pinned upstream reference, not the tree); the six local modifications are listed in the copied record source-comparison.json (patch prover_memory.patch)
PQ_CE_QS_v1 (2).29_MLKEM_MLDSA_experiment/continuation_v1.17/binius64-source/crates/compute/Cargo.toml	7eb3a966cf4f86cf37cee6a10f65d6184fe8430369252ec25b07435a0b89e784	174	D3	exclude-vendored		vendored upstream binius-zk/binius64 @ 37e9cd64e82243cde0e79c7d8ac0dc319f1cbeb4 (workspace 0.1.0, edition 2024, Rust 1.97.1, licence Apache-2.0 OR MIT); excluded per the D3 dossier (keep a pinned upstream reference, not the tree); the six local modifications are listed in the copied record source-comparison.json (patch prover_memory.patch)
PQ_CE_QS_v1 (2).29_MLKEM_MLDSA_experiment/continuation_v1.17/binius64-source/crates/compute/src/buffer_pool.rs	74ed8cac54d8f23ff3956856d1201ce0f506609563e1d8ceeb19853159416b6a	12953	D3	exclude-vendored		vendored upstream binius-zk/binius64 @ 37e9cd64e82243cde0e79c7d8ac0dc319f1cbeb4 (workspace 0.1.0, edition 2024, Rust 1.97.1, licence Apache-2.0 OR MIT); excluded per the D3 dossier (keep a pinned upstream reference, not the tree); the six local modifications are listed in the copied record source-comparison.json (patch prover_memory.patch)
PQ_CE_QS_v1 (2).29_MLKEM_MLDSA_experiment/continuation_v1.17/binius64-source/crates/compute/src/lib.rs	cdb361f5e62607e9da8d42bce599c69d54554f57577ca2fe13b14b6ae0c7bdf3	10517	D3	exclude-vendored		vendored upstream binius-zk/binius64 @ 37e9cd64e82243cde0e79c7d8ac0dc319f1cbeb4 (workspace 0.1.0, edition 2024, Rust 1.97.1, licence Apache-2.0 OR MIT); excluded per the D3 dossier (keep a pinned upstream reference, not the tree); the six local modifications are listed in the copied record source-comparison.json (patch prover_memory.patch)
PQ_CE_QS_v1 (2).29_MLKEM_MLDSA_experiment/continuation_v1.17/binius64-source/crates/core/Cargo.toml	286ba15ecd18553c0f470338b55e6e49a3a985c4e3d00580023172866d62171b	421	D3	exclude-vendored		vendored upstream binius-zk/binius64 @ 37e9cd64e82243cde0e79c7d8ac0dc319f1cbeb4 (workspace 0.1.0, edition 2024, Rust 1.97.1, licence Apache-2.0 OR MIT); excluded per the D3 dossier (keep a pinned upstream reference, not the tree); the six local modifications are listed in the copied record source-comparison.json (patch prover_memory.patch)
PQ_CE_QS_v1 (2).29_MLKEM_MLDSA_experiment/continuation_v1.17/binius64-source/crates/core/src/constraint_system/constraint.rs	e47b075dcd36fd3ddc7754c36fc7e9fd7abf01432567655f1c0faf1d74709724	21549	D3	exclude-vendored		vendored upstream binius-zk/binius64 @ 37e9cd64e82243cde0e79c7d8ac0dc319f1cbeb4 (workspace 0.1.0, edition 2024, Rust 1.97.1, licence Apache-2.0 OR MIT); excluded per the D3 dossier (keep a pinned upstream reference, not the tree); the six local modifications are listed in the copied record source-comparison.json (patch prover_memory.patch)
PQ_CE_QS_v1 (2).29_MLKEM_MLDSA_experiment/continuation_v1.17/binius64-source/crates/core/src/constraint_system/layout.rs	59630cb2c6e36e6e4c94e7d8855bf9a7fefa222f7bab207d648e9e6085b45dd6	5071	D3	exclude-vendored		vendored upstream binius-zk/binius64 @ 37e9cd64e82243cde0e79c7d8ac0dc319f1cbeb4 (workspace 0.1.0, edition 2024, Rust 1.97.1, licence Apache-2.0 OR MIT); excluded per the D3 dossier (keep a pinned upstream reference, not the tree); the six local modifications are listed in the copied record source-comparison.json (patch prover_memory.patch)
PQ_CE_QS_v1 (2).29_MLKEM_MLDSA_experiment/continuation_v1.17/binius64-source/crates/core/src/constraint_system/m4.rs	f7a5c02aafe6717d91fceedc08d17c64c680a801a43189b4b998c60f46c1bc79	23146	D3	exclude-vendored		vendored upstream binius-zk/binius64 @ 37e9cd64e82243cde0e79c7d8ac0dc319f1cbeb4 (workspace 0.1.0, edition 2024, Rust 1.97.1, licence Apache-2.0 OR MIT); excluded per the D3 dossier (keep a pinned upstream reference, not the tree); the six local modifications are listed in the copied record source-comparison.json (patch prover_memory.patch)
PQ_CE_QS_v1 (2).29_MLKEM_MLDSA_experiment/continuation_v1.17/binius64-source/crates/core/src/constraint_system/m4/witness.rs	62f56db93813837471e10780b5671f1cc27e7874f1d4352f3a0056664e58188b	2322	D3	exclude-vendored		vendored upstream binius-zk/binius64 @ 37e9cd64e82243cde0e79c7d8ac0dc319f1cbeb4 (workspace 0.1.0, edition 2024, Rust 1.97.1, licence Apache-2.0 OR MIT); excluded per the D3 dossier (keep a pinned upstream reference, not the tree); the six local modifications are listed in the copied record source-comparison.json (patch prover_memory.patch)
PQ_CE_QS_v1 (2).29_MLKEM_MLDSA_experiment/continuation_v1.17/binius64-source/crates/core/src/constraint_system/mod.rs	869454c010df6de2ea20c679b67c03b1d2d6fe7cdfb26680261cf1685d42afd3	455	D3	exclude-vendored		vendored upstream binius-zk/binius64 @ 37e9cd64e82243cde0e79c7d8ac0dc319f1cbeb4 (workspace 0.1.0, edition 2024, Rust 1.97.1, licence Apache-2.0 OR MIT); excluded per the D3 dossier (keep a pinned upstream reference, not the tree); the six local modifications are listed in the copied record source-comparison.json (patch prover_memory.patch)
PQ_CE_QS_v1 (2).29_MLKEM_MLDSA_experiment/continuation_v1.17/binius64-source/crates/core/src/constraint_system/proof.rs	8e9d3ed689b3100360fb15d4c32e6052fc4f00b8fe9253104d9c1343266d68f6	10856	D3	exclude-vendored		vendored upstream binius-zk/binius64 @ 37e9cd64e82243cde0e79c7d8ac0dc319f1cbeb4 (workspace 0.1.0, edition 2024, Rust 1.97.1, licence Apache-2.0 OR MIT); excluded per the D3 dossier (keep a pinned upstream reference, not the tree); the six local modifications are listed in the copied record source-comparison.json (patch prover_memory.patch)
PQ_CE_QS_v1 (2).29_MLKEM_MLDSA_experiment/continuation_v1.17/binius64-source/crates/core/src/constraint_system/shift.rs	96a36414d2ef36970d7e4bf8f49abee3404540b7694dd8126f39688a0a0fb9b7	53583	D3	exclude-vendored		vendored upstream binius-zk/binius64 @ 37e9cd64e82243cde0e79c7d8ac0dc319f1cbeb4 (workspace 0.1.0, edition 2024, Rust 1.97.1, licence Apache-2.0 OR MIT); excluded per the D3 dossier (keep a pinned upstream reference, not the tree); the six local modifications are listed in the copied record source-comparison.json (patch prover_memory.patch)
PQ_CE_QS_v1 (2).29_MLKEM_MLDSA_experiment/continuation_v1.17/binius64-source/crates/core/src/constraint_system/system.rs	a63a34a096e31b069a5092e2be0548e4c037869e2ef0ee3e944c40a966460abe	51308	D3	exclude-vendored		vendored upstream binius-zk/binius64 @ 37e9cd64e82243cde0e79c7d8ac0dc319f1cbeb4 (workspace 0.1.0, edition 2024, Rust 1.97.1, licence Apache-2.0 OR MIT); excluded per the D3 dossier (keep a pinned upstream reference, not the tree); the six local modifications are listed in the copied record source-comparison.json (patch prover_memory.patch)
PQ_CE_QS_v1 (2).29_MLKEM_MLDSA_experiment/continuation_v1.17/binius64-source/crates/core/src/constraint_system/value_index.rs	cfbdbe2ade6c6cd750921f10837b694cbabef47e7214ce9aa1f872b9bd75f7b7	6317	D3	exclude-vendored		vendored upstream binius-zk/binius64 @ 37e9cd64e82243cde0e79c7d8ac0dc319f1cbeb4 (workspace 0.1.0, edition 2024, Rust 1.97.1, licence Apache-2.0 OR MIT); excluded per the D3 dossier (keep a pinned upstream reference, not the tree); the six local modifications are listed in the copied record source-comparison.json (patch prover_memory.patch)
PQ_CE_QS_v1 (2).29_MLKEM_MLDSA_experiment/continuation_v1.17/binius64-source/crates/core/src/constraint_system/value_table.rs	b4685beffc3749d66c1491961eca812c93bdfc675bb95c67e6c0743ec6555973	11884	D3	exclude-vendored		vendored upstream binius-zk/binius64 @ 37e9cd64e82243cde0e79c7d8ac0dc319f1cbeb4 (workspace 0.1.0, edition 2024, Rust 1.97.1, licence Apache-2.0 OR MIT); excluded per the D3 dossier (keep a pinned upstream reference, not the tree); the six local modifications are listed in the copied record source-comparison.json (patch prover_memory.patch)
PQ_CE_QS_v1 (2).29_MLKEM_MLDSA_experiment/continuation_v1.17/binius64-source/crates/core/src/constraint_system/value_vec.rs	433391d86eaf769aa4f0ca4e914881792700e45ddc2fc155b754f0adaf1cff43	12547	D3	exclude-vendored		vendored upstream binius-zk/binius64 @ 37e9cd64e82243cde0e79c7d8ac0dc319f1cbeb4 (workspace 0.1.0, edition 2024, Rust 1.97.1, licence Apache-2.0 OR MIT); excluded per the D3 dossier (keep a pinned upstream reference, not the tree); the six local modifications are listed in the copied record source-comparison.json (patch prover_memory.patch)
PQ_CE_QS_v1 (2).29_MLKEM_MLDSA_experiment/continuation_v1.17/binius64-source/crates/core/src/constraint_system/values_data.rs	898997157379c4ab6dc0e3e293ef69d73b8f1709d97c642d8e5180baaa12ee74	7190	D3	exclude-vendored		vendored upstream binius-zk/binius64 @ 37e9cd64e82243cde0e79c7d8ac0dc319f1cbeb4 (workspace 0.1.0, edition 2024, Rust 1.97.1, licence Apache-2.0 OR MIT); excluded per the D3 dossier (keep a pinned upstream reference, not the tree); the six local modifications are listed in the copied record source-comparison.json (patch prover_memory.patch)
PQ_CE_QS_v1 (2).29_MLKEM_MLDSA_experiment/continuation_v1.17/binius64-source/crates/core/src/error.rs	5ab8874da35442efb18a11a7611f4404e767649e33d1947cd6c89634b125d199	9035	D3	exclude-vendored		vendored upstream binius-zk/binius64 @ 37e9cd64e82243cde0e79c7d8ac0dc319f1cbeb4 (workspace 0.1.0, edition 2024, Rust 1.97.1, licence Apache-2.0 OR MIT); excluded per the D3 dossier (keep a pinned upstream reference, not the tree); the six local modifications are listed in the copied record source-comparison.json (patch prover_memory.patch)
PQ_CE_QS_v1 (2).29_MLKEM_MLDSA_experiment/continuation_v1.17/binius64-source/crates/core/src/lib.rs	80640820e509bfddd441785ff71a702d228d46499ed121a743550ea77b2dd63e	471	D3	exclude-vendored		vendored upstream binius-zk/binius64 @ 37e9cd64e82243cde0e79c7d8ac0dc319f1cbeb4 (workspace 0.1.0, edition 2024, Rust 1.97.1, licence Apache-2.0 OR MIT); excluded per the D3 dossier (keep a pinned upstream reference, not the tree); the six local modifications are listed in the copied record source-comparison.json (patch prover_memory.patch)
PQ_CE_QS_v1 (2).29_MLKEM_MLDSA_experiment/continuation_v1.17/binius64-source/crates/core/src/word.rs	fe9d02c9ecfcd355c3e7cf60057ce50b08338751e7d95775568e5f6344f71400	29716	D3	exclude-vendored		vendored upstream binius-zk/binius64 @ 37e9cd64e82243cde0e79c7d8ac0dc319f1cbeb4 (workspace 0.1.0, edition 2024, Rust 1.97.1, licence Apache-2.0 OR MIT); excluded per the D3 dossier (keep a pinned upstream reference, not the tree); the six local modifications are listed in the copied record source-comparison.json (patch prover_memory.patch)
PQ_CE_QS_v1 (2).29_MLKEM_MLDSA_experiment/continuation_v1.17/binius64-source/crates/core/test_data/README.md	b04a70f8994234c0e43091de41a6a303bb4ccb06e061019deebe1fcdf5cf2c84	3456	D3	exclude-vendored		vendored upstream binius-zk/binius64 @ 37e9cd64e82243cde0e79c7d8ac0dc319f1cbeb4 (workspace 0.1.0, edition 2024, Rust 1.97.1, licence Apache-2.0 OR MIT); excluded per the D3 dossier (keep a pinned upstream reference, not the tree); the six local modifications are listed in the copied record source-comparison.json (patch prover_memory.patch)
PQ_CE_QS_v1 (2).29_MLKEM_MLDSA_experiment/continuation_v1.17/binius64-source/crates/core/test_data/constraint_system_v10.bin	015a752d291d6d9c0a4553097cc4986b0da313800390236b905c1de39915365f	418	D3	exclude-vendored		vendored upstream binius-zk/binius64 @ 37e9cd64e82243cde0e79c7d8ac0dc319f1cbeb4 (workspace 0.1.0, edition 2024, Rust 1.97.1, licence Apache-2.0 OR MIT); excluded per the D3 dossier (keep a pinned upstream reference, not the tree); the six local modifications are listed in the copied record source-comparison.json (patch prover_memory.patch)
PQ_CE_QS_v1 (2).29_MLKEM_MLDSA_experiment/continuation_v1.17/binius64-source/crates/core/test_data/proof_v1.bin	93cb01be00d89b85ca39ea90b75488bcad92237cec72d3a7d11d2cd59b3e802b	60	D3	exclude-vendored		vendored upstream binius-zk/binius64 @ 37e9cd64e82243cde0e79c7d8ac0dc319f1cbeb4 (workspace 0.1.0, edition 2024, Rust 1.97.1, licence Apache-2.0 OR MIT); excluded per the D3 dossier (keep a pinned upstream reference, not the tree); the six local modifications are listed in the copied record source-comparison.json (patch prover_memory.patch)
PQ_CE_QS_v1 (2).29_MLKEM_MLDSA_experiment/continuation_v1.17/binius64-source/crates/core/test_data/values_data_v1.bin	7d6af6d64e943307a0c00090db37042675f75c4938bcc6de789abcca049dac76	40	D3	exclude-vendored		vendored upstream binius-zk/binius64 @ 37e9cd64e82243cde0e79c7d8ac0dc319f1cbeb4 (workspace 0.1.0, edition 2024, Rust 1.97.1, licence Apache-2.0 OR MIT); excluded per the D3 dossier (keep a pinned upstream reference, not the tree); the six local modifications are listed in the copied record source-comparison.json (patch prover_memory.patch)
PQ_CE_QS_v1 (2).29_MLKEM_MLDSA_experiment/continuation_v1.17/binius64-source/crates/examples/Cargo.toml	ca08f3a1fc79d169d1ea0c4d3ab4d7c1dc1bcfff5576e31d7edec01aaba74180	2578	D3	exclude-vendored		vendored upstream binius-zk/binius64 @ 37e9cd64e82243cde0e79c7d8ac0dc319f1cbeb4 (workspace 0.1.0, edition 2024, Rust 1.97.1, licence Apache-2.0 OR MIT); excluded per the D3 dossier (keep a pinned upstream reference, not the tree); the six local modifications are listed in the copied record source-comparison.json (patch prover_memory.patch)
PQ_CE_QS_v1 (2).29_MLKEM_MLDSA_experiment/continuation_v1.17/binius64-source/crates/examples/README.md	d702191fda89e548460aa7e336a4bb4ba3d7d187aa349446b5c851875e7b21a5	12193	D3	exclude-vendored		vendored upstream binius-zk/binius64 @ 37e9cd64e82243cde0e79c7d8ac0dc319f1cbeb4 (workspace 0.1.0, edition 2024, Rust 1.97.1, licence Apache-2.0 OR MIT); excluded per the D3 dossier (keep a pinned upstream reference, not the tree); the six local modifications are listed in the copied record source-comparison.json (patch prover_memory.patch)
PQ_CE_QS_v1 (2).29_MLKEM_MLDSA_experiment/continuation_v1.17/binius64-source/crates/examples/benches/blake2b.rs	eb559eac62a41634c9bf80920e95df71bab77d7e2c88b0c4629011a52d17d9f3	2218	D3	exclude-vendored		vendored upstream binius-zk/binius64 @ 37e9cd64e82243cde0e79c7d8ac0dc319f1cbeb4 (workspace 0.1.0, edition 2024, Rust 1.97.1, licence Apache-2.0 OR MIT); excluded per the D3 dossier (keep a pinned upstream reference, not the tree); the six local modifications are listed in the copied record source-comparison.json (patch prover_memory.patch)
PQ_CE_QS_v1 (2).29_MLKEM_MLDSA_experiment/continuation_v1.17/binius64-source/crates/examples/benches/blake2s.rs	91fb0bc08ae1413246ee770c47d59fbcc3b4f96f9a0f5bc2314ab67073fd432e	2242	D3	exclude-vendored		vendored upstream binius-zk/binius64 @ 37e9cd64e82243cde0e79c7d8ac0dc319f1cbeb4 (workspace 0.1.0, edition 2024, Rust 1.97.1, licence Apache-2.0 OR MIT); excluded per the D3 dossier (keep a pinned upstream reference, not the tree); the six local modifications are listed in the copied record source-comparison.json (patch prover_memory.patch)
PQ_CE_QS_v1 (2).29_MLKEM_MLDSA_experiment/continuation_v1.17/binius64-source/crates/examples/benches/blake3_compressions.rs	cc219bc10a5d825a9c95ba71dd2f6d3d3822c247cd4235c68973aa8fee474bdf	1004	D3	exclude-vendored		vendored upstream binius-zk/binius64 @ 37e9cd64e82243cde0e79c7d8ac0dc319f1cbeb4 (workspace 0.1.0, edition 2024, Rust 1.97.1, licence Apache-2.0 OR MIT); excluded per the D3 dossier (keep a pinned upstream reference, not the tree); the six local modifications are listed in the copied record source-comparison.json (patch prover_memory.patch)
PQ_CE_QS_v1 (2).29_MLKEM_MLDSA_experiment/continuation_v1.17/binius64-source/crates/examples/benches/ethsign.rs	704bab9150ee69bcfb0448187b4ecb557e0a213de19d78ea21e3787f4a7ee533	2262	D3	exclude-vendored		vendored upstream binius-zk/binius64 @ 37e9cd64e82243cde0e79c7d8ac0dc319f1cbeb4 (workspace 0.1.0, edition 2024, Rust 1.97.1, licence Apache-2.0 OR MIT); excluded per the D3 dossier (keep a pinned upstream reference, not the tree); the six local modifications are listed in the copied record source-comparison.json (patch prover_memory.patch)
PQ_CE_QS_v1 (2).29_MLKEM_MLDSA_experiment/continuation_v1.17/binius64-source/crates/examples/benches/hashsign.rs	5b7041553b4d46dbb9ba5b7220cee00f9aff438df95d1e1d0590554d2fc0e939	1889	D3	exclude-vendored		vendored upstream binius-zk/binius64 @ 37e9cd64e82243cde0e79c7d8ac0dc319f1cbeb4 (workspace 0.1.0, edition 2024, Rust 1.97.1, licence Apache-2.0 OR MIT); excluded per the D3 dossier (keep a pinned upstream reference, not the tree); the six local modifications are listed in the copied record source-comparison.json (patch prover_memory.patch)
PQ_CE_QS_v1 (2).29_MLKEM_MLDSA_experiment/continuation_v1.17/binius64-source/crates/examples/benches/keccak.rs	aad8eb8da73be761baee002e1e1d72493dce9c6f13080140e68afb92f9dcc557	2254	D3	exclude-vendored		vendored upstream binius-zk/binius64 @ 37e9cd64e82243cde0e79c7d8ac0dc319f1cbeb4 (workspace 0.1.0, edition 2024, Rust 1.97.1, licence Apache-2.0 OR MIT); excluded per the D3 dossier (keep a pinned upstream reference, not the tree); the six local modifications are listed in the copied record source-comparison.json (patch prover_memory.patch)
PQ_CE_QS_v1 (2).29_MLKEM_MLDSA_experiment/continuation_v1.17/binius64-source/crates/examples/benches/keccak_permutations.rs	ede359e67c76fe311338cce5d2c5bb73b5f6d0588b2be42e3a406f8b3ed7f087	1012	D3	exclude-vendored		vendored upstream binius-zk/binius64 @ 37e9cd64e82243cde0e79c7d8ac0dc319f1cbeb4 (workspace 0.1.0, edition 2024, Rust 1.97.1, licence Apache-2.0 OR MIT); excluded per the D3 dossier (keep a pinned upstream reference, not the tree); the six local modifications are listed in the copied record source-comparison.json (patch prover_memory.patch)
PQ_CE_QS_v1 (2).29_MLKEM_MLDSA_experiment/continuation_v1.17/binius64-source/crates/examples/benches/sha256.rs	33dd7f3ca81b442fd6fa54e1407d21eb6869649844adbdd3b27fcd18f4aa28c7	2230	D3	exclude-vendored		vendored upstream binius-zk/binius64 @ 37e9cd64e82243cde0e79c7d8ac0dc319f1cbeb4 (workspace 0.1.0, edition 2024, Rust 1.97.1, licence Apache-2.0 OR MIT); excluded per the D3 dossier (keep a pinned upstream reference, not the tree); the six local modifications are listed in the copied record source-comparison.json (patch prover_memory.patch)
PQ_CE_QS_v1 (2).29_MLKEM_MLDSA_experiment/continuation_v1.17/binius64-source/crates/examples/benches/sha256_compressions.rs	3b0cc1d0d6c99b78777064ba0b64801dcf1b805163d62a3f9a6c99ca6d64acd6	1005	D3	exclude-vendored		vendored upstream binius-zk/binius64 @ 37e9cd64e82243cde0e79c7d8ac0dc319f1cbeb4 (workspace 0.1.0, edition 2024, Rust 1.97.1, licence Apache-2.0 OR MIT); excluded per the D3 dossier (keep a pinned upstream reference, not the tree); the six local modifications are listed in the copied record source-comparison.json (patch prover_memory.patch)
PQ_CE_QS_v1 (2).29_MLKEM_MLDSA_experiment/continuation_v1.17/binius64-source/crates/examples/benches/sha3.rs	b5fb8745ff3fd9bc64b4059908c6dd3ef810c090fd768e48b5701e17d6a00ceb	2183	D3	exclude-vendored		vendored upstream binius-zk/binius64 @ 37e9cd64e82243cde0e79c7d8ac0dc319f1cbeb4 (workspace 0.1.0, edition 2024, Rust 1.97.1, licence Apache-2.0 OR MIT); excluded per the D3 dossier (keep a pinned upstream reference, not the tree); the six local modifications are listed in the copied record source-comparison.json (patch prover_memory.patch)
PQ_CE_QS_v1 (2).29_MLKEM_MLDSA_experiment/continuation_v1.17/binius64-source/crates/examples/benches/sha3_512.rs	3124f369f8257be397d7eb14f5e34846cdab69325dbd2c3a6b3c3af7f2073cc3	2238	D3	exclude-vendored		vendored upstream binius-zk/binius64 @ 37e9cd64e82243cde0e79c7d8ac0dc319f1cbeb4 (workspace 0.1.0, edition 2024, Rust 1.97.1, licence Apache-2.0 OR MIT); excluded per the D3 dossier (keep a pinned upstream reference, not the tree); the six local modifications are listed in the copied record source-comparison.json (patch prover_memory.patch)
PQ_CE_QS_v1 (2).29_MLKEM_MLDSA_experiment/continuation_v1.17/binius64-source/crates/examples/benches/sha512.rs	fa0d734de25986870698f46f08cc3f5f4bc013284edda2145e6bb73fa77996c6	2232	D3	exclude-vendored		vendored upstream binius-zk/binius64 @ 37e9cd64e82243cde0e79c7d8ac0dc319f1cbeb4 (workspace 0.1.0, edition 2024, Rust 1.97.1, licence Apache-2.0 OR MIT); excluded per the D3 dossier (keep a pinned upstream reference, not the tree); the six local modifications are listed in the copied record source-comparison.json (patch prover_memory.patch)
PQ_CE_QS_v1 (2).29_MLKEM_MLDSA_experiment/continuation_v1.17/binius64-source/crates/examples/benches/utils/config.rs	438aca1d144119fda566f134cc5526d5de2234d8a305f6de1223038ff67ff6b9	1796	D3	exclude-vendored		vendored upstream binius-zk/binius64 @ 37e9cd64e82243cde0e79c7d8ac0dc319f1cbeb4 (workspace 0.1.0, edition 2024, Rust 1.97.1, licence Apache-2.0 OR MIT); excluded per the D3 dossier (keep a pinned upstream reference, not the tree); the six local modifications are listed in the copied record source-comparison.json (patch prover_memory.patch)
PQ_CE_QS_v1 (2).29_MLKEM_MLDSA_experiment/continuation_v1.17/binius64-source/crates/examples/benches/utils/independent_hashes.rs	8534d92df9006b8501982e56ef832f32d03b6c31ae4afffc9040824bbafb6766	4567	D3	exclude-vendored		vendored upstream binius-zk/binius64 @ 37e9cd64e82243cde0e79c7d8ac0dc319f1cbeb4 (workspace 0.1.0, edition 2024, Rust 1.97.1, licence Apache-2.0 OR MIT); excluded per the D3 dossier (keep a pinned upstream reference, not the tree); the six local modifications are listed in the copied record source-comparison.json (patch prover_memory.patch)
PQ_CE_QS_v1 (2).29_MLKEM_MLDSA_experiment/continuation_v1.17/binius64-source/crates/examples/benches/utils/mod.rs	46e6111af25aee64650eb8cf4c09567120b58533a943445212b8497faa79b36b	331	D3	exclude-vendored		vendored upstream binius-zk/binius64 @ 37e9cd64e82243cde0e79c7d8ac0dc319f1cbeb4 (workspace 0.1.0, edition 2024, Rust 1.97.1, licence Apache-2.0 OR MIT); excluded per the D3 dossier (keep a pinned upstream reference, not the tree); the six local modifications are listed in the copied record source-comparison.json (patch prover_memory.patch)
PQ_CE_QS_v1 (2).29_MLKEM_MLDSA_experiment/continuation_v1.17/binius64-source/crates/examples/benches/utils/reporting.rs	369d1041fad3419fbc7447690b5b4d99d1fde0cf0ae5d6c70eebd35c4470794b	3804	D3	exclude-vendored		vendored upstream binius-zk/binius64 @ 37e9cd64e82243cde0e79c7d8ac0dc319f1cbeb4 (workspace 0.1.0, edition 2024, Rust 1.97.1, licence Apache-2.0 OR MIT); excluded per the D3 dossier (keep a pinned upstream reference, not the tree); the six local modifications are listed in the copied record source-comparison.json (patch prover_memory.patch)
PQ_CE_QS_v1 (2).29_MLKEM_MLDSA_experiment/continuation_v1.17/binius64-source/crates/examples/benches/utils/runner.rs	9d5377c7fd948eb9a15e00b56db2d590f23c5c77efa0182be5d1f3ac82f5f7b3	7647	D3	exclude-vendored		vendored upstream binius-zk/binius64 @ 37e9cd64e82243cde0e79c7d8ac0dc319f1cbeb4 (workspace 0.1.0, edition 2024, Rust 1.97.1, licence Apache-2.0 OR MIT); excluded per the D3 dossier (keep a pinned upstream reference, not the tree); the six local modifications are listed in the copied record source-comparison.json (patch prover_memory.patch)
PQ_CE_QS_v1 (2).29_MLKEM_MLDSA_experiment/continuation_v1.17/binius64-source/crates/examples/examples/bip32.rs	3d64cc3858f4b012e60a93d13bbbe3c2401800f04bc712a190887c2d0ccb9795	273	D3	exclude-vendored		vendored upstream binius-zk/binius64 @ 37e9cd64e82243cde0e79c7d8ac0dc319f1cbeb4 (workspace 0.1.0, edition 2024, Rust 1.97.1, licence Apache-2.0 OR MIT); excluded per the D3 dossier (keep a pinned upstream reference, not the tree); the six local modifications are listed in the copied record source-comparison.json (patch prover_memory.patch)
PQ_CE_QS_v1 (2).29_MLKEM_MLDSA_experiment/continuation_v1.17/binius64-source/crates/examples/examples/bitcoin_header_chain.rs	fc2a3d3e10f64750457a268eaef33494533e3afe4bda72969a1176f5ad3a643e	451	D3	exclude-vendored		vendored upstream binius-zk/binius64 @ 37e9cd64e82243cde0e79c7d8ac0dc319f1cbeb4 (workspace 0.1.0, edition 2024, Rust 1.97.1, licence Apache-2.0 OR MIT); excluded per the D3 dossier (keep a pinned upstream reference, not the tree); the six local modifications are listed in the copied record source-comparison.json (patch prover_memory.patch)
PQ_CE_QS_v1 (2).29_MLKEM_MLDSA_experiment/continuation_v1.17/binius64-source/crates/examples/examples/bitcoin_p2pkh.rs	9be406c37548324dd97df05a6171336b77074abe832534851aa7131bcba4903e	326	D3	exclude-vendored		vendored upstream binius-zk/binius64 @ 37e9cd64e82243cde0e79c7d8ac0dc319f1cbeb4 (workspace 0.1.0, edition 2024, Rust 1.97.1, licence Apache-2.0 OR MIT); excluded per the D3 dossier (keep a pinned upstream reference, not the tree); the six local modifications are listed in the copied record source-comparison.json (patch prover_memory.patch)
PQ_CE_QS_v1 (2).29_MLKEM_MLDSA_experiment/continuation_v1.17/binius64-source/crates/examples/examples/blake2b.rs	8bdd0b9f6a11352f55f7792f9b644c30e2dde159e74357ab463b8de3b8c0e99a	245	D3	exclude-vendored		vendored upstream binius-zk/binius64 @ 37e9cd64e82243cde0e79c7d8ac0dc319f1cbeb4 (workspace 0.1.0, edition 2024, Rust 1.97.1, licence Apache-2.0 OR MIT); excluded per the D3 dossier (keep a pinned upstream reference, not the tree); the six local modifications are listed in the copied record source-comparison.json (patch prover_memory.patch)
PQ_CE_QS_v1 (2).29_MLKEM_MLDSA_experiment/continuation_v1.17/binius64-source/crates/examples/examples/blake2s.rs	2000a8a3854ec7b44cb2947543fddf63b180b03643863a6b73648e9b090745f1	245	D3	exclude-vendored		vendored upstream binius-zk/binius64 @ 37e9cd64e82243cde0e79c7d8ac0dc319f1cbeb4 (workspace 0.1.0, edition 2024, Rust 1.97.1, licence Apache-2.0 OR MIT); excluded per the D3 dossier (keep a pinned upstream reference, not the tree); the six local modifications are listed in the copied record source-comparison.json (patch prover_memory.patch)
PQ_CE_QS_v1 (2).29_MLKEM_MLDSA_experiment/continuation_v1.17/binius64-source/crates/examples/examples/blake3.rs	44a89dd14038279bcc559bd1d3cd76c904b486528e0799739f4da6220a8a1454	228	D3	exclude-vendored		vendored upstream binius-zk/binius64 @ 37e9cd64e82243cde0e79c7d8ac0dc319f1cbeb4 (workspace 0.1.0, edition 2024, Rust 1.97.1, licence Apache-2.0 OR MIT); excluded per the D3 dossier (keep a pinned upstream reference, not the tree); the six local modifications are listed in the copied record source-comparison.json (patch prover_memory.patch)
PQ_CE_QS_v1 (2).29_MLKEM_MLDSA_experiment/continuation_v1.17/binius64-source/crates/examples/examples/blake3_compress.rs	214061f98d901e7d02b19c82f3eeaa17cdad7022fb542c11f9a6b0bc2f129fb8	318	D3	exclude-vendored		vendored upstream binius-zk/binius64 @ 37e9cd64e82243cde0e79c7d8ac0dc319f1cbeb4 (workspace 0.1.0, edition 2024, Rust 1.97.1, licence Apache-2.0 OR MIT); excluded per the D3 dossier (keep a pinned upstream reference, not the tree); the six local modifications are listed in the copied record source-comparison.json (patch prover_memory.patch)
PQ_CE_QS_v1 (2).29_MLKEM_MLDSA_experiment/continuation_v1.17/binius64-source/crates/examples/examples/ec_msm.rs	1bc7120996b7b4b22fa567d2d6e1e7b795268c58b8ddaed8924a34ba0f7fc4e9	274	D3	exclude-vendored		vendored upstream binius-zk/binius64 @ 37e9cd64e82243cde0e79c7d8ac0dc319f1cbeb4 (workspace 0.1.0, edition 2024, Rust 1.97.1, licence Apache-2.0 OR MIT); excluded per the D3 dossier (keep a pinned upstream reference, not the tree); the six local modifications are listed in the copied record source-comparison.json (patch prover_memory.patch)
PQ_CE_QS_v1 (2).29_MLKEM_MLDSA_experiment/continuation_v1.17/binius64-source/crates/examples/examples/ethsign.rs	66010e1abee950f92935d47a96b5f24128b64fbe5c277305a3ca64c83cbc3699	238	D3	exclude-vendored		vendored upstream binius-zk/binius64 @ 37e9cd64e82243cde0e79c7d8ac0dc319f1cbeb4 (workspace 0.1.0, edition 2024, Rust 1.97.1, licence Apache-2.0 OR MIT); excluded per the D3 dossier (keep a pinned upstream reference, not the tree); the six local modifications are listed in the copied record source-comparison.json (patch prover_memory.patch)
PQ_CE_QS_v1 (2).29_MLKEM_MLDSA_experiment/continuation_v1.17/binius64-source/crates/examples/examples/hashsign.rs	8070eadc629ae230553dbd88278e16b229233cc243fd9e6c1121217002866544	279	D3	exclude-vendored		vendored upstream binius-zk/binius64 @ 37e9cd64e82243cde0e79c7d8ac0dc319f1cbeb4 (workspace 0.1.0, edition 2024, Rust 1.97.1, licence Apache-2.0 OR MIT); excluded per the D3 dossier (keep a pinned upstream reference, not the tree); the six local modifications are listed in the copied record source-comparison.json (patch prover_memory.patch)
PQ_CE_QS_v1 (2).29_MLKEM_MLDSA_experiment/continuation_v1.17/binius64-source/crates/examples/examples/keccak.rs	606063ab1899db9cfec139f07c9610cae34b531b42c1a99e5a2ebff4a0eb4a62	244	D3	exclude-vendored		vendored upstream binius-zk/binius64 @ 37e9cd64e82243cde0e79c7d8ac0dc319f1cbeb4 (workspace 0.1.0, edition 2024, Rust 1.97.1, licence Apache-2.0 OR MIT); excluded per the D3 dossier (keep a pinned upstream reference, not the tree); the six local modifications are listed in the copied record source-comparison.json (patch prover_memory.patch)
PQ_CE_QS_v1 (2).29_MLKEM_MLDSA_experiment/continuation_v1.17/binius64-source/crates/examples/examples/sha256.rs	9a32833c298b2de1dbd65f4a583edcdbc533240e45271ccbfe6ac25b523ded60	239	D3	exclude-vendored		vendored upstream binius-zk/binius64 @ 37e9cd64e82243cde0e79c7d8ac0dc319f1cbeb4 (workspace 0.1.0, edition 2024, Rust 1.97.1, licence Apache-2.0 OR MIT); excluded per the D3 dossier (keep a pinned upstream reference, not the tree); the six local modifications are listed in the copied record source-comparison.json (patch prover_memory.patch)
PQ_CE_QS_v1 (2).29_MLKEM_MLDSA_experiment/continuation_v1.17/binius64-source/crates/examples/examples/sha3.rs	ab001c70d5876adf7e4a5a5140dd2a09082f1eee89471b0513a4282164c3c7e2	239	D3	exclude-vendored		vendored upstream binius-zk/binius64 @ 37e9cd64e82243cde0e79c7d8ac0dc319f1cbeb4 (workspace 0.1.0, edition 2024, Rust 1.97.1, licence Apache-2.0 OR MIT); excluded per the D3 dossier (keep a pinned upstream reference, not the tree); the six local modifications are listed in the copied record source-comparison.json (patch prover_memory.patch)
PQ_CE_QS_v1 (2).29_MLKEM_MLDSA_experiment/continuation_v1.17/binius64-source/crates/examples/examples/sha3_512.rs	826a7d2f92c33f84617d9fa17413f825d5a0c9e5793c4230a6a5492de14afa3b	255	D3	exclude-vendored		vendored upstream binius-zk/binius64 @ 37e9cd64e82243cde0e79c7d8ac0dc319f1cbeb4 (workspace 0.1.0, edition 2024, Rust 1.97.1, licence Apache-2.0 OR MIT); excluded per the D3 dossier (keep a pinned upstream reference, not the tree); the six local modifications are listed in the copied record source-comparison.json (patch prover_memory.patch)
PQ_CE_QS_v1 (2).29_MLKEM_MLDSA_experiment/continuation_v1.17/binius64-source/crates/examples/examples/sha512.rs	330931ca19d7512992a3cbcde27c46d9c80414470d5efde86ecd05f151afca74	239	D3	exclude-vendored		vendored upstream binius-zk/binius64 @ 37e9cd64e82243cde0e79c7d8ac0dc319f1cbeb4 (workspace 0.1.0, edition 2024, Rust 1.97.1, licence Apache-2.0 OR MIT); excluded per the D3 dossier (keep a pinned upstream reference, not the tree); the six local modifications are listed in the copied record source-comparison.json (patch prover_memory.patch)
PQ_CE_QS_v1 (2).29_MLKEM_MLDSA_experiment/continuation_v1.17/binius64-source/crates/examples/examples/tutorials/basics_masked_and.rs	678da80956730c0790d7338b651e8bb86d67b3de6258516c8e4635e3736e826e	1287	D3	exclude-vendored		vendored upstream binius-zk/binius64 @ 37e9cd64e82243cde0e79c7d8ac0dc319f1cbeb4 (workspace 0.1.0, edition 2024, Rust 1.97.1, licence Apache-2.0 OR MIT); excluded per the D3 dossier (keep a pinned upstream reference, not the tree); the six local modifications are listed in the copied record source-comparison.json (patch prover_memory.patch)
PQ_CE_QS_v1 (2).29_MLKEM_MLDSA_experiment/continuation_v1.17/binius64-source/crates/examples/examples/tutorials/basics_nondeterministic.rs	a64ce6cf7ae62d3f4d3f25a34d8ed7a43f8e195ae97efa7476c6331fba54f61a	1662	D3	exclude-vendored		vendored upstream binius-zk/binius64 @ 37e9cd64e82243cde0e79c7d8ac0dc319f1cbeb4 (workspace 0.1.0, edition 2024, Rust 1.97.1, licence Apache-2.0 OR MIT); excluded per the D3 dossier (keep a pinned upstream reference, not the tree); the six local modifications are listed in the copied record source-comparison.json (patch prover_memory.patch)
PQ_CE_QS_v1 (2).29_MLKEM_MLDSA_experiment/continuation_v1.17/binius64-source/crates/examples/examples/tutorials/basics_word_semantics.rs	480ec38611d88f32fcfdb286e972b8d6f265548b30aac41431ff4dc7a7c74f21	1677	D3	exclude-vendored		vendored upstream binius-zk/binius64 @ 37e9cd64e82243cde0e79c7d8ac0dc319f1cbeb4 (workspace 0.1.0, edition 2024, Rust 1.97.1, licence Apache-2.0 OR MIT); excluded per the D3 dossier (keep a pinned upstream reference, not the tree); the six local modifications are listed in the copied record source-comparison.json (patch prover_memory.patch)
PQ_CE_QS_v1 (2).29_MLKEM_MLDSA_experiment/continuation_v1.17/binius64-source/crates/examples/examples/tutorials/basics_xor_packing.rs	db01341f472e77515bacc2b046fbc88056cdbb9783f2e46a211de1399841a04c	2668	D3	exclude-vendored		vendored upstream binius-zk/binius64 @ 37e9cd64e82243cde0e79c7d8ac0dc319f1cbeb4 (workspace 0.1.0, edition 2024, Rust 1.97.1, licence Apache-2.0 OR MIT); excluded per the D3 dossier (keep a pinned upstream reference, not the tree); the six local modifications are listed in the copied record source-comparison.json (patch prover_memory.patch)
PQ_CE_QS_v1 (2).29_MLKEM_MLDSA_experiment/continuation_v1.17/binius64-source/crates/examples/examples/tutorials/circuits_control_flow.rs	72001f93ac4e49c06c6fba4ac00782f200349e2581e6db17a0ebf25a17eca18b	7501	D3	exclude-vendored		vendored upstream binius-zk/binius64 @ 37e9cd64e82243cde0e79c7d8ac0dc319f1cbeb4 (workspace 0.1.0, edition 2024, Rust 1.97.1, licence Apache-2.0 OR MIT); excluded per the D3 dossier (keep a pinned upstream reference, not the tree); the six local modifications are listed in the copied record source-comparison.json (patch prover_memory.patch)
PQ_CE_QS_v1 (2).29_MLKEM_MLDSA_experiment/continuation_v1.17/binius64-source/crates/examples/examples/tutorials/circuits_gadgets.rs	8f15859d3af0c9de1ee306c90300f47179d2b884b50627856321e1da2ff0447f	5441	D3	exclude-vendored		vendored upstream binius-zk/binius64 @ 37e9cd64e82243cde0e79c7d8ac0dc319f1cbeb4 (workspace 0.1.0, edition 2024, Rust 1.97.1, licence Apache-2.0 OR MIT); excluded per the D3 dossier (keep a pinned upstream reference, not the tree); the six local modifications are listed in the copied record source-comparison.json (patch prover_memory.patch)
PQ_CE_QS_v1 (2).29_MLKEM_MLDSA_experiment/continuation_v1.17/binius64-source/crates/examples/examples/tutorials/end_to_end_example.rs	4e4e9c59a06c9fdb61570d2e8f4ca551dc741df18dcdc3e6c534ad5b50a68dcb	3001	D3	exclude-vendored		vendored upstream binius-zk/binius64 @ 37e9cd64e82243cde0e79c7d8ac0dc319f1cbeb4 (workspace 0.1.0, edition 2024, Rust 1.97.1, licence Apache-2.0 OR MIT); excluded per the D3 dossier (keep a pinned upstream reference, not the tree); the six local modifications are listed in the copied record source-comparison.json (patch prover_memory.patch)
PQ_CE_QS_v1 (2).29_MLKEM_MLDSA_experiment/continuation_v1.17/binius64-source/crates/examples/examples/zklogin.rs	8a80910194e790d6c7a2747511a209c8393138399a3d01625d1e25cadf8947f7	267	D3	exclude-vendored		vendored upstream binius-zk/binius64 @ 37e9cd64e82243cde0e79c7d8ac0dc319f1cbeb4 (workspace 0.1.0, edition 2024, Rust 1.97.1, licence Apache-2.0 OR MIT); excluded per the D3 dossier (keep a pinned upstream reference, not the tree); the six local modifications are listed in the copied record source-comparison.json (patch prover_memory.patch)
PQ_CE_QS_v1 (2).29_MLKEM_MLDSA_experiment/continuation_v1.17/binius64-source/crates/examples/snapshots/README.md	3c98de0e04057afe58f0d10131ef35d5004f6333ed66f13139827018ef3b098d	1576	D3	exclude-vendored		vendored upstream binius-zk/binius64 @ 37e9cd64e82243cde0e79c7d8ac0dc319f1cbeb4 (workspace 0.1.0, edition 2024, Rust 1.97.1, licence Apache-2.0 OR MIT); excluded per the D3 dossier (keep a pinned upstream reference, not the tree); the six local modifications are listed in the copied record source-comparison.json (patch prover_memory.patch)
PQ_CE_QS_v1 (2).29_MLKEM_MLDSA_experiment/continuation_v1.17/binius64-source/crates/examples/snapshots/bitcoin_headers.snap	b56c53be804322627adf9458eb7fcf97bf580c3f68a2c06bba4c1cfccffb5e88	1014	D3	exclude-vendored		vendored upstream binius-zk/binius64 @ 37e9cd64e82243cde0e79c7d8ac0dc319f1cbeb4 (workspace 0.1.0, edition 2024, Rust 1.97.1, licence Apache-2.0 OR MIT); excluded per the D3 dossier (keep a pinned upstream reference, not the tree); the six local modifications are listed in the copied record source-comparison.json (patch prover_memory.patch)
PQ_CE_QS_v1 (2).29_MLKEM_MLDSA_experiment/continuation_v1.17/binius64-source/crates/examples/snapshots/bitcoin_p2pkh.snap	580e4d2e5438cfbda3367d7ebf99fa49de22ba52d0e10f5cf1948a964da2a5e4	1042	D3	exclude-vendored		vendored upstream binius-zk/binius64 @ 37e9cd64e82243cde0e79c7d8ac0dc319f1cbeb4 (workspace 0.1.0, edition 2024, Rust 1.97.1, licence Apache-2.0 OR MIT); excluded per the D3 dossier (keep a pinned upstream reference, not the tree); the six local modifications are listed in the copied record source-comparison.json (patch prover_memory.patch)
PQ_CE_QS_v1 (2).29_MLKEM_MLDSA_experiment/continuation_v1.17/binius64-source/crates/examples/snapshots/blake2b.snap	981dd8feec03f72a7bee374c1f0190b1c558c86380dc9ad654191c61cee581b6	993	D3	exclude-vendored		vendored upstream binius-zk/binius64 @ 37e9cd64e82243cde0e79c7d8ac0dc319f1cbeb4 (workspace 0.1.0, edition 2024, Rust 1.97.1, licence Apache-2.0 OR MIT); excluded per the D3 dossier (keep a pinned upstream reference, not the tree); the six local modifications are listed in the copied record source-comparison.json (patch prover_memory.patch)
PQ_CE_QS_v1 (2).29_MLKEM_MLDSA_experiment/continuation_v1.17/binius64-source/crates/examples/snapshots/blake2s.snap	2f4f94ce5087e0ec7c3a83e485f7e3874e6e238cacf9b44fb1d21ae776681c70	995	D3	exclude-vendored		vendored upstream binius-zk/binius64 @ 37e9cd64e82243cde0e79c7d8ac0dc319f1cbeb4 (workspace 0.1.0, edition 2024, Rust 1.97.1, licence Apache-2.0 OR MIT); excluded per the D3 dossier (keep a pinned upstream reference, not the tree); the six local modifications are listed in the copied record source-comparison.json (patch prover_memory.patch)
PQ_CE_QS_v1 (2).29_MLKEM_MLDSA_experiment/continuation_v1.17/binius64-source/crates/examples/snapshots/blake3.snap	e3f3ba2aac3875b0e959e087f9039129c4cfb473e10d7e95d52f764df62066ed	988	D3	exclude-vendored		vendored upstream binius-zk/binius64 @ 37e9cd64e82243cde0e79c7d8ac0dc319f1cbeb4 (workspace 0.1.0, edition 2024, Rust 1.97.1, licence Apache-2.0 OR MIT); excluded per the D3 dossier (keep a pinned upstream reference, not the tree); the six local modifications are listed in the copied record source-comparison.json (patch prover_memory.patch)
PQ_CE_QS_v1 (2).29_MLKEM_MLDSA_experiment/continuation_v1.17/binius64-source/crates/examples/snapshots/blake3_compress.snap	32f623d9194891c42a2fa9b3f53885a776404eab23de2048a58effaba3923290	951	D3	exclude-vendored		vendored upstream binius-zk/binius64 @ 37e9cd64e82243cde0e79c7d8ac0dc319f1cbeb4 (workspace 0.1.0, edition 2024, Rust 1.97.1, licence Apache-2.0 OR MIT); excluded per the D3 dossier (keep a pinned upstream reference, not the tree); the six local modifications are listed in the copied record source-comparison.json (patch prover_memory.patch)
PQ_CE_QS_v1 (2).29_MLKEM_MLDSA_experiment/continuation_v1.17/binius64-source/crates/examples/snapshots/ec_msm.snap	3c11888310249c7a9156db75401779b0863f3c1561f2947aa6f861e926e3df7d	1040	D3	exclude-vendored		vendored upstream binius-zk/binius64 @ 37e9cd64e82243cde0e79c7d8ac0dc319f1cbeb4 (workspace 0.1.0, edition 2024, Rust 1.97.1, licence Apache-2.0 OR MIT); excluded per the D3 dossier (keep a pinned upstream reference, not the tree); the six local modifications are listed in the copied record source-comparison.json (patch prover_memory.patch)
PQ_CE_QS_v1 (2).29_MLKEM_MLDSA_experiment/continuation_v1.17/binius64-source/crates/examples/snapshots/ethsign.snap	7e90ff5840a4896b857f9781bd3cd5623839b5048ffedc0d5bcfb1b3f8690db4	1042	D3	exclude-vendored		vendored upstream binius-zk/binius64 @ 37e9cd64e82243cde0e79c7d8ac0dc319f1cbeb4 (workspace 0.1.0, edition 2024, Rust 1.97.1, licence Apache-2.0 OR MIT); excluded per the D3 dossier (keep a pinned upstream reference, not the tree); the six local modifications are listed in the copied record source-comparison.json (patch prover_memory.patch)
PQ_CE_QS_v1 (2).29_MLKEM_MLDSA_experiment/continuation_v1.17/binius64-source/crates/examples/snapshots/hashsign.snap	0a59ca6911d36e82eb80e8d687a60b60e279502e979143893a88ac47cdb72f9b	1030	D3	exclude-vendored		vendored upstream binius-zk/binius64 @ 37e9cd64e82243cde0e79c7d8ac0dc319f1cbeb4 (workspace 0.1.0, edition 2024, Rust 1.97.1, licence Apache-2.0 OR MIT); excluded per the D3 dossier (keep a pinned upstream reference, not the tree); the six local modifications are listed in the copied record source-comparison.json (patch prover_memory.patch)
PQ_CE_QS_v1 (2).29_MLKEM_MLDSA_experiment/continuation_v1.17/binius64-source/crates/examples/snapshots/keccak.snap	beb2f886931492453ff3aa7b9c5de983e795335bf9b861ea3f0717fefc4ee308	987	D3	exclude-vendored		vendored upstream binius-zk/binius64 @ 37e9cd64e82243cde0e79c7d8ac0dc319f1cbeb4 (workspace 0.1.0, edition 2024, Rust 1.97.1, licence Apache-2.0 OR MIT); excluded per the D3 dossier (keep a pinned upstream reference, not the tree); the six local modifications are listed in the copied record source-comparison.json (patch prover_memory.patch)
PQ_CE_QS_v1 (2).29_MLKEM_MLDSA_experiment/continuation_v1.17/binius64-source/crates/examples/snapshots/sha256.snap	86caeb9d6ec411842026694175494ca96efb3a4c59d5df74c90d0d8e0fbf0099	992	D3	exclude-vendored		vendored upstream binius-zk/binius64 @ 37e9cd64e82243cde0e79c7d8ac0dc319f1cbeb4 (workspace 0.1.0, edition 2024, Rust 1.97.1, licence Apache-2.0 OR MIT); excluded per the D3 dossier (keep a pinned upstream reference, not the tree); the six local modifications are listed in the copied record source-comparison.json (patch prover_memory.patch)
PQ_CE_QS_v1 (2).29_MLKEM_MLDSA_experiment/continuation_v1.17/binius64-source/crates/examples/snapshots/sha3.snap	c99a5d7a5ba17a0b3a07d50cdf7d42470b668fb0c97201265c9185b890b2748d	985	D3	exclude-vendored		vendored upstream binius-zk/binius64 @ 37e9cd64e82243cde0e79c7d8ac0dc319f1cbeb4 (workspace 0.1.0, edition 2024, Rust 1.97.1, licence Apache-2.0 OR MIT); excluded per the D3 dossier (keep a pinned upstream reference, not the tree); the six local modifications are listed in the copied record source-comparison.json (patch prover_memory.patch)
PQ_CE_QS_v1 (2).29_MLKEM_MLDSA_experiment/continuation_v1.17/binius64-source/crates/examples/snapshots/sha3_512.snap	bf93f37d39d6e026389810a7f1457422a16c20254a217e4f1eec6016c3b005bb	990	D3	exclude-vendored		vendored upstream binius-zk/binius64 @ 37e9cd64e82243cde0e79c7d8ac0dc319f1cbeb4 (workspace 0.1.0, edition 2024, Rust 1.97.1, licence Apache-2.0 OR MIT); excluded per the D3 dossier (keep a pinned upstream reference, not the tree); the six local modifications are listed in the copied record source-comparison.json (patch prover_memory.patch)
PQ_CE_QS_v1 (2).29_MLKEM_MLDSA_experiment/continuation_v1.17/binius64-source/crates/examples/snapshots/sha512.snap	d6fc20546d0c179534ac98db606709aea214b532e02ea8a61bb2642dc9abcc1a	997	D3	exclude-vendored		vendored upstream binius-zk/binius64 @ 37e9cd64e82243cde0e79c7d8ac0dc319f1cbeb4 (workspace 0.1.0, edition 2024, Rust 1.97.1, licence Apache-2.0 OR MIT); excluded per the D3 dossier (keep a pinned upstream reference, not the tree); the six local modifications are listed in the copied record source-comparison.json (patch prover_memory.patch)
PQ_CE_QS_v1 (2).29_MLKEM_MLDSA_experiment/continuation_v1.17/binius64-source/crates/examples/snapshots/zklogin.snap	fc8894422ccb3a2a4cc1c26f9948dd796d8b6122fe8173b61c9fd360f5788560	1049	D3	exclude-vendored		vendored upstream binius-zk/binius64 @ 37e9cd64e82243cde0e79c7d8ac0dc319f1cbeb4 (workspace 0.1.0, edition 2024, Rust 1.97.1, licence Apache-2.0 OR MIT); excluded per the D3 dossier (keep a pinned upstream reference, not the tree); the six local modifications are listed in the copied record source-comparison.json (patch prover_memory.patch)
PQ_CE_QS_v1 (2).29_MLKEM_MLDSA_experiment/continuation_v1.17/binius64-source/crates/examples/src/bin/prover.rs	a35a1bd916e3be366740892f3d272c310fc3ddda7db9bbe96425c1b9d9b7752b	3649	D3	exclude-vendored		vendored upstream binius-zk/binius64 @ 37e9cd64e82243cde0e79c7d8ac0dc319f1cbeb4 (workspace 0.1.0, edition 2024, Rust 1.97.1, licence Apache-2.0 OR MIT); excluded per the D3 dossier (keep a pinned upstream reference, not the tree); the six local modifications are listed in the copied record source-comparison.json (patch prover_memory.patch)
PQ_CE_QS_v1 (2).29_MLKEM_MLDSA_experiment/continuation_v1.17/binius64-source/crates/examples/src/bin/verifier.rs	8a604d48a7c8e636b1ff9d5a360d89f7124cb4bb5d40a8f11fc91f7c921e14a1	3206	D3	exclude-vendored		vendored upstream binius-zk/binius64 @ 37e9cd64e82243cde0e79c7d8ac0dc319f1cbeb4 (workspace 0.1.0, edition 2024, Rust 1.97.1, licence Apache-2.0 OR MIT); excluded per the D3 dossier (keep a pinned upstream reference, not the tree); the six local modifications are listed in the copied record source-comparison.json (patch prover_memory.patch)
PQ_CE_QS_v1 (2).29_MLKEM_MLDSA_experiment/continuation_v1.17/binius64-source/crates/examples/src/circuits/bip32.rs	ce0d684fdc5ad2ed222b06c811a33a4410de39212dc95fcf958784921a8edc33	17043	D3	exclude-vendored		vendored upstream binius-zk/binius64 @ 37e9cd64e82243cde0e79c7d8ac0dc319f1cbeb4 (workspace 0.1.0, edition 2024, Rust 1.97.1, licence Apache-2.0 OR MIT); excluded per the D3 dossier (keep a pinned upstream reference, not the tree); the six local modifications are listed in the copied record source-comparison.json (patch prover_memory.patch)
PQ_CE_QS_v1 (2).29_MLKEM_MLDSA_experiment/continuation_v1.17/binius64-source/crates/examples/src/circuits/bitcoin_block_contains_transaction.rs	e342ac9fa957f3c1e606d37b566150a964448fc468cd590ae7fff388ca8c039d	4903	D3	exclude-vendored		vendored upstream binius-zk/binius64 @ 37e9cd64e82243cde0e79c7d8ac0dc319f1cbeb4 (workspace 0.1.0, edition 2024, Rust 1.97.1, licence Apache-2.0 OR MIT); excluded per the D3 dossier (keep a pinned upstream reference, not the tree); the six local modifications are listed in the copied record source-comparison.json (patch prover_memory.patch)
PQ_CE_QS_v1 (2).29_MLKEM_MLDSA_experiment/continuation_v1.17/binius64-source/crates/examples/src/circuits/bitcoin_header_chain.rs	0fabb32d3049a2f18c3a60e18e622004c6284ea6368805513c16290c43a9d2e2	3462	D3	exclude-vendored		vendored upstream binius-zk/binius64 @ 37e9cd64e82243cde0e79c7d8ac0dc319f1cbeb4 (workspace 0.1.0, edition 2024, Rust 1.97.1, licence Apache-2.0 OR MIT); excluded per the D3 dossier (keep a pinned upstream reference, not the tree); the six local modifications are listed in the copied record source-comparison.json (patch prover_memory.patch)
PQ_CE_QS_v1 (2).29_MLKEM_MLDSA_experiment/continuation_v1.17/binius64-source/crates/examples/src/circuits/bitcoin_p2pkh.rs	0a63d4fd7de055a570bfb0e0baf75a48496d584c06cd6ce60b8b3158f5b8ac6c	6757	D3	exclude-vendored		vendored upstream binius-zk/binius64 @ 37e9cd64e82243cde0e79c7d8ac0dc319f1cbeb4 (workspace 0.1.0, edition 2024, Rust 1.97.1, licence Apache-2.0 OR MIT); excluded per the D3 dossier (keep a pinned upstream reference, not the tree); the six local modifications are listed in the copied record source-comparison.json (patch prover_memory.patch)
PQ_CE_QS_v1 (2).29_MLKEM_MLDSA_experiment/continuation_v1.17/binius64-source/crates/examples/src/circuits/blake2b.rs	cd9b3b8fc97a005ff7402f06f5825217729d073024cf862ae59706d55f90f541	1815	D3	exclude-vendored		vendored upstream binius-zk/binius64 @ 37e9cd64e82243cde0e79c7d8ac0dc319f1cbeb4 (workspace 0.1.0, edition 2024, Rust 1.97.1, licence Apache-2.0 OR MIT); excluded per the D3 dossier (keep a pinned upstream reference, not the tree); the six local modifications are listed in the copied record source-comparison.json (patch prover_memory.patch)
PQ_CE_QS_v1 (2).29_MLKEM_MLDSA_experiment/continuation_v1.17/binius64-source/crates/examples/src/circuits/blake2s.rs	90b6f37aa93ecd500390c7b447f9985397e892046318cb91e497aa00ce87d1df	1844	D3	exclude-vendored		vendored upstream binius-zk/binius64 @ 37e9cd64e82243cde0e79c7d8ac0dc319f1cbeb4 (workspace 0.1.0, edition 2024, Rust 1.97.1, licence Apache-2.0 OR MIT); excluded per the D3 dossier (keep a pinned upstream reference, not the tree); the six local modifications are listed in the copied record source-comparison.json (patch prover_memory.patch)
PQ_CE_QS_v1 (2).29_MLKEM_MLDSA_experiment/continuation_v1.17/binius64-source/crates/examples/src/circuits/blake3.rs	a657d4d87ed2eb0ef4b6889319528a88a71309e81e0f53702181889ff70ef92f	2509	D3	exclude-vendored		vendored upstream binius-zk/binius64 @ 37e9cd64e82243cde0e79c7d8ac0dc319f1cbeb4 (workspace 0.1.0, edition 2024, Rust 1.97.1, licence Apache-2.0 OR MIT); excluded per the D3 dossier (keep a pinned upstream reference, not the tree); the six local modifications are listed in the copied record source-comparison.json (patch prover_memory.patch)
PQ_CE_QS_v1 (2).29_MLKEM_MLDSA_experiment/continuation_v1.17/binius64-source/crates/examples/src/circuits/blake3_compress.rs	d847fd65b6f38756fb72c638c8a8ca86b50be170f4032460dbfdfd7d3e8f84be	2819	D3	exclude-vendored		vendored upstream binius-zk/binius64 @ 37e9cd64e82243cde0e79c7d8ac0dc319f1cbeb4 (workspace 0.1.0, edition 2024, Rust 1.97.1, licence Apache-2.0 OR MIT); excluded per the D3 dossier (keep a pinned upstream reference, not the tree); the six local modifications are listed in the copied record source-comparison.json (patch prover_memory.patch)
PQ_CE_QS_v1 (2).29_MLKEM_MLDSA_experiment/continuation_v1.17/binius64-source/crates/examples/src/circuits/ec_msm.rs	f8a8f12546ad85e4e53588f14fc21d94887b68963b057c7165ebcf2fc2e2e67f	4878	D3	exclude-vendored		vendored upstream binius-zk/binius64 @ 37e9cd64e82243cde0e79c7d8ac0dc319f1cbeb4 (workspace 0.1.0, edition 2024, Rust 1.97.1, licence Apache-2.0 OR MIT); excluded per the D3 dossier (keep a pinned upstream reference, not the tree); the six local modifications are listed in the copied record source-comparison.json (patch prover_memory.patch)
PQ_CE_QS_v1 (2).29_MLKEM_MLDSA_experiment/continuation_v1.17/binius64-source/crates/examples/src/circuits/ethsign.rs	41eb50bd7de4674cae873430460d7630b69d1bea31af4d2d584e682298f307a5	5739	D3	exclude-vendored		vendored upstream binius-zk/binius64 @ 37e9cd64e82243cde0e79c7d8ac0dc319f1cbeb4 (workspace 0.1.0, edition 2024, Rust 1.97.1, licence Apache-2.0 OR MIT); excluded per the D3 dossier (keep a pinned upstream reference, not the tree); the six local modifications are listed in the copied record source-comparison.json (patch prover_memory.patch)
PQ_CE_QS_v1 (2).29_MLKEM_MLDSA_experiment/continuation_v1.17/binius64-source/crates/examples/src/circuits/hashsign.rs	67f52f486d6dc026b4eb1538a1a7269b7abc2190bb8d394f10dfe3a3d76463b3	2143	D3	exclude-vendored		vendored upstream binius-zk/binius64 @ 37e9cd64e82243cde0e79c7d8ac0dc319f1cbeb4 (workspace 0.1.0, edition 2024, Rust 1.97.1, licence Apache-2.0 OR MIT); excluded per the D3 dossier (keep a pinned upstream reference, not the tree); the six local modifications are listed in the copied record source-comparison.json (patch prover_memory.patch)
PQ_CE_QS_v1 (2).29_MLKEM_MLDSA_experiment/continuation_v1.17/binius64-source/crates/examples/src/circuits/independent_hashes.rs	a4735c973762d456caeafb593f70989843e91411823bd970aadb6683da3b5863	11544	D3	exclude-vendored		vendored upstream binius-zk/binius64 @ 37e9cd64e82243cde0e79c7d8ac0dc319f1cbeb4 (workspace 0.1.0, edition 2024, Rust 1.97.1, licence Apache-2.0 OR MIT); excluded per the D3 dossier (keep a pinned upstream reference, not the tree); the six local modifications are listed in the copied record source-comparison.json (patch prover_memory.patch)
PQ_CE_QS_v1 (2).29_MLKEM_MLDSA_experiment/continuation_v1.17/binius64-source/crates/examples/src/circuits/keccak.rs	403034f274f60177c5547dfa3e07b6036647641ce6e145e133c7a635dfaa5afe	3743	D3	exclude-vendored		vendored upstream binius-zk/binius64 @ 37e9cd64e82243cde0e79c7d8ac0dc319f1cbeb4 (workspace 0.1.0, edition 2024, Rust 1.97.1, licence Apache-2.0 OR MIT); excluded per the D3 dossier (keep a pinned upstream reference, not the tree); the six local modifications are listed in the copied record source-comparison.json (patch prover_memory.patch)
PQ_CE_QS_v1 (2).29_MLKEM_MLDSA_experiment/continuation_v1.17/binius64-source/crates/examples/src/circuits/mod.rs	01b20ea63090a1a30cc27331973433e7409f2753f34d52b81ce54f158af741d0	473	D3	exclude-vendored		vendored upstream binius-zk/binius64 @ 37e9cd64e82243cde0e79c7d8ac0dc319f1cbeb4 (workspace 0.1.0, edition 2024, Rust 1.97.1, licence Apache-2.0 OR MIT); excluded per the D3 dossier (keep a pinned upstream reference, not the tree); the six local modifications are listed in the copied record source-comparison.json (patch prover_memory.patch)
PQ_CE_QS_v1 (2).29_MLKEM_MLDSA_experiment/continuation_v1.17/binius64-source/crates/examples/src/circuits/sha256.rs	865a972ebbd7f1e90a17fc39d67ba0b8075d7ecd80ebf314503eac580b387661	3357	D3	exclude-vendored		vendored upstream binius-zk/binius64 @ 37e9cd64e82243cde0e79c7d8ac0dc319f1cbeb4 (workspace 0.1.0, edition 2024, Rust 1.97.1, licence Apache-2.0 OR MIT); excluded per the D3 dossier (keep a pinned upstream reference, not the tree); the six local modifications are listed in the copied record source-comparison.json (patch prover_memory.patch)
PQ_CE_QS_v1 (2).29_MLKEM_MLDSA_experiment/continuation_v1.17/binius64-source/crates/examples/src/circuits/sha3.rs	edbc2fad3cddd14cd1bc387edc9950a7762ffcf7c5fa3d0cd1bbf0dee1d37aa8	3608	D3	exclude-vendored		vendored upstream binius-zk/binius64 @ 37e9cd64e82243cde0e79c7d8ac0dc319f1cbeb4 (workspace 0.1.0, edition 2024, Rust 1.97.1, licence Apache-2.0 OR MIT); excluded per the D3 dossier (keep a pinned upstream reference, not the tree); the six local modifications are listed in the copied record source-comparison.json (patch prover_memory.patch)
PQ_CE_QS_v1 (2).29_MLKEM_MLDSA_experiment/continuation_v1.17/binius64-source/crates/examples/src/circuits/sha3_512.rs	2fa519b3abd7579bb61a3740663f7cb555e1fc4d611bbb73f81294c3cdf0e412	3640	D3	exclude-vendored		vendored upstream binius-zk/binius64 @ 37e9cd64e82243cde0e79c7d8ac0dc319f1cbeb4 (workspace 0.1.0, edition 2024, Rust 1.97.1, licence Apache-2.0 OR MIT); excluded per the D3 dossier (keep a pinned upstream reference, not the tree); the six local modifications are listed in the copied record source-comparison.json (patch prover_memory.patch)
PQ_CE_QS_v1 (2).29_MLKEM_MLDSA_experiment/continuation_v1.17/binius64-source/crates/examples/src/circuits/sha512.rs	4b6d7080b414328b5ae148081abbdb80e786e2af25ade9df869cec8531207117	3370	D3	exclude-vendored		vendored upstream binius-zk/binius64 @ 37e9cd64e82243cde0e79c7d8ac0dc319f1cbeb4 (workspace 0.1.0, edition 2024, Rust 1.97.1, licence Apache-2.0 OR MIT); excluded per the D3 dossier (keep a pinned upstream reference, not the tree); the six local modifications are listed in the copied record source-comparison.json (patch prover_memory.patch)
PQ_CE_QS_v1 (2).29_MLKEM_MLDSA_experiment/continuation_v1.17/binius64-source/crates/examples/src/circuits/subset_sum.rs	93aba43def8a39962642d2dfc07c046193e4fd6bd4fdcfe0ee531e183605ec01	6130	D3	exclude-vendored		vendored upstream binius-zk/binius64 @ 37e9cd64e82243cde0e79c7d8ac0dc319f1cbeb4 (workspace 0.1.0, edition 2024, Rust 1.97.1, licence Apache-2.0 OR MIT); excluded per the D3 dossier (keep a pinned upstream reference, not the tree); the six local modifications are listed in the copied record source-comparison.json (patch prover_memory.patch)
PQ_CE_QS_v1 (2).29_MLKEM_MLDSA_experiment/continuation_v1.17/binius64-source/crates/examples/src/circuits/utils.rs	d7d7657946dee2990d9b00ea30a6920a2f20f1192dcb03c2c3102be2e27b9785	7482	D3	exclude-vendored		vendored upstream binius-zk/binius64 @ 37e9cd64e82243cde0e79c7d8ac0dc319f1cbeb4 (workspace 0.1.0, edition 2024, Rust 1.97.1, licence Apache-2.0 OR MIT); excluded per the D3 dossier (keep a pinned upstream reference, not the tree); the six local modifications are listed in the copied record source-comparison.json (patch prover_memory.patch)
PQ_CE_QS_v1 (2).29_MLKEM_MLDSA_experiment/continuation_v1.17/binius64-source/crates/examples/src/circuits/zklogin.rs	ef3ea639dddf2d1f37e0bea6b8264b2c4799109fee50ea609673833903828ac4	21922	D3	exclude-vendored		vendored upstream binius-zk/binius64 @ 37e9cd64e82243cde0e79c7d8ac0dc319f1cbeb4 (workspace 0.1.0, edition 2024, Rust 1.97.1, licence Apache-2.0 OR MIT); excluded per the D3 dossier (keep a pinned upstream reference, not the tree); the six local modifications are listed in the copied record source-comparison.json (patch prover_memory.patch)
PQ_CE_QS_v1 (2).29_MLKEM_MLDSA_experiment/continuation_v1.17/binius64-source/crates/examples/src/cli.rs	64a1eba00cb7addff1d118e49437ec7a202c36fccbcef3ef7a9474377693f6c8	32383	D3	exclude-vendored		vendored upstream binius-zk/binius64 @ 37e9cd64e82243cde0e79c7d8ac0dc319f1cbeb4 (workspace 0.1.0, edition 2024, Rust 1.97.1, licence Apache-2.0 OR MIT); excluded per the D3 dossier (keep a pinned upstream reference, not the tree); the six local modifications are listed in the copied record source-comparison.json (patch prover_memory.patch)
PQ_CE_QS_v1 (2).29_MLKEM_MLDSA_experiment/continuation_v1.17/binius64-source/crates/examples/src/lib.rs	eb6567bda37bbf85335c9683ae4d3dd579a782bee2705ade1d9c1f5057a72430	15130	D3	exclude-vendored		vendored upstream binius-zk/binius64 @ 37e9cd64e82243cde0e79c7d8ac0dc319f1cbeb4 (workspace 0.1.0, edition 2024, Rust 1.97.1, licence Apache-2.0 OR MIT); excluded per the D3 dossier (keep a pinned upstream reference, not the tree); the six local modifications are listed in the copied record source-comparison.json (patch prover_memory.patch)
PQ_CE_QS_v1 (2).29_MLKEM_MLDSA_experiment/continuation_v1.17/binius64-source/crates/examples/src/snapshot.rs	98ac9624c3a62af42b0ab90c07e8b0f81a72ed04e3e65b383787ebfc294e0178	3677	D3	exclude-vendored		vendored upstream binius-zk/binius64 @ 37e9cd64e82243cde0e79c7d8ac0dc319f1cbeb4 (workspace 0.1.0, edition 2024, Rust 1.97.1, licence Apache-2.0 OR MIT); excluded per the D3 dossier (keep a pinned upstream reference, not the tree); the six local modifications are listed in the copied record source-comparison.json (patch prover_memory.patch)
PQ_CE_QS_v1 (2).29_MLKEM_MLDSA_experiment/continuation_v1.17/binius64-source/crates/examples/tests/cli_artifacts.rs	6e58446daec84a5b1ec6261863bd19320158d90d9de1f25d4d9582e6cb557dc2	7323	D3	exclude-vendored		vendored upstream binius-zk/binius64 @ 37e9cd64e82243cde0e79c7d8ac0dc319f1cbeb4 (workspace 0.1.0, edition 2024, Rust 1.97.1, licence Apache-2.0 OR MIT); excluded per the D3 dossier (keep a pinned upstream reference, not the tree); the six local modifications are listed in the copied record source-comparison.json (patch prover_memory.patch)
PQ_CE_QS_v1 (2).29_MLKEM_MLDSA_experiment/continuation_v1.17/binius64-source/crates/field/Cargo.toml	87a61961ee12b85e2e8549e6a9668c4d96586930ba948680d7f48fb82be701f1	1622	D3	exclude-vendored		vendored upstream binius-zk/binius64 @ 37e9cd64e82243cde0e79c7d8ac0dc319f1cbeb4 (workspace 0.1.0, edition 2024, Rust 1.97.1, licence Apache-2.0 OR MIT); excluded per the D3 dossier (keep a pinned upstream reference, not the tree); the six local modifications are listed in the copied record source-comparison.json (patch prover_memory.patch)
PQ_CE_QS_v1 (2).29_MLKEM_MLDSA_experiment/continuation_v1.17/binius64-source/crates/field/benches/binary_field.rs	b1b0a292692c1a14c99ae76185e2852d8be3aabed0b95196975178440d65e487	2067	D3	exclude-vendored		vendored upstream binius-zk/binius64 @ 37e9cd64e82243cde0e79c7d8ac0dc319f1cbeb4 (workspace 0.1.0, edition 2024, Rust 1.97.1, licence Apache-2.0 OR MIT); excluded per the D3 dossier (keep a pinned upstream reference, not the tree); the six local modifications are listed in the copied record source-comparison.json (patch prover_memory.patch)
PQ_CE_QS_v1 (2).29_MLKEM_MLDSA_experiment/continuation_v1.17/binius64-source/crates/field/benches/ghash_invert.rs	8487d51c07a010819548af6c5ed3b17f8d10d2e45d6cba3158171e9e7f0deefd	1511	D3	exclude-vendored		vendored upstream binius-zk/binius64 @ 37e9cd64e82243cde0e79c7d8ac0dc319f1cbeb4 (workspace 0.1.0, edition 2024, Rust 1.97.1, licence Apache-2.0 OR MIT); excluded per the D3 dossier (keep a pinned upstream reference, not the tree); the six local modifications are listed in the copied record source-comparison.json (patch prover_memory.patch)
PQ_CE_QS_v1 (2).29_MLKEM_MLDSA_experiment/continuation_v1.17/binius64-source/crates/field/benches/ghash_widening.rs	14f406e090f7fe7fc2a67bae4e216d8e267c0ed53c023838939046c1297d22f6	2040	D3	exclude-vendored		vendored upstream binius-zk/binius64 @ 37e9cd64e82243cde0e79c7d8ac0dc319f1cbeb4 (workspace 0.1.0, edition 2024, Rust 1.97.1, licence Apache-2.0 OR MIT); excluded per the D3 dossier (keep a pinned upstream reference, not the tree); the six local modifications are listed in the copied record source-comparison.json (patch prover_memory.patch)
PQ_CE_QS_v1 (2).29_MLKEM_MLDSA_experiment/continuation_v1.17/binius64-source/crates/field/benches/main_field_binary_ops.rs	91f69373f1bdda99b0c3f76cde1dfe23605377b9a91055d3d4a17d91134cf151	633	D3	exclude-vendored		vendored upstream binius-zk/binius64 @ 37e9cd64e82243cde0e79c7d8ac0dc319f1cbeb4 (workspace 0.1.0, edition 2024, Rust 1.97.1, licence Apache-2.0 OR MIT); excluded per the D3 dossier (keep a pinned upstream reference, not the tree); the six local modifications are listed in the copied record source-comparison.json (patch prover_memory.patch)
PQ_CE_QS_v1 (2).29_MLKEM_MLDSA_experiment/continuation_v1.17/binius64-source/crates/field/benches/main_field_unary_ops.rs	d63863ad64000a0961fa63fb5b866d515a2f57957e7d80e61d8984b36d4e5e23	624	D3	exclude-vendored		vendored upstream binius-zk/binius64 @ 37e9cd64e82243cde0e79c7d8ac0dc319f1cbeb4 (workspace 0.1.0, edition 2024, Rust 1.97.1, licence Apache-2.0 OR MIT); excluded per the D3 dossier (keep a pinned upstream reference, not the tree); the six local modifications are listed in the copied record source-comparison.json (patch prover_memory.patch)
PQ_CE_QS_v1 (2).29_MLKEM_MLDSA_experiment/continuation_v1.17/binius64-source/crates/field/benches/packed_field_element_access.rs	92cb3ec476aed6cd31b33b6b309f3b07fec5bb3ae69e904813c769cf7975c6fc	2154	D3	exclude-vendored		vendored upstream binius-zk/binius64 @ 37e9cd64e82243cde0e79c7d8ac0dc319f1cbeb4 (workspace 0.1.0, edition 2024, Rust 1.97.1, licence Apache-2.0 OR MIT); excluded per the D3 dossier (keep a pinned upstream reference, not the tree); the six local modifications are listed in the copied record source-comparison.json (patch prover_memory.patch)
PQ_CE_QS_v1 (2).29_MLKEM_MLDSA_experiment/continuation_v1.17/binius64-source/crates/field/benches/packed_field_init.rs	959593a857bf310120775120e6e0339e8814fcb2a9a2c5c957b285a2b2b66df0	1495	D3	exclude-vendored		vendored upstream binius-zk/binius64 @ 37e9cd64e82243cde0e79c7d8ac0dc319f1cbeb4 (workspace 0.1.0, edition 2024, Rust 1.97.1, licence Apache-2.0 OR MIT); excluded per the D3 dossier (keep a pinned upstream reference, not the tree); the six local modifications are listed in the copied record source-comparison.json (patch prover_memory.patch)
PQ_CE_QS_v1 (2).29_MLKEM_MLDSA_experiment/continuation_v1.17/binius64-source/crates/field/benches/packed_field_invert.rs	cae7a26e3b5a797dbc47fad58505f80a5b8f58a3b2ec8bfa7cfb0d124b4513ad	611	D3	exclude-vendored		vendored upstream binius-zk/binius64 @ 37e9cd64e82243cde0e79c7d8ac0dc319f1cbeb4 (workspace 0.1.0, edition 2024, Rust 1.97.1, licence Apache-2.0 OR MIT); excluded per the D3 dossier (keep a pinned upstream reference, not the tree); the six local modifications are listed in the copied record source-comparison.json (patch prover_memory.patch)
PQ_CE_QS_v1 (2).29_MLKEM_MLDSA_experiment/continuation_v1.17/binius64-source/crates/field/benches/packed_field_iter.rs	009a8d9a3b64b3a4d774b0f1239dba1ba0c1799f2080a021d0899c9648468d30	1326	D3	exclude-vendored		vendored upstream binius-zk/binius64 @ 37e9cd64e82243cde0e79c7d8ac0dc319f1cbeb4 (workspace 0.1.0, edition 2024, Rust 1.97.1, licence Apache-2.0 OR MIT); excluded per the D3 dossier (keep a pinned upstream reference, not the tree); the six local modifications are listed in the copied record source-comparison.json (patch prover_memory.patch)
PQ_CE_QS_v1 (2).29_MLKEM_MLDSA_experiment/continuation_v1.17/binius64-source/crates/field/benches/packed_field_multiply.rs	ec39b2f911432fb2e69c7099e65996ffdbe0cc4b615e3370023e7f85620ed0a3	776	D3	exclude-vendored		vendored upstream binius-zk/binius64 @ 37e9cd64e82243cde0e79c7d8ac0dc319f1cbeb4 (workspace 0.1.0, edition 2024, Rust 1.97.1, licence Apache-2.0 OR MIT); excluded per the D3 dossier (keep a pinned upstream reference, not the tree); the six local modifications are listed in the copied record source-comparison.json (patch prover_memory.patch)
PQ_CE_QS_v1 (2).29_MLKEM_MLDSA_experiment/continuation_v1.17/binius64-source/crates/field/benches/packed_field_slice_iter.rs	543658efd3ec117ab49890638115ffbc1eb695c66e2d67906392e7987d3677eb	1421	D3	exclude-vendored		vendored upstream binius-zk/binius64 @ 37e9cd64e82243cde0e79c7d8ac0dc319f1cbeb4 (workspace 0.1.0, edition 2024, Rust 1.97.1, licence Apache-2.0 OR MIT); excluded per the D3 dossier (keep a pinned upstream reference, not the tree); the six local modifications are listed in the copied record source-comparison.json (patch prover_memory.patch)
PQ_CE_QS_v1 (2).29_MLKEM_MLDSA_experiment/continuation_v1.17/binius64-source/crates/field/benches/packed_field_spread.rs	8f19ee9d5306165ba5dd39bd4ea52c73c0e073d7a2bf46db98eba7b52d7ddf7a	4824	D3	exclude-vendored		vendored upstream binius-zk/binius64 @ 37e9cd64e82243cde0e79c7d8ac0dc319f1cbeb4 (workspace 0.1.0, edition 2024, Rust 1.97.1, licence Apache-2.0 OR MIT); excluded per the D3 dossier (keep a pinned upstream reference, not the tree); the six local modifications are listed in the copied record source-comparison.json (patch prover_memory.patch)
PQ_CE_QS_v1 (2).29_MLKEM_MLDSA_experiment/continuation_v1.17/binius64-source/crates/field/benches/packed_field_square.rs	b90ddfa4871541d6b2f4753179d29ed1f78d23775e904830f17f5b00d4776a8d	603	D3	exclude-vendored		vendored upstream binius-zk/binius64 @ 37e9cd64e82243cde0e79c7d8ac0dc319f1cbeb4 (workspace 0.1.0, edition 2024, Rust 1.97.1, licence Apache-2.0 OR MIT); excluded per the D3 dossier (keep a pinned upstream reference, not the tree); the six local modifications are listed in the copied record source-comparison.json (patch prover_memory.patch)
PQ_CE_QS_v1 (2).29_MLKEM_MLDSA_experiment/continuation_v1.17/binius64-source/crates/field/benches/packed_field_utils.rs	42eafaeba0516534e92a2cdc70c29d8560bb80a7014124f6179ebff9d370b168	7631	D3	exclude-vendored		vendored upstream binius-zk/binius64 @ 37e9cd64e82243cde0e79c7d8ac0dc319f1cbeb4 (workspace 0.1.0, edition 2024, Rust 1.97.1, licence Apache-2.0 OR MIT); excluded per the D3 dossier (keep a pinned upstream reference, not the tree); the six local modifications are listed in the copied record source-comparison.json (patch prover_memory.patch)
PQ_CE_QS_v1 (2).29_MLKEM_MLDSA_experiment/continuation_v1.17/binius64-source/crates/field/src/arch/aarch64/arithmetic/ghash.rs	d77e9f62c3c7154ca5f1d0a4f4ab0f880d6b136b091c1cfbbe38cb560847a67d	9229	D3	exclude-vendored		vendored upstream binius-zk/binius64 @ 37e9cd64e82243cde0e79c7d8ac0dc319f1cbeb4 (workspace 0.1.0, edition 2024, Rust 1.97.1, licence Apache-2.0 OR MIT); excluded per the D3 dossier (keep a pinned upstream reference, not the tree); the six local modifications are listed in the copied record source-comparison.json (patch prover_memory.patch)
PQ_CE_QS_v1 (2).29_MLKEM_MLDSA_experiment/continuation_v1.17/binius64-source/crates/field/src/arch/aarch64/arithmetic/mod.rs	7b3d31d0a7815972446386ad50054c8c26dc033c879510940c6ab3a439be2a70	56	D3	exclude-vendored		vendored upstream binius-zk/binius64 @ 37e9cd64e82243cde0e79c7d8ac0dc319f1cbeb4 (workspace 0.1.0, edition 2024, Rust 1.97.1, licence Apache-2.0 OR MIT); excluded per the D3 dossier (keep a pinned upstream reference, not the tree); the six local modifications are listed in the copied record source-comparison.json (patch prover_memory.patch)
PQ_CE_QS_v1 (2).29_MLKEM_MLDSA_experiment/continuation_v1.17/binius64-source/crates/field/src/arch/aarch64/m128.rs	f229a8e246a546d491f1e0009fd538598144b91a08d794dc90d894fe68cf0fe0	10287	D3	exclude-vendored		vendored upstream binius-zk/binius64 @ 37e9cd64e82243cde0e79c7d8ac0dc319f1cbeb4 (workspace 0.1.0, edition 2024, Rust 1.97.1, licence Apache-2.0 OR MIT); excluded per the D3 dossier (keep a pinned upstream reference, not the tree); the six local modifications are listed in the copied record source-comparison.json (patch prover_memory.patch)
PQ_CE_QS_v1 (2).29_MLKEM_MLDSA_experiment/continuation_v1.17/binius64-source/crates/field/src/arch/aarch64/mod.rs	4977a91e0e3bbbd06fc9fdf4eb2efff4e6cf9e6794d9cea9ad063e520e29ee66	634	D3	exclude-vendored		vendored upstream binius-zk/binius64 @ 37e9cd64e82243cde0e79c7d8ac0dc319f1cbeb4 (workspace 0.1.0, edition 2024, Rust 1.97.1, licence Apache-2.0 OR MIT); excluded per the D3 dossier (keep a pinned upstream reference, not the tree); the six local modifications are listed in the copied record source-comparison.json (patch prover_memory.patch)
PQ_CE_QS_v1 (2).29_MLKEM_MLDSA_experiment/continuation_v1.17/binius64-source/crates/field/src/arch/aarch64/packed_aes_128.rs	98c97162122bb50826f54b9b7992cc39607b2c01bc93eb3af6966d3274e5e1d5	1835	D3	exclude-vendored		vendored upstream binius-zk/binius64 @ 37e9cd64e82243cde0e79c7d8ac0dc319f1cbeb4 (workspace 0.1.0, edition 2024, Rust 1.97.1, licence Apache-2.0 OR MIT); excluded per the D3 dossier (keep a pinned upstream reference, not the tree); the six local modifications are listed in the copied record source-comparison.json (patch prover_memory.patch)
PQ_CE_QS_v1 (2).29_MLKEM_MLDSA_experiment/continuation_v1.17/binius64-source/crates/field/src/arch/aarch64/packed_ghash_128.rs	3446646eab52c81088700c482a1ec2a3b54ef26030b6cb5a048e0f03858533d0	1049	D3	exclude-vendored		vendored upstream binius-zk/binius64 @ 37e9cd64e82243cde0e79c7d8ac0dc319f1cbeb4 (workspace 0.1.0, edition 2024, Rust 1.97.1, licence Apache-2.0 OR MIT); excluded per the D3 dossier (keep a pinned upstream reference, not the tree); the six local modifications are listed in the copied record source-comparison.json (patch prover_memory.patch)
PQ_CE_QS_v1 (2).29_MLKEM_MLDSA_experiment/continuation_v1.17/binius64-source/crates/field/src/arch/aarch64/simd_arithmetic.rs	a64409c36a7b0bac31c787b294190030f1b640f7e2cba16bee4e50835a05702b	9337	D3	exclude-vendored		vendored upstream binius-zk/binius64 @ 37e9cd64e82243cde0e79c7d8ac0dc319f1cbeb4 (workspace 0.1.0, edition 2024, Rust 1.97.1, licence Apache-2.0 OR MIT); excluded per the D3 dossier (keep a pinned upstream reference, not the tree); the six local modifications are listed in the copied record source-comparison.json (patch prover_memory.patch)
PQ_CE_QS_v1 (2).29_MLKEM_MLDSA_experiment/continuation_v1.17/binius64-source/crates/field/src/arch/arch_optimal.rs	3cd4b597b1e55430009cb9a85dcb4e2d55d9955d3e4edb40a174e99363c1aa8b	839	D3	exclude-vendored		vendored upstream binius-zk/binius64 @ 37e9cd64e82243cde0e79c7d8ac0dc319f1cbeb4 (workspace 0.1.0, edition 2024, Rust 1.97.1, licence Apache-2.0 OR MIT); excluded per the D3 dossier (keep a pinned upstream reference, not the tree); the six local modifications are listed in the copied record source-comparison.json (patch prover_memory.patch)
PQ_CE_QS_v1 (2).29_MLKEM_MLDSA_experiment/continuation_v1.17/binius64-source/crates/field/src/arch/mod.rs	3dad6103ba0e47bb9ed40ee74444613c2220d15a1f2cccd4eba4ca49afa8a1fa	3795	D3	exclude-vendored		vendored upstream binius-zk/binius64 @ 37e9cd64e82243cde0e79c7d8ac0dc319f1cbeb4 (workspace 0.1.0, edition 2024, Rust 1.97.1, licence Apache-2.0 OR MIT); excluded per the D3 dossier (keep a pinned upstream reference, not the tree); the six local modifications are listed in the copied record source-comparison.json (patch prover_memory.patch)
PQ_CE_QS_v1 (2).29_MLKEM_MLDSA_experiment/continuation_v1.17/binius64-source/crates/field/src/arch/portable/arithmetic/ghash.rs	3e77c58258a5ae980e1c2618b111bb09bc356c88f9253d86f6bb10a55245276f	9606	D3	exclude-vendored		vendored upstream binius-zk/binius64 @ 37e9cd64e82243cde0e79c7d8ac0dc319f1cbeb4 (workspace 0.1.0, edition 2024, Rust 1.97.1, licence Apache-2.0 OR MIT); excluded per the D3 dossier (keep a pinned upstream reference, not the tree); the six local modifications are listed in the copied record source-comparison.json (patch prover_memory.patch)
PQ_CE_QS_v1 (2).29_MLKEM_MLDSA_experiment/continuation_v1.17/binius64-source/crates/field/src/arch/portable/arithmetic/ghash_sq.rs	3dda2182a2f31bd4e02804f5c6b2b8e6faab4a7d61de4758a3cf4746b1446c03	2406	D3	exclude-vendored		vendored upstream binius-zk/binius64 @ 37e9cd64e82243cde0e79c7d8ac0dc319f1cbeb4 (workspace 0.1.0, edition 2024, Rust 1.97.1, licence Apache-2.0 OR MIT); excluded per the D3 dossier (keep a pinned upstream reference, not the tree); the six local modifications are listed in the copied record source-comparison.json (patch prover_memory.patch)
PQ_CE_QS_v1 (2).29_MLKEM_MLDSA_experiment/continuation_v1.17/binius64-source/crates/field/src/arch/portable/arithmetic/itoh_tsujii.rs	d526cb67b8ed1d1b4a26fc9a8caecce30a79c9c4843d71ceb1a1f94d48712f2a	8726	D3	exclude-vendored		vendored upstream binius-zk/binius64 @ 37e9cd64e82243cde0e79c7d8ac0dc319f1cbeb4 (workspace 0.1.0, edition 2024, Rust 1.97.1, licence Apache-2.0 OR MIT); excluded per the D3 dossier (keep a pinned upstream reference, not the tree); the six local modifications are listed in the copied record source-comparison.json (patch prover_memory.patch)
PQ_CE_QS_v1 (2).29_MLKEM_MLDSA_experiment/continuation_v1.17/binius64-source/crates/field/src/arch/portable/arithmetic/mod.rs	278fbb592d935cb229ba08b6d1cf328156b9da01a433536b044ae3e38cccdef9	95	D3	exclude-vendored		vendored upstream binius-zk/binius64 @ 37e9cd64e82243cde0e79c7d8ac0dc319f1cbeb4 (workspace 0.1.0, edition 2024, Rust 1.97.1, licence Apache-2.0 OR MIT); excluded per the D3 dossier (keep a pinned upstream reference, not the tree); the six local modifications are listed in the copied record source-comparison.json (patch prover_memory.patch)
PQ_CE_QS_v1 (2).29_MLKEM_MLDSA_experiment/continuation_v1.17/binius64-source/crates/field/src/arch/portable/m128.rs	10f74327805e1739b7ba5566d4ec34670f5398c412c0a26c19e31c0711216d69	5033	D3	exclude-vendored		vendored upstream binius-zk/binius64 @ 37e9cd64e82243cde0e79c7d8ac0dc319f1cbeb4 (workspace 0.1.0, edition 2024, Rust 1.97.1, licence Apache-2.0 OR MIT); excluded per the D3 dossier (keep a pinned upstream reference, not the tree); the six local modifications are listed in the copied record source-comparison.json (patch prover_memory.patch)
PQ_CE_QS_v1 (2).29_MLKEM_MLDSA_experiment/continuation_v1.17/binius64-source/crates/field/src/arch/portable/m256.rs	961bd798a7a86dfba74b0ec08394738b26c882e2c97b9430566e4eb459a23403	680	D3	exclude-vendored		vendored upstream binius-zk/binius64 @ 37e9cd64e82243cde0e79c7d8ac0dc319f1cbeb4 (workspace 0.1.0, edition 2024, Rust 1.97.1, licence Apache-2.0 OR MIT); excluded per the D3 dossier (keep a pinned upstream reference, not the tree); the six local modifications are listed in the copied record source-comparison.json (patch prover_memory.patch)
PQ_CE_QS_v1 (2).29_MLKEM_MLDSA_experiment/continuation_v1.17/binius64-source/crates/field/src/arch/portable/m512.rs	bd3b06a90ebd96285a7823951e103a2943b1ad14ac3b54608c91e7aab2671779	177	D3	exclude-vendored		vendored upstream binius-zk/binius64 @ 37e9cd64e82243cde0e79c7d8ac0dc319f1cbeb4 (workspace 0.1.0, edition 2024, Rust 1.97.1, licence Apache-2.0 OR MIT); excluded per the D3 dossier (keep a pinned upstream reference, not the tree); the six local modifications are listed in the copied record source-comparison.json (patch prover_memory.patch)
PQ_CE_QS_v1 (2).29_MLKEM_MLDSA_experiment/continuation_v1.17/binius64-source/crates/field/src/arch/portable/mod.rs	e4c7de59a2e5e59565e867a98079ea8e0096cccc2015151ac03970c4ff37174d	653	D3	exclude-vendored		vendored upstream binius-zk/binius64 @ 37e9cd64e82243cde0e79c7d8ac0dc319f1cbeb4 (workspace 0.1.0, edition 2024, Rust 1.97.1, licence Apache-2.0 OR MIT); excluded per the D3 dossier (keep a pinned upstream reference, not the tree); the six local modifications are listed in the copied record source-comparison.json (patch prover_memory.patch)
PQ_CE_QS_v1 (2).29_MLKEM_MLDSA_experiment/continuation_v1.17/binius64-source/crates/field/src/arch/portable/packed_aes_128.rs	7154a8ec95c7cec9d91933a46cf27a1b9f045b9752fed16efcccead6f374c59c	397	D3	exclude-vendored		vendored upstream binius-zk/binius64 @ 37e9cd64e82243cde0e79c7d8ac0dc319f1cbeb4 (workspace 0.1.0, edition 2024, Rust 1.97.1, licence Apache-2.0 OR MIT); excluded per the D3 dossier (keep a pinned upstream reference, not the tree); the six local modifications are listed in the copied record source-comparison.json (patch prover_memory.patch)
PQ_CE_QS_v1 (2).29_MLKEM_MLDSA_experiment/continuation_v1.17/binius64-source/crates/field/src/arch/portable/packed_aes_256.rs	c2fc28ffeacc3d83da8a9973f02682e34566dccd3ea5bb81267d113ba7cd1af4	235	D3	exclude-vendored		vendored upstream binius-zk/binius64 @ 37e9cd64e82243cde0e79c7d8ac0dc319f1cbeb4 (workspace 0.1.0, edition 2024, Rust 1.97.1, licence Apache-2.0 OR MIT); excluded per the D3 dossier (keep a pinned upstream reference, not the tree); the six local modifications are listed in the copied record source-comparison.json (patch prover_memory.patch)
PQ_CE_QS_v1 (2).29_MLKEM_MLDSA_experiment/continuation_v1.17/binius64-source/crates/field/src/arch/portable/packed_aes_512.rs	20da648ee0b29909d99fe73382921afae31936a30b8c2543478c7baade261eac	235	D3	exclude-vendored		vendored upstream binius-zk/binius64 @ 37e9cd64e82243cde0e79c7d8ac0dc319f1cbeb4 (workspace 0.1.0, edition 2024, Rust 1.97.1, licence Apache-2.0 OR MIT); excluded per the D3 dossier (keep a pinned upstream reference, not the tree); the six local modifications are listed in the copied record source-comparison.json (patch prover_memory.patch)
PQ_CE_QS_v1 (2).29_MLKEM_MLDSA_experiment/continuation_v1.17/binius64-source/crates/field/src/arch/portable/packed_aes_8.rs	fd7261a4e48fcfb6ffb39f76a1e5c8f159dc9c4ed6d62f67226a4e6dd8c6387f	295	D3	exclude-vendored		vendored upstream binius-zk/binius64 @ 37e9cd64e82243cde0e79c7d8ac0dc319f1cbeb4 (workspace 0.1.0, edition 2024, Rust 1.97.1, licence Apache-2.0 OR MIT); excluded per the D3 dossier (keep a pinned upstream reference, not the tree); the six local modifications are listed in the copied record source-comparison.json (patch prover_memory.patch)
PQ_CE_QS_v1 (2).29_MLKEM_MLDSA_experiment/continuation_v1.17/binius64-source/crates/field/src/arch/portable/packed_arithmetic.rs	c2159e5d5fb79cd6509bd9764c31ed097de024b7d8187e780df15307b8c0ccff	1103	D3	exclude-vendored		vendored upstream binius-zk/binius64 @ 37e9cd64e82243cde0e79c7d8ac0dc319f1cbeb4 (workspace 0.1.0, edition 2024, Rust 1.97.1, licence Apache-2.0 OR MIT); excluded per the D3 dossier (keep a pinned upstream reference, not the tree); the six local modifications are listed in the copied record source-comparison.json (patch prover_memory.patch)
PQ_CE_QS_v1 (2).29_MLKEM_MLDSA_experiment/continuation_v1.17/binius64-source/crates/field/src/arch/portable/packed_ghash_128.rs	6a170fb45fc76e4318dc19aa1dcc6be893818464236e7244d256401d20f73dd6	1484	D3	exclude-vendored		vendored upstream binius-zk/binius64 @ 37e9cd64e82243cde0e79c7d8ac0dc319f1cbeb4 (workspace 0.1.0, edition 2024, Rust 1.97.1, licence Apache-2.0 OR MIT); excluded per the D3 dossier (keep a pinned upstream reference, not the tree); the six local modifications are listed in the copied record source-comparison.json (patch prover_memory.patch)
PQ_CE_QS_v1 (2).29_MLKEM_MLDSA_experiment/continuation_v1.17/binius64-source/crates/field/src/arch/portable/packed_ghash_256.rs	21dccdbf6ab787d087551a0cc001d03ff4a322b1cf14ceaa7250872a3d700b64	721	D3	exclude-vendored		vendored upstream binius-zk/binius64 @ 37e9cd64e82243cde0e79c7d8ac0dc319f1cbeb4 (workspace 0.1.0, edition 2024, Rust 1.97.1, licence Apache-2.0 OR MIT); excluded per the D3 dossier (keep a pinned upstream reference, not the tree); the six local modifications are listed in the copied record source-comparison.json (patch prover_memory.patch)
PQ_CE_QS_v1 (2).29_MLKEM_MLDSA_experiment/continuation_v1.17/binius64-source/crates/field/src/arch/portable/packed_ghash_512.rs	ba78312f357ed863ce9c80ed3ead54d16eb1adddeedac0842ccb6d79026cdb01	722	D3	exclude-vendored		vendored upstream binius-zk/binius64 @ 37e9cd64e82243cde0e79c7d8ac0dc319f1cbeb4 (workspace 0.1.0, edition 2024, Rust 1.97.1, licence Apache-2.0 OR MIT); excluded per the D3 dossier (keep a pinned upstream reference, not the tree); the six local modifications are listed in the copied record source-comparison.json (patch prover_memory.patch)
PQ_CE_QS_v1 (2).29_MLKEM_MLDSA_experiment/continuation_v1.17/binius64-source/crates/field/src/arch/portable/packed_ghash_sq_256.rs	0726b226438a38bf135e435df20699c643e260db93e4df9bcb706b28d81f713c	377	D3	exclude-vendored		vendored upstream binius-zk/binius64 @ 37e9cd64e82243cde0e79c7d8ac0dc319f1cbeb4 (workspace 0.1.0, edition 2024, Rust 1.97.1, licence Apache-2.0 OR MIT); excluded per the D3 dossier (keep a pinned upstream reference, not the tree); the six local modifications are listed in the copied record source-comparison.json (patch prover_memory.patch)
PQ_CE_QS_v1 (2).29_MLKEM_MLDSA_experiment/continuation_v1.17/binius64-source/crates/field/src/arch/portable/packed_macros.rs	0c7b5158f653ca95fc6b9a105cca8a62ea1e7c17528cf151e4d07a2cdc31ff34	1797	D3	exclude-vendored		vendored upstream binius-zk/binius64 @ 37e9cd64e82243cde0e79c7d8ac0dc319f1cbeb4 (workspace 0.1.0, edition 2024, Rust 1.97.1, licence Apache-2.0 OR MIT); excluded per the D3 dossier (keep a pinned upstream reference, not the tree); the six local modifications are listed in the copied record source-comparison.json (patch prover_memory.patch)
PQ_CE_QS_v1 (2).29_MLKEM_MLDSA_experiment/continuation_v1.17/binius64-source/crates/field/src/arch/portable/pairwise_table_arithmetic.rs	902fe13e8b9804b50f97c15e81f5d796e69fa9e0575424de2af1a598efd0cb75	9358	D3	exclude-vendored		vendored upstream binius-zk/binius64 @ 37e9cd64e82243cde0e79c7d8ac0dc319f1cbeb4 (workspace 0.1.0, edition 2024, Rust 1.97.1, licence Apache-2.0 OR MIT); excluded per the D3 dossier (keep a pinned upstream reference, not the tree); the six local modifications are listed in the copied record source-comparison.json (patch prover_memory.patch)
PQ_CE_QS_v1 (2).29_MLKEM_MLDSA_experiment/continuation_v1.17/binius64-source/crates/field/src/arch/portable/reuse_multiply_arithmetic.rs	e98624eee79dea6d9699996d27173ba4dbdd47978415f81d44716a5fdc0402f4	474	D3	exclude-vendored		vendored upstream binius-zk/binius64 @ 37e9cd64e82243cde0e79c7d8ac0dc319f1cbeb4 (workspace 0.1.0, edition 2024, Rust 1.97.1, licence Apache-2.0 OR MIT); excluded per the D3 dossier (keep a pinned upstream reference, not the tree); the six local modifications are listed in the copied record source-comparison.json (patch prover_memory.patch)
PQ_CE_QS_v1 (2).29_MLKEM_MLDSA_experiment/continuation_v1.17/binius64-source/crates/field/src/arch/portable/scaled_arithmetic.rs	43426768c6715fb474e67cce0b43a21606541d19711990c94169021d518ce297	4880	D3	exclude-vendored		vendored upstream binius-zk/binius64 @ 37e9cd64e82243cde0e79c7d8ac0dc319f1cbeb4 (workspace 0.1.0, edition 2024, Rust 1.97.1, licence Apache-2.0 OR MIT); excluded per the D3 dossier (keep a pinned upstream reference, not the tree); the six local modifications are listed in the copied record source-comparison.json (patch prover_memory.patch)
PQ_CE_QS_v1 (2).29_MLKEM_MLDSA_experiment/continuation_v1.17/binius64-source/crates/field/src/arch/portable/univariate_mul_utils_128.rs	283ba62016c21f42e1cfaddc59ad049093ad3dfe653fe945de26522ca2292baa	7016	D3	exclude-vendored		vendored upstream binius-zk/binius64 @ 37e9cd64e82243cde0e79c7d8ac0dc319f1cbeb4 (workspace 0.1.0, edition 2024, Rust 1.97.1, licence Apache-2.0 OR MIT); excluded per the D3 dossier (keep a pinned upstream reference, not the tree); the six local modifications are listed in the copied record source-comparison.json (patch prover_memory.patch)
PQ_CE_QS_v1 (2).29_MLKEM_MLDSA_experiment/continuation_v1.17/binius64-source/crates/field/src/arch/strategies.rs	f6c117471f6caeb988750abed1630cc5a276970694e227796ccdb0e598d977f4	5353	D3	exclude-vendored		vendored upstream binius-zk/binius64 @ 37e9cd64e82243cde0e79c7d8ac0dc319f1cbeb4 (workspace 0.1.0, edition 2024, Rust 1.97.1, licence Apache-2.0 OR MIT); excluded per the D3 dossier (keep a pinned upstream reference, not the tree); the six local modifications are listed in the copied record source-comparison.json (patch prover_memory.patch)
PQ_CE_QS_v1 (2).29_MLKEM_MLDSA_experiment/continuation_v1.17/binius64-source/crates/field/src/arch/wasm32/m128.rs	1b394873116ff7d3426313ab2ea5838d649a6b05bfed203e4c249082faabda87	9028	D3	exclude-vendored		vendored upstream binius-zk/binius64 @ 37e9cd64e82243cde0e79c7d8ac0dc319f1cbeb4 (workspace 0.1.0, edition 2024, Rust 1.97.1, licence Apache-2.0 OR MIT); excluded per the D3 dossier (keep a pinned upstream reference, not the tree); the six local modifications are listed in the copied record source-comparison.json (patch prover_memory.patch)
PQ_CE_QS_v1 (2).29_MLKEM_MLDSA_experiment/continuation_v1.17/binius64-source/crates/field/src/arch/wasm32/mod.rs	ea7ed882055453cfe37b8a254cf8485e1d3c313746cf57f4f2200b84aee56630	276	D3	exclude-vendored		vendored upstream binius-zk/binius64 @ 37e9cd64e82243cde0e79c7d8ac0dc319f1cbeb4 (workspace 0.1.0, edition 2024, Rust 1.97.1, licence Apache-2.0 OR MIT); excluded per the D3 dossier (keep a pinned upstream reference, not the tree); the six local modifications are listed in the copied record source-comparison.json (patch prover_memory.patch)
PQ_CE_QS_v1 (2).29_MLKEM_MLDSA_experiment/continuation_v1.17/binius64-source/crates/field/src/arch/wasm32/packed_ghash_128.rs	45d3762abc61ea366934b4a653a4e5ca50e3fb6eb6c17872a44e0e2646e21ecd	2006	D3	exclude-vendored		vendored upstream binius-zk/binius64 @ 37e9cd64e82243cde0e79c7d8ac0dc319f1cbeb4 (workspace 0.1.0, edition 2024, Rust 1.97.1, licence Apache-2.0 OR MIT); excluded per the D3 dossier (keep a pinned upstream reference, not the tree); the six local modifications are listed in the copied record source-comparison.json (patch prover_memory.patch)
PQ_CE_QS_v1 (2).29_MLKEM_MLDSA_experiment/continuation_v1.17/binius64-source/crates/field/src/arch/x86_64/arithmetic/ghash.rs	e1e29611ac5449b6f9fe53e528c13d2a8a7b9d7c8dace2e86b30b8eabf192154	12331	D3	exclude-vendored		vendored upstream binius-zk/binius64 @ 37e9cd64e82243cde0e79c7d8ac0dc319f1cbeb4 (workspace 0.1.0, edition 2024, Rust 1.97.1, licence Apache-2.0 OR MIT); excluded per the D3 dossier (keep a pinned upstream reference, not the tree); the six local modifications are listed in the copied record source-comparison.json (patch prover_memory.patch)
PQ_CE_QS_v1 (2).29_MLKEM_MLDSA_experiment/continuation_v1.17/binius64-source/crates/field/src/arch/x86_64/arithmetic/ghash_sq.rs	e80a54ecf495d68e6f5ac591bbe700a2bc3453cf32c7af7843c12a15a351bde1	3900	D3	exclude-vendored		vendored upstream binius-zk/binius64 @ 37e9cd64e82243cde0e79c7d8ac0dc319f1cbeb4 (workspace 0.1.0, edition 2024, Rust 1.97.1, licence Apache-2.0 OR MIT); excluded per the D3 dossier (keep a pinned upstream reference, not the tree); the six local modifications are listed in the copied record source-comparison.json (patch prover_memory.patch)
PQ_CE_QS_v1 (2).29_MLKEM_MLDSA_experiment/continuation_v1.17/binius64-source/crates/field/src/arch/x86_64/arithmetic/mod.rs	667d13752d33b7f097c01ccda74e21d709e8b4b26e754b5b2557b0e12fb12c8e	283	D3	exclude-vendored		vendored upstream binius-zk/binius64 @ 37e9cd64e82243cde0e79c7d8ac0dc319f1cbeb4 (workspace 0.1.0, edition 2024, Rust 1.97.1, licence Apache-2.0 OR MIT); excluded per the D3 dossier (keep a pinned upstream reference, not the tree); the six local modifications are listed in the copied record source-comparison.json (patch prover_memory.patch)
PQ_CE_QS_v1 (2).29_MLKEM_MLDSA_experiment/continuation_v1.17/binius64-source/crates/field/src/arch/x86_64/gfni/gfni_arithmetics.rs	6123b52f538b3a776421eddfc875c37f96466994cd88c4bad591a1019324a85f	3153	D3	exclude-vendored		vendored upstream binius-zk/binius64 @ 37e9cd64e82243cde0e79c7d8ac0dc319f1cbeb4 (workspace 0.1.0, edition 2024, Rust 1.97.1, licence Apache-2.0 OR MIT); excluded per the D3 dossier (keep a pinned upstream reference, not the tree); the six local modifications are listed in the copied record source-comparison.json (patch prover_memory.patch)
PQ_CE_QS_v1 (2).29_MLKEM_MLDSA_experiment/continuation_v1.17/binius64-source/crates/field/src/arch/x86_64/gfni/m128.rs	49306567630d9a4ced96ed1db74b52eefb6ef3b89b99b7c0296bb466ae4cc782	443	D3	exclude-vendored		vendored upstream binius-zk/binius64 @ 37e9cd64e82243cde0e79c7d8ac0dc319f1cbeb4 (workspace 0.1.0, edition 2024, Rust 1.97.1, licence Apache-2.0 OR MIT); excluded per the D3 dossier (keep a pinned upstream reference, not the tree); the six local modifications are listed in the copied record source-comparison.json (patch prover_memory.patch)
PQ_CE_QS_v1 (2).29_MLKEM_MLDSA_experiment/continuation_v1.17/binius64-source/crates/field/src/arch/x86_64/gfni/m256.rs	ff6b8b97f83064241edced97ead7b549ab14499888aefdd9fc4c63119f510ede	449	D3	exclude-vendored		vendored upstream binius-zk/binius64 @ 37e9cd64e82243cde0e79c7d8ac0dc319f1cbeb4 (workspace 0.1.0, edition 2024, Rust 1.97.1, licence Apache-2.0 OR MIT); excluded per the D3 dossier (keep a pinned upstream reference, not the tree); the six local modifications are listed in the copied record source-comparison.json (patch prover_memory.patch)
PQ_CE_QS_v1 (2).29_MLKEM_MLDSA_experiment/continuation_v1.17/binius64-source/crates/field/src/arch/x86_64/gfni/m512.rs	865f0ddab94657a92df9e060f254da229911b38299e1adf03aa5e6a3f1ef10b8	449	D3	exclude-vendored		vendored upstream binius-zk/binius64 @ 37e9cd64e82243cde0e79c7d8ac0dc319f1cbeb4 (workspace 0.1.0, edition 2024, Rust 1.97.1, licence Apache-2.0 OR MIT); excluded per the D3 dossier (keep a pinned upstream reference, not the tree); the six local modifications are listed in the copied record source-comparison.json (patch prover_memory.patch)
PQ_CE_QS_v1 (2).29_MLKEM_MLDSA_experiment/continuation_v1.17/binius64-source/crates/field/src/arch/x86_64/gfni/mod.rs	b236f0786558ad9c3353c14717986894aae6e869646f5fa517c78bd071be7caf	197	D3	exclude-vendored		vendored upstream binius-zk/binius64 @ 37e9cd64e82243cde0e79c7d8ac0dc319f1cbeb4 (workspace 0.1.0, edition 2024, Rust 1.97.1, licence Apache-2.0 OR MIT); excluded per the D3 dossier (keep a pinned upstream reference, not the tree); the six local modifications are listed in the copied record source-comparison.json (patch prover_memory.patch)
PQ_CE_QS_v1 (2).29_MLKEM_MLDSA_experiment/continuation_v1.17/binius64-source/crates/field/src/arch/x86_64/m128.rs	c3cb9c8cc9f485b15e1250baa32c9fd0469e5f344382b23fc04e51446ed12d69	12937	D3	exclude-vendored		vendored upstream binius-zk/binius64 @ 37e9cd64e82243cde0e79c7d8ac0dc319f1cbeb4 (workspace 0.1.0, edition 2024, Rust 1.97.1, licence Apache-2.0 OR MIT); excluded per the D3 dossier (keep a pinned upstream reference, not the tree); the six local modifications are listed in the copied record source-comparison.json (patch prover_memory.patch)
PQ_CE_QS_v1 (2).29_MLKEM_MLDSA_experiment/continuation_v1.17/binius64-source/crates/field/src/arch/x86_64/m256.rs	b1ca1ce682587b5dd213c3beee81c2c8b47e66b0ec3dff9295a5c2bf254508ae	17550	D3	exclude-vendored		vendored upstream binius-zk/binius64 @ 37e9cd64e82243cde0e79c7d8ac0dc319f1cbeb4 (workspace 0.1.0, edition 2024, Rust 1.97.1, licence Apache-2.0 OR MIT); excluded per the D3 dossier (keep a pinned upstream reference, not the tree); the six local modifications are listed in the copied record source-comparison.json (patch prover_memory.patch)
PQ_CE_QS_v1 (2).29_MLKEM_MLDSA_experiment/continuation_v1.17/binius64-source/crates/field/src/arch/x86_64/m512.rs	bcb549180e3aa7ef5866fb5ad5b6e88ea3770290b801c2d068c9da27589293c7	19704	D3	exclude-vendored		vendored upstream binius-zk/binius64 @ 37e9cd64e82243cde0e79c7d8ac0dc319f1cbeb4 (workspace 0.1.0, edition 2024, Rust 1.97.1, licence Apache-2.0 OR MIT); excluded per the D3 dossier (keep a pinned upstream reference, not the tree); the six local modifications are listed in the copied record source-comparison.json (patch prover_memory.patch)
PQ_CE_QS_v1 (2).29_MLKEM_MLDSA_experiment/continuation_v1.17/binius64-source/crates/field/src/arch/x86_64/mod.rs	89007c8065c124c9424a5babc80841a50f525940b98a582e08402e3a89dbb322	1034	D3	exclude-vendored		vendored upstream binius-zk/binius64 @ 37e9cd64e82243cde0e79c7d8ac0dc319f1cbeb4 (workspace 0.1.0, edition 2024, Rust 1.97.1, licence Apache-2.0 OR MIT); excluded per the D3 dossier (keep a pinned upstream reference, not the tree); the six local modifications are listed in the copied record source-comparison.json (patch prover_memory.patch)
PQ_CE_QS_v1 (2).29_MLKEM_MLDSA_experiment/continuation_v1.17/binius64-source/crates/field/src/arch/x86_64/packed_aes_128.rs	eee62e5502f63c3ddd0a23ad9209ce66cfc6efc5aa58b36d329d79e6cc85c4df	683	D3	exclude-vendored		vendored upstream binius-zk/binius64 @ 37e9cd64e82243cde0e79c7d8ac0dc319f1cbeb4 (workspace 0.1.0, edition 2024, Rust 1.97.1, licence Apache-2.0 OR MIT); excluded per the D3 dossier (keep a pinned upstream reference, not the tree); the six local modifications are listed in the copied record source-comparison.json (patch prover_memory.patch)
PQ_CE_QS_v1 (2).29_MLKEM_MLDSA_experiment/continuation_v1.17/binius64-source/crates/field/src/arch/x86_64/packed_aes_256.rs	ddd2a8e46176d54354e858fe17f3c4f42231227e4feeed7e15abdaf4343de0f1	683	D3	exclude-vendored		vendored upstream binius-zk/binius64 @ 37e9cd64e82243cde0e79c7d8ac0dc319f1cbeb4 (workspace 0.1.0, edition 2024, Rust 1.97.1, licence Apache-2.0 OR MIT); excluded per the D3 dossier (keep a pinned upstream reference, not the tree); the six local modifications are listed in the copied record source-comparison.json (patch prover_memory.patch)
PQ_CE_QS_v1 (2).29_MLKEM_MLDSA_experiment/continuation_v1.17/binius64-source/crates/field/src/arch/x86_64/packed_aes_512.rs	66c795fb2a07d3caac207609b8083c7dba2bc720a1d09120762ba70dedb535b1	683	D3	exclude-vendored		vendored upstream binius-zk/binius64 @ 37e9cd64e82243cde0e79c7d8ac0dc319f1cbeb4 (workspace 0.1.0, edition 2024, Rust 1.97.1, licence Apache-2.0 OR MIT); excluded per the D3 dossier (keep a pinned upstream reference, not the tree); the six local modifications are listed in the copied record source-comparison.json (patch prover_memory.patch)
PQ_CE_QS_v1 (2).29_MLKEM_MLDSA_experiment/continuation_v1.17/binius64-source/crates/field/src/arch/x86_64/packed_ghash_128.rs	d761a20e596580300d88a9b0a2f950755f12e59451f8bdd4f2f625f1c87ea3f9	3855	D3	exclude-vendored		vendored upstream binius-zk/binius64 @ 37e9cd64e82243cde0e79c7d8ac0dc319f1cbeb4 (workspace 0.1.0, edition 2024, Rust 1.97.1, licence Apache-2.0 OR MIT); excluded per the D3 dossier (keep a pinned upstream reference, not the tree); the six local modifications are listed in the copied record source-comparison.json (patch prover_memory.patch)
PQ_CE_QS_v1 (2).29_MLKEM_MLDSA_experiment/continuation_v1.17/binius64-source/crates/field/src/arch/x86_64/packed_ghash_256.rs	886efe80c78ade67694c9ac8b5b6591298ec2a4b87bd529d553be0f92266c333	3326	D3	exclude-vendored		vendored upstream binius-zk/binius64 @ 37e9cd64e82243cde0e79c7d8ac0dc319f1cbeb4 (workspace 0.1.0, edition 2024, Rust 1.97.1, licence Apache-2.0 OR MIT); excluded per the D3 dossier (keep a pinned upstream reference, not the tree); the six local modifications are listed in the copied record source-comparison.json (patch prover_memory.patch)
PQ_CE_QS_v1 (2).29_MLKEM_MLDSA_experiment/continuation_v1.17/binius64-source/crates/field/src/arch/x86_64/packed_ghash_512.rs	e2929ecb202cd04167292aa44fda6ea0d596f3475349921cf84cf6c45feafb7a	3724	D3	exclude-vendored		vendored upstream binius-zk/binius64 @ 37e9cd64e82243cde0e79c7d8ac0dc319f1cbeb4 (workspace 0.1.0, edition 2024, Rust 1.97.1, licence Apache-2.0 OR MIT); excluded per the D3 dossier (keep a pinned upstream reference, not the tree); the six local modifications are listed in the copied record source-comparison.json (patch prover_memory.patch)
PQ_CE_QS_v1 (2).29_MLKEM_MLDSA_experiment/continuation_v1.17/binius64-source/crates/field/src/arch/x86_64/packed_ghash_sq_256.rs	e5996d8dc1ac817c2d07b53b7b7751419396e31c2511b1d2fedfa2c08827ea8b	947	D3	exclude-vendored		vendored upstream binius-zk/binius64 @ 37e9cd64e82243cde0e79c7d8ac0dc319f1cbeb4 (workspace 0.1.0, edition 2024, Rust 1.97.1, licence Apache-2.0 OR MIT); excluded per the D3 dossier (keep a pinned upstream reference, not the tree); the six local modifications are listed in the copied record source-comparison.json (patch prover_memory.patch)
PQ_CE_QS_v1 (2).29_MLKEM_MLDSA_experiment/continuation_v1.17/binius64-source/crates/field/src/arithmetic_traits.rs	882995de594631bea7c347a10a6f8065a2f6dcc1b6daeea1c8980f7a90a5684e	4069	D3	exclude-vendored		vendored upstream binius-zk/binius64 @ 37e9cd64e82243cde0e79c7d8ac0dc319f1cbeb4 (workspace 0.1.0, edition 2024, Rust 1.97.1, licence Apache-2.0 OR MIT); excluded per the D3 dossier (keep a pinned upstream reference, not the tree); the six local modifications are listed in the copied record source-comparison.json (patch prover_memory.patch)
PQ_CE_QS_v1 (2).29_MLKEM_MLDSA_experiment/continuation_v1.17/binius64-source/crates/field/src/binary_field.rs	4907b827c90b585f110186524cdb5442e37e6b5f0ded79544a1c5f343c189390	24075	D3	exclude-vendored		vendored upstream binius-zk/binius64 @ 37e9cd64e82243cde0e79c7d8ac0dc319f1cbeb4 (workspace 0.1.0, edition 2024, Rust 1.97.1, licence Apache-2.0 OR MIT); excluded per the D3 dossier (keep a pinned upstream reference, not the tree); the six local modifications are listed in the copied record source-comparison.json (patch prover_memory.patch)
PQ_CE_QS_v1 (2).29_MLKEM_MLDSA_experiment/continuation_v1.17/binius64-source/crates/field/src/divisible.rs	242e772f997a08c5bf8b9fea8e68098cac6a76e170cc294e6d5ab607b5e05ad9	22355	D3	exclude-vendored		vendored upstream binius-zk/binius64 @ 37e9cd64e82243cde0e79c7d8ac0dc319f1cbeb4 (workspace 0.1.0, edition 2024, Rust 1.97.1, licence Apache-2.0 OR MIT); excluded per the D3 dossier (keep a pinned upstream reference, not the tree); the six local modifications are listed in the copied record source-comparison.json (patch prover_memory.patch)
PQ_CE_QS_v1 (2).29_MLKEM_MLDSA_experiment/continuation_v1.17/binius64-source/crates/field/src/field.rs	9d88ecb1dbbbc9868460e9f537668abcd0ba489c61cedad262029965145f828e	7047	D3	exclude-vendored		vendored upstream binius-zk/binius64 @ 37e9cd64e82243cde0e79c7d8ac0dc319f1cbeb4 (workspace 0.1.0, edition 2024, Rust 1.97.1, licence Apache-2.0 OR MIT); excluded per the D3 dossier (keep a pinned upstream reference, not the tree); the six local modifications are listed in the copied record source-comparison.json (patch prover_memory.patch)
PQ_CE_QS_v1 (2).29_MLKEM_MLDSA_experiment/continuation_v1.17/binius64-source/crates/field/src/fields/ghash.rs	4d34ea7ec1d705c2f2855f299e67bb46dd81e0508b33118e66d5fbfcd98d894a	17652	D3	exclude-vendored		vendored upstream binius-zk/binius64 @ 37e9cd64e82243cde0e79c7d8ac0dc319f1cbeb4 (workspace 0.1.0, edition 2024, Rust 1.97.1, licence Apache-2.0 OR MIT); excluded per the D3 dossier (keep a pinned upstream reference, not the tree); the six local modifications are listed in the copied record source-comparison.json (patch prover_memory.patch)
PQ_CE_QS_v1 (2).29_MLKEM_MLDSA_experiment/continuation_v1.17/binius64-source/crates/field/src/fields/ghash_sq.rs	6a82e4c19f79d7b24df42022b4ff446cbf4c2cce8d17ddece7ad5322a3276e31	10792	D3	exclude-vendored		vendored upstream binius-zk/binius64 @ 37e9cd64e82243cde0e79c7d8ac0dc319f1cbeb4 (workspace 0.1.0, edition 2024, Rust 1.97.1, licence Apache-2.0 OR MIT); excluded per the D3 dossier (keep a pinned upstream reference, not the tree); the six local modifications are listed in the copied record source-comparison.json (patch prover_memory.patch)
PQ_CE_QS_v1 (2).29_MLKEM_MLDSA_experiment/continuation_v1.17/binius64-source/crates/field/src/fields/mod.rs	629db37c594a13a66dd6c1142128e274374aa355b573b30859381e02c62ad5cb	92	D3	exclude-vendored		vendored upstream binius-zk/binius64 @ 37e9cd64e82243cde0e79c7d8ac0dc319f1cbeb4 (workspace 0.1.0, edition 2024, Rust 1.97.1, licence Apache-2.0 OR MIT); excluded per the D3 dossier (keep a pinned upstream reference, not the tree); the six local modifications are listed in the copied record source-comparison.json (patch prover_memory.patch)
PQ_CE_QS_v1 (2).29_MLKEM_MLDSA_experiment/continuation_v1.17/binius64-source/crates/field/src/fields/rijndael.rs	0460c49953fd87652cf791f5efdd01218e414a0d0d0d8e1724e8d7d212654154	3371	D3	exclude-vendored		vendored upstream binius-zk/binius64 @ 37e9cd64e82243cde0e79c7d8ac0dc319f1cbeb4 (workspace 0.1.0, edition 2024, Rust 1.97.1, licence Apache-2.0 OR MIT); excluded per the D3 dossier (keep a pinned upstream reference, not the tree); the six local modifications are listed in the copied record source-comparison.json (patch prover_memory.patch)
PQ_CE_QS_v1 (2).29_MLKEM_MLDSA_experiment/continuation_v1.17/binius64-source/crates/field/src/lib.rs	9d6e34a44c5b87a07b0ad39dfbd29b83e5772af3619dd3de2d71223ba578bf2a	1336	D3	exclude-vendored		vendored upstream binius-zk/binius64 @ 37e9cd64e82243cde0e79c7d8ac0dc319f1cbeb4 (workspace 0.1.0, edition 2024, Rust 1.97.1, licence Apache-2.0 OR MIT); excluded per the D3 dossier (keep a pinned upstream reference, not the tree); the six local modifications are listed in the copied record source-comparison.json (patch prover_memory.patch)
PQ_CE_QS_v1 (2).29_MLKEM_MLDSA_experiment/continuation_v1.17/binius64-source/crates/field/src/linear_transformation.rs	1789685f3afd0745c4924b753fc0ddd0ab44189bcc6014af74f7e4eb4af491d8	6317	D3	exclude-vendored		vendored upstream binius-zk/binius64 @ 37e9cd64e82243cde0e79c7d8ac0dc319f1cbeb4 (workspace 0.1.0, edition 2024, Rust 1.97.1, licence Apache-2.0 OR MIT); excluded per the D3 dossier (keep a pinned upstream reference, not the tree); the six local modifications are listed in the copied record source-comparison.json (patch prover_memory.patch)
PQ_CE_QS_v1 (2).29_MLKEM_MLDSA_experiment/continuation_v1.17/binius64-source/crates/field/src/maskable.rs	56c55dbc9be16f52343c709a9404f1edb9104fbc218327d4f50688c4379793c5	2056	D3	exclude-vendored		vendored upstream binius-zk/binius64 @ 37e9cd64e82243cde0e79c7d8ac0dc319f1cbeb4 (workspace 0.1.0, edition 2024, Rust 1.97.1, licence Apache-2.0 OR MIT); excluded per the D3 dossier (keep a pinned upstream reference, not the tree); the six local modifications are listed in the copied record source-comparison.json (patch prover_memory.patch)
PQ_CE_QS_v1 (2).29_MLKEM_MLDSA_experiment/continuation_v1.17/binius64-source/crates/field/src/packed.rs	dc4cd81867a7fc9db3eed1ed33858827db620ed22635fddc495b3983480ef5c7	13254	D3	exclude-vendored		vendored upstream binius-zk/binius64 @ 37e9cd64e82243cde0e79c7d8ac0dc319f1cbeb4 (workspace 0.1.0, edition 2024, Rust 1.97.1, licence Apache-2.0 OR MIT); excluded per the D3 dossier (keep a pinned upstream reference, not the tree); the six local modifications are listed in the copied record source-comparison.json (patch prover_memory.patch)
PQ_CE_QS_v1 (2).29_MLKEM_MLDSA_experiment/continuation_v1.17/binius64-source/crates/field/src/packed_extension.rs	703d64dece61af626ed6639cf3855536072b78a808be9b627868ef6ca5d02dfb	2704	D3	exclude-vendored		vendored upstream binius-zk/binius64 @ 37e9cd64e82243cde0e79c7d8ac0dc319f1cbeb4 (workspace 0.1.0, edition 2024, Rust 1.97.1, licence Apache-2.0 OR MIT); excluded per the D3 dossier (keep a pinned upstream reference, not the tree); the six local modifications are listed in the copied record source-comparison.json (patch prover_memory.patch)
PQ_CE_QS_v1 (2).29_MLKEM_MLDSA_experiment/continuation_v1.17/binius64-source/crates/field/src/packed_fields/ghash.rs	68d07e57b1c029525204f944a4a9d8d8af2e090979a777e0fe847f83c04030d9	4023	D3	exclude-vendored		vendored upstream binius-zk/binius64 @ 37e9cd64e82243cde0e79c7d8ac0dc319f1cbeb4 (workspace 0.1.0, edition 2024, Rust 1.97.1, licence Apache-2.0 OR MIT); excluded per the D3 dossier (keep a pinned upstream reference, not the tree); the six local modifications are listed in the copied record source-comparison.json (patch prover_memory.patch)
PQ_CE_QS_v1 (2).29_MLKEM_MLDSA_experiment/continuation_v1.17/binius64-source/crates/field/src/packed_fields/ghash_sq.rs	8d0aef17712dd3f3dec6b86e1ab41a232e6ae45037a1b4fcbce7c1f747253610	15966	D3	exclude-vendored		vendored upstream binius-zk/binius64 @ 37e9cd64e82243cde0e79c7d8ac0dc319f1cbeb4 (workspace 0.1.0, edition 2024, Rust 1.97.1, licence Apache-2.0 OR MIT); excluded per the D3 dossier (keep a pinned upstream reference, not the tree); the six local modifications are listed in the copied record source-comparison.json (patch prover_memory.patch)
PQ_CE_QS_v1 (2).29_MLKEM_MLDSA_experiment/continuation_v1.17/binius64-source/crates/field/src/packed_fields/mod.rs	c0536f9fa44da91d1174dbb8a42ab894df2d5f2705cec3a81b6cd85da3b0d471	18428	D3	exclude-vendored		vendored upstream binius-zk/binius64 @ 37e9cd64e82243cde0e79c7d8ac0dc319f1cbeb4 (workspace 0.1.0, edition 2024, Rust 1.97.1, licence Apache-2.0 OR MIT); excluded per the D3 dossier (keep a pinned upstream reference, not the tree); the six local modifications are listed in the copied record source-comparison.json (patch prover_memory.patch)
PQ_CE_QS_v1 (2).29_MLKEM_MLDSA_experiment/continuation_v1.17/binius64-source/crates/field/src/packed_fields/primitive.rs	b136654b5d66e146dceddba51cdc3a5c9a5dea80878ab1e3012764df0b759efe	15324	D3	exclude-vendored		vendored upstream binius-zk/binius64 @ 37e9cd64e82243cde0e79c7d8ac0dc319f1cbeb4 (workspace 0.1.0, edition 2024, Rust 1.97.1, licence Apache-2.0 OR MIT); excluded per the D3 dossier (keep a pinned upstream reference, not the tree); the six local modifications are listed in the copied record source-comparison.json (patch prover_memory.patch)
PQ_CE_QS_v1 (2).29_MLKEM_MLDSA_experiment/continuation_v1.17/binius64-source/crates/field/src/packed_fields/rijndael.rs	2e6c65f37d430052191d9512b321eb1483ba450f79a68c7ebadfa97b7f561cc8	2193	D3	exclude-vendored		vendored upstream binius-zk/binius64 @ 37e9cd64e82243cde0e79c7d8ac0dc319f1cbeb4 (workspace 0.1.0, edition 2024, Rust 1.97.1, licence Apache-2.0 OR MIT); excluded per the D3 dossier (keep a pinned upstream reference, not the tree); the six local modifications are listed in the copied record source-comparison.json (patch prover_memory.patch)
PQ_CE_QS_v1 (2).29_MLKEM_MLDSA_experiment/continuation_v1.17/binius64-source/crates/field/src/packed_fields/sliced.rs	26162f2b1964c9558ed7e70b2f75341968d221c249c7ec6047061ddaf96931e4	16940	D3	exclude-vendored		vendored upstream binius-zk/binius64 @ 37e9cd64e82243cde0e79c7d8ac0dc319f1cbeb4 (workspace 0.1.0, edition 2024, Rust 1.97.1, licence Apache-2.0 OR MIT); excluded per the D3 dossier (keep a pinned upstream reference, not the tree); the six local modifications are listed in the copied record source-comparison.json (patch prover_memory.patch)
PQ_CE_QS_v1 (2).29_MLKEM_MLDSA_experiment/continuation_v1.17/binius64-source/crates/field/src/random.rs	2f3c337643b3c16a1c471cd4f0f6d29e41e5db4e5a0b273522e3af8a9e1b82b4	374	D3	exclude-vendored		vendored upstream binius-zk/binius64 @ 37e9cd64e82243cde0e79c7d8ac0dc319f1cbeb4 (workspace 0.1.0, edition 2024, Rust 1.97.1, licence Apache-2.0 OR MIT); excluded per the D3 dossier (keep a pinned upstream reference, not the tree); the six local modifications are listed in the copied record source-comparison.json (patch prover_memory.patch)
PQ_CE_QS_v1 (2).29_MLKEM_MLDSA_experiment/continuation_v1.17/binius64-source/crates/field/src/tests.rs	4d170595207763612724931c2a85606d3cbef23b1d54ecf58f5e6737f585cd5f	6081	D3	exclude-vendored		vendored upstream binius-zk/binius64 @ 37e9cd64e82243cde0e79c7d8ac0dc319f1cbeb4 (workspace 0.1.0, edition 2024, Rust 1.97.1, licence Apache-2.0 OR MIT); excluded per the D3 dossier (keep a pinned upstream reference, not the tree); the six local modifications are listed in the copied record source-comparison.json (patch prover_memory.patch)
PQ_CE_QS_v1 (2).29_MLKEM_MLDSA_experiment/continuation_v1.17/binius64-source/crates/field/src/transpose.rs	35d3edc377f34d9b37aeeb909cf38fea2351bd9e2dbaada8f1870ec827b73764	10793	D3	exclude-vendored		vendored upstream binius-zk/binius64 @ 37e9cd64e82243cde0e79c7d8ac0dc319f1cbeb4 (workspace 0.1.0, edition 2024, Rust 1.97.1, licence Apache-2.0 OR MIT); excluded per the D3 dossier (keep a pinned upstream reference, not the tree); the six local modifications are listed in the copied record source-comparison.json (patch prover_memory.patch)
PQ_CE_QS_v1 (2).29_MLKEM_MLDSA_experiment/continuation_v1.17/binius64-source/crates/field/src/underlier/mod.rs	1c3c54ca7e0a28c68b8861e32f8eebb3cda8aef7bf602895812065d0ad68b62f	218	D3	exclude-vendored		vendored upstream binius-zk/binius64 @ 37e9cd64e82243cde0e79c7d8ac0dc319f1cbeb4 (workspace 0.1.0, edition 2024, Rust 1.97.1, licence Apache-2.0 OR MIT); excluded per the D3 dossier (keep a pinned upstream reference, not the tree); the six local modifications are listed in the copied record source-comparison.json (patch prover_memory.patch)
PQ_CE_QS_v1 (2).29_MLKEM_MLDSA_experiment/continuation_v1.17/binius64-source/crates/field/src/underlier/scaled.rs	c6941cfd86e9a4fb04012fe3bce5fdbbbef652d45cfef4b236bf44e930e3dc58	9154	D3	exclude-vendored		vendored upstream binius-zk/binius64 @ 37e9cd64e82243cde0e79c7d8ac0dc319f1cbeb4 (workspace 0.1.0, edition 2024, Rust 1.97.1, licence Apache-2.0 OR MIT); excluded per the D3 dossier (keep a pinned upstream reference, not the tree); the six local modifications are listed in the copied record source-comparison.json (patch prover_memory.patch)
PQ_CE_QS_v1 (2).29_MLKEM_MLDSA_experiment/continuation_v1.17/binius64-source/crates/field/src/underlier/small_uint.rs	b5a933a490c0e3d48a96db8ed2a36835683e86a30134d0c9ec9648d67047c561	24464	D3	exclude-vendored		vendored upstream binius-zk/binius64 @ 37e9cd64e82243cde0e79c7d8ac0dc319f1cbeb4 (workspace 0.1.0, edition 2024, Rust 1.97.1, licence Apache-2.0 OR MIT); excluded per the D3 dossier (keep a pinned upstream reference, not the tree); the six local modifications are listed in the copied record source-comparison.json (patch prover_memory.patch)
PQ_CE_QS_v1 (2).29_MLKEM_MLDSA_experiment/continuation_v1.17/binius64-source/crates/field/src/underlier/traits.rs	9fd12e6366191744124f835a1e58568a607e4913df109409d096377eb4f757ea	11357	D3	exclude-vendored		vendored upstream binius-zk/binius64 @ 37e9cd64e82243cde0e79c7d8ac0dc319f1cbeb4 (workspace 0.1.0, edition 2024, Rust 1.97.1, licence Apache-2.0 OR MIT); excluded per the D3 dossier (keep a pinned upstream reference, not the tree); the six local modifications are listed in the copied record source-comparison.json (patch prover_memory.patch)
PQ_CE_QS_v1 (2).29_MLKEM_MLDSA_experiment/continuation_v1.17/binius64-source/crates/field/src/underlier/underlier_impls.rs	d3deb7770ebaa062a29d13ed6786f8c2efa047355d2d5ac82ef196ec3096a6ea	882	D3	exclude-vendored		vendored upstream binius-zk/binius64 @ 37e9cd64e82243cde0e79c7d8ac0dc319f1cbeb4 (workspace 0.1.0, edition 2024, Rust 1.97.1, licence Apache-2.0 OR MIT); excluded per the D3 dossier (keep a pinned upstream reference, not the tree); the six local modifications are listed in the copied record source-comparison.json (patch prover_memory.patch)
PQ_CE_QS_v1 (2).29_MLKEM_MLDSA_experiment/continuation_v1.17/binius64-source/crates/field/src/util.rs	c83c862368c9ebaf19355c0a1c57c68d569d7ed5ac2dd33d80a325ef9257a213	8774	D3	exclude-vendored		vendored upstream binius-zk/binius64 @ 37e9cd64e82243cde0e79c7d8ac0dc319f1cbeb4 (workspace 0.1.0, edition 2024, Rust 1.97.1, licence Apache-2.0 OR MIT); excluded per the D3 dossier (keep a pinned upstream reference, not the tree); the six local modifications are listed in the copied record source-comparison.json (patch prover_memory.patch)
PQ_CE_QS_v1 (2).29_MLKEM_MLDSA_experiment/continuation_v1.17/binius64-source/crates/frontend/.gitignore	dc37ad75192fab2faf8316b72c5d40498cb9601d81ea3830df886140a6fbcbf1	22	D3	exclude-vendored		vendored upstream binius-zk/binius64 @ 37e9cd64e82243cde0e79c7d8ac0dc319f1cbeb4 (workspace 0.1.0, edition 2024, Rust 1.97.1, licence Apache-2.0 OR MIT); excluded per the D3 dossier (keep a pinned upstream reference, not the tree); the six local modifications are listed in the copied record source-comparison.json (patch prover_memory.patch)
PQ_CE_QS_v1 (2).29_MLKEM_MLDSA_experiment/continuation_v1.17/binius64-source/crates/frontend/Cargo.toml	e68d857862faf84558372f6b423ccfba7979ddc27216f5a2ca7518bff61a3f8f	695	D3	exclude-vendored		vendored upstream binius-zk/binius64 @ 37e9cd64e82243cde0e79c7d8ac0dc319f1cbeb4 (workspace 0.1.0, edition 2024, Rust 1.97.1, licence Apache-2.0 OR MIT); excluded per the D3 dossier (keep a pinned upstream reference, not the tree); the six local modifications are listed in the copied record source-comparison.json (patch prover_memory.patch)
PQ_CE_QS_v1 (2).29_MLKEM_MLDSA_experiment/continuation_v1.17/binius64-source/crates/frontend/src/artifact/chip.rs	88727db647fdf302bdf9515341dbd970ba81ffc87fe4d3f4f99b709359e08d0c	35244	D3	exclude-vendored		vendored upstream binius-zk/binius64 @ 37e9cd64e82243cde0e79c7d8ac0dc319f1cbeb4 (workspace 0.1.0, edition 2024, Rust 1.97.1, licence Apache-2.0 OR MIT); excluded per the D3 dossier (keep a pinned upstream reference, not the tree); the six local modifications are listed in the copied record source-comparison.json (patch prover_memory.patch)
PQ_CE_QS_v1 (2).29_MLKEM_MLDSA_experiment/continuation_v1.17/binius64-source/crates/frontend/src/artifact/circuit.rs	8b01ed2730a31d08eb4ea211cfc5bc60fee9c918d7af4bc88008f30942968ea7	27547	D3	exclude-vendored		vendored upstream binius-zk/binius64 @ 37e9cd64e82243cde0e79c7d8ac0dc319f1cbeb4 (workspace 0.1.0, edition 2024, Rust 1.97.1, licence Apache-2.0 OR MIT); excluded per the D3 dossier (keep a pinned upstream reference, not the tree); the six local modifications are listed in the copied record source-comparison.json (patch prover_memory.patch)
PQ_CE_QS_v1 (2).29_MLKEM_MLDSA_experiment/continuation_v1.17/binius64-source/crates/frontend/src/artifact/dump.rs	85c1e2fc74bdb03c21fe6d6dc50bb27872ed2078f7685159cd6f6f6be568522c	8046	D3	exclude-vendored		vendored upstream binius-zk/binius64 @ 37e9cd64e82243cde0e79c7d8ac0dc319f1cbeb4 (workspace 0.1.0, edition 2024, Rust 1.97.1, licence Apache-2.0 OR MIT); excluded per the D3 dossier (keep a pinned upstream reference, not the tree); the six local modifications are listed in the copied record source-comparison.json (patch prover_memory.patch)
PQ_CE_QS_v1 (2).29_MLKEM_MLDSA_experiment/continuation_v1.17/binius64-source/crates/frontend/src/artifact/mod.rs	84106a152ec90aaa69b48128db9da1cb16231239ef686d7e0c47a608f84987d3	179	D3	exclude-vendored		vendored upstream binius-zk/binius64 @ 37e9cd64e82243cde0e79c7d8ac0dc319f1cbeb4 (workspace 0.1.0, edition 2024, Rust 1.97.1, licence Apache-2.0 OR MIT); excluded per the D3 dossier (keep a pinned upstream reference, not the tree); the six local modifications are listed in the copied record source-comparison.json (patch prover_memory.patch)
PQ_CE_QS_v1 (2).29_MLKEM_MLDSA_experiment/continuation_v1.17/binius64-source/crates/frontend/src/artifact/stat.rs	fe9a64bbd8b0f0eced0485afb03b280799833e705b5c0a7ad9dce67500bfe094	10870	D3	exclude-vendored		vendored upstream binius-zk/binius64 @ 37e9cd64e82243cde0e79c7d8ac0dc319f1cbeb4 (workspace 0.1.0, edition 2024, Rust 1.97.1, licence Apache-2.0 OR MIT); excluded per the D3 dossier (keep a pinned upstream reference, not the tree); the six local modifications are listed in the copied record source-comparison.json (patch prover_memory.patch)
PQ_CE_QS_v1 (2).29_MLKEM_MLDSA_experiment/continuation_v1.17/binius64-source/crates/frontend/src/artifact/witness.rs	57540eb5cc3966bf51a6f62d7ba83b9a7af8bcc25c7340e8301702040dbccc9f	7592	D3	exclude-vendored		vendored upstream binius-zk/binius64 @ 37e9cd64e82243cde0e79c7d8ac0dc319f1cbeb4 (workspace 0.1.0, edition 2024, Rust 1.97.1, licence Apache-2.0 OR MIT); excluded per the D3 dossier (keep a pinned upstream reference, not the tree); the six local modifications are listed in the copied record source-comparison.json (patch prover_memory.patch)
PQ_CE_QS_v1 (2).29_MLKEM_MLDSA_experiment/continuation_v1.17/binius64-source/crates/frontend/src/builder/gadget.rs	62f031ce78df924138e38af26ebd07597e59891bbb1b66ff2b3c7c17f285ae5b	9764	D3	exclude-vendored		vendored upstream binius-zk/binius64 @ 37e9cd64e82243cde0e79c7d8ac0dc319f1cbeb4 (workspace 0.1.0, edition 2024, Rust 1.97.1, licence Apache-2.0 OR MIT); excluded per the D3 dossier (keep a pinned upstream reference, not the tree); the six local modifications are listed in the copied record source-comparison.json (patch prover_memory.patch)
PQ_CE_QS_v1 (2).29_MLKEM_MLDSA_experiment/continuation_v1.17/binius64-source/crates/frontend/src/builder/mod.rs	3cff425d88f55992492858bc9e2d817c62ce678236abb8695310fe04b565c3c7	59551	D3	exclude-vendored		vendored upstream binius-zk/binius64 @ 37e9cd64e82243cde0e79c7d8ac0dc319f1cbeb4 (workspace 0.1.0, edition 2024, Rust 1.97.1, licence Apache-2.0 OR MIT); excluded per the D3 dossier (keep a pinned upstream reference, not the tree); the six local modifications are listed in the copied record source-comparison.json (patch prover_memory.patch)
PQ_CE_QS_v1 (2).29_MLKEM_MLDSA_experiment/continuation_v1.17/binius64-source/crates/frontend/src/builder/tests.rs	03e6336fb5156ebf940fa7583ea4a0590790a1404b0f8293c071fb4cf94b86a9	64447	D3	exclude-vendored		vendored upstream binius-zk/binius64 @ 37e9cd64e82243cde0e79c7d8ac0dc319f1cbeb4 (workspace 0.1.0, edition 2024, Rust 1.97.1, licence Apache-2.0 OR MIT); excluded per the D3 dossier (keep a pinned upstream reference, not the tree); the six local modifications are listed in the copied record source-comparison.json (patch prover_memory.patch)
PQ_CE_QS_v1 (2).29_MLKEM_MLDSA_experiment/continuation_v1.17/binius64-source/crates/frontend/src/eval_form/assertion.rs	3cd1cf3a83fda28282fedfef4f6e7f738bcfe684b557282997a5ad008abf3afd	856	D3	exclude-vendored		vendored upstream binius-zk/binius64 @ 37e9cd64e82243cde0e79c7d8ac0dc319f1cbeb4 (workspace 0.1.0, edition 2024, Rust 1.97.1, licence Apache-2.0 OR MIT); excluded per the D3 dossier (keep a pinned upstream reference, not the tree); the six local modifications are listed in the copied record source-comparison.json (patch prover_memory.patch)
PQ_CE_QS_v1 (2).29_MLKEM_MLDSA_experiment/continuation_v1.17/binius64-source/crates/frontend/src/eval_form/batch.rs	80e0fcc6836d182bf19773f51bae11f00e9b8366abb3380b5ffeef576394aefa	14403	D3	exclude-vendored		vendored upstream binius-zk/binius64 @ 37e9cd64e82243cde0e79c7d8ac0dc319f1cbeb4 (workspace 0.1.0, edition 2024, Rust 1.97.1, licence Apache-2.0 OR MIT); excluded per the D3 dossier (keep a pinned upstream reference, not the tree); the six local modifications are listed in the copied record source-comparison.json (patch prover_memory.patch)
PQ_CE_QS_v1 (2).29_MLKEM_MLDSA_experiment/continuation_v1.17/binius64-source/crates/frontend/src/eval_form/builder.rs	a305dfcdb8bd57a10f709d6d4c63845fec528af3fb41f998be9e81ff24bed2dd	7987	D3	exclude-vendored		vendored upstream binius-zk/binius64 @ 37e9cd64e82243cde0e79c7d8ac0dc319f1cbeb4 (workspace 0.1.0, edition 2024, Rust 1.97.1, licence Apache-2.0 OR MIT); excluded per the D3 dossier (keep a pinned upstream reference, not the tree); the six local modifications are listed in the copied record source-comparison.json (patch prover_memory.patch)
PQ_CE_QS_v1 (2).29_MLKEM_MLDSA_experiment/continuation_v1.17/binius64-source/crates/frontend/src/eval_form/const_eval.rs	d4a75ed947d0ce732d2cb6e5b9ad71b013cc432cb31386563a45caab78dd5cd8	15816	D3	exclude-vendored		vendored upstream binius-zk/binius64 @ 37e9cd64e82243cde0e79c7d8ac0dc319f1cbeb4 (workspace 0.1.0, edition 2024, Rust 1.97.1, licence Apache-2.0 OR MIT); excluded per the D3 dossier (keep a pinned upstream reference, not the tree); the six local modifications are listed in the copied record source-comparison.json (patch prover_memory.patch)
PQ_CE_QS_v1 (2).29_MLKEM_MLDSA_experiment/continuation_v1.17/binius64-source/crates/frontend/src/eval_form/exec.rs	1b2a4e1a5e492ef70d14d269c948abf599b1357f56add7f16c4017717e5df5dc	16296	D3	exclude-vendored		vendored upstream binius-zk/binius64 @ 37e9cd64e82243cde0e79c7d8ac0dc319f1cbeb4 (workspace 0.1.0, edition 2024, Rust 1.97.1, licence Apache-2.0 OR MIT); excluded per the D3 dossier (keep a pinned upstream reference, not the tree); the six local modifications are listed in the copied record source-comparison.json (patch prover_memory.patch)
PQ_CE_QS_v1 (2).29_MLKEM_MLDSA_experiment/continuation_v1.17/binius64-source/crates/frontend/src/eval_form/mod.rs	ba1794a80b8f8d36ed6543b21e0a62747ba72998dd13da3e8c00fee768b4be08	3806	D3	exclude-vendored		vendored upstream binius-zk/binius64 @ 37e9cd64e82243cde0e79c7d8ac0dc319f1cbeb4 (workspace 0.1.0, edition 2024, Rust 1.97.1, licence Apache-2.0 OR MIT); excluded per the D3 dossier (keep a pinned upstream reference, not the tree); the six local modifications are listed in the copied record source-comparison.json (patch prover_memory.patch)
PQ_CE_QS_v1 (2).29_MLKEM_MLDSA_experiment/continuation_v1.17/binius64-source/crates/frontend/src/eval_form/opcode.rs	fbca937f4d3a3b6894a51c5e03817cd8e10652283dacef247a11861c20bb5a06	3692	D3	exclude-vendored		vendored upstream binius-zk/binius64 @ 37e9cd64e82243cde0e79c7d8ac0dc319f1cbeb4 (workspace 0.1.0, edition 2024, Rust 1.97.1, licence Apache-2.0 OR MIT); excluded per the D3 dossier (keep a pinned upstream reference, not the tree); the six local modifications are listed in the copied record source-comparison.json (patch prover_memory.patch)
PQ_CE_QS_v1 (2).29_MLKEM_MLDSA_experiment/continuation_v1.17/binius64-source/crates/frontend/src/eval_form/scalar.rs	1be31b51a8c2b33a7bf9c19103a450cfbf0c46d72621f533a13266bbb577089c	2364	D3	exclude-vendored		vendored upstream binius-zk/binius64 @ 37e9cd64e82243cde0e79c7d8ac0dc319f1cbeb4 (workspace 0.1.0, edition 2024, Rust 1.97.1, licence Apache-2.0 OR MIT); excluded per the D3 dossier (keep a pinned upstream reference, not the tree); the six local modifications are listed in the copied record source-comparison.json (patch prover_memory.patch)
PQ_CE_QS_v1 (2).29_MLKEM_MLDSA_experiment/continuation_v1.17/binius64-source/crates/frontend/src/eval_form/tests.rs	b308f5d827a42b6240caf91b9b9fe09a9616c7c1b9f552aa320b3969489e5b55	8914	D3	exclude-vendored		vendored upstream binius-zk/binius64 @ 37e9cd64e82243cde0e79c7d8ac0dc319f1cbeb4 (workspace 0.1.0, edition 2024, Rust 1.97.1, licence Apache-2.0 OR MIT); excluded per the D3 dossier (keep a pinned upstream reference, not the tree); the six local modifications are listed in the copied record source-comparison.json (patch prover_memory.patch)
PQ_CE_QS_v1 (2).29_MLKEM_MLDSA_experiment/continuation_v1.17/binius64-source/crates/frontend/src/gates/assert_eq.rs	d32b3007ba4b373422553d0577922cf46b9ea696406a302c2ffaa0611c81b479	906	D3	exclude-vendored		vendored upstream binius-zk/binius64 @ 37e9cd64e82243cde0e79c7d8ac0dc319f1cbeb4 (workspace 0.1.0, edition 2024, Rust 1.97.1, licence Apache-2.0 OR MIT); excluded per the D3 dossier (keep a pinned upstream reference, not the tree); the six local modifications are listed in the copied record source-comparison.json (patch prover_memory.patch)
PQ_CE_QS_v1 (2).29_MLKEM_MLDSA_experiment/continuation_v1.17/binius64-source/crates/frontend/src/gates/assert_eq_cond.rs	32561d7d020b8341379ac23f68e58359281ecdfebe7679efe538c48b9ca697ef	1424	D3	exclude-vendored		vendored upstream binius-zk/binius64 @ 37e9cd64e82243cde0e79c7d8ac0dc319f1cbeb4 (workspace 0.1.0, edition 2024, Rust 1.97.1, licence Apache-2.0 OR MIT); excluded per the D3 dossier (keep a pinned upstream reference, not the tree); the six local modifications are listed in the copied record source-comparison.json (patch prover_memory.patch)
PQ_CE_QS_v1 (2).29_MLKEM_MLDSA_experiment/continuation_v1.17/binius64-source/crates/frontend/src/gates/assert_false.rs	bc67b07678dc916c5adb9e3d499c64a41f2943c74b9c49a040077990f2d29890	1131	D3	exclude-vendored		vendored upstream binius-zk/binius64 @ 37e9cd64e82243cde0e79c7d8ac0dc319f1cbeb4 (workspace 0.1.0, edition 2024, Rust 1.97.1, licence Apache-2.0 OR MIT); excluded per the D3 dossier (keep a pinned upstream reference, not the tree); the six local modifications are listed in the copied record source-comparison.json (patch prover_memory.patch)
PQ_CE_QS_v1 (2).29_MLKEM_MLDSA_experiment/continuation_v1.17/binius64-source/crates/frontend/src/gates/assert_non_zero.rs	8419a14e3a0ec208b261ae6427c744347cdd841ddf3f2212af67beff4155cf27	6514	D3	exclude-vendored		vendored upstream binius-zk/binius64 @ 37e9cd64e82243cde0e79c7d8ac0dc319f1cbeb4 (workspace 0.1.0, edition 2024, Rust 1.97.1, licence Apache-2.0 OR MIT); excluded per the D3 dossier (keep a pinned upstream reference, not the tree); the six local modifications are listed in the copied record source-comparison.json (patch prover_memory.patch)
PQ_CE_QS_v1 (2).29_MLKEM_MLDSA_experiment/continuation_v1.17/binius64-source/crates/frontend/src/gates/assert_true.rs	8ddbd1b19fa5f02d7ca88ee2e124ccd0a2348450bcfdbb5b5f3da439539ea1f7	1331	D3	exclude-vendored		vendored upstream binius-zk/binius64 @ 37e9cd64e82243cde0e79c7d8ac0dc319f1cbeb4 (workspace 0.1.0, edition 2024, Rust 1.97.1, licence Apache-2.0 OR MIT); excluded per the D3 dossier (keep a pinned upstream reference, not the tree); the six local modifications are listed in the copied record source-comparison.json (patch prover_memory.patch)
PQ_CE_QS_v1 (2).29_MLKEM_MLDSA_experiment/continuation_v1.17/binius64-source/crates/frontend/src/gates/assert_zero.rs	a0530e4dc358a45b7746c1f322f122493b458e0d9a9dac7592ffe380487f7323	790	D3	exclude-vendored		vendored upstream binius-zk/binius64 @ 37e9cd64e82243cde0e79c7d8ac0dc319f1cbeb4 (workspace 0.1.0, edition 2024, Rust 1.97.1, licence Apache-2.0 OR MIT); excluded per the D3 dossier (keep a pinned upstream reference, not the tree); the six local modifications are listed in the copied record source-comparison.json (patch prover_memory.patch)
PQ_CE_QS_v1 (2).29_MLKEM_MLDSA_experiment/continuation_v1.17/binius64-source/crates/frontend/src/gates/band.rs	f8c1b46ed8bc2490358af787a2cbf8e6aa2b5fa96ea51c784c4afc59ba6c192c	944	D3	exclude-vendored		vendored upstream binius-zk/binius64 @ 37e9cd64e82243cde0e79c7d8ac0dc319f1cbeb4 (workspace 0.1.0, edition 2024, Rust 1.97.1, licence Apache-2.0 OR MIT); excluded per the D3 dossier (keep a pinned upstream reference, not the tree); the six local modifications are listed in the copied record source-comparison.json (patch prover_memory.patch)
PQ_CE_QS_v1 (2).29_MLKEM_MLDSA_experiment/continuation_v1.17/binius64-source/crates/frontend/src/gates/bmul.rs	99092c5dc27acd69e63eee998e6b6c10efbc0cf92f5df87b0f69c46ca16d8f43	1135	D3	exclude-vendored		vendored upstream binius-zk/binius64 @ 37e9cd64e82243cde0e79c7d8ac0dc319f1cbeb4 (workspace 0.1.0, edition 2024, Rust 1.97.1, licence Apache-2.0 OR MIT); excluded per the D3 dossier (keep a pinned upstream reference, not the tree); the six local modifications are listed in the copied record source-comparison.json (patch prover_memory.patch)
PQ_CE_QS_v1 (2).29_MLKEM_MLDSA_experiment/continuation_v1.17/binius64-source/crates/frontend/src/gates/bor.rs	d45d3038aac97125b8db1720add02555f889f23d66b549031345019a2c768103	1067	D3	exclude-vendored		vendored upstream binius-zk/binius64 @ 37e9cd64e82243cde0e79c7d8ac0dc319f1cbeb4 (workspace 0.1.0, edition 2024, Rust 1.97.1, licence Apache-2.0 OR MIT); excluded per the D3 dossier (keep a pinned upstream reference, not the tree); the six local modifications are listed in the copied record source-comparison.json (patch prover_memory.patch)
PQ_CE_QS_v1 (2).29_MLKEM_MLDSA_experiment/continuation_v1.17/binius64-source/crates/frontend/src/gates/bxor.rs	2a58db459d6c0c89ea2d04a8da62da1d82dddb7a712c8cfa272725843bf76662	957	D3	exclude-vendored		vendored upstream binius-zk/binius64 @ 37e9cd64e82243cde0e79c7d8ac0dc319f1cbeb4 (workspace 0.1.0, edition 2024, Rust 1.97.1, licence Apache-2.0 OR MIT); excluded per the D3 dossier (keep a pinned upstream reference, not the tree); the six local modifications are listed in the copied record source-comparison.json (patch prover_memory.patch)
PQ_CE_QS_v1 (2).29_MLKEM_MLDSA_experiment/continuation_v1.17/binius64-source/crates/frontend/src/gates/bxor_multi.rs	2d531cbfb9d108e0ef816cc787131fc9349d06f197a109ebbfe161ed7ea7c6ac	4165	D3	exclude-vendored		vendored upstream binius-zk/binius64 @ 37e9cd64e82243cde0e79c7d8ac0dc319f1cbeb4 (workspace 0.1.0, edition 2024, Rust 1.97.1, licence Apache-2.0 OR MIT); excluded per the D3 dossier (keep a pinned upstream reference, not the tree); the six local modifications are listed in the copied record source-comparison.json (patch prover_memory.patch)
PQ_CE_QS_v1 (2).29_MLKEM_MLDSA_experiment/continuation_v1.17/binius64-source/crates/frontend/src/gates/fax.rs	cacbaefdd12f8a9fdc7989fb0a1ee68dd7bc7904e5cf360bae4751da70332bb2	1148	D3	exclude-vendored		vendored upstream binius-zk/binius64 @ 37e9cd64e82243cde0e79c7d8ac0dc319f1cbeb4 (workspace 0.1.0, edition 2024, Rust 1.97.1, licence Apache-2.0 OR MIT); excluded per the D3 dossier (keep a pinned upstream reference, not the tree); the six local modifications are listed in the copied record source-comparison.json (patch prover_memory.patch)
PQ_CE_QS_v1 (2).29_MLKEM_MLDSA_experiment/continuation_v1.17/binius64-source/crates/frontend/src/gates/iadd32.rs	71a83c6ff43c3bed1ce26fcab9a2eec8d279ef8888d31bb408b560ee2a32c3af	2073	D3	exclude-vendored		vendored upstream binius-zk/binius64 @ 37e9cd64e82243cde0e79c7d8ac0dc319f1cbeb4 (workspace 0.1.0, edition 2024, Rust 1.97.1, licence Apache-2.0 OR MIT); excluded per the D3 dossier (keep a pinned upstream reference, not the tree); the six local modifications are listed in the copied record source-comparison.json (patch prover_memory.patch)
PQ_CE_QS_v1 (2).29_MLKEM_MLDSA_experiment/continuation_v1.17/binius64-source/crates/frontend/src/gates/iadd32_cin_cout.rs	bb99ae6f3a456755f69ddab094462a0111005ff0fec62d6fd448d2c73fd40e5b	2416	D3	exclude-vendored		vendored upstream binius-zk/binius64 @ 37e9cd64e82243cde0e79c7d8ac0dc319f1cbeb4 (workspace 0.1.0, edition 2024, Rust 1.97.1, licence Apache-2.0 OR MIT); excluded per the D3 dossier (keep a pinned upstream reference, not the tree); the six local modifications are listed in the copied record source-comparison.json (patch prover_memory.patch)
PQ_CE_QS_v1 (2).29_MLKEM_MLDSA_experiment/continuation_v1.17/binius64-source/crates/frontend/src/gates/iadd_cin_cout.rs	d17b4153386db9133eb2f404a94c349112625922297c3d32901459bb80335509	2373	D3	exclude-vendored		vendored upstream binius-zk/binius64 @ 37e9cd64e82243cde0e79c7d8ac0dc319f1cbeb4 (workspace 0.1.0, edition 2024, Rust 1.97.1, licence Apache-2.0 OR MIT); excluded per the D3 dossier (keep a pinned upstream reference, not the tree); the six local modifications are listed in the copied record source-comparison.json (patch prover_memory.patch)
PQ_CE_QS_v1 (2).29_MLKEM_MLDSA_experiment/continuation_v1.17/binius64-source/crates/frontend/src/gates/icmp_eq.rs	ce6215297598539f62a4a3b0aaf5ff2d6234c438bce9eb0588bd1228c7793cd0	3410	D3	exclude-vendored		vendored upstream binius-zk/binius64 @ 37e9cd64e82243cde0e79c7d8ac0dc319f1cbeb4 (workspace 0.1.0, edition 2024, Rust 1.97.1, licence Apache-2.0 OR MIT); excluded per the D3 dossier (keep a pinned upstream reference, not the tree); the six local modifications are listed in the copied record source-comparison.json (patch prover_memory.patch)
PQ_CE_QS_v1 (2).29_MLKEM_MLDSA_experiment/continuation_v1.17/binius64-source/crates/frontend/src/gates/icmp_ult.rs	3b89ac2c05df9afa11b8fbb29f81b080f6afc31ab907a1ad1e76f1641541d6b5	2322	D3	exclude-vendored		vendored upstream binius-zk/binius64 @ 37e9cd64e82243cde0e79c7d8ac0dc319f1cbeb4 (workspace 0.1.0, edition 2024, Rust 1.97.1, licence Apache-2.0 OR MIT); excluded per the D3 dossier (keep a pinned upstream reference, not the tree); the six local modifications are listed in the copied record source-comparison.json (patch prover_memory.patch)
PQ_CE_QS_v1 (2).29_MLKEM_MLDSA_experiment/continuation_v1.17/binius64-source/crates/frontend/src/gates/imul.rs	90f2893fd3ac48fd870a88b391a6ceb6c7b9d974700536afdae32cdc18fb17f0	888	D3	exclude-vendored		vendored upstream binius-zk/binius64 @ 37e9cd64e82243cde0e79c7d8ac0dc319f1cbeb4 (workspace 0.1.0, edition 2024, Rust 1.97.1, licence Apache-2.0 OR MIT); excluded per the D3 dossier (keep a pinned upstream reference, not the tree); the six local modifications are listed in the copied record source-comparison.json (patch prover_memory.patch)
PQ_CE_QS_v1 (2).29_MLKEM_MLDSA_experiment/continuation_v1.17/binius64-source/crates/frontend/src/gates/isub_bin_bout.rs	7dc91a28ccbd19ddf7fc177c73093aff47f78e681f6cb637a34fb739f2856c78	1677	D3	exclude-vendored		vendored upstream binius-zk/binius64 @ 37e9cd64e82243cde0e79c7d8ac0dc319f1cbeb4 (workspace 0.1.0, edition 2024, Rust 1.97.1, licence Apache-2.0 OR MIT); excluded per the D3 dossier (keep a pinned upstream reference, not the tree); the six local modifications are listed in the copied record source-comparison.json (patch prover_memory.patch)
PQ_CE_QS_v1 (2).29_MLKEM_MLDSA_experiment/continuation_v1.17/binius64-source/crates/frontend/src/gates/mod.rs	ed6a35e156b1d10868bcd69ca901b0beaaf59ddabb92c7ddb65602fe9a9daa03	6459	D3	exclude-vendored		vendored upstream binius-zk/binius64 @ 37e9cd64e82243cde0e79c7d8ac0dc319f1cbeb4 (workspace 0.1.0, edition 2024, Rust 1.97.1, licence Apache-2.0 OR MIT); excluded per the D3 dossier (keep a pinned upstream reference, not the tree); the six local modifications are listed in the copied record source-comparison.json (patch prover_memory.patch)
PQ_CE_QS_v1 (2).29_MLKEM_MLDSA_experiment/continuation_v1.17/binius64-source/crates/frontend/src/gates/opcode.rs	958f52e749678bbd8e1e90021849a9434ab0bf423a392f112ec878ccd6540a74	2945	D3	exclude-vendored		vendored upstream binius-zk/binius64 @ 37e9cd64e82243cde0e79c7d8ac0dc319f1cbeb4 (workspace 0.1.0, edition 2024, Rust 1.97.1, licence Apache-2.0 OR MIT); excluded per the D3 dossier (keep a pinned upstream reference, not the tree); the six local modifications are listed in the copied record source-comparison.json (patch prover_memory.patch)
PQ_CE_QS_v1 (2).29_MLKEM_MLDSA_experiment/continuation_v1.17/binius64-source/crates/frontend/src/gates/select.rs	8f46cc1cd8ce3354fae08512667939e5dac60a3409ad35a7b149528b77f96a3e	4378	D3	exclude-vendored		vendored upstream binius-zk/binius64 @ 37e9cd64e82243cde0e79c7d8ac0dc319f1cbeb4 (workspace 0.1.0, edition 2024, Rust 1.97.1, licence Apache-2.0 OR MIT); excluded per the D3 dossier (keep a pinned upstream reference, not the tree); the six local modifications are listed in the copied record source-comparison.json (patch prover_memory.patch)
PQ_CE_QS_v1 (2).29_MLKEM_MLDSA_experiment/continuation_v1.17/binius64-source/crates/frontend/src/gates/shift.rs	99a6ff3c5513c34ed94c13aec185e63d55fefa4a7df1f111899f3eebd8e5711a	4346	D3	exclude-vendored		vendored upstream binius-zk/binius64 @ 37e9cd64e82243cde0e79c7d8ac0dc319f1cbeb4 (workspace 0.1.0, edition 2024, Rust 1.97.1, licence Apache-2.0 OR MIT); excluded per the D3 dossier (keep a pinned upstream reference, not the tree); the six local modifications are listed in the copied record source-comparison.json (patch prover_memory.patch)
PQ_CE_QS_v1 (2).29_MLKEM_MLDSA_experiment/continuation_v1.17/binius64-source/crates/frontend/src/ir/hints.rs	bd0ee53bcb0cfa708af74c3fab06f6c3ac54e29a45d289eab3628721bfee70c9	5551	D3	exclude-vendored		vendored upstream binius-zk/binius64 @ 37e9cd64e82243cde0e79c7d8ac0dc319f1cbeb4 (workspace 0.1.0, edition 2024, Rust 1.97.1, licence Apache-2.0 OR MIT); excluded per the D3 dossier (keep a pinned upstream reference, not the tree); the six local modifications are listed in the copied record source-comparison.json (patch prover_memory.patch)
PQ_CE_QS_v1 (2).29_MLKEM_MLDSA_experiment/continuation_v1.17/binius64-source/crates/frontend/src/ir/mod.rs	9de8ad0d5d8805ff18838d4d3d6c195b8a8c7abc040b45adcf5f7be1ba986f55	25921	D3	exclude-vendored		vendored upstream binius-zk/binius64 @ 37e9cd64e82243cde0e79c7d8ac0dc319f1cbeb4 (workspace 0.1.0, edition 2024, Rust 1.97.1, licence Apache-2.0 OR MIT); excluded per the D3 dossier (keep a pinned upstream reference, not the tree); the six local modifications are listed in the copied record source-comparison.json (patch prover_memory.patch)
PQ_CE_QS_v1 (2).29_MLKEM_MLDSA_experiment/continuation_v1.17/binius64-source/crates/frontend/src/ir/path.rs	717e1e8632c9dab319a83470cc540221a183f2f6c07327e4dc5288114b978de0	3748	D3	exclude-vendored		vendored upstream binius-zk/binius64 @ 37e9cd64e82243cde0e79c7d8ac0dc319f1cbeb4 (workspace 0.1.0, edition 2024, Rust 1.97.1, licence Apache-2.0 OR MIT); excluded per the D3 dossier (keep a pinned upstream reference, not the tree); the six local modifications are listed in the copied record source-comparison.json (patch prover_memory.patch)
PQ_CE_QS_v1 (2).29_MLKEM_MLDSA_experiment/continuation_v1.17/binius64-source/crates/frontend/src/lib.rs	c0f5ea13829632642d60d132f9f0f1276241f8cf063400eb683b172123539659	2505	D3	exclude-vendored		vendored upstream binius-zk/binius64 @ 37e9cd64e82243cde0e79c7d8ac0dc319f1cbeb4 (workspace 0.1.0, edition 2024, Rust 1.97.1, licence Apache-2.0 OR MIT); excluded per the D3 dossier (keep a pinned upstream reference, not the tree); the six local modifications are listed in the copied record source-comparison.json (patch prover_memory.patch)
PQ_CE_QS_v1 (2).29_MLKEM_MLDSA_experiment/continuation_v1.17/binius64-source/crates/frontend/src/lower/constraint.rs	b54e6cae5dcffb9a95285289516d32b0a4d5caf5c69125b8c58a3edb8ee9afad	6983	D3	exclude-vendored		vendored upstream binius-zk/binius64 @ 37e9cd64e82243cde0e79c7d8ac0dc319f1cbeb4 (workspace 0.1.0, edition 2024, Rust 1.97.1, licence Apache-2.0 OR MIT); excluded per the D3 dossier (keep a pinned upstream reference, not the tree); the six local modifications are listed in the copied record source-comparison.json (patch prover_memory.patch)
PQ_CE_QS_v1 (2).29_MLKEM_MLDSA_experiment/continuation_v1.17/binius64-source/crates/frontend/src/lower/expr.rs	14fbb98142e8aaaa3ded57c9446c88a3007604eefae13bcc55317457c7cc279c	5545	D3	exclude-vendored		vendored upstream binius-zk/binius64 @ 37e9cd64e82243cde0e79c7d8ac0dc319f1cbeb4 (workspace 0.1.0, edition 2024, Rust 1.97.1, licence Apache-2.0 OR MIT); excluded per the D3 dossier (keep a pinned upstream reference, not the tree); the six local modifications are listed in the copied record source-comparison.json (patch prover_memory.patch)
PQ_CE_QS_v1 (2).29_MLKEM_MLDSA_experiment/continuation_v1.17/binius64-source/crates/frontend/src/lower/mod.rs	9799289abfda1c1a021d2f4d3ceff19ae2182f60bbcdb8fd907b3003fecc7804	8008	D3	exclude-vendored		vendored upstream binius-zk/binius64 @ 37e9cd64e82243cde0e79c7d8ac0dc319f1cbeb4 (workspace 0.1.0, edition 2024, Rust 1.97.1, licence Apache-2.0 OR MIT); excluded per the D3 dossier (keep a pinned upstream reference, not the tree); the six local modifications are listed in the copied record source-comparison.json (patch prover_memory.patch)
PQ_CE_QS_v1 (2).29_MLKEM_MLDSA_experiment/continuation_v1.17/binius64-source/crates/frontend/src/lower/operand.rs	de21ecb6df7d81b4b112c676f850fe03181a7e874707390d8d08caefccc208db	17216	D3	exclude-vendored		vendored upstream binius-zk/binius64 @ 37e9cd64e82243cde0e79c7d8ac0dc319f1cbeb4 (workspace 0.1.0, edition 2024, Rust 1.97.1, licence Apache-2.0 OR MIT); excluded per the D3 dossier (keep a pinned upstream reference, not the tree); the six local modifications are listed in the copied record source-comparison.json (patch prover_memory.patch)
PQ_CE_QS_v1 (2).29_MLKEM_MLDSA_experiment/continuation_v1.17/binius64-source/crates/frontend/src/pass/const_prop.rs	ddd4ff90cdf2c71754e06c4ea2080391498324f4c96c74eee3f5373dbebbffbf	11972	D3	exclude-vendored		vendored upstream binius-zk/binius64 @ 37e9cd64e82243cde0e79c7d8ac0dc319f1cbeb4 (workspace 0.1.0, edition 2024, Rust 1.97.1, licence Apache-2.0 OR MIT); excluded per the D3 dossier (keep a pinned upstream reference, not the tree); the six local modifications are listed in the copied record source-comparison.json (patch prover_memory.patch)
PQ_CE_QS_v1 (2).29_MLKEM_MLDSA_experiment/continuation_v1.17/binius64-source/crates/frontend/src/pass/cse.rs	b2923f3afddab5e885487fb4841cc5ebe16ac6ae9306bf4157490de7a81d2e99	12912	D3	exclude-vendored		vendored upstream binius-zk/binius64 @ 37e9cd64e82243cde0e79c7d8ac0dc319f1cbeb4 (workspace 0.1.0, edition 2024, Rust 1.97.1, licence Apache-2.0 OR MIT); excluded per the D3 dossier (keep a pinned upstream reference, not the tree); the six local modifications are listed in the copied record source-comparison.json (patch prover_memory.patch)
PQ_CE_QS_v1 (2).29_MLKEM_MLDSA_experiment/continuation_v1.17/binius64-source/crates/frontend/src/pass/dce.rs	09c66043791d69a63b832da9d7cf3586708cc51dbac009d6bddd7f1a53d1bbea	5636	D3	exclude-vendored		vendored upstream binius-zk/binius64 @ 37e9cd64e82243cde0e79c7d8ac0dc319f1cbeb4 (workspace 0.1.0, edition 2024, Rust 1.97.1, licence Apache-2.0 OR MIT); excluded per the D3 dossier (keep a pinned upstream reference, not the tree); the six local modifications are listed in the copied record source-comparison.json (patch prover_memory.patch)
PQ_CE_QS_v1 (2).29_MLKEM_MLDSA_experiment/continuation_v1.17/binius64-source/crates/frontend/src/pass/fusion/commit_set.rs	5d9b81df9c2aa9dc3b26ffe7843700a6ef459fcda38cee94458117959d404e33	26263	D3	exclude-vendored		vendored upstream binius-zk/binius64 @ 37e9cd64e82243cde0e79c7d8ac0dc319f1cbeb4 (workspace 0.1.0, edition 2024, Rust 1.97.1, licence Apache-2.0 OR MIT); excluded per the D3 dossier (keep a pinned upstream reference, not the tree); the six local modifications are listed in the copied record source-comparison.json (patch prover_memory.patch)
PQ_CE_QS_v1 (2).29_MLKEM_MLDSA_experiment/continuation_v1.17/binius64-source/crates/frontend/src/pass/fusion/legraph.rs	2005cfd2b2c40f4aebe5a12557db4fe61350489c428d9cf3697758e69aa22001	12283	D3	exclude-vendored		vendored upstream binius-zk/binius64 @ 37e9cd64e82243cde0e79c7d8ac0dc319f1cbeb4 (workspace 0.1.0, edition 2024, Rust 1.97.1, licence Apache-2.0 OR MIT); excluded per the D3 dossier (keep a pinned upstream reference, not the tree); the six local modifications are listed in the copied record source-comparison.json (patch prover_memory.patch)
PQ_CE_QS_v1 (2).29_MLKEM_MLDSA_experiment/continuation_v1.17/binius64-source/crates/frontend/src/pass/fusion/mod.rs	485da93d3b384c9c8e8f18a8f4d1f55df9955dc58008dd4211033b08dc2f2abf	3065	D3	exclude-vendored		vendored upstream binius-zk/binius64 @ 37e9cd64e82243cde0e79c7d8ac0dc319f1cbeb4 (workspace 0.1.0, edition 2024, Rust 1.97.1, licence Apache-2.0 OR MIT); excluded per the D3 dossier (keep a pinned upstream reference, not the tree); the six local modifications are listed in the copied record source-comparison.json (patch prover_memory.patch)
PQ_CE_QS_v1 (2).29_MLKEM_MLDSA_experiment/continuation_v1.17/binius64-source/crates/frontend/src/pass/fusion/patch.rs	ab6d9b696f3c374265897699e9a2a39726ae14d1c72d344bb4d24b74818aa925	33793	D3	exclude-vendored		vendored upstream binius-zk/binius64 @ 37e9cd64e82243cde0e79c7d8ac0dc319f1cbeb4 (workspace 0.1.0, edition 2024, Rust 1.97.1, licence Apache-2.0 OR MIT); excluded per the D3 dossier (keep a pinned upstream reference, not the tree); the six local modifications are listed in the copied record source-comparison.json (patch prover_memory.patch)
PQ_CE_QS_v1 (2).29_MLKEM_MLDSA_experiment/continuation_v1.17/binius64-source/crates/frontend/src/pass/fusion/stat.rs	4a000f388284b67c19e1e32d2bfa0262ec537680cc486908021ba3d6db42ad53	1418	D3	exclude-vendored		vendored upstream binius-zk/binius64 @ 37e9cd64e82243cde0e79c7d8ac0dc319f1cbeb4 (workspace 0.1.0, edition 2024, Rust 1.97.1, licence Apache-2.0 OR MIT); excluded per the D3 dossier (keep a pinned upstream reference, not the tree); the six local modifications are listed in the copied record source-comparison.json (patch prover_memory.patch)
PQ_CE_QS_v1 (2).29_MLKEM_MLDSA_experiment/continuation_v1.17/binius64-source/crates/frontend/src/pass/fusion/tests/awhole.rs	23b46b74ea9f528c377e7ea5a04bb99edfca12a32a61126edf8c6fa3655d5362	29096	D3	exclude-vendored		vendored upstream binius-zk/binius64 @ 37e9cd64e82243cde0e79c7d8ac0dc319f1cbeb4 (workspace 0.1.0, edition 2024, Rust 1.97.1, licence Apache-2.0 OR MIT); excluded per the D3 dossier (keep a pinned upstream reference, not the tree); the six local modifications are listed in the copied record source-comparison.json (patch prover_memory.patch)
PQ_CE_QS_v1 (2).29_MLKEM_MLDSA_experiment/continuation_v1.17/binius64-source/crates/frontend/src/pass/fusion/tests/commit_set.rs	6a0265721945a78d860adaec1bce6489ba81e22539731a1707d74324fc41fe18	22882	D3	exclude-vendored		vendored upstream binius-zk/binius64 @ 37e9cd64e82243cde0e79c7d8ac0dc319f1cbeb4 (workspace 0.1.0, edition 2024, Rust 1.97.1, licence Apache-2.0 OR MIT); excluded per the D3 dossier (keep a pinned upstream reference, not the tree); the six local modifications are listed in the copied record source-comparison.json (patch prover_memory.patch)
PQ_CE_QS_v1 (2).29_MLKEM_MLDSA_experiment/continuation_v1.17/binius64-source/crates/frontend/src/pass/fusion/tests/mod.rs	63cfe4398740bcd57348143c76a7104cd3299f0fb17518fd51eae7f7585cb96c	63	D3	exclude-vendored		vendored upstream binius-zk/binius64 @ 37e9cd64e82243cde0e79c7d8ac0dc319f1cbeb4 (workspace 0.1.0, edition 2024, Rust 1.97.1, licence Apache-2.0 OR MIT); excluded per the D3 dossier (keep a pinned upstream reference, not the tree); the six local modifications are listed in the copied record source-comparison.json (patch prover_memory.patch)
PQ_CE_QS_v1 (2).29_MLKEM_MLDSA_experiment/continuation_v1.17/binius64-source/crates/frontend/src/pass/layout/mod.rs	ffd8b0396661581e06c36818948d81daef3588e4452406bf24f639cb35eeace0	151	D3	exclude-vendored		vendored upstream binius-zk/binius64 @ 37e9cd64e82243cde0e79c7d8ac0dc319f1cbeb4 (workspace 0.1.0, edition 2024, Rust 1.97.1, licence Apache-2.0 OR MIT); excluded per the D3 dossier (keep a pinned upstream reference, not the tree); the six local modifications are listed in the copied record source-comparison.json (patch prover_memory.patch)
PQ_CE_QS_v1 (2).29_MLKEM_MLDSA_experiment/continuation_v1.17/binius64-source/crates/frontend/src/pass/layout/scratch_alloc.rs	62ff9b7a5c69faf0e3314e7a9b7f195b8dd4db2aef7348f2b64752f00be89a51	14721	D3	exclude-vendored		vendored upstream binius-zk/binius64 @ 37e9cd64e82243cde0e79c7d8ac0dc319f1cbeb4 (workspace 0.1.0, edition 2024, Rust 1.97.1, licence Apache-2.0 OR MIT); excluded per the D3 dossier (keep a pinned upstream reference, not the tree); the six local modifications are listed in the copied record source-comparison.json (patch prover_memory.patch)
PQ_CE_QS_v1 (2).29_MLKEM_MLDSA_experiment/continuation_v1.17/binius64-source/crates/frontend/src/pass/layout/value_vec_alloc.rs	0ce18eac81144ece0933ade081c4bd37b65549351bb43e8907a3ce6d7af78f6c	8192	D3	exclude-vendored		vendored upstream binius-zk/binius64 @ 37e9cd64e82243cde0e79c7d8ac0dc319f1cbeb4 (workspace 0.1.0, edition 2024, Rust 1.97.1, licence Apache-2.0 OR MIT); excluded per the D3 dossier (keep a pinned upstream reference, not the tree); the six local modifications are listed in the copied record source-comparison.json (patch prover_memory.patch)
PQ_CE_QS_v1 (2).29_MLKEM_MLDSA_experiment/continuation_v1.17/binius64-source/crates/frontend/src/pass/mod.rs	30bc8206491c15ee970df4804b1004d0a5012c4353bfe6a9f1437fc037752aa0	2166	D3	exclude-vendored		vendored upstream binius-zk/binius64 @ 37e9cd64e82243cde0e79c7d8ac0dc319f1cbeb4 (workspace 0.1.0, edition 2024, Rust 1.97.1, licence Apache-2.0 OR MIT); excluded per the D3 dossier (keep a pinned upstream reference, not the tree); the six local modifications are listed in the copied record source-comparison.json (patch prover_memory.patch)
PQ_CE_QS_v1 (2).29_MLKEM_MLDSA_experiment/continuation_v1.17/binius64-source/crates/frontend/src/pass/zero_fold.rs	edea72c51412689745bb169c62df3f4eccd5d4b6dc45cf8d5eee797dbef62600	7414	D3	exclude-vendored		vendored upstream binius-zk/binius64 @ 37e9cd64e82243cde0e79c7d8ac0dc319f1cbeb4 (workspace 0.1.0, edition 2024, Rust 1.97.1, licence Apache-2.0 OR MIT); excluded per the D3 dossier (keep a pinned upstream reference, not the tree); the six local modifications are listed in the copied record source-comparison.json (patch prover_memory.patch)
PQ_CE_QS_v1 (2).29_MLKEM_MLDSA_experiment/continuation_v1.17/binius64-source/crates/frontend/tests/compile-fail/build_twice.rs	4045e09634999719994d1abd81a11250247c84b8957f63136787e528bf04cbd1	317	D3	exclude-vendored		vendored upstream binius-zk/binius64 @ 37e9cd64e82243cde0e79c7d8ac0dc319f1cbeb4 (workspace 0.1.0, edition 2024, Rust 1.97.1, licence Apache-2.0 OR MIT); excluded per the D3 dossier (keep a pinned upstream reference, not the tree); the six local modifications are listed in the copied record source-comparison.json (patch prover_memory.patch)
PQ_CE_QS_v1 (2).29_MLKEM_MLDSA_experiment/continuation_v1.17/binius64-source/crates/frontend/tests/compile-fail/build_twice.stderr	bff644ba6e3f3992cf54ef6476b0b9d96a4de26b1281102e49c8e285f2ab3c72	879	D3	exclude-vendored		vendored upstream binius-zk/binius64 @ 37e9cd64e82243cde0e79c7d8ac0dc319f1cbeb4 (workspace 0.1.0, edition 2024, Rust 1.97.1, licence Apache-2.0 OR MIT); excluded per the D3 dossier (keep a pinned upstream reference, not the tree); the six local modifications are listed in the copied record source-comparison.json (patch prover_memory.patch)
PQ_CE_QS_v1 (2).29_MLKEM_MLDSA_experiment/continuation_v1.17/binius64-source/crates/frontend/tests/compile_fail.rs	a281d6e54a585507ba87105a26a8de9672f512f65f8240f8fafeccb597b72617	358	D3	exclude-vendored		vendored upstream binius-zk/binius64 @ 37e9cd64e82243cde0e79c7d8ac0dc319f1cbeb4 (workspace 0.1.0, edition 2024, Rust 1.97.1, licence Apache-2.0 OR MIT); excluded per the D3 dossier (keep a pinned upstream reference, not the tree); the six local modifications are listed in the copied record source-comparison.json (patch prover_memory.patch)
PQ_CE_QS_v1 (2).29_MLKEM_MLDSA_experiment/continuation_v1.17/binius64-source/crates/frontend/tests/crc64_chip.rs	5063810a54088b29b5bdc48f4ce2c1a20b30d052d5a3445fe8152e91d66e4731	5159	D3	exclude-vendored		vendored upstream binius-zk/binius64 @ 37e9cd64e82243cde0e79c7d8ac0dc319f1cbeb4 (workspace 0.1.0, edition 2024, Rust 1.97.1, licence Apache-2.0 OR MIT); excluded per the D3 dossier (keep a pinned upstream reference, not the tree); the six local modifications are listed in the copied record source-comparison.json (patch prover_memory.patch)
PQ_CE_QS_v1 (2).29_MLKEM_MLDSA_experiment/continuation_v1.17/binius64-source/crates/frontend/tests/test_assertion_paths.rs	191fc9b5ef8151372e43ba876615982b16f2213950585eea81e142196c3a621e	2990	D3	exclude-vendored		vendored upstream binius-zk/binius64 @ 37e9cd64e82243cde0e79c7d8ac0dc319f1cbeb4 (workspace 0.1.0, edition 2024, Rust 1.97.1, licence Apache-2.0 OR MIT); excluded per the D3 dossier (keep a pinned upstream reference, not the tree); the six local modifications are listed in the copied record source-comparison.json (patch prover_memory.patch)
PQ_CE_QS_v1 (2).29_MLKEM_MLDSA_experiment/continuation_v1.17/binius64-source/crates/hash-prover/Cargo.toml	be4c3b26a4acfad3aedc50fdd3a9bbf948682fc23c1d0c721f77c62e1932ac4e	850	D3	exclude-vendored		vendored upstream binius-zk/binius64 @ 37e9cd64e82243cde0e79c7d8ac0dc319f1cbeb4 (workspace 0.1.0, edition 2024, Rust 1.97.1, licence Apache-2.0 OR MIT); excluded per the D3 dossier (keep a pinned upstream reference, not the tree); the six local modifications are listed in the copied record source-comparison.json (patch prover_memory.patch)
PQ_CE_QS_v1 (2).29_MLKEM_MLDSA_experiment/continuation_v1.17/binius64-source/crates/hash-prover/benches/blake3_portable.rs	3ad869a181520e4a507677245d8eecac42078446464d3acceeb16e4df98473a5	3605	D3	exclude-vendored		vendored upstream binius-zk/binius64 @ 37e9cd64e82243cde0e79c7d8ac0dc319f1cbeb4 (workspace 0.1.0, edition 2024, Rust 1.97.1, licence Apache-2.0 OR MIT); excluded per the D3 dossier (keep a pinned upstream reference, not the tree); the six local modifications are listed in the copied record source-comparison.json (patch prover_memory.patch)
PQ_CE_QS_v1 (2).29_MLKEM_MLDSA_experiment/continuation_v1.17/binius64-source/crates/hash-prover/benches/sha256.rs	09dab0e249d3b302197a1622c43ac9294ea56f8acc4a26d1a4ff19129f668cb1	8843	D3	exclude-vendored		vendored upstream binius-zk/binius64 @ 37e9cd64e82243cde0e79c7d8ac0dc319f1cbeb4 (workspace 0.1.0, edition 2024, Rust 1.97.1, licence Apache-2.0 OR MIT); excluded per the D3 dossier (keep a pinned upstream reference, not the tree); the six local modifications are listed in the copied record source-comparison.json (patch prover_memory.patch)
PQ_CE_QS_v1 (2).29_MLKEM_MLDSA_experiment/continuation_v1.17/binius64-source/crates/hash-prover/src/binary_merkle_tree.rs	816f9a8cd7bfba7cc1e3001a4e3fa88d4dfe1581d0dad5a81715a5c99877d6f3	17517	D3	exclude-vendored		vendored upstream binius-zk/binius64 @ 37e9cd64e82243cde0e79c7d8ac0dc319f1cbeb4 (workspace 0.1.0, edition 2024, Rust 1.97.1, licence Apache-2.0 OR MIT); excluded per the D3 dossier (keep a pinned upstream reference, not the tree); the six local modifications are listed in the copied record source-comparison.json (patch prover_memory.patch)
PQ_CE_QS_v1 (2).29_MLKEM_MLDSA_experiment/continuation_v1.17/binius64-source/crates/hash-prover/src/blake3/avx512.rs	4f107ccafe4c3eae092c512a2699912b7f6cb563dd11dfe7a0f33c07228f2a8e	4401	D3	exclude-vendored		vendored upstream binius-zk/binius64 @ 37e9cd64e82243cde0e79c7d8ac0dc319f1cbeb4 (workspace 0.1.0, edition 2024, Rust 1.97.1, licence Apache-2.0 OR MIT); excluded per the D3 dossier (keep a pinned upstream reference, not the tree); the six local modifications are listed in the copied record source-comparison.json (patch prover_memory.patch)
PQ_CE_QS_v1 (2).29_MLKEM_MLDSA_experiment/continuation_v1.17/binius64-source/crates/hash-prover/src/blake3/mod.rs	a33d403bfd7235d027e7c83576b16ee69b1c25dc99111c3fdda8a57e9c012c0f	7661	D3	exclude-vendored		vendored upstream binius-zk/binius64 @ 37e9cd64e82243cde0e79c7d8ac0dc319f1cbeb4 (workspace 0.1.0, edition 2024, Rust 1.97.1, licence Apache-2.0 OR MIT); excluded per the D3 dossier (keep a pinned upstream reference, not the tree); the six local modifications are listed in the copied record source-comparison.json (patch prover_memory.patch)
PQ_CE_QS_v1 (2).29_MLKEM_MLDSA_experiment/continuation_v1.17/binius64-source/crates/hash-prover/src/blake3/neon.rs	fc88bf882f7b20822bb044f1cc47eba976561a1045bb3c03accc4d78ea8f20b5	15462	D3	exclude-vendored		vendored upstream binius-zk/binius64 @ 37e9cd64e82243cde0e79c7d8ac0dc319f1cbeb4 (workspace 0.1.0, edition 2024, Rust 1.97.1, licence Apache-2.0 OR MIT); excluded per the D3 dossier (keep a pinned upstream reference, not the tree); the six local modifications are listed in the copied record source-comparison.json (patch prover_memory.patch)
PQ_CE_QS_v1 (2).29_MLKEM_MLDSA_experiment/continuation_v1.17/binius64-source/crates/hash-prover/src/blake3/portable.rs	c70b5332eb1cb5a4e604a49f3c89dce2ade9c291c624bdd4fb86d9f31f7ee088	31996	D3	exclude-vendored		vendored upstream binius-zk/binius64 @ 37e9cd64e82243cde0e79c7d8ac0dc319f1cbeb4 (workspace 0.1.0, edition 2024, Rust 1.97.1, licence Apache-2.0 OR MIT); excluded per the D3 dossier (keep a pinned upstream reference, not the tree); the six local modifications are listed in the copied record source-comparison.json (patch prover_memory.patch)
PQ_CE_QS_v1 (2).29_MLKEM_MLDSA_experiment/continuation_v1.17/binius64-source/crates/hash-prover/src/lib.rs	4a745f77572b8cafe6693bf2ff73ee76fb88027fa690429396ae3eaf85ceee45	1114	D3	exclude-vendored		vendored upstream binius-zk/binius64 @ 37e9cd64e82243cde0e79c7d8ac0dc319f1cbeb4 (workspace 0.1.0, edition 2024, Rust 1.97.1, licence Apache-2.0 OR MIT); excluded per the D3 dossier (keep a pinned upstream reference, not the tree); the six local modifications are listed in the copied record source-comparison.json (patch prover_memory.patch)
PQ_CE_QS_v1 (2).29_MLKEM_MLDSA_experiment/continuation_v1.17/binius64-source/crates/hash-prover/src/parallel_compression.rs	6658d5c669f77f253e84c3d9e1b356c0f687b86863165410f986d294f0caddd9	4925	D3	exclude-vendored		vendored upstream binius-zk/binius64 @ 37e9cd64e82243cde0e79c7d8ac0dc319f1cbeb4 (workspace 0.1.0, edition 2024, Rust 1.97.1, licence Apache-2.0 OR MIT); excluded per the D3 dossier (keep a pinned upstream reference, not the tree); the six local modifications are listed in the copied record source-comparison.json (patch prover_memory.patch)
PQ_CE_QS_v1 (2).29_MLKEM_MLDSA_experiment/continuation_v1.17/binius64-source/crates/hash-prover/src/parallel_digest.rs	d885d46cb232dbced7e722d79e09cbd3fb3f623dd3f004af0b54af7e96040038	10781	D3	exclude-vendored		vendored upstream binius-zk/binius64 @ 37e9cd64e82243cde0e79c7d8ac0dc319f1cbeb4 (workspace 0.1.0, edition 2024, Rust 1.97.1, licence Apache-2.0 OR MIT); excluded per the D3 dossier (keep a pinned upstream reference, not the tree); the six local modifications are listed in the copied record source-comparison.json (patch prover_memory.patch)
PQ_CE_QS_v1 (2).29_MLKEM_MLDSA_experiment/continuation_v1.17/binius64-source/crates/hash-prover/src/sha256/avx512.rs	d7b3b3a3d93e8ed4e2bb5a543b0eb81ae3dbf903e72d5d969cb8330b0b2daf61	10783	D3	exclude-vendored		vendored upstream binius-zk/binius64 @ 37e9cd64e82243cde0e79c7d8ac0dc319f1cbeb4 (workspace 0.1.0, edition 2024, Rust 1.97.1, licence Apache-2.0 OR MIT); excluded per the D3 dossier (keep a pinned upstream reference, not the tree); the six local modifications are listed in the copied record source-comparison.json (patch prover_memory.patch)
PQ_CE_QS_v1 (2).29_MLKEM_MLDSA_experiment/continuation_v1.17/binius64-source/crates/hash-prover/src/sha256/mod.rs	4366b427d6a7762221edf885e6a06339ab0dc23b96a57f04b152b8bc492a1715	17483	D3	exclude-vendored		vendored upstream binius-zk/binius64 @ 37e9cd64e82243cde0e79c7d8ac0dc319f1cbeb4 (workspace 0.1.0, edition 2024, Rust 1.97.1, licence Apache-2.0 OR MIT); excluded per the D3 dossier (keep a pinned upstream reference, not the tree); the six local modifications are listed in the copied record source-comparison.json (patch prover_memory.patch)
PQ_CE_QS_v1 (2).29_MLKEM_MLDSA_experiment/continuation_v1.17/binius64-source/crates/hash-prover/src/sha256/neon.rs	faad5d0f1acd466b969a0531d5c36c71410772068df5c455c0af0e7f4284cc1e	5228	D3	exclude-vendored		vendored upstream binius-zk/binius64 @ 37e9cd64e82243cde0e79c7d8ac0dc319f1cbeb4 (workspace 0.1.0, edition 2024, Rust 1.97.1, licence Apache-2.0 OR MIT); excluded per the D3 dossier (keep a pinned upstream reference, not the tree); the six local modifications are listed in the copied record source-comparison.json (patch prover_memory.patch)
PQ_CE_QS_v1 (2).29_MLKEM_MLDSA_experiment/continuation_v1.17/binius64-source/crates/hash-prover/src/sha256/portable.rs	e400502631b27e5822e81b6eab57a1d5ba57eefa3c3d42405201f3c488b3aaef	22555	D3	exclude-vendored		vendored upstream binius-zk/binius64 @ 37e9cd64e82243cde0e79c7d8ac0dc319f1cbeb4 (workspace 0.1.0, edition 2024, Rust 1.97.1, licence Apache-2.0 OR MIT); excluded per the D3 dossier (keep a pinned upstream reference, not the tree); the six local modifications are listed in the copied record source-comparison.json (patch prover_memory.patch)
PQ_CE_QS_v1 (2).29_MLKEM_MLDSA_experiment/continuation_v1.17/binius64-source/crates/hash-prover/src/sha256/sha_ni.rs	98deb4baacb1cb9a99785f15893c28cbd60839166790803be25504ee04fcd8c4	6076	D3	exclude-vendored		vendored upstream binius-zk/binius64 @ 37e9cd64e82243cde0e79c7d8ac0dc319f1cbeb4 (workspace 0.1.0, edition 2024, Rust 1.97.1, licence Apache-2.0 OR MIT); excluded per the D3 dossier (keep a pinned upstream reference, not the tree); the six local modifications are listed in the copied record source-comparison.json (patch prover_memory.patch)
PQ_CE_QS_v1 (2).29_MLKEM_MLDSA_experiment/continuation_v1.17/binius64-source/crates/hash-prover/src/suite.rs	7e6bd393b9fb7e23187f74c6fb49646508370a3888837ade8db6edda2f016c8a	1153	D3	exclude-vendored		vendored upstream binius-zk/binius64 @ 37e9cd64e82243cde0e79c7d8ac0dc319f1cbeb4 (workspace 0.1.0, edition 2024, Rust 1.97.1, licence Apache-2.0 OR MIT); excluded per the D3 dossier (keep a pinned upstream reference, not the tree); the six local modifications are listed in the copied record source-comparison.json (patch prover_memory.patch)
PQ_CE_QS_v1 (2).29_MLKEM_MLDSA_experiment/continuation_v1.17/binius64-source/crates/hash/Cargo.toml	2f5859377e706596ef0323f0a76a5098481ca4d2b94d3d5c6e617827c5654caa	448	D3	exclude-vendored		vendored upstream binius-zk/binius64 @ 37e9cd64e82243cde0e79c7d8ac0dc319f1cbeb4 (workspace 0.1.0, edition 2024, Rust 1.97.1, licence Apache-2.0 OR MIT); excluded per the D3 dossier (keep a pinned upstream reference, not the tree); the six local modifications are listed in the copied record source-comparison.json (patch prover_memory.patch)
PQ_CE_QS_v1 (2).29_MLKEM_MLDSA_experiment/continuation_v1.17/binius64-source/crates/hash/src/blake3.rs	2e8e130c33a90d2d8ef4cede0b1943c03f693483ccb306c8ec3a5ab22095c6da	1732	D3	exclude-vendored		vendored upstream binius-zk/binius64 @ 37e9cd64e82243cde0e79c7d8ac0dc319f1cbeb4 (workspace 0.1.0, edition 2024, Rust 1.97.1, licence Apache-2.0 OR MIT); excluded per the D3 dossier (keep a pinned upstream reference, not the tree); the six local modifications are listed in the copied record source-comparison.json (patch prover_memory.patch)
PQ_CE_QS_v1 (2).29_MLKEM_MLDSA_experiment/continuation_v1.17/binius64-source/crates/hash/src/compress.rs	e7bb1ffa81961a7514895240db5e10b243b6934ea94f1967effdae8b3508f33a	891	D3	exclude-vendored		vendored upstream binius-zk/binius64 @ 37e9cd64e82243cde0e79c7d8ac0dc319f1cbeb4 (workspace 0.1.0, edition 2024, Rust 1.97.1, licence Apache-2.0 OR MIT); excluded per the D3 dossier (keep a pinned upstream reference, not the tree); the six local modifications are listed in the copied record source-comparison.json (patch prover_memory.patch)
PQ_CE_QS_v1 (2).29_MLKEM_MLDSA_experiment/continuation_v1.17/binius64-source/crates/hash/src/lib.rs	0bf773b8fd23012745d8bc6fb93a321f374019eb4e1cde98c989b9b6d20f9463	1324	D3	exclude-vendored		vendored upstream binius-zk/binius64 @ 37e9cd64e82243cde0e79c7d8ac0dc319f1cbeb4 (workspace 0.1.0, edition 2024, Rust 1.97.1, licence Apache-2.0 OR MIT); excluded per the D3 dossier (keep a pinned upstream reference, not the tree); the six local modifications are listed in the copied record source-comparison.json (patch prover_memory.patch)
PQ_CE_QS_v1 (2).29_MLKEM_MLDSA_experiment/continuation_v1.17/binius64-source/crates/hash/src/serialization.rs	51974f22ee7bd84bfde66fa19139c0b7d98d0b9651b85d8034d65b869c91cd5e	2736	D3	exclude-vendored		vendored upstream binius-zk/binius64 @ 37e9cd64e82243cde0e79c7d8ac0dc319f1cbeb4 (workspace 0.1.0, edition 2024, Rust 1.97.1, licence Apache-2.0 OR MIT); excluded per the D3 dossier (keep a pinned upstream reference, not the tree); the six local modifications are listed in the copied record source-comparison.json (patch prover_memory.patch)
PQ_CE_QS_v1 (2).29_MLKEM_MLDSA_experiment/continuation_v1.17/binius64-source/crates/hash/src/sha256.rs	74c95311b2fa8471b459ac443d88c89100d42f00a4126d97c2d4947f3c223a58	4283	D3	exclude-vendored		vendored upstream binius-zk/binius64 @ 37e9cd64e82243cde0e79c7d8ac0dc319f1cbeb4 (workspace 0.1.0, edition 2024, Rust 1.97.1, licence Apache-2.0 OR MIT); excluded per the D3 dossier (keep a pinned upstream reference, not the tree); the six local modifications are listed in the copied record source-comparison.json (patch prover_memory.patch)
PQ_CE_QS_v1 (2).29_MLKEM_MLDSA_experiment/continuation_v1.17/binius64-source/crates/hash/src/suite.rs	5ffc17216eea693868e5915c9e3aa7fdb3c29f6f515a9ada676805d2c2d2656d	807	D3	exclude-vendored		vendored upstream binius-zk/binius64 @ 37e9cd64e82243cde0e79c7d8ac0dc319f1cbeb4 (workspace 0.1.0, edition 2024, Rust 1.97.1, licence Apache-2.0 OR MIT); excluded per the D3 dossier (keep a pinned upstream reference, not the tree); the six local modifications are listed in the copied record source-comparison.json (patch prover_memory.patch)
PQ_CE_QS_v1 (2).29_MLKEM_MLDSA_experiment/continuation_v1.17/binius64-source/crates/iop-prover/Cargo.toml	0bc3704bffbb784afcc1eb93faf0d83b4966408f0b09371ba1c9928b8a716944	1017	D3	exclude-vendored		vendored upstream binius-zk/binius64 @ 37e9cd64e82243cde0e79c7d8ac0dc319f1cbeb4 (workspace 0.1.0, edition 2024, Rust 1.97.1, licence Apache-2.0 OR MIT); excluded per the D3 dossier (keep a pinned upstream reference, not the tree); the six local modifications are listed in the copied record source-comparison.json (patch prover_memory.patch)
PQ_CE_QS_v1 (2).29_MLKEM_MLDSA_experiment/continuation_v1.17/binius64-source/crates/iop-prover/benches/binary_merkle_tree.rs	06de460f86c3c0b8d36fea1d82a2f8bb6de9cbd22003d6557347bc7c7ec79de8	3340	D3	exclude-vendored		vendored upstream binius-zk/binius64 @ 37e9cd64e82243cde0e79c7d8ac0dc319f1cbeb4 (workspace 0.1.0, edition 2024, Rust 1.97.1, licence Apache-2.0 OR MIT); excluded per the D3 dossier (keep a pinned upstream reference, not the tree); the six local modifications are listed in the copied record source-comparison.json (patch prover_memory.patch)
PQ_CE_QS_v1 (2).29_MLKEM_MLDSA_experiment/continuation_v1.17/binius64-source/crates/iop-prover/src/basefold/channel.rs	cb5b36bc50a08088de55044641ba1afed98fc0b9ddd99bb23c1340450d3a1439	45640	D3	exclude-vendored		vendored upstream binius-zk/binius64 @ 37e9cd64e82243cde0e79c7d8ac0dc319f1cbeb4 (workspace 0.1.0, edition 2024, Rust 1.97.1, licence Apache-2.0 OR MIT); excluded per the D3 dossier (keep a pinned upstream reference, not the tree); the six local modifications are listed in the copied record source-comparison.json (patch prover_memory.patch)
PQ_CE_QS_v1 (2).29_MLKEM_MLDSA_experiment/continuation_v1.17/binius64-source/crates/iop-prover/src/basefold/compiler.rs	3a84b34682c045b9288b8bbbc661ab068d9b354c970d02bd12cd6b87bb664f15	7675	D3	exclude-vendored		vendored upstream binius-zk/binius64 @ 37e9cd64e82243cde0e79c7d8ac0dc319f1cbeb4 (workspace 0.1.0, edition 2024, Rust 1.97.1, licence Apache-2.0 OR MIT); excluded per the D3 dossier (keep a pinned upstream reference, not the tree); the six local modifications are listed in the copied record source-comparison.json (patch prover_memory.patch)
PQ_CE_QS_v1 (2).29_MLKEM_MLDSA_experiment/continuation_v1.17/binius64-source/crates/iop-prover/src/basefold/mod.rs	0775f699885e5575fea6e3548668d8629b6e20acd750e02f7f9a3dd3112bebac	204	D3	exclude-vendored		vendored upstream binius-zk/binius64 @ 37e9cd64e82243cde0e79c7d8ac0dc319f1cbeb4 (workspace 0.1.0, edition 2024, Rust 1.97.1, licence Apache-2.0 OR MIT); excluded per the D3 dossier (keep a pinned upstream reference, not the tree); the six local modifications are listed in the copied record source-comparison.json (patch prover_memory.patch)
PQ_CE_QS_v1 (2).29_MLKEM_MLDSA_experiment/continuation_v1.17/binius64-source/crates/iop-prover/src/basefold/opening.rs	1924966386daad0bba081d9068647b0448694077b9102c13c42554b1bfc3d05b	10723	D3	exclude-vendored		vendored upstream binius-zk/binius64 @ 37e9cd64e82243cde0e79c7d8ac0dc319f1cbeb4 (workspace 0.1.0, edition 2024, Rust 1.97.1, licence Apache-2.0 OR MIT); excluded per the D3 dossier (keep a pinned upstream reference, not the tree); the six local modifications are listed in the copied record source-comparison.json (patch prover_memory.patch)
PQ_CE_QS_v1 (2).29_MLKEM_MLDSA_experiment/continuation_v1.17/binius64-source/crates/iop-prover/src/channel/grinding.rs	eadcccac6015634f6f4e0070a12659d6db3bcc2ac7b7e56090642b60a4ec7959	1177	D3	exclude-vendored		vendored upstream binius-zk/binius64 @ 37e9cd64e82243cde0e79c7d8ac0dc319f1cbeb4 (workspace 0.1.0, edition 2024, Rust 1.97.1, licence Apache-2.0 OR MIT); excluded per the D3 dossier (keep a pinned upstream reference, not the tree); the six local modifications are listed in the copied record source-comparison.json (patch prover_memory.patch)
PQ_CE_QS_v1 (2).29_MLKEM_MLDSA_experiment/continuation_v1.17/binius64-source/crates/iop-prover/src/channel/merge.rs	e7769411f8a46da9cd67bbbb60afe879dce22d323de3fb4c4fbc8bd2bd857d12	25297	D3	exclude-vendored		vendored upstream binius-zk/binius64 @ 37e9cd64e82243cde0e79c7d8ac0dc319f1cbeb4 (workspace 0.1.0, edition 2024, Rust 1.97.1, licence Apache-2.0 OR MIT); excluded per the D3 dossier (keep a pinned upstream reference, not the tree); the six local modifications are listed in the copied record source-comparison.json (patch prover_memory.patch)
PQ_CE_QS_v1 (2).29_MLKEM_MLDSA_experiment/continuation_v1.17/binius64-source/crates/iop-prover/src/channel/mod.rs	37c0294064ac7d636d0f2891db700359744f74dd1fcd36985e92647c803edb0b	3132	D3	exclude-vendored		vendored upstream binius-zk/binius64 @ 37e9cd64e82243cde0e79c7d8ac0dc319f1cbeb4 (workspace 0.1.0, edition 2024, Rust 1.97.1, licence Apache-2.0 OR MIT); excluded per the D3 dossier (keep a pinned upstream reference, not the tree); the six local modifications are listed in the copied record source-comparison.json (patch prover_memory.patch)
PQ_CE_QS_v1 (2).29_MLKEM_MLDSA_experiment/continuation_v1.17/binius64-source/crates/iop-prover/src/channel/naive.rs	959d37dde17972a09fa6366a94498c13e363c5236fb1ae39c15d356cda7794c5	5448	D3	exclude-vendored		vendored upstream binius-zk/binius64 @ 37e9cd64e82243cde0e79c7d8ac0dc319f1cbeb4 (workspace 0.1.0, edition 2024, Rust 1.97.1, licence Apache-2.0 OR MIT); excluded per the D3 dossier (keep a pinned upstream reference, not the tree); the six local modifications are listed in the copied record source-comparison.json (patch prover_memory.patch)
PQ_CE_QS_v1 (2).29_MLKEM_MLDSA_experiment/continuation_v1.17/binius64-source/crates/iop-prover/src/fri/encode.rs	00a4e651aacaf7b69b9b3a3f310666629c7fe1239af753c8d4b57069e1d00c61	8382	D3	exclude-vendored		vendored upstream binius-zk/binius64 @ 37e9cd64e82243cde0e79c7d8ac0dc319f1cbeb4 (workspace 0.1.0, edition 2024, Rust 1.97.1, licence Apache-2.0 OR MIT); excluded per the D3 dossier (keep a pinned upstream reference, not the tree); the six local modifications are listed in the copied record source-comparison.json (patch prover_memory.patch)
PQ_CE_QS_v1 (2).29_MLKEM_MLDSA_experiment/continuation_v1.17/binius64-source/crates/iop-prover/src/fri/fold.rs	1c090f69c49a0b26640350e86ab316c14d4995e35deda2851f23c0459d987c9e	24115	D3	exclude-vendored		vendored upstream binius-zk/binius64 @ 37e9cd64e82243cde0e79c7d8ac0dc319f1cbeb4 (workspace 0.1.0, edition 2024, Rust 1.97.1, licence Apache-2.0 OR MIT); excluded per the D3 dossier (keep a pinned upstream reference, not the tree); the six local modifications are listed in the copied record source-comparison.json (patch prover_memory.patch)
PQ_CE_QS_v1 (2).29_MLKEM_MLDSA_experiment/continuation_v1.17/binius64-source/crates/iop-prover/src/fri/mod.rs	dd2af008296e39e101e01fb125128abb43e88a6b43a158657e32526855c97d4c	193	D3	exclude-vendored		vendored upstream binius-zk/binius64 @ 37e9cd64e82243cde0e79c7d8ac0dc319f1cbeb4 (workspace 0.1.0, edition 2024, Rust 1.97.1, licence Apache-2.0 OR MIT); excluded per the D3 dossier (keep a pinned upstream reference, not the tree); the six local modifications are listed in the copied record source-comparison.json (patch prover_memory.patch)
PQ_CE_QS_v1 (2).29_MLKEM_MLDSA_experiment/continuation_v1.17/binius64-source/crates/iop-prover/src/fri/query.rs	d2ad17008dfe1c468aebdb976bab599ec764c5c33ebea8040023f60f00392f19	7878	D3	exclude-vendored		vendored upstream binius-zk/binius64 @ 37e9cd64e82243cde0e79c7d8ac0dc319f1cbeb4 (workspace 0.1.0, edition 2024, Rust 1.97.1, licence Apache-2.0 OR MIT); excluded per the D3 dossier (keep a pinned upstream reference, not the tree); the six local modifications are listed in the copied record source-comparison.json (patch prover_memory.patch)
PQ_CE_QS_v1 (2).29_MLKEM_MLDSA_experiment/continuation_v1.17/binius64-source/crates/iop-prover/src/fri/tests.rs	ac900933c9155548e08b7d9c96bc9699e838c43d58a212fbcd25e0b3adce8b96	28809	D3	exclude-vendored		vendored upstream binius-zk/binius64 @ 37e9cd64e82243cde0e79c7d8ac0dc319f1cbeb4 (workspace 0.1.0, edition 2024, Rust 1.97.1, licence Apache-2.0 OR MIT); excluded per the D3 dossier (keep a pinned upstream reference, not the tree); the six local modifications are listed in the copied record source-comparison.json (patch prover_memory.patch)
PQ_CE_QS_v1 (2).29_MLKEM_MLDSA_experiment/continuation_v1.17/binius64-source/crates/iop-prover/src/lib.rs	7c65fac5c04f5d3249077e0a0d16a246ed95379b4377d1ffaf72c9cc4e458349	1225	D3	exclude-vendored		vendored upstream binius-zk/binius64 @ 37e9cd64e82243cde0e79c7d8ac0dc319f1cbeb4 (workspace 0.1.0, edition 2024, Rust 1.97.1, licence Apache-2.0 OR MIT); excluded per the D3 dossier (keep a pinned upstream reference, not the tree); the six local modifications are listed in the copied record source-comparison.json (patch prover_memory.patch)
PQ_CE_QS_v1 (2).29_MLKEM_MLDSA_experiment/continuation_v1.17/binius64-source/crates/iop-prover/src/logup_star.rs	aba28b3834c813a93d8799a7eeafde62a0e42bd1d1ae178586a2ee8fd1ea2ed6	28270	D3	exclude-vendored		vendored upstream binius-zk/binius64 @ 37e9cd64e82243cde0e79c7d8ac0dc319f1cbeb4 (workspace 0.1.0, edition 2024, Rust 1.97.1, licence Apache-2.0 OR MIT); excluded per the D3 dossier (keep a pinned upstream reference, not the tree); the six local modifications are listed in the copied record source-comparison.json (patch prover_memory.patch)
PQ_CE_QS_v1 (2).29_MLKEM_MLDSA_experiment/continuation_v1.17/binius64-source/crates/iop-prover/src/merkle_channel.rs	60745b6bacc38235a0cb7670364df6b0b9682074230dd883882846ee91c9cbf5	18594	D3	exclude-vendored		vendored upstream binius-zk/binius64 @ 37e9cd64e82243cde0e79c7d8ac0dc319f1cbeb4 (workspace 0.1.0, edition 2024, Rust 1.97.1, licence Apache-2.0 OR MIT); excluded per the D3 dossier (keep a pinned upstream reference, not the tree); the six local modifications are listed in the copied record source-comparison.json (patch prover_memory.patch)
PQ_CE_QS_v1 (2).29_MLKEM_MLDSA_experiment/continuation_v1.17/binius64-source/crates/iop-prover/src/merkle_tree/mod.rs	5ada124a8744e8db9a30a771b96426ddfca29a3f53eb77ff1e7af9f33b66b406	3795	D3	exclude-vendored		vendored upstream binius-zk/binius64 @ 37e9cd64e82243cde0e79c7d8ac0dc319f1cbeb4 (workspace 0.1.0, edition 2024, Rust 1.97.1, licence Apache-2.0 OR MIT); excluded per the D3 dossier (keep a pinned upstream reference, not the tree); the six local modifications are listed in the copied record source-comparison.json (patch prover_memory.patch)
PQ_CE_QS_v1 (2).29_MLKEM_MLDSA_experiment/continuation_v1.17/binius64-source/crates/iop-prover/src/merkle_tree/prover.rs	eaae30c0cba2103343ecf18888e1bc57ed3816cb19674bfcd5f0ea0f0ab56058	2885	D3	exclude-vendored		vendored upstream binius-zk/binius64 @ 37e9cd64e82243cde0e79c7d8ac0dc319f1cbeb4 (workspace 0.1.0, edition 2024, Rust 1.97.1, licence Apache-2.0 OR MIT); excluded per the D3 dossier (keep a pinned upstream reference, not the tree); the six local modifications are listed in the copied record source-comparison.json (patch prover_memory.patch)
PQ_CE_QS_v1 (2).29_MLKEM_MLDSA_experiment/continuation_v1.17/binius64-source/crates/iop-prover/src/merkle_tree/tests.rs	773a86727c25de9f02cbfaf97f76a845584632b7076768a096232515fab2dcbf	6766	D3	exclude-vendored		vendored upstream binius-zk/binius64 @ 37e9cd64e82243cde0e79c7d8ac0dc319f1cbeb4 (workspace 0.1.0, edition 2024, Rust 1.97.1, licence Apache-2.0 OR MIT); excluded per the D3 dossier (keep a pinned upstream reference, not the tree); the six local modifications are listed in the copied record source-comparison.json (patch prover_memory.patch)
PQ_CE_QS_v1 (2).29_MLKEM_MLDSA_experiment/continuation_v1.17/binius64-source/crates/iop-prover/src/whir/channel/combined_message.rs	0f4fb2f5188ce23c3d5e1e9f810cb9af39c45fe7593b7508f1d6f63dc55f9340	5487	D3	exclude-vendored		vendored upstream binius-zk/binius64 @ 37e9cd64e82243cde0e79c7d8ac0dc319f1cbeb4 (workspace 0.1.0, edition 2024, Rust 1.97.1, licence Apache-2.0 OR MIT); excluded per the D3 dossier (keep a pinned upstream reference, not the tree); the six local modifications are listed in the copied record source-comparison.json (patch prover_memory.patch)
PQ_CE_QS_v1 (2).29_MLKEM_MLDSA_experiment/continuation_v1.17/binius64-source/crates/iop-prover/src/whir/channel/mod.rs	b5f77e292f39c07303823c79731988787c9ea5711154fca1b2dbc25c4f2c96cd	668	D3	exclude-vendored		vendored upstream binius-zk/binius64 @ 37e9cd64e82243cde0e79c7d8ac0dc319f1cbeb4 (workspace 0.1.0, edition 2024, Rust 1.97.1, licence Apache-2.0 OR MIT); excluded per the D3 dossier (keep a pinned upstream reference, not the tree); the six local modifications are listed in the copied record source-comparison.json (patch prover_memory.patch)
PQ_CE_QS_v1 (2).29_MLKEM_MLDSA_experiment/continuation_v1.17/binius64-source/crates/iop-prover/src/whir/channel/prover.rs	b8b3b4afd267abf77d19a3b8d6fc74563da00353554b28c3ebd0b071ee92fd24	28639	D3	exclude-vendored		vendored upstream binius-zk/binius64 @ 37e9cd64e82243cde0e79c7d8ac0dc319f1cbeb4 (workspace 0.1.0, edition 2024, Rust 1.97.1, licence Apache-2.0 OR MIT); excluded per the D3 dossier (keep a pinned upstream reference, not the tree); the six local modifications are listed in the copied record source-comparison.json (patch prover_memory.patch)
PQ_CE_QS_v1 (2).29_MLKEM_MLDSA_experiment/continuation_v1.17/binius64-source/crates/iop-prover/src/whir/channel/relation.rs	effedf363962ca02dab2156457f1df594399d76a78dd98302fc3677b9e8fef0d	2421	D3	exclude-vendored		vendored upstream binius-zk/binius64 @ 37e9cd64e82243cde0e79c7d8ac0dc319f1cbeb4 (workspace 0.1.0, edition 2024, Rust 1.97.1, licence Apache-2.0 OR MIT); excluded per the D3 dossier (keep a pinned upstream reference, not the tree); the six local modifications are listed in the copied record source-comparison.json (patch prover_memory.patch)
PQ_CE_QS_v1 (2).29_MLKEM_MLDSA_experiment/continuation_v1.17/binius64-source/crates/iop-prover/src/whir/compiler.rs	18fbe668bb8a2e98fc2412a9598ee71d8ed2fe88039347c13dad6030667620fb	5679	D3	exclude-vendored		vendored upstream binius-zk/binius64 @ 37e9cd64e82243cde0e79c7d8ac0dc319f1cbeb4 (workspace 0.1.0, edition 2024, Rust 1.97.1, licence Apache-2.0 OR MIT); excluded per the D3 dossier (keep a pinned upstream reference, not the tree); the six local modifications are listed in the copied record source-comparison.json (patch prover_memory.patch)
PQ_CE_QS_v1 (2).29_MLKEM_MLDSA_experiment/continuation_v1.17/binius64-source/crates/iop-prover/src/whir/induced_weight.rs	613be2d71dfb38013a2f8eba316b036878ff2a6a939f3406c72e73d70bb0d6f0	10303	D3	exclude-vendored		vendored upstream binius-zk/binius64 @ 37e9cd64e82243cde0e79c7d8ac0dc319f1cbeb4 (workspace 0.1.0, edition 2024, Rust 1.97.1, licence Apache-2.0 OR MIT); excluded per the D3 dossier (keep a pinned upstream reference, not the tree); the six local modifications are listed in the copied record source-comparison.json (patch prover_memory.patch)
PQ_CE_QS_v1 (2).29_MLKEM_MLDSA_experiment/continuation_v1.17/binius64-source/crates/iop-prover/src/whir/mod.rs	f40c6fc10cb35d898a9333662fb26e43f7c9f0c0052f9a196d56373f1be415a6	460	D3	exclude-vendored		vendored upstream binius-zk/binius64 @ 37e9cd64e82243cde0e79c7d8ac0dc319f1cbeb4 (workspace 0.1.0, edition 2024, Rust 1.97.1, licence Apache-2.0 OR MIT); excluded per the D3 dossier (keep a pinned upstream reference, not the tree); the six local modifications are listed in the copied record source-comparison.json (patch prover_memory.patch)
PQ_CE_QS_v1 (2).29_MLKEM_MLDSA_experiment/continuation_v1.17/binius64-source/crates/iop-prover/src/whir/opening.rs	b758a5d3e43a3b0624f4d877b87fa2415ed1740b83df95e06646cf96e6bf9d76	49184	D3	exclude-vendored		vendored upstream binius-zk/binius64 @ 37e9cd64e82243cde0e79c7d8ac0dc319f1cbeb4 (workspace 0.1.0, edition 2024, Rust 1.97.1, licence Apache-2.0 OR MIT); excluded per the D3 dossier (keep a pinned upstream reference, not the tree); the six local modifications are listed in the copied record source-comparison.json (patch prover_memory.patch)
PQ_CE_QS_v1 (2).29_MLKEM_MLDSA_experiment/continuation_v1.17/binius64-source/crates/iop-prover/tests/merkle_pool_allocations.rs	2c0c482bc53ac75b0c7e566e353e3b117aadd778bcf39845b0cd81962a46bf7f	6925	D3	exclude-vendored		vendored upstream binius-zk/binius64 @ 37e9cd64e82243cde0e79c7d8ac0dc319f1cbeb4 (workspace 0.1.0, edition 2024, Rust 1.97.1, licence Apache-2.0 OR MIT); excluded per the D3 dossier (keep a pinned upstream reference, not the tree); the six local modifications are listed in the copied record source-comparison.json (patch prover_memory.patch)
PQ_CE_QS_v1 (2).29_MLKEM_MLDSA_experiment/continuation_v1.17/binius64-source/crates/iop/Cargo.toml	6eafa1456dfb3b1697163868581fc5a0ca5e9968c0105ae3590e490d1a3c53ff	677	D3	exclude-vendored		vendored upstream binius-zk/binius64 @ 37e9cd64e82243cde0e79c7d8ac0dc319f1cbeb4 (workspace 0.1.0, edition 2024, Rust 1.97.1, licence Apache-2.0 OR MIT); excluded per the D3 dossier (keep a pinned upstream reference, not the tree); the six local modifications are listed in the copied record source-comparison.json (patch prover_memory.patch)
PQ_CE_QS_v1 (2).29_MLKEM_MLDSA_experiment/continuation_v1.17/binius64-source/crates/iop/src/basefold/channel.rs	7146dd7549899b12cee9bdd27526d1a3d49253795b3d2c6b3d7a06eb98ab176b	15712	D3	exclude-vendored		vendored upstream binius-zk/binius64 @ 37e9cd64e82243cde0e79c7d8ac0dc319f1cbeb4 (workspace 0.1.0, edition 2024, Rust 1.97.1, licence Apache-2.0 OR MIT); excluded per the D3 dossier (keep a pinned upstream reference, not the tree); the six local modifications are listed in the copied record source-comparison.json (patch prover_memory.patch)
PQ_CE_QS_v1 (2).29_MLKEM_MLDSA_experiment/continuation_v1.17/binius64-source/crates/iop/src/basefold/compiler.rs	2d07fa7ec176e0cc2415ab7604bd851d12cfe928d4b9cbebdf9361884ee49a25	4398	D3	exclude-vendored		vendored upstream binius-zk/binius64 @ 37e9cd64e82243cde0e79c7d8ac0dc319f1cbeb4 (workspace 0.1.0, edition 2024, Rust 1.97.1, licence Apache-2.0 OR MIT); excluded per the D3 dossier (keep a pinned upstream reference, not the tree); the six local modifications are listed in the copied record source-comparison.json (patch prover_memory.patch)
PQ_CE_QS_v1 (2).29_MLKEM_MLDSA_experiment/continuation_v1.17/binius64-source/crates/iop/src/basefold/error.rs	10b5f146a8228723727b2b52148f630cdc5b090263e670b0ccb54e7f1885c977	667	D3	exclude-vendored		vendored upstream binius-zk/binius64 @ 37e9cd64e82243cde0e79c7d8ac0dc319f1cbeb4 (workspace 0.1.0, edition 2024, Rust 1.97.1, licence Apache-2.0 OR MIT); excluded per the D3 dossier (keep a pinned upstream reference, not the tree); the six local modifications are listed in the copied record source-comparison.json (patch prover_memory.patch)
PQ_CE_QS_v1 (2).29_MLKEM_MLDSA_experiment/continuation_v1.17/binius64-source/crates/iop/src/basefold/mod.rs	2025ef4a3b583b8b3c8b0c601d58e7735b89f86aaaf50b6ec4717ada8fad7545	1378	D3	exclude-vendored		vendored upstream binius-zk/binius64 @ 37e9cd64e82243cde0e79c7d8ac0dc319f1cbeb4 (workspace 0.1.0, edition 2024, Rust 1.97.1, licence Apache-2.0 OR MIT); excluded per the D3 dossier (keep a pinned upstream reference, not the tree); the six local modifications are listed in the copied record source-comparison.json (patch prover_memory.patch)
PQ_CE_QS_v1 (2).29_MLKEM_MLDSA_experiment/continuation_v1.17/binius64-source/crates/iop/src/basefold/opening.rs	c18bfc702757155ec62f4041880e3c51229b11c1124e5df5fcabb6c31e2f0f94	5772	D3	exclude-vendored		vendored upstream binius-zk/binius64 @ 37e9cd64e82243cde0e79c7d8ac0dc319f1cbeb4 (workspace 0.1.0, edition 2024, Rust 1.97.1, licence Apache-2.0 OR MIT); excluded per the D3 dossier (keep a pinned upstream reference, not the tree); the six local modifications are listed in the copied record source-comparison.json (patch prover_memory.patch)
PQ_CE_QS_v1 (2).29_MLKEM_MLDSA_experiment/continuation_v1.17/binius64-source/crates/iop/src/channel/grinding.rs	3ec810d8c807762f5bfb9a1282762aa638e70cfff41ccafd9c8b552d3f6b7019	1780	D3	exclude-vendored		vendored upstream binius-zk/binius64 @ 37e9cd64e82243cde0e79c7d8ac0dc319f1cbeb4 (workspace 0.1.0, edition 2024, Rust 1.97.1, licence Apache-2.0 OR MIT); excluded per the D3 dossier (keep a pinned upstream reference, not the tree); the six local modifications are listed in the copied record source-comparison.json (patch prover_memory.patch)
PQ_CE_QS_v1 (2).29_MLKEM_MLDSA_experiment/continuation_v1.17/binius64-source/crates/iop/src/channel/merge.rs	c2c8b4f58a4134f698d672e53bbf5343e6e85b9f08fc4b955230d55d62d90c47	20251	D3	exclude-vendored		vendored upstream binius-zk/binius64 @ 37e9cd64e82243cde0e79c7d8ac0dc319f1cbeb4 (workspace 0.1.0, edition 2024, Rust 1.97.1, licence Apache-2.0 OR MIT); excluded per the D3 dossier (keep a pinned upstream reference, not the tree); the six local modifications are listed in the copied record source-comparison.json (patch prover_memory.patch)
PQ_CE_QS_v1 (2).29_MLKEM_MLDSA_experiment/continuation_v1.17/binius64-source/crates/iop/src/channel/mod.rs	639a6a57e7b70a9e0c48e27e3b8a3e0a3bc38ed078fd2dd16da11271495b8eb4	7729	D3	exclude-vendored		vendored upstream binius-zk/binius64 @ 37e9cd64e82243cde0e79c7d8ac0dc319f1cbeb4 (workspace 0.1.0, edition 2024, Rust 1.97.1, licence Apache-2.0 OR MIT); excluded per the D3 dossier (keep a pinned upstream reference, not the tree); the six local modifications are listed in the copied record source-comparison.json (patch prover_memory.patch)
PQ_CE_QS_v1 (2).29_MLKEM_MLDSA_experiment/continuation_v1.17/binius64-source/crates/iop/src/channel/naive.rs	80a566083b3a7785e91b9f25637e10ee21120f12b5565a078b2802ba29741455	6249	D3	exclude-vendored		vendored upstream binius-zk/binius64 @ 37e9cd64e82243cde0e79c7d8ac0dc319f1cbeb4 (workspace 0.1.0, edition 2024, Rust 1.97.1, licence Apache-2.0 OR MIT); excluded per the D3 dossier (keep a pinned upstream reference, not the tree); the six local modifications are listed in the copied record source-comparison.json (patch prover_memory.patch)
PQ_CE_QS_v1 (2).29_MLKEM_MLDSA_experiment/continuation_v1.17/binius64-source/crates/iop/src/channel/oracle_setup.rs	de2a8243c6edacf4450c3875b9b84ae4745fe8554b372879b36b2a76fc6d0fe5	11560	D3	exclude-vendored		vendored upstream binius-zk/binius64 @ 37e9cd64e82243cde0e79c7d8ac0dc319f1cbeb4 (workspace 0.1.0, edition 2024, Rust 1.97.1, licence Apache-2.0 OR MIT); excluded per the D3 dossier (keep a pinned upstream reference, not the tree); the six local modifications are listed in the copied record source-comparison.json (patch prover_memory.patch)
PQ_CE_QS_v1 (2).29_MLKEM_MLDSA_experiment/continuation_v1.17/binius64-source/crates/iop/src/channel/size_tracking.rs	2d3bfd760e41854db34108d6d673913d5fba5b1217beab06e04c2ac573158299	6852	D3	exclude-vendored		vendored upstream binius-zk/binius64 @ 37e9cd64e82243cde0e79c7d8ac0dc319f1cbeb4 (workspace 0.1.0, edition 2024, Rust 1.97.1, licence Apache-2.0 OR MIT); excluded per the D3 dossier (keep a pinned upstream reference, not the tree); the six local modifications are listed in the copied record source-comparison.json (patch prover_memory.patch)
PQ_CE_QS_v1 (2).29_MLKEM_MLDSA_experiment/continuation_v1.17/binius64-source/crates/iop/src/fri/batch.rs	880cccfec61b26f0e70afb0bd402cf2d93301589426cd73fca890a82b7f1eed3	12699	D3	exclude-vendored		vendored upstream binius-zk/binius64 @ 37e9cd64e82243cde0e79c7d8ac0dc319f1cbeb4 (workspace 0.1.0, edition 2024, Rust 1.97.1, licence Apache-2.0 OR MIT); excluded per the D3 dossier (keep a pinned upstream reference, not the tree); the six local modifications are listed in the copied record source-comparison.json (patch prover_memory.patch)
PQ_CE_QS_v1 (2).29_MLKEM_MLDSA_experiment/continuation_v1.17/binius64-source/crates/iop/src/fri/common.rs	4d82f637e874229aca6e9a30478ab75a825d8c7ba11209b7c6fcdd2af93e794f	41622	D3	exclude-vendored		vendored upstream binius-zk/binius64 @ 37e9cd64e82243cde0e79c7d8ac0dc319f1cbeb4 (workspace 0.1.0, edition 2024, Rust 1.97.1, licence Apache-2.0 OR MIT); excluded per the D3 dossier (keep a pinned upstream reference, not the tree); the six local modifications are listed in the copied record source-comparison.json (patch prover_memory.patch)
PQ_CE_QS_v1 (2).29_MLKEM_MLDSA_experiment/continuation_v1.17/binius64-source/crates/iop/src/fri/error.rs	4241e9420b0108045fb5b40233a1473aaf38f52d68be29908bfc32ec8935c4dd	1117	D3	exclude-vendored		vendored upstream binius-zk/binius64 @ 37e9cd64e82243cde0e79c7d8ac0dc319f1cbeb4 (workspace 0.1.0, edition 2024, Rust 1.97.1, licence Apache-2.0 OR MIT); excluded per the D3 dossier (keep a pinned upstream reference, not the tree); the six local modifications are listed in the copied record source-comparison.json (patch prover_memory.patch)
PQ_CE_QS_v1 (2).29_MLKEM_MLDSA_experiment/continuation_v1.17/binius64-source/crates/iop/src/fri/fold.rs	f7f06dfd1c82f49f13b96fe17b4f085502c104cc685880352645d98ae5982476	8617	D3	exclude-vendored		vendored upstream binius-zk/binius64 @ 37e9cd64e82243cde0e79c7d8ac0dc319f1cbeb4 (workspace 0.1.0, edition 2024, Rust 1.97.1, licence Apache-2.0 OR MIT); excluded per the D3 dossier (keep a pinned upstream reference, not the tree); the six local modifications are listed in the copied record source-comparison.json (patch prover_memory.patch)
PQ_CE_QS_v1 (2).29_MLKEM_MLDSA_experiment/continuation_v1.17/binius64-source/crates/iop/src/fri/mod.rs	dc20486eb0325bdd0671dbff910cb78380a508b7fbee003e67811772fb895055	1867	D3	exclude-vendored		vendored upstream binius-zk/binius64 @ 37e9cd64e82243cde0e79c7d8ac0dc319f1cbeb4 (workspace 0.1.0, edition 2024, Rust 1.97.1, licence Apache-2.0 OR MIT); excluded per the D3 dossier (keep a pinned upstream reference, not the tree); the six local modifications are listed in the copied record source-comparison.json (patch prover_memory.patch)
PQ_CE_QS_v1 (2).29_MLKEM_MLDSA_experiment/continuation_v1.17/binius64-source/crates/iop/src/fri/size_estimation.rs	bc14f83f1e9ca0afabb9754163c38ec08162b27654af24c7f0b8f8d4f51baca9	2732	D3	exclude-vendored		vendored upstream binius-zk/binius64 @ 37e9cd64e82243cde0e79c7d8ac0dc319f1cbeb4 (workspace 0.1.0, edition 2024, Rust 1.97.1, licence Apache-2.0 OR MIT); excluded per the D3 dossier (keep a pinned upstream reference, not the tree); the six local modifications are listed in the copied record source-comparison.json (patch prover_memory.patch)
PQ_CE_QS_v1 (2).29_MLKEM_MLDSA_experiment/continuation_v1.17/binius64-source/crates/iop/src/fri/verify.rs	166d0eaa1d8991eebcb6efc3254874637084c9a3f2deb4ce8b2b722e5c240eed	10302	D3	exclude-vendored		vendored upstream binius-zk/binius64 @ 37e9cd64e82243cde0e79c7d8ac0dc319f1cbeb4 (workspace 0.1.0, edition 2024, Rust 1.97.1, licence Apache-2.0 OR MIT); excluded per the D3 dossier (keep a pinned upstream reference, not the tree); the six local modifications are listed in the copied record source-comparison.json (patch prover_memory.patch)
PQ_CE_QS_v1 (2).29_MLKEM_MLDSA_experiment/continuation_v1.17/binius64-source/crates/iop/src/lib.rs	3dfb99d713495125c91e8de33ca1874c820bb2ac77766e7d8dadd46eed8fc643	1282	D3	exclude-vendored		vendored upstream binius-zk/binius64 @ 37e9cd64e82243cde0e79c7d8ac0dc319f1cbeb4 (workspace 0.1.0, edition 2024, Rust 1.97.1, licence Apache-2.0 OR MIT); excluded per the D3 dossier (keep a pinned upstream reference, not the tree); the six local modifications are listed in the copied record source-comparison.json (patch prover_memory.patch)
PQ_CE_QS_v1 (2).29_MLKEM_MLDSA_experiment/continuation_v1.17/binius64-source/crates/iop/src/logup_star.rs	2c96d14b83da86b2614032e3b46a224842bae3cc1c330a3a16a94993c08227f5	9497	D3	exclude-vendored		vendored upstream binius-zk/binius64 @ 37e9cd64e82243cde0e79c7d8ac0dc319f1cbeb4 (workspace 0.1.0, edition 2024, Rust 1.97.1, licence Apache-2.0 OR MIT); excluded per the D3 dossier (keep a pinned upstream reference, not the tree); the six local modifications are listed in the copied record source-comparison.json (patch prover_memory.patch)
PQ_CE_QS_v1 (2).29_MLKEM_MLDSA_experiment/continuation_v1.17/binius64-source/crates/iop/src/merkle_channel.rs	101791e80abf85acf1daf97be57ceb06089f1532b13e93a16a16259e4c673cfc	9034	D3	exclude-vendored		vendored upstream binius-zk/binius64 @ 37e9cd64e82243cde0e79c7d8ac0dc319f1cbeb4 (workspace 0.1.0, edition 2024, Rust 1.97.1, licence Apache-2.0 OR MIT); excluded per the D3 dossier (keep a pinned upstream reference, not the tree); the six local modifications are listed in the copied record source-comparison.json (patch prover_memory.patch)
PQ_CE_QS_v1 (2).29_MLKEM_MLDSA_experiment/continuation_v1.17/binius64-source/crates/iop/src/merkle_tree/error.rs	5bf2ae8717bb3dd0d036d916da25b3719d98f5fe310319d87f71c79a14bfb975	548	D3	exclude-vendored		vendored upstream binius-zk/binius64 @ 37e9cd64e82243cde0e79c7d8ac0dc319f1cbeb4 (workspace 0.1.0, edition 2024, Rust 1.97.1, licence Apache-2.0 OR MIT); excluded per the D3 dossier (keep a pinned upstream reference, not the tree); the six local modifications are listed in the copied record source-comparison.json (patch prover_memory.patch)
PQ_CE_QS_v1 (2).29_MLKEM_MLDSA_experiment/continuation_v1.17/binius64-source/crates/iop/src/merkle_tree/merkle_tree_vcs.rs	29b7e68b2916cb50a0deafd2eb19f2011e8b906f50ced1882b9da82650a09d3a	3217	D3	exclude-vendored		vendored upstream binius-zk/binius64 @ 37e9cd64e82243cde0e79c7d8ac0dc319f1cbeb4 (workspace 0.1.0, edition 2024, Rust 1.97.1, licence Apache-2.0 OR MIT); excluded per the D3 dossier (keep a pinned upstream reference, not the tree); the six local modifications are listed in the copied record source-comparison.json (patch prover_memory.patch)
PQ_CE_QS_v1 (2).29_MLKEM_MLDSA_experiment/continuation_v1.17/binius64-source/crates/iop/src/merkle_tree/mod.rs	ebdadb99d0084396403bede2a328364abcef1ad29f00a89ac65ed30386bfb7ae	172	D3	exclude-vendored		vendored upstream binius-zk/binius64 @ 37e9cd64e82243cde0e79c7d8ac0dc319f1cbeb4 (workspace 0.1.0, edition 2024, Rust 1.97.1, licence Apache-2.0 OR MIT); excluded per the D3 dossier (keep a pinned upstream reference, not the tree); the six local modifications are listed in the copied record source-comparison.json (patch prover_memory.patch)
PQ_CE_QS_v1 (2).29_MLKEM_MLDSA_experiment/continuation_v1.17/binius64-source/crates/iop/src/merkle_tree/scheme.rs	359019b2c1582a27ef0ee80cdd2f6904350f059ec7d9ac0b01f30fdc1e994ca4	9058	D3	exclude-vendored		vendored upstream binius-zk/binius64 @ 37e9cd64e82243cde0e79c7d8ac0dc319f1cbeb4 (workspace 0.1.0, edition 2024, Rust 1.97.1, licence Apache-2.0 OR MIT); excluded per the D3 dossier (keep a pinned upstream reference, not the tree); the six local modifications are listed in the copied record source-comparison.json (patch prover_memory.patch)
PQ_CE_QS_v1 (2).29_MLKEM_MLDSA_experiment/continuation_v1.17/binius64-source/crates/iop/src/soundness.rs	62c5b7a871e23501fb455582a197f3747d686cb5458415cb448f1d693b084286	35169	D3	exclude-vendored		vendored upstream binius-zk/binius64 @ 37e9cd64e82243cde0e79c7d8ac0dc319f1cbeb4 (workspace 0.1.0, edition 2024, Rust 1.97.1, licence Apache-2.0 OR MIT); excluded per the D3 dossier (keep a pinned upstream reference, not the tree); the six local modifications are listed in the copied record source-comparison.json (patch prover_memory.patch)
PQ_CE_QS_v1 (2).29_MLKEM_MLDSA_experiment/continuation_v1.17/binius64-source/crates/iop/src/whir/channel/mod.rs	5ee49d0e82c468dc26876882da8f074897dd5265052d59997ef03828755dac4e	661	D3	exclude-vendored		vendored upstream binius-zk/binius64 @ 37e9cd64e82243cde0e79c7d8ac0dc319f1cbeb4 (workspace 0.1.0, edition 2024, Rust 1.97.1, licence Apache-2.0 OR MIT); excluded per the D3 dossier (keep a pinned upstream reference, not the tree); the six local modifications are listed in the copied record source-comparison.json (patch prover_memory.patch)
PQ_CE_QS_v1 (2).29_MLKEM_MLDSA_experiment/continuation_v1.17/binius64-source/crates/iop/src/whir/channel/relation.rs	bb7022d53e24ff80944eda6bd2d4d2db43c9af462f8012c010386d069a673d83	2766	D3	exclude-vendored		vendored upstream binius-zk/binius64 @ 37e9cd64e82243cde0e79c7d8ac0dc319f1cbeb4 (workspace 0.1.0, edition 2024, Rust 1.97.1, licence Apache-2.0 OR MIT); excluded per the D3 dossier (keep a pinned upstream reference, not the tree); the six local modifications are listed in the copied record source-comparison.json (patch prover_memory.patch)
PQ_CE_QS_v1 (2).29_MLKEM_MLDSA_experiment/continuation_v1.17/binius64-source/crates/iop/src/whir/channel/verifier.rs	01fe6852247748d04b9431e1c0bba3260f5e60c9c8de4385f17c0abe7aef1fac	13948	D3	exclude-vendored		vendored upstream binius-zk/binius64 @ 37e9cd64e82243cde0e79c7d8ac0dc319f1cbeb4 (workspace 0.1.0, edition 2024, Rust 1.97.1, licence Apache-2.0 OR MIT); excluded per the D3 dossier (keep a pinned upstream reference, not the tree); the six local modifications are listed in the copied record source-comparison.json (patch prover_memory.patch)
PQ_CE_QS_v1 (2).29_MLKEM_MLDSA_experiment/continuation_v1.17/binius64-source/crates/iop/src/whir/committed_oracle.rs	125c57f61a24902036a34d9f75403f9db5128d6a0d68c50e904c0e4059fe8dab	3353	D3	exclude-vendored		vendored upstream binius-zk/binius64 @ 37e9cd64e82243cde0e79c7d8ac0dc319f1cbeb4 (workspace 0.1.0, edition 2024, Rust 1.97.1, licence Apache-2.0 OR MIT); excluded per the D3 dossier (keep a pinned upstream reference, not the tree); the six local modifications are listed in the copied record source-comparison.json (patch prover_memory.patch)
PQ_CE_QS_v1 (2).29_MLKEM_MLDSA_experiment/continuation_v1.17/binius64-source/crates/iop/src/whir/common.rs	41e5d260833a05a5a88ae711df67c785955aca5bffc11f035ba8d7c965670613	30329	D3	exclude-vendored		vendored upstream binius-zk/binius64 @ 37e9cd64e82243cde0e79c7d8ac0dc319f1cbeb4 (workspace 0.1.0, edition 2024, Rust 1.97.1, licence Apache-2.0 OR MIT); excluded per the D3 dossier (keep a pinned upstream reference, not the tree); the six local modifications are listed in the copied record source-comparison.json (patch prover_memory.patch)
PQ_CE_QS_v1 (2).29_MLKEM_MLDSA_experiment/continuation_v1.17/binius64-source/crates/iop/src/whir/compiler.rs	cac9c0574468acede83dd94ea832efd0a710003cab8d0efae2b1ab93156f8f4c	12329	D3	exclude-vendored		vendored upstream binius-zk/binius64 @ 37e9cd64e82243cde0e79c7d8ac0dc319f1cbeb4 (workspace 0.1.0, edition 2024, Rust 1.97.1, licence Apache-2.0 OR MIT); excluded per the D3 dossier (keep a pinned upstream reference, not the tree); the six local modifications are listed in the copied record source-comparison.json (patch prover_memory.patch)
PQ_CE_QS_v1 (2).29_MLKEM_MLDSA_experiment/continuation_v1.17/binius64-source/crates/iop/src/whir/error.rs	445201f4255de929f76fa7f972e413d8bc284de3956354896db330f6a87f6433	1367	D3	exclude-vendored		vendored upstream binius-zk/binius64 @ 37e9cd64e82243cde0e79c7d8ac0dc319f1cbeb4 (workspace 0.1.0, edition 2024, Rust 1.97.1, licence Apache-2.0 OR MIT); excluded per the D3 dossier (keep a pinned upstream reference, not the tree); the six local modifications are listed in the copied record source-comparison.json (patch prover_memory.patch)
PQ_CE_QS_v1 (2).29_MLKEM_MLDSA_experiment/continuation_v1.17/binius64-source/crates/iop/src/whir/induced_basis.rs	00ab767c42c1db4b663879dfe37ab59b4e34bf2de80a8ce4e5442268f5678dc5	22645	D3	exclude-vendored		vendored upstream binius-zk/binius64 @ 37e9cd64e82243cde0e79c7d8ac0dc319f1cbeb4 (workspace 0.1.0, edition 2024, Rust 1.97.1, licence Apache-2.0 OR MIT); excluded per the D3 dossier (keep a pinned upstream reference, not the tree); the six local modifications are listed in the copied record source-comparison.json (patch prover_memory.patch)
PQ_CE_QS_v1 (2).29_MLKEM_MLDSA_experiment/continuation_v1.17/binius64-source/crates/iop/src/whir/mod.rs	25d6c2dd923f86fdce290518b718da1b498206491453879ae6e26f344a8aa39d	2991	D3	exclude-vendored		vendored upstream binius-zk/binius64 @ 37e9cd64e82243cde0e79c7d8ac0dc319f1cbeb4 (workspace 0.1.0, edition 2024, Rust 1.97.1, licence Apache-2.0 OR MIT); excluded per the D3 dossier (keep a pinned upstream reference, not the tree); the six local modifications are listed in the copied record source-comparison.json (patch prover_memory.patch)
PQ_CE_QS_v1 (2).29_MLKEM_MLDSA_experiment/continuation_v1.17/binius64-source/crates/iop/src/whir/opening.rs	4ed43599a0c00b4d9ecaf460fa5308d08d4881807a0b61c972b791da8e16809f	18284	D3	exclude-vendored		vendored upstream binius-zk/binius64 @ 37e9cd64e82243cde0e79c7d8ac0dc319f1cbeb4 (workspace 0.1.0, edition 2024, Rust 1.97.1, licence Apache-2.0 OR MIT); excluded per the D3 dossier (keep a pinned upstream reference, not the tree); the six local modifications are listed in the copied record source-comparison.json (patch prover_memory.patch)
PQ_CE_QS_v1 (2).29_MLKEM_MLDSA_experiment/continuation_v1.17/binius64-source/crates/iop/src/whir/size_estimation.rs	5f0ddd62d0528845369965be7c94045c9ba41099c8d9859d107b8ecadb4def56	39804	D3	exclude-vendored		vendored upstream binius-zk/binius64 @ 37e9cd64e82243cde0e79c7d8ac0dc319f1cbeb4 (workspace 0.1.0, edition 2024, Rust 1.97.1, licence Apache-2.0 OR MIT); excluded per the D3 dossier (keep a pinned upstream reference, not the tree); the six local modifications are listed in the copied record source-comparison.json (patch prover_memory.patch)
PQ_CE_QS_v1 (2).29_MLKEM_MLDSA_experiment/continuation_v1.17/binius64-source/crates/iop/src/whir/verifier_cost.rs	ea574ef8b47c6c957b8ef4680bf838b360f4413f304664d19bd24b136bc90a1a	9654	D3	exclude-vendored		vendored upstream binius-zk/binius64 @ 37e9cd64e82243cde0e79c7d8ac0dc319f1cbeb4 (workspace 0.1.0, edition 2024, Rust 1.97.1, licence Apache-2.0 OR MIT); excluded per the D3 dossier (keep a pinned upstream reference, not the tree); the six local modifications are listed in the copied record source-comparison.json (patch prover_memory.patch)
PQ_CE_QS_v1 (2).29_MLKEM_MLDSA_experiment/continuation_v1.17/binius64-source/crates/ip-prover/Cargo.toml	305ca8a51237fdb75ff1d8462f62c79703dface2b188825203115e9e72080532	920	D3	exclude-vendored		vendored upstream binius-zk/binius64 @ 37e9cd64e82243cde0e79c7d8ac0dc319f1cbeb4 (workspace 0.1.0, edition 2024, Rust 1.97.1, licence Apache-2.0 OR MIT); excluded per the D3 dossier (keep a pinned upstream reference, not the tree); the six local modifications are listed in the copied record source-comparison.json (patch prover_memory.patch)
PQ_CE_QS_v1 (2).29_MLKEM_MLDSA_experiment/continuation_v1.17/binius64-source/crates/ip-prover/benches/bivariate_product.rs	7a17562e76d470336ab31e10f4ebf1e103ea0968edd42c9babef6b3eb21d06c7	5281	D3	exclude-vendored		vendored upstream binius-zk/binius64 @ 37e9cd64e82243cde0e79c7d8ac0dc319f1cbeb4 (workspace 0.1.0, edition 2024, Rust 1.97.1, licence Apache-2.0 OR MIT); excluded per the D3 dossier (keep a pinned upstream reference, not the tree); the six local modifications are listed in the copied record source-comparison.json (patch prover_memory.patch)
PQ_CE_QS_v1 (2).29_MLKEM_MLDSA_experiment/continuation_v1.17/binius64-source/crates/ip-prover/benches/logup_star_witness.rs	faaea903e9fec825e6faea7085a3d368652144d02b565a55aa2a2fe9160cb87b	1565	D3	exclude-vendored		vendored upstream binius-zk/binius64 @ 37e9cd64e82243cde0e79c7d8ac0dc319f1cbeb4 (workspace 0.1.0, edition 2024, Rust 1.97.1, licence Apache-2.0 OR MIT); excluded per the D3 dossier (keep a pinned upstream reference, not the tree); the six local modifications are listed in the copied record source-comparison.json (patch prover_memory.patch)
PQ_CE_QS_v1 (2).29_MLKEM_MLDSA_experiment/continuation_v1.17/binius64-source/crates/ip-prover/benches/quadratic_mlecheck.rs	d2acb331afc7965df3aa939ed089159246b78828c9847733701a4a91921ab7ec	4033	D3	exclude-vendored		vendored upstream binius-zk/binius64 @ 37e9cd64e82243cde0e79c7d8ac0dc319f1cbeb4 (workspace 0.1.0, edition 2024, Rust 1.97.1, licence Apache-2.0 OR MIT); excluded per the D3 dossier (keep a pinned upstream reference, not the tree); the six local modifications are listed in the copied record source-comparison.json (patch prover_memory.patch)
PQ_CE_QS_v1 (2).29_MLKEM_MLDSA_experiment/continuation_v1.17/binius64-source/crates/ip-prover/src/channel.rs	4c236069a14b93b71be9ff1640a327151016a4a3a038bdec22f830b46ec44cd0	5040	D3	exclude-vendored		vendored upstream binius-zk/binius64 @ 37e9cd64e82243cde0e79c7d8ac0dc319f1cbeb4 (workspace 0.1.0, edition 2024, Rust 1.97.1, licence Apache-2.0 OR MIT); excluded per the D3 dossier (keep a pinned upstream reference, not the tree); the six local modifications are listed in the copied record source-comparison.json (patch prover_memory.patch)
PQ_CE_QS_v1 (2).29_MLKEM_MLDSA_experiment/continuation_v1.17/binius64-source/crates/ip-prover/src/claim_fold.rs	1ea1cb22b0a873211350dae69b2c30cc16dcf8cc36fadfeb3a34ec12ca978de1	10257	D3	exclude-vendored		vendored upstream binius-zk/binius64 @ 37e9cd64e82243cde0e79c7d8ac0dc319f1cbeb4 (workspace 0.1.0, edition 2024, Rust 1.97.1, licence Apache-2.0 OR MIT); excluded per the D3 dossier (keep a pinned upstream reference, not the tree); the six local modifications are listed in the copied record source-comparison.json (patch prover_memory.patch)
PQ_CE_QS_v1 (2).29_MLKEM_MLDSA_experiment/continuation_v1.17/binius64-source/crates/ip-prover/src/fracaddcheck/circuit.rs	c0b82e9781cf35265c5645c934ddc1dbc1f6376369edd257574cb35ff7311bfc	13350	D3	exclude-vendored		vendored upstream binius-zk/binius64 @ 37e9cd64e82243cde0e79c7d8ac0dc319f1cbeb4 (workspace 0.1.0, edition 2024, Rust 1.97.1, licence Apache-2.0 OR MIT); excluded per the D3 dossier (keep a pinned upstream reference, not the tree); the six local modifications are listed in the copied record source-comparison.json (patch prover_memory.patch)
PQ_CE_QS_v1 (2).29_MLKEM_MLDSA_experiment/continuation_v1.17/binius64-source/crates/ip-prover/src/fracaddcheck/driver.rs	fccc78217d64a65e88e4593026f7539b43fbca23d652b4a8d1fade243ef87806	19744	D3	exclude-vendored		vendored upstream binius-zk/binius64 @ 37e9cd64e82243cde0e79c7d8ac0dc319f1cbeb4 (workspace 0.1.0, edition 2024, Rust 1.97.1, licence Apache-2.0 OR MIT); excluded per the D3 dossier (keep a pinned upstream reference, not the tree); the six local modifications are listed in the copied record source-comparison.json (patch prover_memory.patch)
PQ_CE_QS_v1 (2).29_MLKEM_MLDSA_experiment/continuation_v1.17/binius64-source/crates/ip-prover/src/fracaddcheck/fraction.rs	d7840d0651de1cd76efcd6347b3ace9a8eee26a883c7489b05fc37ca18b21126	3202	D3	exclude-vendored		vendored upstream binius-zk/binius64 @ 37e9cd64e82243cde0e79c7d8ac0dc319f1cbeb4 (workspace 0.1.0, edition 2024, Rust 1.97.1, licence Apache-2.0 OR MIT); excluded per the D3 dossier (keep a pinned upstream reference, not the tree); the six local modifications are listed in the copied record source-comparison.json (patch prover_memory.patch)
PQ_CE_QS_v1 (2).29_MLKEM_MLDSA_experiment/continuation_v1.17/binius64-source/crates/ip-prover/src/fracaddcheck/mod.rs	9b02b32c33b8d85a9f4593f70aeffb177cae313e730bb3ca8fa1167284b145d8	2149	D3	exclude-vendored		vendored upstream binius-zk/binius64 @ 37e9cd64e82243cde0e79c7d8ac0dc319f1cbeb4 (workspace 0.1.0, edition 2024, Rust 1.97.1, licence Apache-2.0 OR MIT); excluded per the D3 dossier (keep a pinned upstream reference, not the tree); the six local modifications are listed in the copied record source-comparison.json (patch prover_memory.patch)
PQ_CE_QS_v1 (2).29_MLKEM_MLDSA_experiment/continuation_v1.17/binius64-source/crates/ip-prover/src/fracaddcheck/padding.rs	3d3955b532f61fbced96a193b665e16b021a25de1e074fae40b662d9ff121143	11372	D3	exclude-vendored		vendored upstream binius-zk/binius64 @ 37e9cd64e82243cde0e79c7d8ac0dc319f1cbeb4 (workspace 0.1.0, edition 2024, Rust 1.97.1, licence Apache-2.0 OR MIT); excluded per the D3 dossier (keep a pinned upstream reference, not the tree); the six local modifications are listed in the copied record source-comparison.json (patch prover_memory.patch)
PQ_CE_QS_v1 (2).29_MLKEM_MLDSA_experiment/continuation_v1.17/binius64-source/crates/ip-prover/src/fracaddcheck/zero_pad_mle.rs	0c209f663121cebe8fc5f17bf187d3254a15701821ad5406a670093102a99b0b	17894	D3	exclude-vendored		vendored upstream binius-zk/binius64 @ 37e9cd64e82243cde0e79c7d8ac0dc319f1cbeb4 (workspace 0.1.0, edition 2024, Rust 1.97.1, licence Apache-2.0 OR MIT); excluded per the D3 dossier (keep a pinned upstream reference, not the tree); the six local modifications are listed in the copied record source-comparison.json (patch prover_memory.patch)
PQ_CE_QS_v1 (2).29_MLKEM_MLDSA_experiment/continuation_v1.17/binius64-source/crates/ip-prover/src/lib.rs	7bceccaf300f0bc8b10e2e7bb209b4ed6cf678b676995c0f51c95f8cd079c6dc	1103	D3	exclude-vendored		vendored upstream binius-zk/binius64 @ 37e9cd64e82243cde0e79c7d8ac0dc319f1cbeb4 (workspace 0.1.0, edition 2024, Rust 1.97.1, licence Apache-2.0 OR MIT); excluded per the D3 dossier (keep a pinned upstream reference, not the tree); the six local modifications are listed in the copied record source-comparison.json (patch prover_memory.patch)
PQ_CE_QS_v1 (2).29_MLKEM_MLDSA_experiment/continuation_v1.17/binius64-source/crates/ip-prover/src/logup_star/mod.rs	cc12430fe41f4d57e3d30f2388c27b74c1f965f63fa7e3aabef517532a3f71a5	1931	D3	exclude-vendored		vendored upstream binius-zk/binius64 @ 37e9cd64e82243cde0e79c7d8ac0dc319f1cbeb4 (workspace 0.1.0, edition 2024, Rust 1.97.1, licence Apache-2.0 OR MIT); excluded per the D3 dossier (keep a pinned upstream reference, not the tree); the six local modifications are listed in the copied record source-comparison.json (patch prover_memory.patch)
PQ_CE_QS_v1 (2).29_MLKEM_MLDSA_experiment/continuation_v1.17/binius64-source/crates/ip-prover/src/logup_star/prove.rs	4eda9751654424fb8d50a06eb7faebd39ec78380963cc1f38014aeda070dd120	39298	D3	exclude-vendored		vendored upstream binius-zk/binius64 @ 37e9cd64e82243cde0e79c7d8ac0dc319f1cbeb4 (workspace 0.1.0, edition 2024, Rust 1.97.1, licence Apache-2.0 OR MIT); excluded per the D3 dossier (keep a pinned upstream reference, not the tree); the six local modifications are listed in the copied record source-comparison.json (patch prover_memory.patch)
PQ_CE_QS_v1 (2).29_MLKEM_MLDSA_experiment/continuation_v1.17/binius64-source/crates/ip-prover/src/logup_star/pushforward.rs	d88fcde34d7bbc4d3bd73e2d9050ee1d1dca47aaf437e7b70ca1f34ed832689c	7438	D3	exclude-vendored		vendored upstream binius-zk/binius64 @ 37e9cd64e82243cde0e79c7d8ac0dc319f1cbeb4 (workspace 0.1.0, edition 2024, Rust 1.97.1, licence Apache-2.0 OR MIT); excluded per the D3 dossier (keep a pinned upstream reference, not the tree); the six local modifications are listed in the copied record source-comparison.json (patch prover_memory.patch)
PQ_CE_QS_v1 (2).29_MLKEM_MLDSA_experiment/continuation_v1.17/binius64-source/crates/ip-prover/src/logup_star/witness.rs	2480323b2cc1c0bc2b6d5d069265b88d972840e25facd690db362e72a92d8eb1	22476	D3	exclude-vendored		vendored upstream binius-zk/binius64 @ 37e9cd64e82243cde0e79c7d8ac0dc319f1cbeb4 (workspace 0.1.0, edition 2024, Rust 1.97.1, licence Apache-2.0 OR MIT); excluded per the D3 dossier (keep a pinned upstream reference, not the tree); the six local modifications are listed in the copied record source-comparison.json (patch prover_memory.patch)
PQ_CE_QS_v1 (2).29_MLKEM_MLDSA_experiment/continuation_v1.17/binius64-source/crates/ip-prover/src/prodcheck/mod.rs	f5af88e85ff416c2c43d65476e7e4cf1da6ba52d647c716f54389fb1da36ad7c	43140	D3	exclude-vendored		vendored upstream binius-zk/binius64 @ 37e9cd64e82243cde0e79c7d8ac0dc319f1cbeb4 (workspace 0.1.0, edition 2024, Rust 1.97.1, licence Apache-2.0 OR MIT); excluded per the D3 dossier (keep a pinned upstream reference, not the tree); the six local modifications are listed in the copied record source-comparison.json (patch prover_memory.patch)
PQ_CE_QS_v1 (2).29_MLKEM_MLDSA_experiment/continuation_v1.17/binius64-source/crates/ip-prover/src/prodcheck/one_pad_mle.rs	a70838af4dd267c6a739651c12d6b7e0e72ffc2dfb07f56f1058dfb0d3373229	12825	D3	exclude-vendored		vendored upstream binius-zk/binius64 @ 37e9cd64e82243cde0e79c7d8ac0dc319f1cbeb4 (workspace 0.1.0, edition 2024, Rust 1.97.1, licence Apache-2.0 OR MIT); excluded per the D3 dossier (keep a pinned upstream reference, not the tree); the six local modifications are listed in the copied record source-comparison.json (patch prover_memory.patch)
PQ_CE_QS_v1 (2).29_MLKEM_MLDSA_experiment/continuation_v1.17/binius64-source/crates/ip-prover/src/sumcheck/batch.rs	e943f46b433b33188d852df6520be3c44fb8cdf9b7cd0dfe3540c82e436736f5	8654	D3	exclude-vendored		vendored upstream binius-zk/binius64 @ 37e9cd64e82243cde0e79c7d8ac0dc319f1cbeb4 (workspace 0.1.0, edition 2024, Rust 1.97.1, licence Apache-2.0 OR MIT); excluded per the D3 dossier (keep a pinned upstream reference, not the tree); the six local modifications are listed in the copied record source-comparison.json (patch prover_memory.patch)
PQ_CE_QS_v1 (2).29_MLKEM_MLDSA_experiment/continuation_v1.17/binius64-source/crates/ip-prover/src/sumcheck/bivariate_product_evaluator.rs	c86dec44d024de21c051c17caf885adf5c0cf1e148c3e24805ef908e45a6de66	5925	D3	exclude-vendored		vendored upstream binius-zk/binius64 @ 37e9cd64e82243cde0e79c7d8ac0dc319f1cbeb4 (workspace 0.1.0, edition 2024, Rust 1.97.1, licence Apache-2.0 OR MIT); excluded per the D3 dossier (keep a pinned upstream reference, not the tree); the six local modifications are listed in the copied record source-comparison.json (patch prover_memory.patch)
PQ_CE_QS_v1 (2).29_MLKEM_MLDSA_experiment/continuation_v1.17/binius64-source/crates/ip-prover/src/sumcheck/bivariate_product_mle.rs	5831515ba16caea3f91338d16d3bfa6c3c50be954694b21d4c1ba7b13ffb10b6	10481	D3	exclude-vendored		vendored upstream binius-zk/binius64 @ 37e9cd64e82243cde0e79c7d8ac0dc319f1cbeb4 (workspace 0.1.0, edition 2024, Rust 1.97.1, licence Apache-2.0 OR MIT); excluded per the D3 dossier (keep a pinned upstream reference, not the tree); the six local modifications are listed in the copied record source-comparison.json (patch prover_memory.patch)
PQ_CE_QS_v1 (2).29_MLKEM_MLDSA_experiment/continuation_v1.17/binius64-source/crates/ip-prover/src/sumcheck/common.rs	015908bcdce747838bd920ec0d76c9006f58f469ba14e8c496dd3e9f46711133	6554	D3	exclude-vendored		vendored upstream binius-zk/binius64 @ 37e9cd64e82243cde0e79c7d8ac0dc319f1cbeb4 (workspace 0.1.0, edition 2024, Rust 1.97.1, licence Apache-2.0 OR MIT); excluded per the D3 dossier (keep a pinned upstream reference, not the tree); the six local modifications are listed in the copied record source-comparison.json (patch prover_memory.patch)
PQ_CE_QS_v1 (2).29_MLKEM_MLDSA_experiment/continuation_v1.17/binius64-source/crates/ip-prover/src/sumcheck/drive.rs	e284acabed15ba8fdf1fcf65b131e1bc932fd26a427fd1eb2a38969a486003db	7670	D3	exclude-vendored		vendored upstream binius-zk/binius64 @ 37e9cd64e82243cde0e79c7d8ac0dc319f1cbeb4 (workspace 0.1.0, edition 2024, Rust 1.97.1, licence Apache-2.0 OR MIT); excluded per the D3 dossier (keep a pinned upstream reference, not the tree); the six local modifications are listed in the copied record source-comparison.json (patch prover_memory.patch)
PQ_CE_QS_v1 (2).29_MLKEM_MLDSA_experiment/continuation_v1.17/binius64-source/crates/ip-prover/src/sumcheck/eq_tracker.rs	2c0cc4a5089cb070e552972b165b9f22cf85decfe5846a248c1f3addfcfb8c73	14766	D3	exclude-vendored		vendored upstream binius-zk/binius64 @ 37e9cd64e82243cde0e79c7d8ac0dc319f1cbeb4 (workspace 0.1.0, edition 2024, Rust 1.97.1, licence Apache-2.0 OR MIT); excluded per the D3 dossier (keep a pinned upstream reference, not the tree); the six local modifications are listed in the copied record source-comparison.json (patch prover_memory.patch)
PQ_CE_QS_v1 (2).29_MLKEM_MLDSA_experiment/continuation_v1.17/binius64-source/crates/ip-prover/src/sumcheck/factored_multilinear.rs	85a46dc25765ebdf15a443e658b3cbc2400614ed3d41b16f349048acedead659	10669	D3	exclude-vendored		vendored upstream binius-zk/binius64 @ 37e9cd64e82243cde0e79c7d8ac0dc319f1cbeb4 (workspace 0.1.0, edition 2024, Rust 1.97.1, licence Apache-2.0 OR MIT); excluded per the D3 dossier (keep a pinned upstream reference, not the tree); the six local modifications are listed in the copied record source-comparison.json (patch prover_memory.patch)
PQ_CE_QS_v1 (2).29_MLKEM_MLDSA_experiment/continuation_v1.17/binius64-source/crates/ip-prover/src/sumcheck/frac_add_mle.rs	83de19194326166c92b5f6909e2ad21150fcdf6f5d5af892f4855016c7bbc63a	9776	D3	exclude-vendored		vendored upstream binius-zk/binius64 @ 37e9cd64e82243cde0e79c7d8ac0dc319f1cbeb4 (workspace 0.1.0, edition 2024, Rust 1.97.1, licence Apache-2.0 OR MIT); excluded per the D3 dossier (keep a pinned upstream reference, not the tree); the six local modifications are listed in the copied record source-comparison.json (patch prover_memory.patch)
PQ_CE_QS_v1 (2).29_MLKEM_MLDSA_experiment/continuation_v1.17/binius64-source/crates/ip-prover/src/sumcheck/mle_store.rs	491ea6bb8ea020752cc3f95110021e9b4d0317ee44176ea6fef73c6a6cc02f1d	35957	D3	exclude-vendored		vendored upstream binius-zk/binius64 @ 37e9cd64e82243cde0e79c7d8ac0dc319f1cbeb4 (workspace 0.1.0, edition 2024, Rust 1.97.1, licence Apache-2.0 OR MIT); excluded per the D3 dossier (keep a pinned upstream reference, not the tree); the six local modifications are listed in the copied record source-comparison.json (patch prover_memory.patch)
PQ_CE_QS_v1 (2).29_MLKEM_MLDSA_experiment/continuation_v1.17/binius64-source/crates/ip-prover/src/sumcheck/mle_to_sumcheck.rs	b550112776d51e0e03a4595b6fa43990210b8ed4e2e3e53fb16d8b46ac00ac33	6084	D3	exclude-vendored		vendored upstream binius-zk/binius64 @ 37e9cd64e82243cde0e79c7d8ac0dc319f1cbeb4 (workspace 0.1.0, edition 2024, Rust 1.97.1, licence Apache-2.0 OR MIT); excluded per the D3 dossier (keep a pinned upstream reference, not the tree); the six local modifications are listed in the copied record source-comparison.json (patch prover_memory.patch)
PQ_CE_QS_v1 (2).29_MLKEM_MLDSA_experiment/continuation_v1.17/binius64-source/crates/ip-prover/src/sumcheck/mod.rs	21c3fd4d96a3ad2067cd6bd33278c870d0acfed5927add70e1fab8c2218d1dea	754	D3	exclude-vendored		vendored upstream binius-zk/binius64 @ 37e9cd64e82243cde0e79c7d8ac0dc319f1cbeb4 (workspace 0.1.0, edition 2024, Rust 1.97.1, licence Apache-2.0 OR MIT); excluded per the D3 dossier (keep a pinned upstream reference, not the tree); the six local modifications are listed in the copied record source-comparison.json (patch prover_memory.patch)
PQ_CE_QS_v1 (2).29_MLKEM_MLDSA_experiment/continuation_v1.17/binius64-source/crates/ip-prover/src/sumcheck/multilinear_eval.rs	890cfe554d2c51f03a0a4adb10f3aebfec5a56fcaf2ee8ef70011730db98b0d8	8106	D3	exclude-vendored		vendored upstream binius-zk/binius64 @ 37e9cd64e82243cde0e79c7d8ac0dc319f1cbeb4 (workspace 0.1.0, edition 2024, Rust 1.97.1, licence Apache-2.0 OR MIT); excluded per the D3 dossier (keep a pinned upstream reference, not the tree); the six local modifications are listed in the copied record source-comparison.json (patch prover_memory.patch)
PQ_CE_QS_v1 (2).29_MLKEM_MLDSA_experiment/continuation_v1.17/binius64-source/crates/ip-prover/src/sumcheck/padded.rs	85ed45d9a73238f174685dfa6c39c54dd1e40f45fd5b1d74cd91114ec47a7ef3	11157	D3	exclude-vendored		vendored upstream binius-zk/binius64 @ 37e9cd64e82243cde0e79c7d8ac0dc319f1cbeb4 (workspace 0.1.0, edition 2024, Rust 1.97.1, licence Apache-2.0 OR MIT); excluded per the D3 dossier (keep a pinned upstream reference, not the tree); the six local modifications are listed in the copied record source-comparison.json (patch prover_memory.patch)
PQ_CE_QS_v1 (2).29_MLKEM_MLDSA_experiment/continuation_v1.17/binius64-source/crates/ip-prover/src/sumcheck/prove.rs	22d9f4e8a98d11ab90baa271dc5dfb1b6afe262f0c4330dd153cc5343547dd50	3294	D3	exclude-vendored		vendored upstream binius-zk/binius64 @ 37e9cd64e82243cde0e79c7d8ac0dc319f1cbeb4 (workspace 0.1.0, edition 2024, Rust 1.97.1, licence Apache-2.0 OR MIT); excluded per the D3 dossier (keep a pinned upstream reference, not the tree); the six local modifications are listed in the copied record source-comparison.json (patch prover_memory.patch)
PQ_CE_QS_v1 (2).29_MLKEM_MLDSA_experiment/continuation_v1.17/binius64-source/crates/ip-prover/src/sumcheck/quadratic_mle_evaluator.rs	9f686a01d0723e94bb23e419b3a56c56ff6c434c8dedd5232415a7c46980f015	11644	D3	exclude-vendored		vendored upstream binius-zk/binius64 @ 37e9cd64e82243cde0e79c7d8ac0dc319f1cbeb4 (workspace 0.1.0, edition 2024, Rust 1.97.1, licence Apache-2.0 OR MIT); excluded per the D3 dossier (keep a pinned upstream reference, not the tree); the six local modifications are listed in the copied record source-comparison.json (patch prover_memory.patch)
PQ_CE_QS_v1 (2).29_MLKEM_MLDSA_experiment/continuation_v1.17/binius64-source/crates/ip-prover/src/sumcheck/round_evals.rs	1603ca3fdac0530b79a76972f0af7bbffbafaef5ee3beccf2aa5be489d2b43e1	11424	D3	exclude-vendored		vendored upstream binius-zk/binius64 @ 37e9cd64e82243cde0e79c7d8ac0dc319f1cbeb4 (workspace 0.1.0, edition 2024, Rust 1.97.1, licence Apache-2.0 OR MIT); excluded per the D3 dossier (keep a pinned upstream reference, not the tree); the six local modifications are listed in the copied record source-comparison.json (patch prover_memory.patch)
PQ_CE_QS_v1 (2).29_MLKEM_MLDSA_experiment/continuation_v1.17/binius64-source/crates/ip-prover/src/sumcheck/round_evaluator.rs	a4194e6681ea0b65720526fc0e6ce7a869576c4d7d016bf4faeebe5a23a8d1a9	34351	D3	exclude-vendored		vendored upstream binius-zk/binius64 @ 37e9cd64e82243cde0e79c7d8ac0dc319f1cbeb4 (workspace 0.1.0, edition 2024, Rust 1.97.1, licence Apache-2.0 OR MIT); excluded per the D3 dossier (keep a pinned upstream reference, not the tree); the six local modifications are listed in the copied record source-comparison.json (patch prover_memory.patch)
PQ_CE_QS_v1 (2).29_MLKEM_MLDSA_experiment/continuation_v1.17/binius64-source/crates/ip-prover/src/sumcheck/round_state.rs	a139d559eaff803bb2c23a14ea217060e51704f9e0a8d8c88eb532362291edb3	1921	D3	exclude-vendored		vendored upstream binius-zk/binius64 @ 37e9cd64e82243cde0e79c7d8ac0dc319f1cbeb4 (workspace 0.1.0, edition 2024, Rust 1.97.1, licence Apache-2.0 OR MIT); excluded per the D3 dossier (keep a pinned upstream reference, not the tree); the six local modifications are listed in the copied record source-comparison.json (patch prover_memory.patch)
PQ_CE_QS_v1 (2).29_MLKEM_MLDSA_experiment/continuation_v1.17/binius64-source/crates/ip-prover/src/sumcheck/selector_mle.rs	859656068c4a51ba80a2de874032b6d2842f7f1f4ccb3f936b48c7837c4a6b8f	14557	D3	exclude-vendored		vendored upstream binius-zk/binius64 @ 37e9cd64e82243cde0e79c7d8ac0dc319f1cbeb4 (workspace 0.1.0, edition 2024, Rust 1.97.1, licence Apache-2.0 OR MIT); excluded per the D3 dossier (keep a pinned upstream reference, not the tree); the six local modifications are listed in the copied record source-comparison.json (patch prover_memory.patch)
PQ_CE_QS_v1 (2).29_MLKEM_MLDSA_experiment/continuation_v1.17/binius64-source/crates/ip-prover/src/sumcheck/sparse_dense_product.rs	7e5b7bde969e352d33627f690d9dda4338a7fed51d059b61a2360e0b32d98f8b	24710	D3	exclude-vendored		vendored upstream binius-zk/binius64 @ 37e9cd64e82243cde0e79c7d8ac0dc319f1cbeb4 (workspace 0.1.0, edition 2024, Rust 1.97.1, licence Apache-2.0 OR MIT); excluded per the D3 dossier (keep a pinned upstream reference, not the tree); the six local modifications are listed in the copied record source-comparison.json (patch prover_memory.patch)
PQ_CE_QS_v1 (2).29_MLKEM_MLDSA_experiment/continuation_v1.17/binius64-source/crates/ip-prover/src/sumcheck/switchover.rs	49bc9aec76c0c2e73927ac89c041468967346ffcc9a56f06b89551bc5bec539e	6747	D3	exclude-vendored		vendored upstream binius-zk/binius64 @ 37e9cd64e82243cde0e79c7d8ac0dc319f1cbeb4 (workspace 0.1.0, edition 2024, Rust 1.97.1, licence Apache-2.0 OR MIT); excluded per the D3 dossier (keep a pinned upstream reference, not the tree); the six local modifications are listed in the copied record source-comparison.json (patch prover_memory.patch)
PQ_CE_QS_v1 (2).29_MLKEM_MLDSA_experiment/continuation_v1.17/binius64-source/crates/ip-prover/src/sumcheck/zk_mlecheck.rs	04afc25e256cc26ba48fbe1661080e7507e88d0b623961f91f6f019543fc6871	25180	D3	exclude-vendored		vendored upstream binius-zk/binius64 @ 37e9cd64e82243cde0e79c7d8ac0dc319f1cbeb4 (workspace 0.1.0, edition 2024, Rust 1.97.1, licence Apache-2.0 OR MIT); excluded per the D3 dossier (keep a pinned upstream reference, not the tree); the six local modifications are listed in the copied record source-comparison.json (patch prover_memory.patch)
PQ_CE_QS_v1 (2).29_MLKEM_MLDSA_experiment/continuation_v1.17/binius64-source/crates/ip/Cargo.toml	40182cbe56f14c27805ae76bef0214d20d03849d51cc9295493c56bdb3159081	533	D3	exclude-vendored		vendored upstream binius-zk/binius64 @ 37e9cd64e82243cde0e79c7d8ac0dc319f1cbeb4 (workspace 0.1.0, edition 2024, Rust 1.97.1, licence Apache-2.0 OR MIT); excluded per the D3 dossier (keep a pinned upstream reference, not the tree); the six local modifications are listed in the copied record source-comparison.json (patch prover_memory.patch)
PQ_CE_QS_v1 (2).29_MLKEM_MLDSA_experiment/continuation_v1.17/binius64-source/crates/ip/src/batch_eval.rs	04e368b9f70cc6741e02134fc6e671e33c560dcfbcd602b4ee24a8a95a20f68b	3729	D3	exclude-vendored		vendored upstream binius-zk/binius64 @ 37e9cd64e82243cde0e79c7d8ac0dc319f1cbeb4 (workspace 0.1.0, edition 2024, Rust 1.97.1, licence Apache-2.0 OR MIT); excluded per the D3 dossier (keep a pinned upstream reference, not the tree); the six local modifications are listed in the copied record source-comparison.json (patch prover_memory.patch)
PQ_CE_QS_v1 (2).29_MLKEM_MLDSA_experiment/continuation_v1.17/binius64-source/crates/ip/src/channel.rs	62236feaefac28ddb191190de694ef9efb9887beb53a0105f7015556f18af850	11920	D3	exclude-vendored		vendored upstream binius-zk/binius64 @ 37e9cd64e82243cde0e79c7d8ac0dc319f1cbeb4 (workspace 0.1.0, edition 2024, Rust 1.97.1, licence Apache-2.0 OR MIT); excluded per the D3 dossier (keep a pinned upstream reference, not the tree); the six local modifications are listed in the copied record source-comparison.json (patch prover_memory.patch)
PQ_CE_QS_v1 (2).29_MLKEM_MLDSA_experiment/continuation_v1.17/binius64-source/crates/ip/src/fracaddcheck.rs	2781b49ad962423784924fe4e0bc3a00bb4479336ec5e44035eba57d1265dd25	4817	D3	exclude-vendored		vendored upstream binius-zk/binius64 @ 37e9cd64e82243cde0e79c7d8ac0dc319f1cbeb4 (workspace 0.1.0, edition 2024, Rust 1.97.1, licence Apache-2.0 OR MIT); excluded per the D3 dossier (keep a pinned upstream reference, not the tree); the six local modifications are listed in the copied record source-comparison.json (patch prover_memory.patch)
PQ_CE_QS_v1 (2).29_MLKEM_MLDSA_experiment/continuation_v1.17/binius64-source/crates/ip/src/lib.rs	2fd70d81d3d678fd20e2d527f4384807f9df36f668701a60f8d8f338b2cf57b6	1450	D3	exclude-vendored		vendored upstream binius-zk/binius64 @ 37e9cd64e82243cde0e79c7d8ac0dc319f1cbeb4 (workspace 0.1.0, edition 2024, Rust 1.97.1, licence Apache-2.0 OR MIT); excluded per the D3 dossier (keep a pinned upstream reference, not the tree); the six local modifications are listed in the copied record source-comparison.json (patch prover_memory.patch)
PQ_CE_QS_v1 (2).29_MLKEM_MLDSA_experiment/continuation_v1.17/binius64-source/crates/ip/src/logup_star/error.rs	2e66e362a78ad5b8805e7988943f4d662460e73569584a332870ec41f442fcd4	816	D3	exclude-vendored		vendored upstream binius-zk/binius64 @ 37e9cd64e82243cde0e79c7d8ac0dc319f1cbeb4 (workspace 0.1.0, edition 2024, Rust 1.97.1, licence Apache-2.0 OR MIT); excluded per the D3 dossier (keep a pinned upstream reference, not the tree); the six local modifications are listed in the copied record source-comparison.json (patch prover_memory.patch)
PQ_CE_QS_v1 (2).29_MLKEM_MLDSA_experiment/continuation_v1.17/binius64-source/crates/ip/src/logup_star/mod.rs	18b515ca5b4e3c0d026438c96efb4982c10dd1ed2d2ab94c31bf40e8c2022a04	5535	D3	exclude-vendored		vendored upstream binius-zk/binius64 @ 37e9cd64e82243cde0e79c7d8ac0dc319f1cbeb4 (workspace 0.1.0, edition 2024, Rust 1.97.1, licence Apache-2.0 OR MIT); excluded per the D3 dossier (keep a pinned upstream reference, not the tree); the six local modifications are listed in the copied record source-comparison.json (patch prover_memory.patch)
PQ_CE_QS_v1 (2).29_MLKEM_MLDSA_experiment/continuation_v1.17/binius64-source/crates/ip/src/logup_star/output.rs	0f6e096fae9e77a4748039def8e1d81f76f9fba55710b19f8de5b8d4b2a363bd	3843	D3	exclude-vendored		vendored upstream binius-zk/binius64 @ 37e9cd64e82243cde0e79c7d8ac0dc319f1cbeb4 (workspace 0.1.0, edition 2024, Rust 1.97.1, licence Apache-2.0 OR MIT); excluded per the D3 dossier (keep a pinned upstream reference, not the tree); the six local modifications are listed in the copied record source-comparison.json (patch prover_memory.patch)
PQ_CE_QS_v1 (2).29_MLKEM_MLDSA_experiment/continuation_v1.17/binius64-source/crates/ip/src/logup_star/pushforward.rs	303e6a887bf8bdad402d814f7d81295c7ed3b465c17add5dfff811bdac4e241d	8536	D3	exclude-vendored		vendored upstream binius-zk/binius64 @ 37e9cd64e82243cde0e79c7d8ac0dc319f1cbeb4 (workspace 0.1.0, edition 2024, Rust 1.97.1, licence Apache-2.0 OR MIT); excluded per the D3 dossier (keep a pinned upstream reference, not the tree); the six local modifications are listed in the copied record source-comparison.json (patch prover_memory.patch)
PQ_CE_QS_v1 (2).29_MLKEM_MLDSA_experiment/continuation_v1.17/binius64-source/crates/ip/src/logup_star/verify.rs	13ff337f831e41fef0dab40f2ef7f06888b881704e71466df700b53142b427be	18155	D3	exclude-vendored		vendored upstream binius-zk/binius64 @ 37e9cd64e82243cde0e79c7d8ac0dc319f1cbeb4 (workspace 0.1.0, edition 2024, Rust 1.97.1, licence Apache-2.0 OR MIT); excluded per the D3 dossier (keep a pinned upstream reference, not the tree); the six local modifications are listed in the copied record source-comparison.json (patch prover_memory.patch)
PQ_CE_QS_v1 (2).29_MLKEM_MLDSA_experiment/continuation_v1.17/binius64-source/crates/ip/src/mlecheck.rs	fdedf82984299e5eac946cd0b6c0a4ad81788cdbb5fd087bae18479d69f9dc31	10237	D3	exclude-vendored		vendored upstream binius-zk/binius64 @ 37e9cd64e82243cde0e79c7d8ac0dc319f1cbeb4 (workspace 0.1.0, edition 2024, Rust 1.97.1, licence Apache-2.0 OR MIT); excluded per the D3 dossier (keep a pinned upstream reference, not the tree); the six local modifications are listed in the copied record source-comparison.json (patch prover_memory.patch)
PQ_CE_QS_v1 (2).29_MLKEM_MLDSA_experiment/continuation_v1.17/binius64-source/crates/ip/src/prodcheck.rs	c8b49e24fc11be11ce3281ee44f299e058f560b4e555544fd4ad769d7aaa248b	3400	D3	exclude-vendored		vendored upstream binius-zk/binius64 @ 37e9cd64e82243cde0e79c7d8ac0dc319f1cbeb4 (workspace 0.1.0, edition 2024, Rust 1.97.1, licence Apache-2.0 OR MIT); excluded per the D3 dossier (keep a pinned upstream reference, not the tree); the six local modifications are listed in the copied record source-comparison.json (patch prover_memory.patch)
PQ_CE_QS_v1 (2).29_MLKEM_MLDSA_experiment/continuation_v1.17/binius64-source/crates/ip/src/sumcheck/batch.rs	a5e744c953199c966f6aed2595713e51a4042bd69b472be8c5b831a4e7024cc9	3012	D3	exclude-vendored		vendored upstream binius-zk/binius64 @ 37e9cd64e82243cde0e79c7d8ac0dc319f1cbeb4 (workspace 0.1.0, edition 2024, Rust 1.97.1, licence Apache-2.0 OR MIT); excluded per the D3 dossier (keep a pinned upstream reference, not the tree); the six local modifications are listed in the copied record source-comparison.json (patch prover_memory.patch)
PQ_CE_QS_v1 (2).29_MLKEM_MLDSA_experiment/continuation_v1.17/binius64-source/crates/ip/src/sumcheck/common.rs	bc6377b2b6d975a5d498874e81adbb4d5258c306515cb6a6a9739b4a566ba97c	17479	D3	exclude-vendored		vendored upstream binius-zk/binius64 @ 37e9cd64e82243cde0e79c7d8ac0dc319f1cbeb4 (workspace 0.1.0, edition 2024, Rust 1.97.1, licence Apache-2.0 OR MIT); excluded per the D3 dossier (keep a pinned upstream reference, not the tree); the six local modifications are listed in the copied record source-comparison.json (patch prover_memory.patch)
PQ_CE_QS_v1 (2).29_MLKEM_MLDSA_experiment/continuation_v1.17/binius64-source/crates/ip/src/sumcheck/error.rs	2bf59a7c7154bf9d34fd8b4af6dae6a11c4e0edf666cb2de7b9225159ca36592	977	D3	exclude-vendored		vendored upstream binius-zk/binius64 @ 37e9cd64e82243cde0e79c7d8ac0dc319f1cbeb4 (workspace 0.1.0, edition 2024, Rust 1.97.1, licence Apache-2.0 OR MIT); excluded per the D3 dossier (keep a pinned upstream reference, not the tree); the six local modifications are listed in the copied record source-comparison.json (patch prover_memory.patch)
PQ_CE_QS_v1 (2).29_MLKEM_MLDSA_experiment/continuation_v1.17/binius64-source/crates/ip/src/sumcheck/mod.rs	9edf645c9d97347ec409bd16d873f9c0d67d3a2f19057a17206576a98595a09d	190	D3	exclude-vendored		vendored upstream binius-zk/binius64 @ 37e9cd64e82243cde0e79c7d8ac0dc319f1cbeb4 (workspace 0.1.0, edition 2024, Rust 1.97.1, licence Apache-2.0 OR MIT); excluded per the D3 dossier (keep a pinned upstream reference, not the tree); the six local modifications are listed in the copied record source-comparison.json (patch prover_memory.patch)
PQ_CE_QS_v1 (2).29_MLKEM_MLDSA_experiment/continuation_v1.17/binius64-source/crates/ip/src/sumcheck/verify.rs	fd95236bc97c52caa1b32b146b57a072b26461351a3b701edbfe44d8b16f1d6f	1895	D3	exclude-vendored		vendored upstream binius-zk/binius64 @ 37e9cd64e82243cde0e79c7d8ac0dc319f1cbeb4 (workspace 0.1.0, edition 2024, Rust 1.97.1, licence Apache-2.0 OR MIT); excluded per the D3 dossier (keep a pinned upstream reference, not the tree); the six local modifications are listed in the copied record source-comparison.json (patch prover_memory.patch)
PQ_CE_QS_v1 (2).29_MLKEM_MLDSA_experiment/continuation_v1.17/binius64-source/crates/m4-prover/Cargo.toml	8d2e615f01cff8bba219092c7be3e75b09ce810fb0a4fefd9e94ff9f5d6779ee	1898	D3	exclude-vendored		vendored upstream binius-zk/binius64 @ 37e9cd64e82243cde0e79c7d8ac0dc319f1cbeb4 (workspace 0.1.0, edition 2024, Rust 1.97.1, licence Apache-2.0 OR MIT); excluded per the D3 dossier (keep a pinned upstream reference, not the tree); the six local modifications are listed in the copied record source-comparison.json (patch prover_memory.patch)
PQ_CE_QS_v1 (2).29_MLKEM_MLDSA_experiment/continuation_v1.17/binius64-source/crates/m4-prover/benches/assemble_operation_witness.rs	65b276256504504c9ef54cf2b3eecd09c4a4246dfc19420e88cbd05ff470ca9f	11663	D3	exclude-vendored		vendored upstream binius-zk/binius64 @ 37e9cd64e82243cde0e79c7d8ac0dc319f1cbeb4 (workspace 0.1.0, edition 2024, Rust 1.97.1, licence Apache-2.0 OR MIT); excluded per the D3 dossier (keep a pinned upstream reference, not the tree); the six local modifications are listed in the copied record source-comparison.json (patch prover_memory.patch)
PQ_CE_QS_v1 (2).29_MLKEM_MLDSA_experiment/continuation_v1.17/binius64-source/crates/m4-prover/benches/keccak_witness_gen.rs	9dd4fca081d506adc08b8710baa3a6e5272cc5e2f6f5172a0bf996f839549ccf	3064	D3	exclude-vendored		vendored upstream binius-zk/binius64 @ 37e9cd64e82243cde0e79c7d8ac0dc319f1cbeb4 (workspace 0.1.0, edition 2024, Rust 1.97.1, licence Apache-2.0 OR MIT); excluded per the D3 dossier (keep a pinned upstream reference, not the tree); the six local modifications are listed in the copied record source-comparison.json (patch prover_memory.patch)
PQ_CE_QS_v1 (2).29_MLKEM_MLDSA_experiment/continuation_v1.17/binius64-source/crates/m4-prover/benches/prove_hash_primitives.rs	746f174d427dce0ce111f1494adc5eb97389c419db590bb97253b008614941b8	6110	D3	exclude-vendored		vendored upstream binius-zk/binius64 @ 37e9cd64e82243cde0e79c7d8ac0dc319f1cbeb4 (workspace 0.1.0, edition 2024, Rust 1.97.1, licence Apache-2.0 OR MIT); excluded per the D3 dossier (keep a pinned upstream reference, not the tree); the six local modifications are listed in the copied record source-comparison.json (patch prover_memory.patch)
PQ_CE_QS_v1 (2).29_MLKEM_MLDSA_experiment/continuation_v1.17/binius64-source/crates/m4-prover/src/composite.rs	9c295390e94dc73a14945f044fc0a2d463fae93151352a675ef47ac135d3716a	16637	D3	exclude-vendored		vendored upstream binius-zk/binius64 @ 37e9cd64e82243cde0e79c7d8ac0dc319f1cbeb4 (workspace 0.1.0, edition 2024, Rust 1.97.1, licence Apache-2.0 OR MIT); excluded per the D3 dossier (keep a pinned upstream reference, not the tree); the six local modifications are listed in the copied record source-comparison.json (patch prover_memory.patch)
PQ_CE_QS_v1 (2).29_MLKEM_MLDSA_experiment/continuation_v1.17/binius64-source/crates/m4-prover/src/lib.rs	5f21e591704172e850eb4e9fcb8422ed2b3a5f847040f8ac478a96a386e020e0	673	D3	exclude-vendored		vendored upstream binius-zk/binius64 @ 37e9cd64e82243cde0e79c7d8ac0dc319f1cbeb4 (workspace 0.1.0, edition 2024, Rust 1.97.1, licence Apache-2.0 OR MIT); excluded per the D3 dossier (keep a pinned upstream reference, not the tree); the six local modifications are listed in the copied record source-comparison.json (patch prover_memory.patch)
PQ_CE_QS_v1 (2).29_MLKEM_MLDSA_experiment/continuation_v1.17/binius64-source/crates/m4-prover/src/prove.rs	e0278ececfaed70fcef60d2622de1b4e3f40fbec6569740a7ca0b850b86cbea1	57904	D3	exclude-vendored		vendored upstream binius-zk/binius64 @ 37e9cd64e82243cde0e79c7d8ac0dc319f1cbeb4 (workspace 0.1.0, edition 2024, Rust 1.97.1, licence Apache-2.0 OR MIT); excluded per the D3 dossier (keep a pinned upstream reference, not the tree); the six local modifications are listed in the copied record source-comparison.json (patch prover_memory.patch)
PQ_CE_QS_v1 (2).29_MLKEM_MLDSA_experiment/continuation_v1.17/binius64-source/crates/m4-prover/src/shift.rs	92ff7805f5f888f5bbc04fe604b352f4b12bf374436b3918b109305f2e81dc83	22036	D3	exclude-vendored		vendored upstream binius-zk/binius64 @ 37e9cd64e82243cde0e79c7d8ac0dc319f1cbeb4 (workspace 0.1.0, edition 2024, Rust 1.97.1, licence Apache-2.0 OR MIT); excluded per the D3 dossier (keep a pinned upstream reference, not the tree); the six local modifications are listed in the copied record source-comparison.json (patch prover_memory.patch)
PQ_CE_QS_v1 (2).29_MLKEM_MLDSA_experiment/continuation_v1.17/binius64-source/crates/m4-prover/src/test_circuits.rs	2a2c1fd91beb9e99cd97b3a81b836589133ef61f70214ffe706ef7012c800638	14625	D3	exclude-vendored		vendored upstream binius-zk/binius64 @ 37e9cd64e82243cde0e79c7d8ac0dc319f1cbeb4 (workspace 0.1.0, edition 2024, Rust 1.97.1, licence Apache-2.0 OR MIT); excluded per the D3 dossier (keep a pinned upstream reference, not the tree); the six local modifications are listed in the copied record source-comparison.json (patch prover_memory.patch)
PQ_CE_QS_v1 (2).29_MLKEM_MLDSA_experiment/continuation_v1.17/binius64-source/crates/m4-prover/src/test_utils.rs	d58e4d456c4a6ed9a51a2654c415eee1c451a2ba8f8aad361aa14e89badfbc26	8447	D3	exclude-vendored		vendored upstream binius-zk/binius64 @ 37e9cd64e82243cde0e79c7d8ac0dc319f1cbeb4 (workspace 0.1.0, edition 2024, Rust 1.97.1, licence Apache-2.0 OR MIT); excluded per the D3 dossier (keep a pinned upstream reference, not the tree); the six local modifications are listed in the copied record source-comparison.json (patch prover_memory.patch)
PQ_CE_QS_v1 (2).29_MLKEM_MLDSA_experiment/continuation_v1.17/binius64-source/crates/m4-prover/src/value_table.rs	a3e51243e1d1c1bc4ff107d83f0d385e14ae757f638ef12b6c7506fc390b9f82	5367	D3	exclude-vendored		vendored upstream binius-zk/binius64 @ 37e9cd64e82243cde0e79c7d8ac0dc319f1cbeb4 (workspace 0.1.0, edition 2024, Rust 1.97.1, licence Apache-2.0 OR MIT); excluded per the D3 dossier (keep a pinned upstream reference, not the tree); the six local modifications are listed in the copied record source-comparison.json (patch prover_memory.patch)
PQ_CE_QS_v1 (2).29_MLKEM_MLDSA_experiment/continuation_v1.17/binius64-source/crates/m4-prover/src/witness/instance_fold.rs	3594a2abed2059ba0128776baf32c908ad4911f44f2d84099941e7846a2a47d6	15492	D3	exclude-vendored		vendored upstream binius-zk/binius64 @ 37e9cd64e82243cde0e79c7d8ac0dc319f1cbeb4 (workspace 0.1.0, edition 2024, Rust 1.97.1, licence Apache-2.0 OR MIT); excluded per the D3 dossier (keep a pinned upstream reference, not the tree); the six local modifications are listed in the copied record source-comparison.json (patch prover_memory.patch)
PQ_CE_QS_v1 (2).29_MLKEM_MLDSA_experiment/continuation_v1.17/binius64-source/crates/m4-prover/src/witness/mod.rs	3038bb5b7a125df8b51a04e970111f70f95e2c7743b58208892b50dafc62ab47	710	D3	exclude-vendored		vendored upstream binius-zk/binius64 @ 37e9cd64e82243cde0e79c7d8ac0dc319f1cbeb4 (workspace 0.1.0, edition 2024, Rust 1.97.1, licence Apache-2.0 OR MIT); excluded per the D3 dossier (keep a pinned upstream reference, not the tree); the six local modifications are listed in the copied record source-comparison.json (patch prover_memory.patch)
PQ_CE_QS_v1 (2).29_MLKEM_MLDSA_experiment/continuation_v1.17/binius64-source/crates/m4-prover/src/witness/operand_columns.rs	727a3c851f6f52772b604df26f397e6bb12bbe646a2d44228c9941436b9a5276	53147	D3	exclude-vendored		vendored upstream binius-zk/binius64 @ 37e9cd64e82243cde0e79c7d8ac0dc319f1cbeb4 (workspace 0.1.0, edition 2024, Rust 1.97.1, licence Apache-2.0 OR MIT); excluded per the D3 dossier (keep a pinned upstream reference, not the tree); the six local modifications are listed in the copied record source-comparison.json (patch prover_memory.patch)
PQ_CE_QS_v1 (2).29_MLKEM_MLDSA_experiment/continuation_v1.17/binius64-source/crates/m4-prover/tests/prove_hash_based_sig.rs	bdd69690a404b8b60a8c8a37a70280e404a731b5335f74f4fefca2f65a7bfe0f	7866	D3	exclude-vendored		vendored upstream binius-zk/binius64 @ 37e9cd64e82243cde0e79c7d8ac0dc319f1cbeb4 (workspace 0.1.0, edition 2024, Rust 1.97.1, licence Apache-2.0 OR MIT); excluded per the D3 dossier (keep a pinned upstream reference, not the tree); the six local modifications are listed in the copied record source-comparison.json (patch prover_memory.patch)
PQ_CE_QS_v1 (2).29_MLKEM_MLDSA_experiment/continuation_v1.17/binius64-source/crates/m4-prover/tests/prove_hash_primitives.rs	e87d3642f124aa5784c08e42c8723fbc4b51ac76d4ec3a4b485cef0f9866a9e4	11179	D3	exclude-vendored		vendored upstream binius-zk/binius64 @ 37e9cd64e82243cde0e79c7d8ac0dc319f1cbeb4 (workspace 0.1.0, edition 2024, Rust 1.97.1, licence Apache-2.0 OR MIT); excluded per the D3 dossier (keep a pinned upstream reference, not the tree); the six local modifications are listed in the copied record source-comparison.json (patch prover_memory.patch)
PQ_CE_QS_v1 (2).29_MLKEM_MLDSA_experiment/continuation_v1.17/binius64-source/crates/m4-verifier/Cargo.toml	d95229dd2a0b36b186ae448df25308b18f4e868d3bd8a548ead9b3f69d6669dc	714	D3	exclude-vendored		vendored upstream binius-zk/binius64 @ 37e9cd64e82243cde0e79c7d8ac0dc319f1cbeb4 (workspace 0.1.0, edition 2024, Rust 1.97.1, licence Apache-2.0 OR MIT); excluded per the D3 dossier (keep a pinned upstream reference, not the tree); the six local modifications are listed in the copied record source-comparison.json (patch prover_memory.patch)
PQ_CE_QS_v1 (2).29_MLKEM_MLDSA_experiment/continuation_v1.17/binius64-source/crates/m4-verifier/src/commit.rs	a589e053baedcf3ce6bab4cb00ddf789829e2a29e6f5370971cdab4a156aa477	6143	D3	exclude-vendored		vendored upstream binius-zk/binius64 @ 37e9cd64e82243cde0e79c7d8ac0dc319f1cbeb4 (workspace 0.1.0, edition 2024, Rust 1.97.1, licence Apache-2.0 OR MIT); excluded per the D3 dossier (keep a pinned upstream reference, not the tree); the six local modifications are listed in the copied record source-comparison.json (patch prover_memory.patch)
PQ_CE_QS_v1 (2).29_MLKEM_MLDSA_experiment/continuation_v1.17/binius64-source/crates/m4-verifier/src/composite.rs	d08afee9f91e058ae2682ed7deb9abfa9fcf8a601c5ac06c21e339900fab9791	13280	D3	exclude-vendored		vendored upstream binius-zk/binius64 @ 37e9cd64e82243cde0e79c7d8ac0dc319f1cbeb4 (workspace 0.1.0, edition 2024, Rust 1.97.1, licence Apache-2.0 OR MIT); excluded per the D3 dossier (keep a pinned upstream reference, not the tree); the six local modifications are listed in the copied record source-comparison.json (patch prover_memory.patch)
PQ_CE_QS_v1 (2).29_MLKEM_MLDSA_experiment/continuation_v1.17/binius64-source/crates/m4-verifier/src/lib.rs	29f32a7c9ebf4321ac4aa3d7c79593017faf458b8097cfb1cc0c76b9b32e21e4	283	D3	exclude-vendored		vendored upstream binius-zk/binius64 @ 37e9cd64e82243cde0e79c7d8ac0dc319f1cbeb4 (workspace 0.1.0, edition 2024, Rust 1.97.1, licence Apache-2.0 OR MIT); excluded per the D3 dossier (keep a pinned upstream reference, not the tree); the six local modifications are listed in the copied record source-comparison.json (patch prover_memory.patch)
PQ_CE_QS_v1 (2).29_MLKEM_MLDSA_experiment/continuation_v1.17/binius64-source/crates/m4-verifier/src/verify.rs	d6ba512470b4584bb54f178e1f7282fa8ae50813ea619592bdfdb11d1a2ac14a	11133	D3	exclude-vendored		vendored upstream binius-zk/binius64 @ 37e9cd64e82243cde0e79c7d8ac0dc319f1cbeb4 (workspace 0.1.0, edition 2024, Rust 1.97.1, licence Apache-2.0 OR MIT); excluded per the D3 dossier (keep a pinned upstream reference, not the tree); the six local modifications are listed in the copied record source-comparison.json (patch prover_memory.patch)
PQ_CE_QS_v1 (2).29_MLKEM_MLDSA_experiment/continuation_v1.17/binius64-source/crates/math/Cargo.toml	7c48ef7a23c58481f18c2a2492fcfd299541163af3126d0cdc0093adee757519	1049	D3	exclude-vendored		vendored upstream binius-zk/binius64 @ 37e9cd64e82243cde0e79c7d8ac0dc319f1cbeb4 (workspace 0.1.0, edition 2024, Rust 1.97.1, licence Apache-2.0 OR MIT); excluded per the D3 dossier (keep a pinned upstream reference, not the tree); the six local modifications are listed in the copied record source-comparison.json (patch prover_memory.patch)
PQ_CE_QS_v1 (2).29_MLKEM_MLDSA_experiment/continuation_v1.17/binius64-source/crates/math/benches/batch_invert.rs	fb4f87aad36559e30a83cd6452180cfcff2e6b27ba813a283e33474b8adc653f	1675	D3	exclude-vendored		vendored upstream binius-zk/binius64 @ 37e9cd64e82243cde0e79c7d8ac0dc319f1cbeb4 (workspace 0.1.0, edition 2024, Rust 1.97.1, licence Apache-2.0 OR MIT); excluded per the D3 dossier (keep a pinned upstream reference, not the tree); the six local modifications are listed in the copied record source-comparison.json (patch prover_memory.patch)
PQ_CE_QS_v1 (2).29_MLKEM_MLDSA_experiment/continuation_v1.17/binius64-source/crates/math/benches/bit_reverse.rs	6fb59b4b9cc34a6cac7ab4c006326dbf400bf4ddd3bc0eb7d7ef8c6f697f87a9	1321	D3	exclude-vendored		vendored upstream binius-zk/binius64 @ 37e9cd64e82243cde0e79c7d8ac0dc319f1cbeb4 (workspace 0.1.0, edition 2024, Rust 1.97.1, licence Apache-2.0 OR MIT); excluded per the D3 dossier (keep a pinned upstream reference, not the tree); the six local modifications are listed in the copied record source-comparison.json (patch prover_memory.patch)
PQ_CE_QS_v1 (2).29_MLKEM_MLDSA_experiment/continuation_v1.17/binius64-source/crates/math/benches/eq_ind_partial_eval.rs	fd0b6b4e7bf386620021799ccd87d2c9ddda5815bc489e89ccfd8d6b5a7a8e13	1609	D3	exclude-vendored		vendored upstream binius-zk/binius64 @ 37e9cd64e82243cde0e79c7d8ac0dc319f1cbeb4 (workspace 0.1.0, edition 2024, Rust 1.97.1, licence Apache-2.0 OR MIT); excluded per the D3 dossier (keep a pinned upstream reference, not the tree); the six local modifications are listed in the copied record source-comparison.json (patch prover_memory.patch)
PQ_CE_QS_v1 (2).29_MLKEM_MLDSA_experiment/continuation_v1.17/binius64-source/crates/math/benches/multilinear_evaluate.rs	d5345da3dc8b96c0cda5777ad9462a33980958aa5f3978e7974c07b97d0aa5b3	1887	D3	exclude-vendored		vendored upstream binius-zk/binius64 @ 37e9cd64e82243cde0e79c7d8ac0dc319f1cbeb4 (workspace 0.1.0, edition 2024, Rust 1.97.1, licence Apache-2.0 OR MIT); excluded per the D3 dossier (keep a pinned upstream reference, not the tree); the six local modifications are listed in the copied record source-comparison.json (patch prover_memory.patch)
PQ_CE_QS_v1 (2).29_MLKEM_MLDSA_experiment/continuation_v1.17/binius64-source/crates/math/benches/ntt.rs	cf93eb0afae991b8d72fc5e9c1cf375792155236ba03a4896271292c0edcba3f	7938	D3	exclude-vendored		vendored upstream binius-zk/binius64 @ 37e9cd64e82243cde0e79c7d8ac0dc319f1cbeb4 (workspace 0.1.0, edition 2024, Rust 1.97.1, licence Apache-2.0 OR MIT); excluded per the D3 dossier (keep a pinned upstream reference, not the tree); the six local modifications are listed in the copied record source-comparison.json (patch prover_memory.patch)
PQ_CE_QS_v1 (2).29_MLKEM_MLDSA_experiment/continuation_v1.17/binius64-source/crates/math/benches/reed_solomon.rs	9743d91b6db10c23213895181933e159e4228e05def6f572bc4dd26b55070e73	3241	D3	exclude-vendored		vendored upstream binius-zk/binius64 @ 37e9cd64e82243cde0e79c7d8ac0dc319f1cbeb4 (workspace 0.1.0, edition 2024, Rust 1.97.1, licence Apache-2.0 OR MIT); excluded per the D3 dossier (keep a pinned upstream reference, not the tree); the six local modifications are listed in the copied record source-comparison.json (patch prover_memory.patch)
PQ_CE_QS_v1 (2).29_MLKEM_MLDSA_experiment/continuation_v1.17/binius64-source/crates/math/src/batch_invert.rs	6efabfba601df4892b7029bc20a2aa75fe72d615709bf98f72e5ffd98c638b5b	13053	D3	exclude-vendored		vendored upstream binius-zk/binius64 @ 37e9cd64e82243cde0e79c7d8ac0dc319f1cbeb4 (workspace 0.1.0, edition 2024, Rust 1.97.1, licence Apache-2.0 OR MIT); excluded per the D3 dossier (keep a pinned upstream reference, not the tree); the six local modifications are listed in the copied record source-comparison.json (patch prover_memory.patch)
PQ_CE_QS_v1 (2).29_MLKEM_MLDSA_experiment/continuation_v1.17/binius64-source/crates/math/src/binary_subspace.rs	add364fc52292320a9dc3b82b527e15098891610771364cbd602be4c6bc399dc	15816	D3	exclude-vendored		vendored upstream binius-zk/binius64 @ 37e9cd64e82243cde0e79c7d8ac0dc319f1cbeb4 (workspace 0.1.0, edition 2024, Rust 1.97.1, licence Apache-2.0 OR MIT); excluded per the D3 dossier (keep a pinned upstream reference, not the tree); the six local modifications are listed in the copied record source-comparison.json (patch prover_memory.patch)
PQ_CE_QS_v1 (2).29_MLKEM_MLDSA_experiment/continuation_v1.17/binius64-source/crates/math/src/bit_reverse.rs	3707a61e94ff26e02d50be43c7fb852e4a09a85412a94b5b076e09ce80a96a02	21300	D3	exclude-vendored		vendored upstream binius-zk/binius64 @ 37e9cd64e82243cde0e79c7d8ac0dc319f1cbeb4 (workspace 0.1.0, edition 2024, Rust 1.97.1, licence Apache-2.0 OR MIT); excluded per the D3 dossier (keep a pinned upstream reference, not the tree); the six local modifications are listed in the copied record source-comparison.json (patch prover_memory.patch)
PQ_CE_QS_v1 (2).29_MLKEM_MLDSA_experiment/continuation_v1.17/binius64-source/crates/math/src/field_buffer/chunks.rs	1a8c16ce0adaa9d015d31cd934ddf0284d908ee2d9ba4f5b29ca50031f33d567	34065	D3	exclude-vendored		vendored upstream binius-zk/binius64 @ 37e9cd64e82243cde0e79c7d8ac0dc319f1cbeb4 (workspace 0.1.0, edition 2024, Rust 1.97.1, licence Apache-2.0 OR MIT); excluded per the D3 dossier (keep a pinned upstream reference, not the tree); the six local modifications are listed in the copied record source-comparison.json (patch prover_memory.patch)
PQ_CE_QS_v1 (2).29_MLKEM_MLDSA_experiment/continuation_v1.17/binius64-source/crates/math/src/field_buffer/mod.rs	6806f7e7b0fcf6c6af84482ee9908bea57569a5cc2d96b79279a680fa34a4d86	50656	D3	exclude-vendored		vendored upstream binius-zk/binius64 @ 37e9cd64e82243cde0e79c7d8ac0dc319f1cbeb4 (workspace 0.1.0, edition 2024, Rust 1.97.1, licence Apache-2.0 OR MIT); excluded per the D3 dossier (keep a pinned upstream reference, not the tree); the six local modifications are listed in the copied record source-comparison.json (patch prover_memory.patch)
PQ_CE_QS_v1 (2).29_MLKEM_MLDSA_experiment/continuation_v1.17/binius64-source/crates/math/src/field_buffer/view.rs	9f67747afe0d8d29117fc5ec19be18b52276bca54d6dc8bc328800577d1e601a	2316	D3	exclude-vendored		vendored upstream binius-zk/binius64 @ 37e9cd64e82243cde0e79c7d8ac0dc319f1cbeb4 (workspace 0.1.0, edition 2024, Rust 1.97.1, licence Apache-2.0 OR MIT); excluded per the D3 dossier (keep a pinned upstream reference, not the tree); the six local modifications are listed in the copied record source-comparison.json (patch prover_memory.patch)
PQ_CE_QS_v1 (2).29_MLKEM_MLDSA_experiment/continuation_v1.17/binius64-source/crates/math/src/inner_product.rs	7358cfd6d293115320151c95cb573117f8d9031107031f2a3be18a054ed05bce	8361	D3	exclude-vendored		vendored upstream binius-zk/binius64 @ 37e9cd64e82243cde0e79c7d8ac0dc319f1cbeb4 (workspace 0.1.0, edition 2024, Rust 1.97.1, licence Apache-2.0 OR MIT); excluded per the D3 dossier (keep a pinned upstream reference, not the tree); the six local modifications are listed in the copied record source-comparison.json (patch prover_memory.patch)
PQ_CE_QS_v1 (2).29_MLKEM_MLDSA_experiment/continuation_v1.17/binius64-source/crates/math/src/lib.rs	bcd8571a2b293af289733d28b38c1058983839021c2787bb458d553f3b878a73	827	D3	exclude-vendored		vendored upstream binius-zk/binius64 @ 37e9cd64e82243cde0e79c7d8ac0dc319f1cbeb4 (workspace 0.1.0, edition 2024, Rust 1.97.1, licence Apache-2.0 OR MIT); excluded per the D3 dossier (keep a pinned upstream reference, not the tree); the six local modifications are listed in the copied record source-comparison.json (patch prover_memory.patch)
PQ_CE_QS_v1 (2).29_MLKEM_MLDSA_experiment/continuation_v1.17/binius64-source/crates/math/src/line.rs	fffc5faaa9ad207764c4b7242ade1b445821362a63246f8ad63a790329658eb0	2119	D3	exclude-vendored		vendored upstream binius-zk/binius64 @ 37e9cd64e82243cde0e79c7d8ac0dc319f1cbeb4 (workspace 0.1.0, edition 2024, Rust 1.97.1, licence Apache-2.0 OR MIT); excluded per the D3 dossier (keep a pinned upstream reference, not the tree); the six local modifications are listed in the copied record source-comparison.json (patch prover_memory.patch)
PQ_CE_QS_v1 (2).29_MLKEM_MLDSA_experiment/continuation_v1.17/binius64-source/crates/math/src/multilinear/eq.rs	786e5819b88d150b5332189df5e7e59365abab08ef9cdc3ca05c30fe71fd1676	15696	D3	exclude-vendored		vendored upstream binius-zk/binius64 @ 37e9cd64e82243cde0e79c7d8ac0dc319f1cbeb4 (workspace 0.1.0, edition 2024, Rust 1.97.1, licence Apache-2.0 OR MIT); excluded per the D3 dossier (keep a pinned upstream reference, not the tree); the six local modifications are listed in the copied record source-comparison.json (patch prover_memory.patch)
PQ_CE_QS_v1 (2).29_MLKEM_MLDSA_experiment/continuation_v1.17/binius64-source/crates/math/src/multilinear/evaluate.rs	4f18cddf5e36328b38549746e1d262ac5bc4d2b42b30fd7c0bf09a1b186ec83f	7575	D3	exclude-vendored		vendored upstream binius-zk/binius64 @ 37e9cd64e82243cde0e79c7d8ac0dc319f1cbeb4 (workspace 0.1.0, edition 2024, Rust 1.97.1, licence Apache-2.0 OR MIT); excluded per the D3 dossier (keep a pinned upstream reference, not the tree); the six local modifications are listed in the copied record source-comparison.json (patch prover_memory.patch)
PQ_CE_QS_v1 (2).29_MLKEM_MLDSA_experiment/continuation_v1.17/binius64-source/crates/math/src/multilinear/fold.rs	a1f63fbb86f02c8be8fb567d38bc2771c421976853959fc4cf8dccc9f05a4e02	9608	D3	exclude-vendored		vendored upstream binius-zk/binius64 @ 37e9cd64e82243cde0e79c7d8ac0dc319f1cbeb4 (workspace 0.1.0, edition 2024, Rust 1.97.1, licence Apache-2.0 OR MIT); excluded per the D3 dossier (keep a pinned upstream reference, not the tree); the six local modifications are listed in the copied record source-comparison.json (patch prover_memory.patch)
PQ_CE_QS_v1 (2).29_MLKEM_MLDSA_experiment/continuation_v1.17/binius64-source/crates/math/src/multilinear/hypercube.rs	9c158795a0423663f1aa958177b2d678174b5c8e6d80b7751a18a462cedf3389	33504	D3	exclude-vendored		vendored upstream binius-zk/binius64 @ 37e9cd64e82243cde0e79c7d8ac0dc319f1cbeb4 (workspace 0.1.0, edition 2024, Rust 1.97.1, licence Apache-2.0 OR MIT); excluded per the D3 dossier (keep a pinned upstream reference, not the tree); the six local modifications are listed in the copied record source-comparison.json (patch prover_memory.patch)
PQ_CE_QS_v1 (2).29_MLKEM_MLDSA_experiment/continuation_v1.17/binius64-source/crates/math/src/multilinear/mod.rs	005efed339194e0a8124c3c82f6fa170e1ca14b35fdd54aec124d0ca9e35c5b4	99	D3	exclude-vendored		vendored upstream binius-zk/binius64 @ 37e9cd64e82243cde0e79c7d8ac0dc319f1cbeb4 (workspace 0.1.0, edition 2024, Rust 1.97.1, licence Apache-2.0 OR MIT); excluded per the D3 dossier (keep a pinned upstream reference, not the tree); the six local modifications are listed in the copied record source-comparison.json (patch prover_memory.patch)
PQ_CE_QS_v1 (2).29_MLKEM_MLDSA_experiment/continuation_v1.17/binius64-source/crates/math/src/ntt/domain_context.rs	873f1141c768c17a12fc4031c7dc406a977854e4fe7a3a6b08e2eaebbcd7cceb	15014	D3	exclude-vendored		vendored upstream binius-zk/binius64 @ 37e9cd64e82243cde0e79c7d8ac0dc319f1cbeb4 (workspace 0.1.0, edition 2024, Rust 1.97.1, licence Apache-2.0 OR MIT); excluded per the D3 dossier (keep a pinned upstream reference, not the tree); the six local modifications are listed in the copied record source-comparison.json (patch prover_memory.patch)
PQ_CE_QS_v1 (2).29_MLKEM_MLDSA_experiment/continuation_v1.17/binius64-source/crates/math/src/ntt/mod.rs	27166b8511c3e5c18e7dba9f2e3a07d1dd806ac9cc821586d9f31bce6a1d18c6	12012	D3	exclude-vendored		vendored upstream binius-zk/binius64 @ 37e9cd64e82243cde0e79c7d8ac0dc319f1cbeb4 (workspace 0.1.0, edition 2024, Rust 1.97.1, licence Apache-2.0 OR MIT); excluded per the D3 dossier (keep a pinned upstream reference, not the tree); the six local modifications are listed in the copied record source-comparison.json (patch prover_memory.patch)
PQ_CE_QS_v1 (2).29_MLKEM_MLDSA_experiment/continuation_v1.17/binius64-source/crates/math/src/ntt/neighbors_last.rs	8bf569b9d0c5461cc5673554f882037dcf1b13abe7cdf90634b7822e9b693772	32021	D3	exclude-vendored		vendored upstream binius-zk/binius64 @ 37e9cd64e82243cde0e79c7d8ac0dc319f1cbeb4 (workspace 0.1.0, edition 2024, Rust 1.97.1, licence Apache-2.0 OR MIT); excluded per the D3 dossier (keep a pinned upstream reference, not the tree); the six local modifications are listed in the copied record source-comparison.json (patch prover_memory.patch)
PQ_CE_QS_v1 (2).29_MLKEM_MLDSA_experiment/continuation_v1.17/binius64-source/crates/math/src/ntt/reference.rs	99a2dad8ee772ec13535f5a6566248708c3a628e66716977560bda6020d9e1e9	2669	D3	exclude-vendored		vendored upstream binius-zk/binius64 @ 37e9cd64e82243cde0e79c7d8ac0dc319f1cbeb4 (workspace 0.1.0, edition 2024, Rust 1.97.1, licence Apache-2.0 OR MIT); excluded per the D3 dossier (keep a pinned upstream reference, not the tree); the six local modifications are listed in the copied record source-comparison.json (patch prover_memory.patch)
PQ_CE_QS_v1 (2).29_MLKEM_MLDSA_experiment/continuation_v1.17/binius64-source/crates/math/src/ntt/subspace_polys.rs	ee25ddce394349f6c8ac5743093119fd7a8f12f0d52b94ade09b41dde28ac222	16355	D3	exclude-vendored		vendored upstream binius-zk/binius64 @ 37e9cd64e82243cde0e79c7d8ac0dc319f1cbeb4 (workspace 0.1.0, edition 2024, Rust 1.97.1, licence Apache-2.0 OR MIT); excluded per the D3 dossier (keep a pinned upstream reference, not the tree); the six local modifications are listed in the copied record source-comparison.json (patch prover_memory.patch)
PQ_CE_QS_v1 (2).29_MLKEM_MLDSA_experiment/continuation_v1.17/binius64-source/crates/math/src/ntt/tests_evaluation.rs	dd81667c1bdd9ec3972a5b84ee0e804f919d6525172d03db9cc046f029808b33	7520	D3	exclude-vendored		vendored upstream binius-zk/binius64 @ 37e9cd64e82243cde0e79c7d8ac0dc319f1cbeb4 (workspace 0.1.0, edition 2024, Rust 1.97.1, licence Apache-2.0 OR MIT); excluded per the D3 dossier (keep a pinned upstream reference, not the tree); the six local modifications are listed in the copied record source-comparison.json (patch prover_memory.patch)
PQ_CE_QS_v1 (2).29_MLKEM_MLDSA_experiment/continuation_v1.17/binius64-source/crates/math/src/ntt/tests_reference.rs	f0ba6849ec945978b237371be051a806ecff0b9d581ed6b3ea333dd7e61ecca5	7314	D3	exclude-vendored		vendored upstream binius-zk/binius64 @ 37e9cd64e82243cde0e79c7d8ac0dc319f1cbeb4 (workspace 0.1.0, edition 2024, Rust 1.97.1, licence Apache-2.0 OR MIT); excluded per the D3 dossier (keep a pinned upstream reference, not the tree); the six local modifications are listed in the copied record source-comparison.json (patch prover_memory.patch)
PQ_CE_QS_v1 (2).29_MLKEM_MLDSA_experiment/continuation_v1.17/binius64-source/crates/math/src/reed_solomon.rs	59e7d685894bfbc660ab532f5e107e362062bd9530132d7ae4aed6310f6f6a73	16354	D3	exclude-vendored		vendored upstream binius-zk/binius64 @ 37e9cd64e82243cde0e79c7d8ac0dc319f1cbeb4 (workspace 0.1.0, edition 2024, Rust 1.97.1, licence Apache-2.0 OR MIT); excluded per the D3 dossier (keep a pinned upstream reference, not the tree); the six local modifications are listed in the copied record source-comparison.json (patch prover_memory.patch)
PQ_CE_QS_v1 (2).29_MLKEM_MLDSA_experiment/continuation_v1.17/binius64-source/crates/math/src/tensor_algebra.rs	9e2d2c3d919bd32fd04c115198e80dc2a87620639142dc38a567c42772fb2d31	6460	D3	exclude-vendored		vendored upstream binius-zk/binius64 @ 37e9cd64e82243cde0e79c7d8ac0dc319f1cbeb4 (workspace 0.1.0, edition 2024, Rust 1.97.1, licence Apache-2.0 OR MIT); excluded per the D3 dossier (keep a pinned upstream reference, not the tree); the six local modifications are listed in the copied record source-comparison.json (patch prover_memory.patch)
PQ_CE_QS_v1 (2).29_MLKEM_MLDSA_experiment/continuation_v1.17/binius64-source/crates/math/src/test_utils.rs	295d33603154c6d9067f025169bf2e7707fea72a7a18c1beeb79c3c5a297ca26	3367	D3	exclude-vendored		vendored upstream binius-zk/binius64 @ 37e9cd64e82243cde0e79c7d8ac0dc319f1cbeb4 (workspace 0.1.0, edition 2024, Rust 1.97.1, licence Apache-2.0 OR MIT); excluded per the D3 dossier (keep a pinned upstream reference, not the tree); the six local modifications are listed in the copied record source-comparison.json (patch prover_memory.patch)
PQ_CE_QS_v1 (2).29_MLKEM_MLDSA_experiment/continuation_v1.17/binius64-source/crates/math/src/univariate.rs	1f9eaf65b9ea0d12bcc576fb49867c8c08b5b40bb1e394ed6f568376d3dd71d6	14382	D3	exclude-vendored		vendored upstream binius-zk/binius64 @ 37e9cd64e82243cde0e79c7d8ac0dc319f1cbeb4 (workspace 0.1.0, edition 2024, Rust 1.97.1, licence Apache-2.0 OR MIT); excluded per the D3 dossier (keep a pinned upstream reference, not the tree); the six local modifications are listed in the copied record source-comparison.json (patch prover_memory.patch)
PQ_CE_QS_v1 (2).29_MLKEM_MLDSA_experiment/continuation_v1.17/binius64-source/crates/prover/Cargo.toml	abff5876d7bac6177981b801df0a64f6e8188bb3c986f1a38f93517c177b7d82	1990	D3	exclude-vendored		vendored upstream binius-zk/binius64 @ 37e9cd64e82243cde0e79c7d8ac0dc319f1cbeb4 (workspace 0.1.0, edition 2024, Rust 1.97.1, licence Apache-2.0 OR MIT); excluded per the D3 dossier (keep a pinned upstream reference, not the tree); the six local modifications are listed in the copied record source-comparison.json (patch prover_memory.patch)
PQ_CE_QS_v1 (2).29_MLKEM_MLDSA_experiment/continuation_v1.17/binius64-source/crates/prover/benches/batch_quadratic_mle.rs	b0f42935ab34dd4c01167c9e44684d1d7a52bd21e783cf31f321e0796abe9b98	4486	D3	exclude-vendored		vendored upstream binius-zk/binius64 @ 37e9cd64e82243cde0e79c7d8ac0dc319f1cbeb4 (workspace 0.1.0, edition 2024, Rust 1.97.1, licence Apache-2.0 OR MIT); excluded per the D3 dossier (keep a pinned upstream reference, not the tree); the six local modifications are listed in the copied record source-comparison.json (patch prover_memory.patch)
PQ_CE_QS_v1 (2).29_MLKEM_MLDSA_experiment/continuation_v1.17/binius64-source/crates/prover/benches/binmul.rs	8428e0cf21c08045a88bd4a1709d345b8e235e98152b9d6b9bce64c73db0324b	2439	D3	exclude-vendored		vendored upstream binius-zk/binius64 @ 37e9cd64e82243cde0e79c7d8ac0dc319f1cbeb4 (workspace 0.1.0, edition 2024, Rust 1.97.1, licence Apache-2.0 OR MIT); excluded per the D3 dossier (keep a pinned upstream reference, not the tree); the six local modifications are listed in the copied record source-comparison.json (patch prover_memory.patch)
PQ_CE_QS_v1 (2).29_MLKEM_MLDSA_experiment/continuation_v1.17/binius64-source/crates/prover/benches/bitand.rs	cded107a01b24e65be875afc1356db36142659259adaea2f767fd0db7db68f12	4779	D3	exclude-vendored		vendored upstream binius-zk/binius64 @ 37e9cd64e82243cde0e79c7d8ac0dc319f1cbeb4 (workspace 0.1.0, edition 2024, Rust 1.97.1, licence Apache-2.0 OR MIT); excluded per the D3 dossier (keep a pinned upstream reference, not the tree); the six local modifications are listed in the copied record source-comparison.json (patch prover_memory.patch)
PQ_CE_QS_v1 (2).29_MLKEM_MLDSA_experiment/continuation_v1.17/binius64-source/crates/prover/benches/fold_across_words.rs	37b5add549250a565883cdabc70db4cdaf94789c8e78a50f223bb80714b28e22	3079	D3	exclude-vendored		vendored upstream binius-zk/binius64 @ 37e9cd64e82243cde0e79c7d8ac0dc319f1cbeb4 (workspace 0.1.0, edition 2024, Rust 1.97.1, licence Apache-2.0 OR MIT); excluded per the D3 dossier (keep a pinned upstream reference, not the tree); the six local modifications are listed in the copied record source-comparison.json (patch prover_memory.patch)
PQ_CE_QS_v1 (2).29_MLKEM_MLDSA_experiment/continuation_v1.17/binius64-source/crates/prover/benches/fold_words.rs	ad84b229d808ea62ed0f2d521cb58470a98d708881d4e58186ef997a48ef4cca	1313	D3	exclude-vendored		vendored upstream binius-zk/binius64 @ 37e9cd64e82243cde0e79c7d8ac0dc319f1cbeb4 (workspace 0.1.0, edition 2024, Rust 1.97.1, licence Apache-2.0 OR MIT); excluded per the D3 dossier (keep a pinned upstream reference, not the tree); the six local modifications are listed in the copied record source-comparison.json (patch prover_memory.patch)
PQ_CE_QS_v1 (2).29_MLKEM_MLDSA_experiment/continuation_v1.17/binius64-source/crates/prover/benches/fracaddcheck.rs	51ad41aadd16a46870bf28aa21bbc77457276e3d76d81c68d7410eca2ff8d802	3092	D3	exclude-vendored		vendored upstream binius-zk/binius64 @ 37e9cd64e82243cde0e79c7d8ac0dc319f1cbeb4 (workspace 0.1.0, edition 2024, Rust 1.97.1, licence Apache-2.0 OR MIT); excluded per the D3 dossier (keep a pinned upstream reference, not the tree); the six local modifications are listed in the copied record source-comparison.json (patch prover_memory.patch)
PQ_CE_QS_v1 (2).29_MLKEM_MLDSA_experiment/continuation_v1.17/binius64-source/crates/prover/benches/intmul.rs	095e82cefe781928f0c9ee88b19bf89f3bcc1d439ef9e0a1023bbb797f2d455a	13567	D3	exclude-vendored		vendored upstream binius-zk/binius64 @ 37e9cd64e82243cde0e79c7d8ac0dc319f1cbeb4 (workspace 0.1.0, edition 2024, Rust 1.97.1, licence Apache-2.0 OR MIT); excluded per the D3 dossier (keep a pinned upstream reference, not the tree); the six local modifications are listed in the copied record source-comparison.json (patch prover_memory.patch)
PQ_CE_QS_v1 (2).29_MLKEM_MLDSA_experiment/continuation_v1.17/binius64-source/crates/prover/benches/prodcheck.rs	95d51978955298cec37c7f1c0a4ca4a4624f961367032b3fe1118a7216162fa5	2583	D3	exclude-vendored		vendored upstream binius-zk/binius64 @ 37e9cd64e82243cde0e79c7d8ac0dc319f1cbeb4 (workspace 0.1.0, edition 2024, Rust 1.97.1, licence Apache-2.0 OR MIT); excluded per the D3 dossier (keep a pinned upstream reference, not the tree); the six local modifications are listed in the copied record source-comparison.json (patch prover_memory.patch)
PQ_CE_QS_v1 (2).29_MLKEM_MLDSA_experiment/continuation_v1.17/binius64-source/crates/prover/benches/ring_switch.rs	908043f13dad3ae2db7dca1c8bc90b731758b19b852e3df9b09bdd70d96cadb0	3255	D3	exclude-vendored		vendored upstream binius-zk/binius64 @ 37e9cd64e82243cde0e79c7d8ac0dc319f1cbeb4 (workspace 0.1.0, edition 2024, Rust 1.97.1, licence Apache-2.0 OR MIT); excluded per the D3 dossier (keep a pinned upstream reference, not the tree); the six local modifications are listed in the copied record source-comparison.json (patch prover_memory.patch)
PQ_CE_QS_v1 (2).29_MLKEM_MLDSA_experiment/continuation_v1.17/binius64-source/crates/prover/benches/shift_reduction.rs	a55851ef18b30b01d4cae45a8605420a9434752d0e016bcadfc47844f098488b	14498	D3	exclude-vendored		vendored upstream binius-zk/binius64 @ 37e9cd64e82243cde0e79c7d8ac0dc319f1cbeb4 (workspace 0.1.0, edition 2024, Rust 1.97.1, licence Apache-2.0 OR MIT); excluded per the D3 dossier (keep a pinned upstream reference, not the tree); the six local modifications are listed in the copied record source-comparison.json (patch prover_memory.patch)
PQ_CE_QS_v1 (2).29_MLKEM_MLDSA_experiment/continuation_v1.17/binius64-source/crates/prover/benches/sumcheck.rs	9e20a40021458becb22aeca5cd4876764f1483f50221b159955f0421a416d36e	3282	D3	exclude-vendored		vendored upstream binius-zk/binius64 @ 37e9cd64e82243cde0e79c7d8ac0dc319f1cbeb4 (workspace 0.1.0, edition 2024, Rust 1.97.1, licence Apache-2.0 OR MIT); excluded per the D3 dossier (keep a pinned upstream reference, not the tree); the six local modifications are listed in the copied record source-comparison.json (patch prover_memory.patch)
PQ_CE_QS_v1 (2).29_MLKEM_MLDSA_experiment/continuation_v1.17/binius64-source/crates/prover/src/bit_matrix.rs	b29fe9bc2c29701db51ea52f6d550da1deb600f6620b75cb3c9548623756a75e	11193	D3	exclude-vendored		vendored upstream binius-zk/binius64 @ 37e9cd64e82243cde0e79c7d8ac0dc319f1cbeb4 (workspace 0.1.0, edition 2024, Rust 1.97.1, licence Apache-2.0 OR MIT); excluded per the D3 dossier (keep a pinned upstream reference, not the tree); the six local modifications are listed in the copied record source-comparison.json (patch prover_memory.patch)
PQ_CE_QS_v1 (2).29_MLKEM_MLDSA_experiment/continuation_v1.17/binius64-source/crates/prover/src/error.rs	da071a23874abc500ee4ffc1092980047e973bf403df8755e787246d4f937899	370	D3	exclude-vendored		vendored upstream binius-zk/binius64 @ 37e9cd64e82243cde0e79c7d8ac0dc319f1cbeb4 (workspace 0.1.0, edition 2024, Rust 1.97.1, licence Apache-2.0 OR MIT); excluded per the D3 dossier (keep a pinned upstream reference, not the tree); the six local modifications are listed in the copied record source-comparison.json (patch prover_memory.patch)
PQ_CE_QS_v1 (2).29_MLKEM_MLDSA_experiment/continuation_v1.17/binius64-source/crates/prover/src/fold_word/bit_axis.rs	bf8e852ba6cc806179efca7478294c86a7f64b7fcbfd60c2e3697c12fc55fe1d	12090	D3	exclude-vendored		vendored upstream binius-zk/binius64 @ 37e9cd64e82243cde0e79c7d8ac0dc319f1cbeb4 (workspace 0.1.0, edition 2024, Rust 1.97.1, licence Apache-2.0 OR MIT); excluded per the D3 dossier (keep a pinned upstream reference, not the tree); the six local modifications are listed in the copied record source-comparison.json (patch prover_memory.patch)
PQ_CE_QS_v1 (2).29_MLKEM_MLDSA_experiment/continuation_v1.17/binius64-source/crates/prover/src/fold_word/lookup.rs	2c095e4a4bfebb04b9938be7e29b08d3b5cf39ce5c6e7a759d1097d1b61a573a	2565	D3	exclude-vendored		vendored upstream binius-zk/binius64 @ 37e9cd64e82243cde0e79c7d8ac0dc319f1cbeb4 (workspace 0.1.0, edition 2024, Rust 1.97.1, licence Apache-2.0 OR MIT); excluded per the D3 dossier (keep a pinned upstream reference, not the tree); the six local modifications are listed in the copied record source-comparison.json (patch prover_memory.patch)
PQ_CE_QS_v1 (2).29_MLKEM_MLDSA_experiment/continuation_v1.17/binius64-source/crates/prover/src/fold_word/mod.rs	d698792fb7580e90f0b7bff1f632da60cb68a02ac9cb75f3d5ef0bbe33c13d3e	2348	D3	exclude-vendored		vendored upstream binius-zk/binius64 @ 37e9cd64e82243cde0e79c7d8ac0dc319f1cbeb4 (workspace 0.1.0, edition 2024, Rust 1.97.1, licence Apache-2.0 OR MIT); excluded per the D3 dossier (keep a pinned upstream reference, not the tree); the six local modifications are listed in the copied record source-comparison.json (patch prover_memory.patch)
PQ_CE_QS_v1 (2).29_MLKEM_MLDSA_experiment/continuation_v1.17/binius64-source/crates/prover/src/fold_word/output.rs	21c9b66090f3f1f9a6ec74342ac58bcec4b6957b3595738112b2ccb2978daa0c	2443	D3	exclude-vendored		vendored upstream binius-zk/binius64 @ 37e9cd64e82243cde0e79c7d8ac0dc319f1cbeb4 (workspace 0.1.0, edition 2024, Rust 1.97.1, licence Apache-2.0 OR MIT); excluded per the D3 dossier (keep a pinned upstream reference, not the tree); the six local modifications are listed in the copied record source-comparison.json (patch prover_memory.patch)
PQ_CE_QS_v1 (2).29_MLKEM_MLDSA_experiment/continuation_v1.17/binius64-source/crates/prover/src/fold_word/word_axis.rs	b36f1448cef155a1c3a7c3112cc6b2216be46c5b371d2ca6df78834c560b6d45	11714	D3	exclude-vendored		vendored upstream binius-zk/binius64 @ 37e9cd64e82243cde0e79c7d8ac0dc319f1cbeb4 (workspace 0.1.0, edition 2024, Rust 1.97.1, licence Apache-2.0 OR MIT); excluded per the D3 dossier (keep a pinned upstream reference, not the tree); the six local modifications are listed in the copied record source-comparison.json (patch prover_memory.patch)
PQ_CE_QS_v1 (2).29_MLKEM_MLDSA_experiment/continuation_v1.17/binius64-source/crates/prover/src/lib.rs	2bfac6ddfd584f6b610a2c3b485df47ea86618c9aa45eeca717bda8fdc1970da	1641	D3	exclude-vendored		vendored upstream binius-zk/binius64 @ 37e9cd64e82243cde0e79c7d8ac0dc319f1cbeb4 (workspace 0.1.0, edition 2024, Rust 1.97.1, licence Apache-2.0 OR MIT); excluded per the D3 dossier (keep a pinned upstream reference, not the tree); the six local modifications are listed in the copied record source-comparison.json (patch prover_memory.patch)
PQ_CE_QS_v1 (2).29_MLKEM_MLDSA_experiment/continuation_v1.17/binius64-source/crates/prover/src/pcs_compiler.rs	528e1b9d6d7d2b2262aae51430bcd6df4ce00b6b90e042d9d98ef66c166908f2	1798	D3	exclude-vendored		vendored upstream binius-zk/binius64 @ 37e9cd64e82243cde0e79c7d8ac0dc319f1cbeb4 (workspace 0.1.0, edition 2024, Rust 1.97.1, licence Apache-2.0 OR MIT); excluded per the D3 dossier (keep a pinned upstream reference, not the tree); the six local modifications are listed in the copied record source-comparison.json (patch prover_memory.patch)
PQ_CE_QS_v1 (2).29_MLKEM_MLDSA_experiment/continuation_v1.17/binius64-source/crates/prover/src/protocols/binmul.rs	b00f725714d0034842350098439b2ad7ac1f53135eaafe3f659ecc5753de559b	14279	D3	exclude-vendored		vendored upstream binius-zk/binius64 @ 37e9cd64e82243cde0e79c7d8ac0dc319f1cbeb4 (workspace 0.1.0, edition 2024, Rust 1.97.1, licence Apache-2.0 OR MIT); excluded per the D3 dossier (keep a pinned upstream reference, not the tree); the six local modifications are listed in the copied record source-comparison.json (patch prover_memory.patch)
PQ_CE_QS_v1 (2).29_MLKEM_MLDSA_experiment/continuation_v1.17/binius64-source/crates/prover/src/protocols/bitand/mod.rs	6503ef8e9210af5be660ed09a80ebf4d0cf1640416201d37528cad18af1dfc21	206	D3	exclude-vendored		vendored upstream binius-zk/binius64 @ 37e9cd64e82243cde0e79c7d8ac0dc319f1cbeb4 (workspace 0.1.0, edition 2024, Rust 1.97.1, licence Apache-2.0 OR MIT); excluded per the D3 dossier (keep a pinned upstream reference, not the tree); the six local modifications are listed in the copied record source-comparison.json (patch prover_memory.patch)
PQ_CE_QS_v1 (2).29_MLKEM_MLDSA_experiment/continuation_v1.17/binius64-source/crates/prover/src/protocols/bitand/ntt_lookup.rs	6209afd6f39662240d5bb0a39609f1a8aa39011a809ecd5ff6a6426422e65db7	9934	D3	exclude-vendored		vendored upstream binius-zk/binius64 @ 37e9cd64e82243cde0e79c7d8ac0dc319f1cbeb4 (workspace 0.1.0, edition 2024, Rust 1.97.1, licence Apache-2.0 OR MIT); excluded per the D3 dossier (keep a pinned upstream reference, not the tree); the six local modifications are listed in the copied record source-comparison.json (patch prover_memory.patch)
PQ_CE_QS_v1 (2).29_MLKEM_MLDSA_experiment/continuation_v1.17/binius64-source/crates/prover/src/protocols/bitand/prove.rs	c4737432326c2988ccf41231ce92e50bff278395eeec5aa671cb40d1c3d71a8a	6017	D3	exclude-vendored		vendored upstream binius-zk/binius64 @ 37e9cd64e82243cde0e79c7d8ac0dc319f1cbeb4 (workspace 0.1.0, edition 2024, Rust 1.97.1, licence Apache-2.0 OR MIT); excluded per the D3 dossier (keep a pinned upstream reference, not the tree); the six local modifications are listed in the copied record source-comparison.json (patch prover_memory.patch)
PQ_CE_QS_v1 (2).29_MLKEM_MLDSA_experiment/continuation_v1.17/binius64-source/crates/prover/src/protocols/bitand/prover.rs	bd9c0f235fbb295481f47b90a8d35d5c1f6a6c905da9181a59560d56be6614a2	13399	D3	exclude-vendored		vendored upstream binius-zk/binius64 @ 37e9cd64e82243cde0e79c7d8ac0dc319f1cbeb4 (workspace 0.1.0, edition 2024, Rust 1.97.1, licence Apache-2.0 OR MIT); excluded per the D3 dossier (keep a pinned upstream reference, not the tree); the six local modifications are listed in the copied record source-comparison.json (patch prover_memory.patch)
PQ_CE_QS_v1 (2).29_MLKEM_MLDSA_experiment/continuation_v1.17/binius64-source/crates/prover/src/protocols/bitand/sumcheck_round_messages.rs	8062a596b35034b1a39d28f068348230f4c5f533ca83fb7e86218c4e56fe9850	18031	D3	exclude-vendored		vendored upstream binius-zk/binius64 @ 37e9cd64e82243cde0e79c7d8ac0dc319f1cbeb4 (workspace 0.1.0, edition 2024, Rust 1.97.1, licence Apache-2.0 OR MIT); excluded per the D3 dossier (keep a pinned upstream reference, not the tree); the six local modifications are listed in the copied record source-comparison.json (patch prover_memory.patch)
PQ_CE_QS_v1 (2).29_MLKEM_MLDSA_experiment/continuation_v1.17/binius64-source/crates/prover/src/protocols/intmul/error.rs	b06abe3d92a6532c1aa3d5da6bfe3e74b1421138cfcf1951a5ec56f7f84171de	291	D3	exclude-vendored		vendored upstream binius-zk/binius64 @ 37e9cd64e82243cde0e79c7d8ac0dc319f1cbeb4 (workspace 0.1.0, edition 2024, Rust 1.97.1, licence Apache-2.0 OR MIT); excluded per the D3 dossier (keep a pinned upstream reference, not the tree); the six local modifications are listed in the copied record source-comparison.json (patch prover_memory.patch)
PQ_CE_QS_v1 (2).29_MLKEM_MLDSA_experiment/continuation_v1.17/binius64-source/crates/prover/src/protocols/intmul/mod.rs	92a3b171fed7ad0650d0db23794039cbb1d481dc1cd9e7d104e59ec569b7d625	184	D3	exclude-vendored		vendored upstream binius-zk/binius64 @ 37e9cd64e82243cde0e79c7d8ac0dc319f1cbeb4 (workspace 0.1.0, edition 2024, Rust 1.97.1, licence Apache-2.0 OR MIT); excluded per the D3 dossier (keep a pinned upstream reference, not the tree); the six local modifications are listed in the copied record source-comparison.json (patch prover_memory.patch)
PQ_CE_QS_v1 (2).29_MLKEM_MLDSA_experiment/continuation_v1.17/binius64-source/crates/prover/src/protocols/intmul/prove.rs	da77e46bcc422cde97c45ac350bf00dc483dbd9fbd674f6e39e5a5dd36348086	24465	D3	exclude-vendored		vendored upstream binius-zk/binius64 @ 37e9cd64e82243cde0e79c7d8ac0dc319f1cbeb4 (workspace 0.1.0, edition 2024, Rust 1.97.1, licence Apache-2.0 OR MIT); excluded per the D3 dossier (keep a pinned upstream reference, not the tree); the six local modifications are listed in the copied record source-comparison.json (patch prover_memory.patch)
PQ_CE_QS_v1 (2).29_MLKEM_MLDSA_experiment/continuation_v1.17/binius64-source/crates/prover/src/protocols/intmul/recompute.rs	0f9470fa1e3f625b23a2cec31621edb61f558648d1941c9122a3d153e596b06f	14235	D3	exclude-vendored		vendored upstream binius-zk/binius64 @ 37e9cd64e82243cde0e79c7d8ac0dc319f1cbeb4 (workspace 0.1.0, edition 2024, Rust 1.97.1, licence Apache-2.0 OR MIT); excluded per the D3 dossier (keep a pinned upstream reference, not the tree); the six local modifications are listed in the copied record source-comparison.json (patch prover_memory.patch)
PQ_CE_QS_v1 (2).29_MLKEM_MLDSA_experiment/continuation_v1.17/binius64-source/crates/prover/src/protocols/intmul/tests.rs	d3ea13c3f02a1a16c9027adf021c0c4423673fb90360aa4a4ba1fff555213627	6787	D3	exclude-vendored		vendored upstream binius-zk/binius64 @ 37e9cd64e82243cde0e79c7d8ac0dc319f1cbeb4 (workspace 0.1.0, edition 2024, Rust 1.97.1, licence Apache-2.0 OR MIT); excluded per the D3 dossier (keep a pinned upstream reference, not the tree); the six local modifications are listed in the copied record source-comparison.json (patch prover_memory.patch)
PQ_CE_QS_v1 (2).29_MLKEM_MLDSA_experiment/continuation_v1.17/binius64-source/crates/prover/src/protocols/intmul/witness.rs	1e13fb31ac65071cee2c70cad24d99d5a1df38dddb59bf5fbc958c45c59dff9b	23789	D3	exclude-vendored		vendored upstream binius-zk/binius64 @ 37e9cd64e82243cde0e79c7d8ac0dc319f1cbeb4 (workspace 0.1.0, edition 2024, Rust 1.97.1, licence Apache-2.0 OR MIT); excluded per the D3 dossier (keep a pinned upstream reference, not the tree); the six local modifications are listed in the copied record source-comparison.json (patch prover_memory.patch)
PQ_CE_QS_v1 (2).29_MLKEM_MLDSA_experiment/continuation_v1.17/binius64-source/crates/prover/src/protocols/mod.rs	23de3eb4634e59a4efbb8f523e3e9c0897f6e3606a40989c501def66909a5b21	99	D3	exclude-vendored		vendored upstream binius-zk/binius64 @ 37e9cd64e82243cde0e79c7d8ac0dc319f1cbeb4 (workspace 0.1.0, edition 2024, Rust 1.97.1, licence Apache-2.0 OR MIT); excluded per the D3 dossier (keep a pinned upstream reference, not the tree); the six local modifications are listed in the copied record source-comparison.json (patch prover_memory.patch)
PQ_CE_QS_v1 (2).29_MLKEM_MLDSA_experiment/continuation_v1.17/binius64-source/crates/prover/src/protocols/shift/claims.rs	cd20d5a38d8d9d5ebf9efaccc630d7111df0d0b32cc463e64a0c2ecf4d20a394	8712	D3	exclude-vendored		vendored upstream binius-zk/binius64 @ 37e9cd64e82243cde0e79c7d8ac0dc319f1cbeb4 (workspace 0.1.0, edition 2024, Rust 1.97.1, licence Apache-2.0 OR MIT); excluded per the D3 dossier (keep a pinned upstream reference, not the tree); the six local modifications are listed in the copied record source-comparison.json (patch prover_memory.patch)
PQ_CE_QS_v1 (2).29_MLKEM_MLDSA_experiment/continuation_v1.17/binius64-source/crates/prover/src/protocols/shift/key_collection/builder.rs	e1709e956189e2bc36a39413b977282df8e0bf34862ab5c6e48cba0fefab4b3a	35618	D3	exclude-vendored		vendored upstream binius-zk/binius64 @ 37e9cd64e82243cde0e79c7d8ac0dc319f1cbeb4 (workspace 0.1.0, edition 2024, Rust 1.97.1, licence Apache-2.0 OR MIT); excluded per the D3 dossier (keep a pinned upstream reference, not the tree); the six local modifications are listed in the copied record source-comparison.json (patch prover_memory.patch)
PQ_CE_QS_v1 (2).29_MLKEM_MLDSA_experiment/continuation_v1.17/binius64-source/crates/prover/src/protocols/shift/key_collection/collection.rs	f1fdff55d5adee4669213435e6b014d897e649274fee490ac3a4596eea111174	13897	D3	exclude-vendored		vendored upstream binius-zk/binius64 @ 37e9cd64e82243cde0e79c7d8ac0dc319f1cbeb4 (workspace 0.1.0, edition 2024, Rust 1.97.1, licence Apache-2.0 OR MIT); excluded per the D3 dossier (keep a pinned upstream reference, not the tree); the six local modifications are listed in the copied record source-comparison.json (patch prover_memory.patch)
PQ_CE_QS_v1 (2).29_MLKEM_MLDSA_experiment/continuation_v1.17/binius64-source/crates/prover/src/protocols/shift/key_collection/dense_shift_encoding.rs	de018905e8ea3f0423c209390c1ac857190abb2737660e1056114aeb6037c6be	8909	D3	exclude-vendored		vendored upstream binius-zk/binius64 @ 37e9cd64e82243cde0e79c7d8ac0dc319f1cbeb4 (workspace 0.1.0, edition 2024, Rust 1.97.1, licence Apache-2.0 OR MIT); excluded per the D3 dossier (keep a pinned upstream reference, not the tree); the six local modifications are listed in the copied record source-comparison.json (patch prover_memory.patch)
PQ_CE_QS_v1 (2).29_MLKEM_MLDSA_experiment/continuation_v1.17/binius64-source/crates/prover/src/protocols/shift/key_collection/key.rs	d2efcf6a6241289d9e02c0bb1f6f05ddeb13c49433975bfd4f65f3baa1922055	10996	D3	exclude-vendored		vendored upstream binius-zk/binius64 @ 37e9cd64e82243cde0e79c7d8ac0dc319f1cbeb4 (workspace 0.1.0, edition 2024, Rust 1.97.1, licence Apache-2.0 OR MIT); excluded per the D3 dossier (keep a pinned upstream reference, not the tree); the six local modifications are listed in the copied record source-comparison.json (patch prover_memory.patch)
PQ_CE_QS_v1 (2).29_MLKEM_MLDSA_experiment/continuation_v1.17/binius64-source/crates/prover/src/protocols/shift/key_collection/key_segment.rs	b4ca4caf742f2707921780ea65edcf2c1c0a2cb100357dd977a0c415e65108bb	13379	D3	exclude-vendored		vendored upstream binius-zk/binius64 @ 37e9cd64e82243cde0e79c7d8ac0dc319f1cbeb4 (workspace 0.1.0, edition 2024, Rust 1.97.1, licence Apache-2.0 OR MIT); excluded per the D3 dossier (keep a pinned upstream reference, not the tree); the six local modifications are listed in the copied record source-comparison.json (patch prover_memory.patch)
PQ_CE_QS_v1 (2).29_MLKEM_MLDSA_experiment/continuation_v1.17/binius64-source/crates/prover/src/protocols/shift/key_collection/mod.rs	fdd7f9de9c905b230fd28b5bf44c380ac99c6cc393a55b746e6c86f4d038c153	394	D3	exclude-vendored		vendored upstream binius-zk/binius64 @ 37e9cd64e82243cde0e79c7d8ac0dc319f1cbeb4 (workspace 0.1.0, edition 2024, Rust 1.97.1, licence Apache-2.0 OR MIT); excluded per the D3 dossier (keep a pinned upstream reference, not the tree); the six local modifications are listed in the copied record source-comparison.json (patch prover_memory.patch)
PQ_CE_QS_v1 (2).29_MLKEM_MLDSA_experiment/continuation_v1.17/binius64-source/crates/prover/src/protocols/shift/key_collection/operation.rs	79127ee5c28b47ead8363bc834a6d1561f22dfc64a6474023819ab3fee9eaadc	2850	D3	exclude-vendored		vendored upstream binius-zk/binius64 @ 37e9cd64e82243cde0e79c7d8ac0dc319f1cbeb4 (workspace 0.1.0, edition 2024, Rust 1.97.1, licence Apache-2.0 OR MIT); excluded per the D3 dossier (keep a pinned upstream reference, not the tree); the six local modifications are listed in the copied record source-comparison.json (patch prover_memory.patch)
PQ_CE_QS_v1 (2).29_MLKEM_MLDSA_experiment/continuation_v1.17/binius64-source/crates/prover/src/protocols/shift/mod.rs	e4cc5b4bf8d8850f8d6d6f27781340fda4f1f39e63ed75182c5ef581d7e880f0	581	D3	exclude-vendored		vendored upstream binius-zk/binius64 @ 37e9cd64e82243cde0e79c7d8ac0dc319f1cbeb4 (workspace 0.1.0, edition 2024, Rust 1.97.1, licence Apache-2.0 OR MIT); excluded per the D3 dossier (keep a pinned upstream reference, not the tree); the six local modifications are listed in the copied record source-comparison.json (patch prover_memory.patch)
PQ_CE_QS_v1 (2).29_MLKEM_MLDSA_experiment/continuation_v1.17/binius64-source/crates/prover/src/protocols/shift/monster.rs	2f43803518dd06af9b44fac38e14e8283d4c1086960547b64c2a23ddbd9ff781	14922	D3	exclude-vendored		vendored upstream binius-zk/binius64 @ 37e9cd64e82243cde0e79c7d8ac0dc319f1cbeb4 (workspace 0.1.0, edition 2024, Rust 1.97.1, licence Apache-2.0 OR MIT); excluded per the D3 dossier (keep a pinned upstream reference, not the tree); the six local modifications are listed in the copied record source-comparison.json (patch prover_memory.patch)
PQ_CE_QS_v1 (2).29_MLKEM_MLDSA_experiment/continuation_v1.17/binius64-source/crates/prover/src/protocols/shift/outer.rs	2c4caea2a23ea4232283bfd78b7201c7049600e935fcec9f4b89e4183e2531eb	16287	D3	exclude-vendored		vendored upstream binius-zk/binius64 @ 37e9cd64e82243cde0e79c7d8ac0dc319f1cbeb4 (workspace 0.1.0, edition 2024, Rust 1.97.1, licence Apache-2.0 OR MIT); excluded per the D3 dossier (keep a pinned upstream reference, not the tree); the six local modifications are listed in the copied record source-comparison.json (patch prover_memory.patch)
PQ_CE_QS_v1 (2).29_MLKEM_MLDSA_experiment/continuation_v1.17/binius64-source/crates/prover/src/protocols/shift/phase_1.rs	3e4db2dae7d79e3aa1f8a241d539066bdb493551d07a99864339dc71365c8af1	32556	D3	exclude-vendored		vendored upstream binius-zk/binius64 @ 37e9cd64e82243cde0e79c7d8ac0dc319f1cbeb4 (workspace 0.1.0, edition 2024, Rust 1.97.1, licence Apache-2.0 OR MIT); excluded per the D3 dossier (keep a pinned upstream reference, not the tree); the six local modifications are listed in the copied record source-comparison.json (patch prover_memory.patch)
PQ_CE_QS_v1 (2).29_MLKEM_MLDSA_experiment/continuation_v1.17/binius64-source/crates/prover/src/protocols/shift/phase_2.rs	2bac1914c05351e822b2f5fb3e0a39110c3664d592995ea33ebe58484c36e31c	12654	D3	exclude-vendored		vendored upstream binius-zk/binius64 @ 37e9cd64e82243cde0e79c7d8ac0dc319f1cbeb4 (workspace 0.1.0, edition 2024, Rust 1.97.1, licence Apache-2.0 OR MIT); excluded per the D3 dossier (keep a pinned upstream reference, not the tree); the six local modifications are listed in the copied record source-comparison.json (patch prover_memory.patch)
PQ_CE_QS_v1 (2).29_MLKEM_MLDSA_experiment/continuation_v1.17/binius64-source/crates/prover/src/protocols/shift/prove.rs	b6b4c1f8e84f4688ce0550617bbc9f6bad36fbd1dd892fd476117ba190b554ce	8520	D3	exclude-vendored		vendored upstream binius-zk/binius64 @ 37e9cd64e82243cde0e79c7d8ac0dc319f1cbeb4 (workspace 0.1.0, edition 2024, Rust 1.97.1, licence Apache-2.0 OR MIT); excluded per the D3 dossier (keep a pinned upstream reference, not the tree); the six local modifications are listed in the copied record source-comparison.json (patch prover_memory.patch)
PQ_CE_QS_v1 (2).29_MLKEM_MLDSA_experiment/continuation_v1.17/binius64-source/crates/prover/src/protocols/shift/segment_words.rs	cd847ea1416343c6a165fb218fbab78cf4ed2aa6fcc0747d7fd950e3cfd2e229	803	D3	exclude-vendored		vendored upstream binius-zk/binius64 @ 37e9cd64e82243cde0e79c7d8ac0dc319f1cbeb4 (workspace 0.1.0, edition 2024, Rust 1.97.1, licence Apache-2.0 OR MIT); excluded per the D3 dossier (keep a pinned upstream reference, not the tree); the six local modifications are listed in the copied record source-comparison.json (patch prover_memory.patch)
PQ_CE_QS_v1 (2).29_MLKEM_MLDSA_experiment/continuation_v1.17/binius64-source/crates/prover/src/protocols/shift/shift_ind.rs	180f7a00f37e2849d448b9967ab6f9f39040747e4901ec9bdd35777bab68f9d1	18429	D3	exclude-vendored		vendored upstream binius-zk/binius64 @ 37e9cd64e82243cde0e79c7d8ac0dc319f1cbeb4 (workspace 0.1.0, edition 2024, Rust 1.97.1, licence Apache-2.0 OR MIT); excluded per the D3 dossier (keep a pinned upstream reference, not the tree); the six local modifications are listed in the copied record source-comparison.json (patch prover_memory.patch)
PQ_CE_QS_v1 (2).29_MLKEM_MLDSA_experiment/continuation_v1.17/binius64-source/crates/prover/src/prove.rs	322d24ec24689fabf9cab3c538e283fb4d74ccfbf3e351a507853150af4bb66d	32721	D3	exclude-vendored		vendored upstream binius-zk/binius64 @ 37e9cd64e82243cde0e79c7d8ac0dc319f1cbeb4 (workspace 0.1.0, edition 2024, Rust 1.97.1, licence Apache-2.0 OR MIT); excluded per the D3 dossier (keep a pinned upstream reference, not the tree); the six local modifications are listed in the copied record source-comparison.json (patch prover_memory.patch)
PQ_CE_QS_v1 (2).29_MLKEM_MLDSA_experiment/continuation_v1.17/binius64-source/crates/prover/src/ring_switch.rs	4710f6766d481ec914067aaa6e5f61cbf1ca4c66315689569826b40e06b0ff7c	23413	D3	exclude-vendored		vendored upstream binius-zk/binius64 @ 37e9cd64e82243cde0e79c7d8ac0dc319f1cbeb4 (workspace 0.1.0, edition 2024, Rust 1.97.1, licence Apache-2.0 OR MIT); excluded per the D3 dossier (keep a pinned upstream reference, not the tree); the six local modifications are listed in the copied record source-comparison.json (patch prover_memory.patch)
PQ_CE_QS_v1 (2).29_MLKEM_MLDSA_experiment/continuation_v1.17/binius64-source/crates/prover/src/zk_config.rs	89b7652a7e5165b7cda04a743236db5d7d95d1482298c22e53147201076bf817	10206	D3	exclude-vendored		vendored upstream binius-zk/binius64 @ 37e9cd64e82243cde0e79c7d8ac0dc319f1cbeb4 (workspace 0.1.0, edition 2024, Rust 1.97.1, licence Apache-2.0 OR MIT); excluded per the D3 dossier (keep a pinned upstream reference, not the tree); the six local modifications are listed in the copied record source-comparison.json (patch prover_memory.patch)
PQ_CE_QS_v1 (2).29_MLKEM_MLDSA_experiment/continuation_v1.17/binius64-source/crates/prover/tests/prove_verify.rs	ffc68bd831dbd724e4ea185506e86fc87d02b4a2d21631b63041b9e588e4e4a8	26755	D3	exclude-vendored		vendored upstream binius-zk/binius64 @ 37e9cd64e82243cde0e79c7d8ac0dc319f1cbeb4 (workspace 0.1.0, edition 2024, Rust 1.97.1, licence Apache-2.0 OR MIT); excluded per the D3 dossier (keep a pinned upstream reference, not the tree); the six local modifications are listed in the copied record source-comparison.json (patch prover_memory.patch)
PQ_CE_QS_v1 (2).29_MLKEM_MLDSA_experiment/continuation_v1.17/binius64-source/crates/prover/tests/shift.rs	3634a7f776bcadf407eb401896a8974dd61ecd23216a9b8415160d1989a916d2	18954	D3	exclude-vendored		vendored upstream binius-zk/binius64 @ 37e9cd64e82243cde0e79c7d8ac0dc319f1cbeb4 (workspace 0.1.0, edition 2024, Rust 1.97.1, licence Apache-2.0 OR MIT); excluded per the D3 dossier (keep a pinned upstream reference, not the tree); the six local modifications are listed in the copied record source-comparison.json (patch prover_memory.patch)
PQ_CE_QS_v1 (2).29_MLKEM_MLDSA_experiment/continuation_v1.17/binius64-source/crates/recursion/Cargo.toml	67f68954ad68cb71609f3ddc04e300de89229e7a3379e0cba444f39d9f649a59	961	D3	exclude-vendored		vendored upstream binius-zk/binius64 @ 37e9cd64e82243cde0e79c7d8ac0dc319f1cbeb4 (workspace 0.1.0, edition 2024, Rust 1.97.1, licence Apache-2.0 OR MIT); excluded per the D3 dossier (keep a pinned upstream reference, not the tree); the six local modifications are listed in the copied record source-comparison.json (patch prover_memory.patch)
PQ_CE_QS_v1 (2).29_MLKEM_MLDSA_experiment/continuation_v1.17/binius64-source/crates/recursion/src/challenger.rs	5cc61a05916c471d05acac3ccb8f8d1efd22204e29bc92190162bb047ec48c48	29243	D3	exclude-vendored		vendored upstream binius-zk/binius64 @ 37e9cd64e82243cde0e79c7d8ac0dc319f1cbeb4 (workspace 0.1.0, edition 2024, Rust 1.97.1, licence Apache-2.0 OR MIT); excluded per the D3 dossier (keep a pinned upstream reference, not the tree); the six local modifications are listed in the copied record source-comparison.json (patch prover_memory.patch)
PQ_CE_QS_v1 (2).29_MLKEM_MLDSA_experiment/continuation_v1.17/binius64-source/crates/recursion/src/channel.rs	9a475f768cf7374f7f5de5e4d726299b8f5d25488a97218a25bb3ec0d439d283	26809	D3	exclude-vendored		vendored upstream binius-zk/binius64 @ 37e9cd64e82243cde0e79c7d8ac0dc319f1cbeb4 (workspace 0.1.0, edition 2024, Rust 1.97.1, licence Apache-2.0 OR MIT); excluded per the D3 dossier (keep a pinned upstream reference, not the tree); the six local modifications are listed in the copied record source-comparison.json (patch prover_memory.patch)
PQ_CE_QS_v1 (2).29_MLKEM_MLDSA_experiment/continuation_v1.17/binius64-source/crates/recursion/src/circuit.rs	b0ee5a07ce67a3eaa2f337f2a538af372ab37669aff89899e3a0a95e468a44bb	17671	D3	exclude-vendored		vendored upstream binius-zk/binius64 @ 37e9cd64e82243cde0e79c7d8ac0dc319f1cbeb4 (workspace 0.1.0, edition 2024, Rust 1.97.1, licence Apache-2.0 OR MIT); excluded per the D3 dossier (keep a pinned upstream reference, not the tree); the six local modifications are listed in the copied record source-comparison.json (patch prover_memory.patch)
PQ_CE_QS_v1 (2).29_MLKEM_MLDSA_experiment/continuation_v1.17/binius64-source/crates/recursion/src/filler.rs	7f58cb8d1ea6bf4901fa480b36485d18c874bde0b81680204791723dbd8d2b24	10750	D3	exclude-vendored		vendored upstream binius-zk/binius64 @ 37e9cd64e82243cde0e79c7d8ac0dc319f1cbeb4 (workspace 0.1.0, edition 2024, Rust 1.97.1, licence Apache-2.0 OR MIT); excluded per the D3 dossier (keep a pinned upstream reference, not the tree); the six local modifications are listed in the copied record source-comparison.json (patch prover_memory.patch)
PQ_CE_QS_v1 (2).29_MLKEM_MLDSA_experiment/continuation_v1.17/binius64-source/crates/recursion/src/hints.rs	20ac42ed2815c9b3ca44e13ceb3d481fcd336370b74cfa6c1afc6813f0ca5832	1572	D3	exclude-vendored		vendored upstream binius-zk/binius64 @ 37e9cd64e82243cde0e79c7d8ac0dc319f1cbeb4 (workspace 0.1.0, edition 2024, Rust 1.97.1, licence Apache-2.0 OR MIT); excluded per the D3 dossier (keep a pinned upstream reference, not the tree); the six local modifications are listed in the copied record source-comparison.json (patch prover_memory.patch)
PQ_CE_QS_v1 (2).29_MLKEM_MLDSA_experiment/continuation_v1.17/binius64-source/crates/recursion/src/lib.rs	70a8e25d148f537b2107640905b8bdd7a08d869f2b755938cf5ebe41bbc6c60e	3144	D3	exclude-vendored		vendored upstream binius-zk/binius64 @ 37e9cd64e82243cde0e79c7d8ac0dc319f1cbeb4 (workspace 0.1.0, edition 2024, Rust 1.97.1, licence Apache-2.0 OR MIT); excluded per the D3 dossier (keep a pinned upstream reference, not the tree); the six local modifications are listed in the copied record source-comparison.json (patch prover_memory.patch)
PQ_CE_QS_v1 (2).29_MLKEM_MLDSA_experiment/continuation_v1.17/binius64-source/crates/recursion/src/merkle.rs	f188940591e8aa619bb275ca8a7e1ba15df5f5288e6b65b33439716e40e90d31	30501	D3	exclude-vendored		vendored upstream binius-zk/binius64 @ 37e9cd64e82243cde0e79c7d8ac0dc319f1cbeb4 (workspace 0.1.0, edition 2024, Rust 1.97.1, licence Apache-2.0 OR MIT); excluded per the D3 dossier (keep a pinned upstream reference, not the tree); the six local modifications are listed in the copied record source-comparison.json (patch prover_memory.patch)
PQ_CE_QS_v1 (2).29_MLKEM_MLDSA_experiment/continuation_v1.17/binius64-source/crates/recursion/src/merkle/tests.rs	21b35e51842d7cdb965c95d40b2e779c23a5a89b0c7fd88ac8d3b2ea6b704d86	44678	D3	exclude-vendored		vendored upstream binius-zk/binius64 @ 37e9cd64e82243cde0e79c7d8ac0dc319f1cbeb4 (workspace 0.1.0, edition 2024, Rust 1.97.1, licence Apache-2.0 OR MIT); excluded per the D3 dossier (keep a pinned upstream reference, not the tree); the six local modifications are listed in the copied record source-comparison.json (patch prover_memory.patch)
PQ_CE_QS_v1 (2).29_MLKEM_MLDSA_experiment/continuation_v1.17/binius64-source/crates/recursion/src/shared.rs	8b32d9131902cb8823ff92d95f4f6a5c0b96cf23bdce2b0bfeec1f03652d4f91	2239	D3	exclude-vendored		vendored upstream binius-zk/binius64 @ 37e9cd64e82243cde0e79c7d8ac0dc319f1cbeb4 (workspace 0.1.0, edition 2024, Rust 1.97.1, licence Apache-2.0 OR MIT); excluded per the D3 dossier (keep a pinned upstream reference, not the tree); the six local modifications are listed in the copied record source-comparison.json (patch prover_memory.patch)
PQ_CE_QS_v1 (2).29_MLKEM_MLDSA_experiment/continuation_v1.17/binius64-source/crates/recursion/src/symbolic/elem.rs	a2a4e8fb37b03d055a4bc643670f57bb755888c2bb24932a3dc4d6ca78a1ccfc	18010	D3	exclude-vendored		vendored upstream binius-zk/binius64 @ 37e9cd64e82243cde0e79c7d8ac0dc319f1cbeb4 (workspace 0.1.0, edition 2024, Rust 1.97.1, licence Apache-2.0 OR MIT); excluded per the D3 dossier (keep a pinned upstream reference, not the tree); the six local modifications are listed in the copied record source-comparison.json (patch prover_memory.patch)
PQ_CE_QS_v1 (2).29_MLKEM_MLDSA_experiment/continuation_v1.17/binius64-source/crates/recursion/src/symbolic/mod.rs	7c9f07cff6dc8ee329f9278f97128098bb31f2a314d47625a1ea7f3d9f8518f7	790	D3	exclude-vendored		vendored upstream binius-zk/binius64 @ 37e9cd64e82243cde0e79c7d8ac0dc319f1cbeb4 (workspace 0.1.0, edition 2024, Rust 1.97.1, licence Apache-2.0 OR MIT); excluded per the D3 dossier (keep a pinned upstream reference, not the tree); the six local modifications are listed in the copied record source-comparison.json (patch prover_memory.patch)
PQ_CE_QS_v1 (2).29_MLKEM_MLDSA_experiment/continuation_v1.17/binius64-source/crates/recursion/src/symbolic/word.rs	a03ead479b63a6e7a24ae8900c5f15ea8832e41d03eaf755e6d1b1413c9321db	2535	D3	exclude-vendored		vendored upstream binius-zk/binius64 @ 37e9cd64e82243cde0e79c7d8ac0dc319f1cbeb4 (workspace 0.1.0, edition 2024, Rust 1.97.1, licence Apache-2.0 OR MIT); excluded per the D3 dossier (keep a pinned upstream reference, not the tree); the six local modifications are listed in the copied record source-comparison.json (patch prover_memory.patch)
PQ_CE_QS_v1 (2).29_MLKEM_MLDSA_experiment/continuation_v1.17/binius64-source/crates/recursion/tests/basefold_opening.rs	e1c9eb6a6767b5c05d907244163f4cd01ee362a09e9b751f37b63e2e48bdf615	25137	D3	exclude-vendored		vendored upstream binius-zk/binius64 @ 37e9cd64e82243cde0e79c7d8ac0dc319f1cbeb4 (workspace 0.1.0, edition 2024, Rust 1.97.1, licence Apache-2.0 OR MIT); excluded per the D3 dossier (keep a pinned upstream reference, not the tree); the six local modifications are listed in the copied record source-comparison.json (patch prover_memory.patch)
PQ_CE_QS_v1 (2).29_MLKEM_MLDSA_experiment/continuation_v1.17/binius64-source/crates/recursion/tests/channel_builds.rs	195a82bf673816cb0c7afe77029abddcc2d00548856a824a009145ab1bfe04d1	1706	D3	exclude-vendored		vendored upstream binius-zk/binius64 @ 37e9cd64e82243cde0e79c7d8ac0dc319f1cbeb4 (workspace 0.1.0, edition 2024, Rust 1.97.1, licence Apache-2.0 OR MIT); excluded per the D3 dossier (keep a pinned upstream reference, not the tree); the six local modifications are listed in the copied record source-comparison.json (patch prover_memory.patch)
PQ_CE_QS_v1 (2).29_MLKEM_MLDSA_experiment/continuation_v1.17/binius64-source/crates/recursion/tests/claim_fold_in_circuit.rs	6b61c237f25b6ea71f0581e1403f7e9bf9f991bca4a438cd28de82cac58eea0c	2968	D3	exclude-vendored		vendored upstream binius-zk/binius64 @ 37e9cd64e82243cde0e79c7d8ac0dc319f1cbeb4 (workspace 0.1.0, edition 2024, Rust 1.97.1, licence Apache-2.0 OR MIT); excluded per the D3 dossier (keep a pinned upstream reference, not the tree); the six local modifications are listed in the copied record source-comparison.json (patch prover_memory.patch)
PQ_CE_QS_v1 (2).29_MLKEM_MLDSA_experiment/continuation_v1.17/binius64-source/crates/recursion/tests/fri_profile.rs	37e50be5e24a073499a35dbec1b98ec42e519e4da2cc79ddc2a9711f0a626945	9237	D3	exclude-vendored		vendored upstream binius-zk/binius64 @ 37e9cd64e82243cde0e79c7d8ac0dc319f1cbeb4 (workspace 0.1.0, edition 2024, Rust 1.97.1, licence Apache-2.0 OR MIT); excluded per the D3 dossier (keep a pinned upstream reference, not the tree); the six local modifications are listed in the copied record source-comparison.json (patch prover_memory.patch)
PQ_CE_QS_v1 (2).29_MLKEM_MLDSA_experiment/continuation_v1.17/binius64-source/crates/recursion/tests/recursion_end_to_end.rs	715b6d164089cd9e08b69f8e0bca2a97217ace03acc10b34139b139a9a368d1b	22565	D3	exclude-vendored		vendored upstream binius-zk/binius64 @ 37e9cd64e82243cde0e79c7d8ac0dc319f1cbeb4 (workspace 0.1.0, edition 2024, Rust 1.97.1, licence Apache-2.0 OR MIT); excluded per the D3 dossier (keep a pinned upstream reference, not the tree); the six local modifications are listed in the copied record source-comparison.json (patch prover_memory.patch)
PQ_CE_QS_v1 (2).29_MLKEM_MLDSA_experiment/continuation_v1.17/binius64-source/crates/recursion/tests/whir_opening.rs	26b33c2e9e6305650ee768fab2543606f0dde50b2dbdf6f2719a9d35a1793ba3	32221	D3	exclude-vendored		vendored upstream binius-zk/binius64 @ 37e9cd64e82243cde0e79c7d8ac0dc319f1cbeb4 (workspace 0.1.0, edition 2024, Rust 1.97.1, licence Apache-2.0 OR MIT); excluded per the D3 dossier (keep a pinned upstream reference, not the tree); the six local modifications are listed in the copied record source-comparison.json (patch prover_memory.patch)
PQ_CE_QS_v1 (2).29_MLKEM_MLDSA_experiment/continuation_v1.17/binius64-source/crates/spartan-frontend/Cargo.toml	30b521dc7de3be0756436130b38da3246895fe30ee39fd3832a63ae91eae146b	431	D3	exclude-vendored		vendored upstream binius-zk/binius64 @ 37e9cd64e82243cde0e79c7d8ac0dc319f1cbeb4 (workspace 0.1.0, edition 2024, Rust 1.97.1, licence Apache-2.0 OR MIT); excluded per the D3 dossier (keep a pinned upstream reference, not the tree); the six local modifications are listed in the copied record source-comparison.json (patch prover_memory.patch)
PQ_CE_QS_v1 (2).29_MLKEM_MLDSA_experiment/continuation_v1.17/binius64-source/crates/spartan-frontend/src/circuit_builder.rs	dee26e3c54a8859983c69e5d695a9949d8e3deaef0512aaecda7a16d3239ac66	35431	D3	exclude-vendored		vendored upstream binius-zk/binius64 @ 37e9cd64e82243cde0e79c7d8ac0dc319f1cbeb4 (workspace 0.1.0, edition 2024, Rust 1.97.1, licence Apache-2.0 OR MIT); excluded per the D3 dossier (keep a pinned upstream reference, not the tree); the six local modifications are listed in the copied record source-comparison.json (patch prover_memory.patch)
PQ_CE_QS_v1 (2).29_MLKEM_MLDSA_experiment/continuation_v1.17/binius64-source/crates/spartan-frontend/src/circuits.rs	749f897933104b84bc839e696b268b18436d47705dc40895faa9f198ad30169e	10247	D3	exclude-vendored		vendored upstream binius-zk/binius64 @ 37e9cd64e82243cde0e79c7d8ac0dc319f1cbeb4 (workspace 0.1.0, edition 2024, Rust 1.97.1, licence Apache-2.0 OR MIT); excluded per the D3 dossier (keep a pinned upstream reference, not the tree); the six local modifications are listed in the copied record source-comparison.json (patch prover_memory.patch)
PQ_CE_QS_v1 (2).29_MLKEM_MLDSA_experiment/continuation_v1.17/binius64-source/crates/spartan-frontend/src/compiler.rs	70566f7afd45962514e3034cb806f08d026c7bf2d026a4f0ec2c7c2dafe5f67c	428	D3	exclude-vendored		vendored upstream binius-zk/binius64 @ 37e9cd64e82243cde0e79c7d8ac0dc319f1cbeb4 (workspace 0.1.0, edition 2024, Rust 1.97.1, licence Apache-2.0 OR MIT); excluded per the D3 dossier (keep a pinned upstream reference, not the tree); the six local modifications are listed in the copied record source-comparison.json (patch prover_memory.patch)
PQ_CE_QS_v1 (2).29_MLKEM_MLDSA_experiment/continuation_v1.17/binius64-source/crates/spartan-frontend/src/constraint_system.rs	053eb55678b6e8e4486fc766cf9e41ec01603ec633a1521bf144c46e723bfbfd	19290	D3	exclude-vendored		vendored upstream binius-zk/binius64 @ 37e9cd64e82243cde0e79c7d8ac0dc319f1cbeb4 (workspace 0.1.0, edition 2024, Rust 1.97.1, licence Apache-2.0 OR MIT); excluded per the D3 dossier (keep a pinned upstream reference, not the tree); the six local modifications are listed in the copied record source-comparison.json (patch prover_memory.patch)
PQ_CE_QS_v1 (2).29_MLKEM_MLDSA_experiment/continuation_v1.17/binius64-source/crates/spartan-frontend/src/lib.rs	595150c8f6ba289b50b5a7e3953e5c6e5ae5588d9b6ab08ab1fe69065e4a90bd	3978	D3	exclude-vendored		vendored upstream binius-zk/binius64 @ 37e9cd64e82243cde0e79c7d8ac0dc319f1cbeb4 (workspace 0.1.0, edition 2024, Rust 1.97.1, licence Apache-2.0 OR MIT); excluded per the D3 dossier (keep a pinned upstream reference, not the tree); the six local modifications are listed in the copied record source-comparison.json (patch prover_memory.patch)
PQ_CE_QS_v1 (2).29_MLKEM_MLDSA_experiment/continuation_v1.17/binius64-source/crates/spartan-frontend/src/wire_elimination.rs	ec189993109b33b4c008261c842a88d18d603244ee6f4aa7983b41e84c0662c3	17635	D3	exclude-vendored		vendored upstream binius-zk/binius64 @ 37e9cd64e82243cde0e79c7d8ac0dc319f1cbeb4 (workspace 0.1.0, edition 2024, Rust 1.97.1, licence Apache-2.0 OR MIT); excluded per the D3 dossier (keep a pinned upstream reference, not the tree); the six local modifications are listed in the copied record source-comparison.json (patch prover_memory.patch)
PQ_CE_QS_v1 (2).29_MLKEM_MLDSA_experiment/continuation_v1.17/binius64-source/crates/spartan-prover/Cargo.toml	c03015297984cb8547bb4f76f1559f5f0d78f92426af3dff4ded6a6fdde63807	1271	D3	exclude-vendored		vendored upstream binius-zk/binius64 @ 37e9cd64e82243cde0e79c7d8ac0dc319f1cbeb4 (workspace 0.1.0, edition 2024, Rust 1.97.1, licence Apache-2.0 OR MIT); excluded per the D3 dossier (keep a pinned upstream reference, not the tree); the six local modifications are listed in the copied record source-comparison.json (patch prover_memory.patch)
PQ_CE_QS_v1 (2).29_MLKEM_MLDSA_experiment/continuation_v1.17/binius64-source/crates/spartan-prover/src/error.rs	f8421fa93df69443372802245bfc3d2fe1f8a0144f32f0e7263c9ad2de61c251	260	D3	exclude-vendored		vendored upstream binius-zk/binius64 @ 37e9cd64e82243cde0e79c7d8ac0dc319f1cbeb4 (workspace 0.1.0, edition 2024, Rust 1.97.1, licence Apache-2.0 OR MIT); excluded per the D3 dossier (keep a pinned upstream reference, not the tree); the six local modifications are listed in the copied record source-comparison.json (patch prover_memory.patch)
PQ_CE_QS_v1 (2).29_MLKEM_MLDSA_experiment/continuation_v1.17/binius64-source/crates/spartan-prover/src/lib.rs	f55fe3b2b7c776339fe3fff8622c25d1d01b617fda46e15f6357047452eaa065	18281	D3	exclude-vendored		vendored upstream binius-zk/binius64 @ 37e9cd64e82243cde0e79c7d8ac0dc319f1cbeb4 (workspace 0.1.0, edition 2024, Rust 1.97.1, licence Apache-2.0 OR MIT); excluded per the D3 dossier (keep a pinned upstream reference, not the tree); the six local modifications are listed in the copied record source-comparison.json (patch prover_memory.patch)
PQ_CE_QS_v1 (2).29_MLKEM_MLDSA_experiment/continuation_v1.17/binius64-source/crates/spartan-prover/src/wiring.rs	81eec6b56c1d1afa299695f032d276849b752d4e025ae846550972ec19b2ff5c	16801	D3	exclude-vendored		vendored upstream binius-zk/binius64 @ 37e9cd64e82243cde0e79c7d8ac0dc319f1cbeb4 (workspace 0.1.0, edition 2024, Rust 1.97.1, licence Apache-2.0 OR MIT); excluded per the D3 dossier (keep a pinned upstream reference, not the tree); the six local modifications are listed in the copied record source-comparison.json (patch prover_memory.patch)
PQ_CE_QS_v1 (2).29_MLKEM_MLDSA_experiment/continuation_v1.17/binius64-source/crates/spartan-prover/src/wrapper/mod.rs	d0e02afa14f5c8d691a19fc61bd179ab13ed99e9213b5ba99f8bf5ace586aa4c	864	D3	exclude-vendored		vendored upstream binius-zk/binius64 @ 37e9cd64e82243cde0e79c7d8ac0dc319f1cbeb4 (workspace 0.1.0, edition 2024, Rust 1.97.1, licence Apache-2.0 OR MIT); excluded per the D3 dossier (keep a pinned upstream reference, not the tree); the six local modifications are listed in the copied record source-comparison.json (patch prover_memory.patch)
PQ_CE_QS_v1 (2).29_MLKEM_MLDSA_experiment/continuation_v1.17/binius64-source/crates/spartan-prover/src/wrapper/replay_channel.rs	e1c8918b1f3475d6415114fd04046ad547583b122d65b0dc35532721f1605f2f	9864	D3	exclude-vendored		vendored upstream binius-zk/binius64 @ 37e9cd64e82243cde0e79c7d8ac0dc319f1cbeb4 (workspace 0.1.0, edition 2024, Rust 1.97.1, licence Apache-2.0 OR MIT); excluded per the D3 dossier (keep a pinned upstream reference, not the tree); the six local modifications are listed in the copied record source-comparison.json (patch prover_memory.patch)
PQ_CE_QS_v1 (2).29_MLKEM_MLDSA_experiment/continuation_v1.17/binius64-source/crates/spartan-prover/src/wrapper/zk_wrapped_prover_channel.rs	62bca7a4f5212f75c0bfcdf9260a107460e31873af7b4727d681693ec03133bd	11897	D3	exclude-vendored		vendored upstream binius-zk/binius64 @ 37e9cd64e82243cde0e79c7d8ac0dc319f1cbeb4 (workspace 0.1.0, edition 2024, Rust 1.97.1, licence Apache-2.0 OR MIT); excluded per the D3 dossier (keep a pinned upstream reference, not the tree); the six local modifications are listed in the copied record source-comparison.json (patch prover_memory.patch)
PQ_CE_QS_v1 (2).29_MLKEM_MLDSA_experiment/continuation_v1.17/binius64-source/crates/spartan-prover/tests/integration_test.rs	9bd5deef78c44d5dc85766f56355a52acf2575e1f3003d89c98523b13cc9a29f	6251	D3	exclude-vendored		vendored upstream binius-zk/binius64 @ 37e9cd64e82243cde0e79c7d8ac0dc319f1cbeb4 (workspace 0.1.0, edition 2024, Rust 1.97.1, licence Apache-2.0 OR MIT); excluded per the D3 dossier (keep a pinned upstream reference, not the tree); the six local modifications are listed in the copied record source-comparison.json (patch prover_memory.patch)
PQ_CE_QS_v1 (2).29_MLKEM_MLDSA_experiment/continuation_v1.17/binius64-source/crates/spartan-prover/tests/proof_size_exactness_test.rs	d47fda9c2829d8bef909299917b2ed7b0b1a3f3bea797083af85a43af9a732eb	3561	D3	exclude-vendored		vendored upstream binius-zk/binius64 @ 37e9cd64e82243cde0e79c7d8ac0dc319f1cbeb4 (workspace 0.1.0, edition 2024, Rust 1.97.1, licence Apache-2.0 OR MIT); excluded per the D3 dossier (keep a pinned upstream reference, not the tree); the six local modifications are listed in the copied record source-comparison.json (patch prover_memory.patch)
PQ_CE_QS_v1 (2).29_MLKEM_MLDSA_experiment/continuation_v1.17/binius64-source/crates/spartan-prover/tests/wrapper_integration_test.rs	7fd068727075259e745fe9cc733f6100573672e5efeefd738015d0a861ded449	7809	D3	exclude-vendored		vendored upstream binius-zk/binius64 @ 37e9cd64e82243cde0e79c7d8ac0dc319f1cbeb4 (workspace 0.1.0, edition 2024, Rust 1.97.1, licence Apache-2.0 OR MIT); excluded per the D3 dossier (keep a pinned upstream reference, not the tree); the six local modifications are listed in the copied record source-comparison.json (patch prover_memory.patch)
PQ_CE_QS_v1 (2).29_MLKEM_MLDSA_experiment/continuation_v1.17/binius64-source/crates/spartan-verifier/Cargo.toml	921dbfdbaf266a3a40062bbaf2c2d5994814b1eabf38ce27bca1ca330400c1cc	687	D3	exclude-vendored		vendored upstream binius-zk/binius64 @ 37e9cd64e82243cde0e79c7d8ac0dc319f1cbeb4 (workspace 0.1.0, edition 2024, Rust 1.97.1, licence Apache-2.0 OR MIT); excluded per the D3 dossier (keep a pinned upstream reference, not the tree); the six local modifications are listed in the copied record source-comparison.json (patch prover_memory.patch)
PQ_CE_QS_v1 (2).29_MLKEM_MLDSA_experiment/continuation_v1.17/binius64-source/crates/spartan-verifier/src/config.rs	7779eb31d2d2c38faa719016202ef5dce955e7d702c499da7a23ee66dd5d1b97	355	D3	exclude-vendored		vendored upstream binius-zk/binius64 @ 37e9cd64e82243cde0e79c7d8ac0dc319f1cbeb4 (workspace 0.1.0, edition 2024, Rust 1.97.1, licence Apache-2.0 OR MIT); excluded per the D3 dossier (keep a pinned upstream reference, not the tree); the six local modifications are listed in the copied record source-comparison.json (patch prover_memory.patch)
PQ_CE_QS_v1 (2).29_MLKEM_MLDSA_experiment/continuation_v1.17/binius64-source/crates/spartan-verifier/src/constraint_system.rs	f0ed4954f5889710e6223acc05b229a41928323bd0b40393f454e57f71629772	9169	D3	exclude-vendored		vendored upstream binius-zk/binius64 @ 37e9cd64e82243cde0e79c7d8ac0dc319f1cbeb4 (workspace 0.1.0, edition 2024, Rust 1.97.1, licence Apache-2.0 OR MIT); excluded per the D3 dossier (keep a pinned upstream reference, not the tree); the six local modifications are listed in the copied record source-comparison.json (patch prover_memory.patch)
PQ_CE_QS_v1 (2).29_MLKEM_MLDSA_experiment/continuation_v1.17/binius64-source/crates/spartan-verifier/src/lib.rs	7d7d0e057e7b4318141281c211abff3bce35bf9e3673f5e4e7c29026a1d59b61	13758	D3	exclude-vendored		vendored upstream binius-zk/binius64 @ 37e9cd64e82243cde0e79c7d8ac0dc319f1cbeb4 (workspace 0.1.0, edition 2024, Rust 1.97.1, licence Apache-2.0 OR MIT); excluded per the D3 dossier (keep a pinned upstream reference, not the tree); the six local modifications are listed in the copied record source-comparison.json (patch prover_memory.patch)
PQ_CE_QS_v1 (2).29_MLKEM_MLDSA_experiment/continuation_v1.17/binius64-source/crates/spartan-verifier/src/wiring.rs	2476675c2b4673543c31f65ea302c553cec89aa073b2b2ca2b35e611568ea928	2936	D3	exclude-vendored		vendored upstream binius-zk/binius64 @ 37e9cd64e82243cde0e79c7d8ac0dc319f1cbeb4 (workspace 0.1.0, edition 2024, Rust 1.97.1, licence Apache-2.0 OR MIT); excluded per the D3 dossier (keep a pinned upstream reference, not the tree); the six local modifications are listed in the copied record source-comparison.json (patch prover_memory.patch)
PQ_CE_QS_v1 (2).29_MLKEM_MLDSA_experiment/continuation_v1.17/binius64-source/crates/spartan-verifier/src/wrapper/builder_channel.rs	2bdaab7acf5d68d9b8a018b9bd500723b39eec018a84c287a9e70e286822c77a	6144	D3	exclude-vendored		vendored upstream binius-zk/binius64 @ 37e9cd64e82243cde0e79c7d8ac0dc319f1cbeb4 (workspace 0.1.0, edition 2024, Rust 1.97.1, licence Apache-2.0 OR MIT); excluded per the D3 dossier (keep a pinned upstream reference, not the tree); the six local modifications are listed in the copied record source-comparison.json (patch prover_memory.patch)
PQ_CE_QS_v1 (2).29_MLKEM_MLDSA_experiment/continuation_v1.17/binius64-source/crates/spartan-verifier/src/wrapper/circuit_elem.rs	67026b6678bc6884df1c937d88ed668bf060afdc75f7d9031c3ce5ff6a4be17c	14274	D3	exclude-vendored		vendored upstream binius-zk/binius64 @ 37e9cd64e82243cde0e79c7d8ac0dc319f1cbeb4 (workspace 0.1.0, edition 2024, Rust 1.97.1, licence Apache-2.0 OR MIT); excluded per the D3 dossier (keep a pinned upstream reference, not the tree); the six local modifications are listed in the copied record source-comparison.json (patch prover_memory.patch)
PQ_CE_QS_v1 (2).29_MLKEM_MLDSA_experiment/continuation_v1.17/binius64-source/crates/spartan-verifier/src/wrapper/gadgets.rs	bf3a25ea6b1e630ace84c4af7dc2ecfc04b6a80861e26875f413632d0dbeaf52	3905	D3	exclude-vendored		vendored upstream binius-zk/binius64 @ 37e9cd64e82243cde0e79c7d8ac0dc319f1cbeb4 (workspace 0.1.0, edition 2024, Rust 1.97.1, licence Apache-2.0 OR MIT); excluded per the D3 dossier (keep a pinned upstream reference, not the tree); the six local modifications are listed in the copied record source-comparison.json (patch prover_memory.patch)
PQ_CE_QS_v1 (2).29_MLKEM_MLDSA_experiment/continuation_v1.17/binius64-source/crates/spartan-verifier/src/wrapper/mod.rs	5b0d51ba07001617dcc1c658acf2162fc2d38d653a689fa224a1b691329c90a1	10489	D3	exclude-vendored		vendored upstream binius-zk/binius64 @ 37e9cd64e82243cde0e79c7d8ac0dc319f1cbeb4 (workspace 0.1.0, edition 2024, Rust 1.97.1, licence Apache-2.0 OR MIT); excluded per the D3 dossier (keep a pinned upstream reference, not the tree); the six local modifications are listed in the copied record source-comparison.json (patch prover_memory.patch)
PQ_CE_QS_v1 (2).29_MLKEM_MLDSA_experiment/continuation_v1.17/binius64-source/crates/spartan-verifier/src/wrapper/zk_wrapped_channel.rs	d07cbe1812ee69fcf5cd4573c9a11c1ef2e418034de565bcc4997f3e5f1744b1	14718	D3	exclude-vendored		vendored upstream binius-zk/binius64 @ 37e9cd64e82243cde0e79c7d8ac0dc319f1cbeb4 (workspace 0.1.0, edition 2024, Rust 1.97.1, licence Apache-2.0 OR MIT); excluded per the D3 dossier (keep a pinned upstream reference, not the tree); the six local modifications are listed in the copied record source-comparison.json (patch prover_memory.patch)
PQ_CE_QS_v1 (2).29_MLKEM_MLDSA_experiment/continuation_v1.17/binius64-source/crates/spartan-verifier/tests/proof_size_test.rs	3ec8a325d8bf07ff38535ef36b258bbb6c840ea96efbf6650dd06abaad06ec67	3053	D3	exclude-vendored		vendored upstream binius-zk/binius64 @ 37e9cd64e82243cde0e79c7d8ac0dc319f1cbeb4 (workspace 0.1.0, edition 2024, Rust 1.97.1, licence Apache-2.0 OR MIT); excluded per the D3 dossier (keep a pinned upstream reference, not the tree); the six local modifications are listed in the copied record source-comparison.json (patch prover_memory.patch)
PQ_CE_QS_v1 (2).29_MLKEM_MLDSA_experiment/continuation_v1.17/binius64-source/crates/transcript/Cargo.toml	f2cad8c9e9c0b5b79458ef5d0c3b79ce6e17ce0ae8cf20f628c0b605c049d28f	418	D3	exclude-vendored		vendored upstream binius-zk/binius64 @ 37e9cd64e82243cde0e79c7d8ac0dc319f1cbeb4 (workspace 0.1.0, edition 2024, Rust 1.97.1, licence Apache-2.0 OR MIT); excluded per the D3 dossier (keep a pinned upstream reference, not the tree); the six local modifications are listed in the copied record source-comparison.json (patch prover_memory.patch)
PQ_CE_QS_v1 (2).29_MLKEM_MLDSA_experiment/continuation_v1.17/binius64-source/crates/transcript/src/error.rs	ab6ba7b4fbddfdd1aa55187d7155ed5723c66920dffbdb08d01609ff2df04b5f	718	D3	exclude-vendored		vendored upstream binius-zk/binius64 @ 37e9cd64e82243cde0e79c7d8ac0dc319f1cbeb4 (workspace 0.1.0, edition 2024, Rust 1.97.1, licence Apache-2.0 OR MIT); excluded per the D3 dossier (keep a pinned upstream reference, not the tree); the six local modifications are listed in the copied record source-comparison.json (patch prover_memory.patch)
PQ_CE_QS_v1 (2).29_MLKEM_MLDSA_experiment/continuation_v1.17/binius64-source/crates/transcript/src/fiat_shamir/buffer.rs	ea8cc4544c7140621b2ab877276feed8e459d245032c3f9cc47f9986c7b06eef	1734	D3	exclude-vendored		vendored upstream binius-zk/binius64 @ 37e9cd64e82243cde0e79c7d8ac0dc319f1cbeb4 (workspace 0.1.0, edition 2024, Rust 1.97.1, licence Apache-2.0 OR MIT); excluded per the D3 dossier (keep a pinned upstream reference, not the tree); the six local modifications are listed in the copied record source-comparison.json (patch prover_memory.patch)
PQ_CE_QS_v1 (2).29_MLKEM_MLDSA_experiment/continuation_v1.17/binius64-source/crates/transcript/src/fiat_shamir/hasher_challenger.rs	1eacc6c2565d40c7f8dedddf103967e4793d22fb60248f3ec483e50c8013cc34	7082	D3	exclude-vendored		vendored upstream binius-zk/binius64 @ 37e9cd64e82243cde0e79c7d8ac0dc319f1cbeb4 (workspace 0.1.0, edition 2024, Rust 1.97.1, licence Apache-2.0 OR MIT); excluded per the D3 dossier (keep a pinned upstream reference, not the tree); the six local modifications are listed in the copied record source-comparison.json (patch prover_memory.patch)
PQ_CE_QS_v1 (2).29_MLKEM_MLDSA_experiment/continuation_v1.17/binius64-source/crates/transcript/src/fiat_shamir/mod.rs	aeb7017235dbabb86dd76452388d4dc030fefcfbad5f144bdb931302fc7112b5	554	D3	exclude-vendored		vendored upstream binius-zk/binius64 @ 37e9cd64e82243cde0e79c7d8ac0dc319f1cbeb4 (workspace 0.1.0, edition 2024, Rust 1.97.1, licence Apache-2.0 OR MIT); excluded per the D3 dossier (keep a pinned upstream reference, not the tree); the six local modifications are listed in the copied record source-comparison.json (patch prover_memory.patch)
PQ_CE_QS_v1 (2).29_MLKEM_MLDSA_experiment/continuation_v1.17/binius64-source/crates/transcript/src/fiat_shamir/sampling.rs	6c7bdfec9c8e70771a4adb48d30a3e789b6449ec4dd3cbcad2f04502d764cc44	1258	D3	exclude-vendored		vendored upstream binius-zk/binius64 @ 37e9cd64e82243cde0e79c7d8ac0dc319f1cbeb4 (workspace 0.1.0, edition 2024, Rust 1.97.1, licence Apache-2.0 OR MIT); excluded per the D3 dossier (keep a pinned upstream reference, not the tree); the six local modifications are listed in the copied record source-comparison.json (patch prover_memory.patch)
PQ_CE_QS_v1 (2).29_MLKEM_MLDSA_experiment/continuation_v1.17/binius64-source/crates/transcript/src/lib.rs	b52a8a4416fc01aba877d509545a58f0857df73f6438e4ffb6439ebf69614278	1098	D3	exclude-vendored		vendored upstream binius-zk/binius64 @ 37e9cd64e82243cde0e79c7d8ac0dc319f1cbeb4 (workspace 0.1.0, edition 2024, Rust 1.97.1, licence Apache-2.0 OR MIT); excluded per the D3 dossier (keep a pinned upstream reference, not the tree); the six local modifications are listed in the copied record source-comparison.json (patch prover_memory.patch)
PQ_CE_QS_v1 (2).29_MLKEM_MLDSA_experiment/continuation_v1.17/binius64-source/crates/transcript/src/transcript.rs	5b0496958735c408841052ef4a35534c5575bc1032467a9b962389a0cdaeee12	21188	D3	exclude-vendored		vendored upstream binius-zk/binius64 @ 37e9cd64e82243cde0e79c7d8ac0dc319f1cbeb4 (workspace 0.1.0, edition 2024, Rust 1.97.1, licence Apache-2.0 OR MIT); excluded per the D3 dossier (keep a pinned upstream reference, not the tree); the six local modifications are listed in the copied record source-comparison.json (patch prover_memory.patch)
PQ_CE_QS_v1 (2).29_MLKEM_MLDSA_experiment/continuation_v1.17/binius64-source/crates/utils/Cargo.toml	6d44af040eb45e33aa5188d814721a4fe8d2e6d67daaeec87675d4e87e193564	476	D3	exclude-vendored		vendored upstream binius-zk/binius64 @ 37e9cd64e82243cde0e79c7d8ac0dc319f1cbeb4 (workspace 0.1.0, edition 2024, Rust 1.97.1, licence Apache-2.0 OR MIT); excluded per the D3 dossier (keep a pinned upstream reference, not the tree); the six local modifications are listed in the copied record source-comparison.json (patch prover_memory.patch)
PQ_CE_QS_v1 (2).29_MLKEM_MLDSA_experiment/continuation_v1.17/binius64-source/crates/utils/build.rs	eaae96cebd71583b42cfb92d3193368029b188c0306ad59a5284aab2c0fd562e	913	D3	exclude-vendored		vendored upstream binius-zk/binius64 @ 37e9cd64e82243cde0e79c7d8ac0dc319f1cbeb4 (workspace 0.1.0, edition 2024, Rust 1.97.1, licence Apache-2.0 OR MIT); excluded per the D3 dossier (keep a pinned upstream reference, not the tree); the six local modifications are listed in the copied record source-comparison.json (patch prover_memory.patch)
PQ_CE_QS_v1 (2).29_MLKEM_MLDSA_experiment/continuation_v1.17/binius64-source/crates/utils/src/bitwise.rs	8695b22a3f67074512dd14a2f88972c85bcf4dbefe5991770ce041a0cb6cbd05	1821	D3	exclude-vendored		vendored upstream binius-zk/binius64 @ 37e9cd64e82243cde0e79c7d8ac0dc319f1cbeb4 (workspace 0.1.0, edition 2024, Rust 1.97.1, licence Apache-2.0 OR MIT); excluded per the D3 dossier (keep a pinned upstream reference, not the tree); the six local modifications are listed in the copied record source-comparison.json (patch prover_memory.patch)
PQ_CE_QS_v1 (2).29_MLKEM_MLDSA_experiment/continuation_v1.17/binius64-source/crates/utils/src/checked_arithmetics.rs	535d888e56606dae3e25a531ea968cc3aac31f5fbac13e2fca89ae9de0baf0fb	4505	D3	exclude-vendored		vendored upstream binius-zk/binius64 @ 37e9cd64e82243cde0e79c7d8ac0dc319f1cbeb4 (workspace 0.1.0, edition 2024, Rust 1.97.1, licence Apache-2.0 OR MIT); excluded per the D3 dossier (keep a pinned upstream reference, not the tree); the six local modifications are listed in the copied record source-comparison.json (patch prover_memory.patch)
PQ_CE_QS_v1 (2).29_MLKEM_MLDSA_experiment/continuation_v1.17/binius64-source/crates/utils/src/iter.rs	451ea819df6b8ee44e9e968306291946384b2e6bf1c32a1bf4bf876ff89c80a2	2636	D3	exclude-vendored		vendored upstream binius-zk/binius64 @ 37e9cd64e82243cde0e79c7d8ac0dc319f1cbeb4 (workspace 0.1.0, edition 2024, Rust 1.97.1, licence Apache-2.0 OR MIT); excluded per the D3 dossier (keep a pinned upstream reference, not the tree); the six local modifications are listed in the copied record source-comparison.json (patch prover_memory.patch)
PQ_CE_QS_v1 (2).29_MLKEM_MLDSA_experiment/continuation_v1.17/binius64-source/crates/utils/src/lib.rs	32778a114326ad7f57bd827180e2fe9492b226cb02a4e2bb8ece34b08209fea6	485	D3	exclude-vendored		vendored upstream binius-zk/binius64 @ 37e9cd64e82243cde0e79c7d8ac0dc319f1cbeb4 (workspace 0.1.0, edition 2024, Rust 1.97.1, licence Apache-2.0 OR MIT); excluded per the D3 dossier (keep a pinned upstream reference, not the tree); the six local modifications are listed in the copied record source-comparison.json (patch prover_memory.patch)
PQ_CE_QS_v1 (2).29_MLKEM_MLDSA_experiment/continuation_v1.17/binius64-source/crates/utils/src/platform_diagnostics.rs	300acb5dc5f2c06781392c89091147e5fa0db2966ceddaeb041d03de8f54f726	27317	D3	exclude-vendored		vendored upstream binius-zk/binius64 @ 37e9cd64e82243cde0e79c7d8ac0dc319f1cbeb4 (workspace 0.1.0, edition 2024, Rust 1.97.1, licence Apache-2.0 OR MIT); excluded per the D3 dossier (keep a pinned upstream reference, not the tree); the six local modifications are listed in the copied record source-comparison.json (patch prover_memory.patch)
PQ_CE_QS_v1 (2).29_MLKEM_MLDSA_experiment/continuation_v1.17/binius64-source/crates/utils/src/rand.rs	0dbb37e919b9a30121a238cbb9d509b26eb6b0a1fc32e4a793bc611e1c0586e7	1032	D3	exclude-vendored		vendored upstream binius-zk/binius64 @ 37e9cd64e82243cde0e79c7d8ac0dc319f1cbeb4 (workspace 0.1.0, edition 2024, Rust 1.97.1, licence Apache-2.0 OR MIT); excluded per the D3 dossier (keep a pinned upstream reference, not the tree); the six local modifications are listed in the copied record source-comparison.json (patch prover_memory.patch)
PQ_CE_QS_v1 (2).29_MLKEM_MLDSA_experiment/continuation_v1.17/binius64-source/crates/utils/src/random_access_sequence.rs	920618264d3e751b920a35b8d3c0b4f396d66683247b1d1e101f5dd7eecdddec	5285	D3	exclude-vendored		vendored upstream binius-zk/binius64 @ 37e9cd64e82243cde0e79c7d8ac0dc319f1cbeb4 (workspace 0.1.0, edition 2024, Rust 1.97.1, licence Apache-2.0 OR MIT); excluded per the D3 dossier (keep a pinned upstream reference, not the tree); the six local modifications are listed in the copied record source-comparison.json (patch prover_memory.patch)
PQ_CE_QS_v1 (2).29_MLKEM_MLDSA_experiment/continuation_v1.17/binius64-source/crates/utils/src/rayon/config.rs	f164906e2a0b086afda7684740dbbdf22059882a813e7b10543ae5e60a8dbcf7	5178	D3	exclude-vendored		vendored upstream binius-zk/binius64 @ 37e9cd64e82243cde0e79c7d8ac0dc319f1cbeb4 (workspace 0.1.0, edition 2024, Rust 1.97.1, licence Apache-2.0 OR MIT); excluded per the D3 dossier (keep a pinned upstream reference, not the tree); the six local modifications are listed in the copied record source-comparison.json (patch prover_memory.patch)
PQ_CE_QS_v1 (2).29_MLKEM_MLDSA_experiment/continuation_v1.17/binius64-source/crates/utils/src/rayon/mod.rs	5f7cddf5ee4d54a24358e8f858e870d60b743fef00ead1ff62e6c5ef5fcd7ed2	235	D3	exclude-vendored		vendored upstream binius-zk/binius64 @ 37e9cd64e82243cde0e79c7d8ac0dc319f1cbeb4 (workspace 0.1.0, edition 2024, Rust 1.97.1, licence Apache-2.0 OR MIT); excluded per the D3 dossier (keep a pinned upstream reference, not the tree); the six local modifications are listed in the copied record source-comparison.json (patch prover_memory.patch)
PQ_CE_QS_v1 (2).29_MLKEM_MLDSA_experiment/continuation_v1.17/binius64-source/crates/utils/src/rayon/task_size.rs	c12c44515946be48138e3b3bf4cd2ae45e466516f7111c932f613f0033a7312e	10846	D3	exclude-vendored		vendored upstream binius-zk/binius64 @ 37e9cd64e82243cde0e79c7d8ac0dc319f1cbeb4 (workspace 0.1.0, edition 2024, Rust 1.97.1, licence Apache-2.0 OR MIT); excluded per the D3 dossier (keep a pinned upstream reference, not the tree); the six local modifications are listed in the copied record source-comparison.json (patch prover_memory.patch)
PQ_CE_QS_v1 (2).29_MLKEM_MLDSA_experiment/continuation_v1.17/binius64-source/crates/utils/src/serialization.rs	c44f8a4e30169ab81a52ba10269e948e283ca5e0403a057f7460bf457409a108	10268	D3	exclude-vendored		vendored upstream binius-zk/binius64 @ 37e9cd64e82243cde0e79c7d8ac0dc319f1cbeb4 (workspace 0.1.0, edition 2024, Rust 1.97.1, licence Apache-2.0 OR MIT); excluded per the D3 dossier (keep a pinned upstream reference, not the tree); the six local modifications are listed in the copied record source-comparison.json (patch prover_memory.patch)
PQ_CE_QS_v1 (2).29_MLKEM_MLDSA_experiment/continuation_v1.17/binius64-source/crates/utils/src/strided_array.rs	31d9b8eb9b77b7dd51346319116bdce8fd76bd578dfa9907b596d545909f5f47	11056	D3	exclude-vendored		vendored upstream binius-zk/binius64 @ 37e9cd64e82243cde0e79c7d8ac0dc319f1cbeb4 (workspace 0.1.0, edition 2024, Rust 1.97.1, licence Apache-2.0 OR MIT); excluded per the D3 dossier (keep a pinned upstream reference, not the tree); the six local modifications are listed in the copied record source-comparison.json (patch prover_memory.patch)
PQ_CE_QS_v1 (2).29_MLKEM_MLDSA_experiment/continuation_v1.17/binius64-source/crates/verifier/Cargo.toml	ef8c43ecfcc7e2d0f2d0a6071b382164189a2cd4dd349a62715b4832f7aa0b7e	945	D3	exclude-vendored		vendored upstream binius-zk/binius64 @ 37e9cd64e82243cde0e79c7d8ac0dc319f1cbeb4 (workspace 0.1.0, edition 2024, Rust 1.97.1, licence Apache-2.0 OR MIT); excluded per the D3 dossier (keep a pinned upstream reference, not the tree); the six local modifications are listed in the copied record source-comparison.json (patch prover_memory.patch)
PQ_CE_QS_v1 (2).29_MLKEM_MLDSA_experiment/continuation_v1.17/binius64-source/crates/verifier/src/config.rs	0f41a8b27efd4a842016be275e54c9d9984cd4491a87568dbf0cfc08c0b936f1	1176	D3	exclude-vendored		vendored upstream binius-zk/binius64 @ 37e9cd64e82243cde0e79c7d8ac0dc319f1cbeb4 (workspace 0.1.0, edition 2024, Rust 1.97.1, licence Apache-2.0 OR MIT); excluded per the D3 dossier (keep a pinned upstream reference, not the tree); the six local modifications are listed in the copied record source-comparison.json (patch prover_memory.patch)
PQ_CE_QS_v1 (2).29_MLKEM_MLDSA_experiment/continuation_v1.17/binius64-source/crates/verifier/src/error.rs	00aa66d39dbe4b95684f9d76bd902872912e938cbc3bf27f67e51e816d6e4234	1329	D3	exclude-vendored		vendored upstream binius-zk/binius64 @ 37e9cd64e82243cde0e79c7d8ac0dc319f1cbeb4 (workspace 0.1.0, edition 2024, Rust 1.97.1, licence Apache-2.0 OR MIT); excluded per the D3 dossier (keep a pinned upstream reference, not the tree); the six local modifications are listed in the copied record source-comparison.json (patch prover_memory.patch)
PQ_CE_QS_v1 (2).29_MLKEM_MLDSA_experiment/continuation_v1.17/binius64-source/crates/verifier/src/lib.rs	8f2ed9812efaf2052f0198b630fdf88aa2bb3518a78532de8e7d1dec195cdc03	1838	D3	exclude-vendored		vendored upstream binius-zk/binius64 @ 37e9cd64e82243cde0e79c7d8ac0dc319f1cbeb4 (workspace 0.1.0, edition 2024, Rust 1.97.1, licence Apache-2.0 OR MIT); excluded per the D3 dossier (keep a pinned upstream reference, not the tree); the six local modifications are listed in the copied record source-comparison.json (patch prover_memory.patch)
PQ_CE_QS_v1 (2).29_MLKEM_MLDSA_experiment/continuation_v1.17/binius64-source/crates/verifier/src/pcs.rs	9b9f95f2c598853fca8c43bf53a5711c4344f7e872891f75184ca209ac78aaf5	1025	D3	exclude-vendored		vendored upstream binius-zk/binius64 @ 37e9cd64e82243cde0e79c7d8ac0dc319f1cbeb4 (workspace 0.1.0, edition 2024, Rust 1.97.1, licence Apache-2.0 OR MIT); excluded per the D3 dossier (keep a pinned upstream reference, not the tree); the six local modifications are listed in the copied record source-comparison.json (patch prover_memory.patch)
PQ_CE_QS_v1 (2).29_MLKEM_MLDSA_experiment/continuation_v1.17/binius64-source/crates/verifier/src/pcs_compiler.rs	205abcdf4237d8d659cd424e023aab800356d000a2d43a9fa94ab19801dc5653	7803	D3	exclude-vendored		vendored upstream binius-zk/binius64 @ 37e9cd64e82243cde0e79c7d8ac0dc319f1cbeb4 (workspace 0.1.0, edition 2024, Rust 1.97.1, licence Apache-2.0 OR MIT); excluded per the D3 dossier (keep a pinned upstream reference, not the tree); the six local modifications are listed in the copied record source-comparison.json (patch prover_memory.patch)
PQ_CE_QS_v1 (2).29_MLKEM_MLDSA_experiment/continuation_v1.17/binius64-source/crates/verifier/src/protocols/binmul.rs	b63458aa8cef6831e823f49a31684ad0ff056c7ee43af22a39dd69c8b2a6bf39	4694	D3	exclude-vendored		vendored upstream binius-zk/binius64 @ 37e9cd64e82243cde0e79c7d8ac0dc319f1cbeb4 (workspace 0.1.0, edition 2024, Rust 1.97.1, licence Apache-2.0 OR MIT); excluded per the D3 dossier (keep a pinned upstream reference, not the tree); the six local modifications are listed in the copied record source-comparison.json (patch prover_memory.patch)
PQ_CE_QS_v1 (2).29_MLKEM_MLDSA_experiment/continuation_v1.17/binius64-source/crates/verifier/src/protocols/bitand.rs	af84a986ede461f18938212e43aebe0a03ddf49b21b08db49734c5f4f9a042af	5458	D3	exclude-vendored		vendored upstream binius-zk/binius64 @ 37e9cd64e82243cde0e79c7d8ac0dc319f1cbeb4 (workspace 0.1.0, edition 2024, Rust 1.97.1, licence Apache-2.0 OR MIT); excluded per the D3 dossier (keep a pinned upstream reference, not the tree); the six local modifications are listed in the copied record source-comparison.json (patch prover_memory.patch)
PQ_CE_QS_v1 (2).29_MLKEM_MLDSA_experiment/continuation_v1.17/binius64-source/crates/verifier/src/protocols/intmul/common.rs	2fb52aa5dec99cc0b95592a35944b7aa2361c3331fad5a1a3412468f27828510	8008	D3	exclude-vendored		vendored upstream binius-zk/binius64 @ 37e9cd64e82243cde0e79c7d8ac0dc319f1cbeb4 (workspace 0.1.0, edition 2024, Rust 1.97.1, licence Apache-2.0 OR MIT); excluded per the D3 dossier (keep a pinned upstream reference, not the tree); the six local modifications are listed in the copied record source-comparison.json (patch prover_memory.patch)
PQ_CE_QS_v1 (2).29_MLKEM_MLDSA_experiment/continuation_v1.17/binius64-source/crates/verifier/src/protocols/intmul/error.rs	a85285b16155229b17bb1746d55aa046b39db56cc4477931a3a29e1423f314ea	660	D3	exclude-vendored		vendored upstream binius-zk/binius64 @ 37e9cd64e82243cde0e79c7d8ac0dc319f1cbeb4 (workspace 0.1.0, edition 2024, Rust 1.97.1, licence Apache-2.0 OR MIT); excluded per the D3 dossier (keep a pinned upstream reference, not the tree); the six local modifications are listed in the copied record source-comparison.json (patch prover_memory.patch)
PQ_CE_QS_v1 (2).29_MLKEM_MLDSA_experiment/continuation_v1.17/binius64-source/crates/verifier/src/protocols/intmul/mod.rs	f7ab724b694df6d6e10a2527dc9b9b82383230c809f4c9ae0253668e146f109b	148	D3	exclude-vendored		vendored upstream binius-zk/binius64 @ 37e9cd64e82243cde0e79c7d8ac0dc319f1cbeb4 (workspace 0.1.0, edition 2024, Rust 1.97.1, licence Apache-2.0 OR MIT); excluded per the D3 dossier (keep a pinned upstream reference, not the tree); the six local modifications are listed in the copied record source-comparison.json (patch prover_memory.patch)
PQ_CE_QS_v1 (2).29_MLKEM_MLDSA_experiment/continuation_v1.17/binius64-source/crates/verifier/src/protocols/intmul/verify.rs	aad98e43d33cee4d53f8d039e99179f45c7e4b99affd6f733057d37feafa6d0a	23289	D3	exclude-vendored		vendored upstream binius-zk/binius64 @ 37e9cd64e82243cde0e79c7d8ac0dc319f1cbeb4 (workspace 0.1.0, edition 2024, Rust 1.97.1, licence Apache-2.0 OR MIT); excluded per the D3 dossier (keep a pinned upstream reference, not the tree); the six local modifications are listed in the copied record source-comparison.json (patch prover_memory.patch)
PQ_CE_QS_v1 (2).29_MLKEM_MLDSA_experiment/continuation_v1.17/binius64-source/crates/verifier/src/protocols/mod.rs	98647d683c813a7ce44aa711bf3e9a7b9af2a90886b36c15de42e0e6c8433a6a	171	D3	exclude-vendored		vendored upstream binius-zk/binius64 @ 37e9cd64e82243cde0e79c7d8ac0dc319f1cbeb4 (workspace 0.1.0, edition 2024, Rust 1.97.1, licence Apache-2.0 OR MIT); excluded per the D3 dossier (keep a pinned upstream reference, not the tree); the six local modifications are listed in the copied record source-comparison.json (patch prover_memory.patch)
PQ_CE_QS_v1 (2).29_MLKEM_MLDSA_experiment/continuation_v1.17/binius64-source/crates/verifier/src/protocols/pubcheck.rs	6cf297f334fe618962e86bea2dd5cc1b5ec4d31dd80f2e9d952932b8f472d3c6	2230	D3	exclude-vendored		vendored upstream binius-zk/binius64 @ 37e9cd64e82243cde0e79c7d8ac0dc319f1cbeb4 (workspace 0.1.0, edition 2024, Rust 1.97.1, licence Apache-2.0 OR MIT); excluded per the D3 dossier (keep a pinned upstream reference, not the tree); the six local modifications are listed in the copied record source-comparison.json (patch prover_memory.patch)
PQ_CE_QS_v1 (2).29_MLKEM_MLDSA_experiment/continuation_v1.17/binius64-source/crates/verifier/src/protocols/shift/error.rs	4dded36de06863807fc70d249156351c5a39ad09de14462a3a5486ad6ae52dee	405	D3	exclude-vendored		vendored upstream binius-zk/binius64 @ 37e9cd64e82243cde0e79c7d8ac0dc319f1cbeb4 (workspace 0.1.0, edition 2024, Rust 1.97.1, licence Apache-2.0 OR MIT); excluded per the D3 dossier (keep a pinned upstream reference, not the tree); the six local modifications are listed in the copied record source-comparison.json (patch prover_memory.patch)
PQ_CE_QS_v1 (2).29_MLKEM_MLDSA_experiment/continuation_v1.17/binius64-source/crates/verifier/src/protocols/shift/mod.rs	eecec739e5eea79c55e24f60ad48c1287e17e89120cd52b7f3bb1e93d663ff2f	3406	D3	exclude-vendored		vendored upstream binius-zk/binius64 @ 37e9cd64e82243cde0e79c7d8ac0dc319f1cbeb4 (workspace 0.1.0, edition 2024, Rust 1.97.1, licence Apache-2.0 OR MIT); excluded per the D3 dossier (keep a pinned upstream reference, not the tree); the six local modifications are listed in the copied record source-comparison.json (patch prover_memory.patch)
PQ_CE_QS_v1 (2).29_MLKEM_MLDSA_experiment/continuation_v1.17/binius64-source/crates/verifier/src/protocols/shift/monster.rs	6b660fbce1999b9b7dc0432000475a179fb714efad0a6318f54c7b6a65c0d629	23362	D3	exclude-vendored		vendored upstream binius-zk/binius64 @ 37e9cd64e82243cde0e79c7d8ac0dc319f1cbeb4 (workspace 0.1.0, edition 2024, Rust 1.97.1, licence Apache-2.0 OR MIT); excluded per the D3 dossier (keep a pinned upstream reference, not the tree); the six local modifications are listed in the copied record source-comparison.json (patch prover_memory.patch)
PQ_CE_QS_v1 (2).29_MLKEM_MLDSA_experiment/continuation_v1.17/binius64-source/crates/verifier/src/protocols/shift/shift_ind.rs	4761c8fac15f86f6d078329d08cb763b37913b327d163be37658322b49e8a13b	8296	D3	exclude-vendored		vendored upstream binius-zk/binius64 @ 37e9cd64e82243cde0e79c7d8ac0dc319f1cbeb4 (workspace 0.1.0, edition 2024, Rust 1.97.1, licence Apache-2.0 OR MIT); excluded per the D3 dossier (keep a pinned upstream reference, not the tree); the six local modifications are listed in the copied record source-comparison.json (patch prover_memory.patch)
PQ_CE_QS_v1 (2).29_MLKEM_MLDSA_experiment/continuation_v1.17/binius64-source/crates/verifier/src/protocols/shift/verify.rs	e66fded11ffdb4aa5bb7d733c05510212596e5336490e8c75f775b4456d1d439	46570	D3	exclude-vendored		vendored upstream binius-zk/binius64 @ 37e9cd64e82243cde0e79c7d8ac0dc319f1cbeb4 (workspace 0.1.0, edition 2024, Rust 1.97.1, licence Apache-2.0 OR MIT); excluded per the D3 dossier (keep a pinned upstream reference, not the tree); the six local modifications are listed in the copied record source-comparison.json (patch prover_memory.patch)
PQ_CE_QS_v1 (2).29_MLKEM_MLDSA_experiment/continuation_v1.17/binius64-source/crates/verifier/src/protocols/zero.rs	6a9238c6a147a11b6b54f0c16cd0655de73ec1c27fad80decde212a36e06d0a5	3960	D3	exclude-vendored		vendored upstream binius-zk/binius64 @ 37e9cd64e82243cde0e79c7d8ac0dc319f1cbeb4 (workspace 0.1.0, edition 2024, Rust 1.97.1, licence Apache-2.0 OR MIT); excluded per the D3 dossier (keep a pinned upstream reference, not the tree); the six local modifications are listed in the copied record source-comparison.json (patch prover_memory.patch)
PQ_CE_QS_v1 (2).29_MLKEM_MLDSA_experiment/continuation_v1.17/binius64-source/crates/verifier/src/reduction.rs	243a4262a9f1085ccf8e43ca34fda9d166fa1ce867f38d20e618333746f3e7e1	23011	D3	exclude-vendored		vendored upstream binius-zk/binius64 @ 37e9cd64e82243cde0e79c7d8ac0dc319f1cbeb4 (workspace 0.1.0, edition 2024, Rust 1.97.1, licence Apache-2.0 OR MIT); excluded per the D3 dossier (keep a pinned upstream reference, not the tree); the six local modifications are listed in the copied record source-comparison.json (patch prover_memory.patch)
PQ_CE_QS_v1 (2).29_MLKEM_MLDSA_experiment/continuation_v1.17/binius64-source/crates/verifier/src/ring_switch.rs	8554ed97cab8f4d3c0c9cfde5152b92ebc983c010b6dd7152f5bc22491f7c973	4170	D3	exclude-vendored		vendored upstream binius-zk/binius64 @ 37e9cd64e82243cde0e79c7d8ac0dc319f1cbeb4 (workspace 0.1.0, edition 2024, Rust 1.97.1, licence Apache-2.0 OR MIT); excluded per the D3 dossier (keep a pinned upstream reference, not the tree); the six local modifications are listed in the copied record source-comparison.json (patch prover_memory.patch)
PQ_CE_QS_v1 (2).29_MLKEM_MLDSA_experiment/continuation_v1.17/binius64-source/crates/verifier/src/signature.rs	db20cafffe277f4cfb2ba51d5c6781dbc50639e7572e67ce3e08304867d0691c	4992	D3	exclude-vendored		vendored upstream binius-zk/binius64 @ 37e9cd64e82243cde0e79c7d8ac0dc319f1cbeb4 (workspace 0.1.0, edition 2024, Rust 1.97.1, licence Apache-2.0 OR MIT); excluded per the D3 dossier (keep a pinned upstream reference, not the tree); the six local modifications are listed in the copied record source-comparison.json (patch prover_memory.patch)
PQ_CE_QS_v1 (2).29_MLKEM_MLDSA_experiment/continuation_v1.17/binius64-source/crates/verifier/src/verify.rs	a762ddd81a4ec8a4c15500b9a82ad4af011cf5f78956769b3456b3755f02cd7d	15848	D3	exclude-vendored		vendored upstream binius-zk/binius64 @ 37e9cd64e82243cde0e79c7d8ac0dc319f1cbeb4 (workspace 0.1.0, edition 2024, Rust 1.97.1, licence Apache-2.0 OR MIT); excluded per the D3 dossier (keep a pinned upstream reference, not the tree); the six local modifications are listed in the copied record source-comparison.json (patch prover_memory.patch)
PQ_CE_QS_v1 (2).29_MLKEM_MLDSA_experiment/continuation_v1.17/binius64-source/crates/verifier/src/zk_config.rs	bd96910b4f4dbdf1ed06a15f4ba0b2746a156626e19cda4260a97fc5a1df0a0d	11029	D3	exclude-vendored		vendored upstream binius-zk/binius64 @ 37e9cd64e82243cde0e79c7d8ac0dc319f1cbeb4 (workspace 0.1.0, edition 2024, Rust 1.97.1, licence Apache-2.0 OR MIT); excluded per the D3 dossier (keep a pinned upstream reference, not the tree); the six local modifications are listed in the copied record source-comparison.json (patch prover_memory.patch)
PQ_CE_QS_v1 (2).29_MLKEM_MLDSA_experiment/continuation_v1.17/binius64-source/prek.toml	a522b151bb56f4c46cfc5b256934464bcfa9a2c0c2509b861a09ec9995665c9a	1460	D3	exclude-vendored		vendored upstream binius-zk/binius64 @ 37e9cd64e82243cde0e79c7d8ac0dc319f1cbeb4 (workspace 0.1.0, edition 2024, Rust 1.97.1, licence Apache-2.0 OR MIT); excluded per the D3 dossier (keep a pinned upstream reference, not the tree); the six local modifications are listed in the copied record source-comparison.json (patch prover_memory.patch)
PQ_CE_QS_v1 (2).29_MLKEM_MLDSA_experiment/continuation_v1.17/binius64-source/rust-toolchain.toml	5d959dfcc98b53886ee772ba216c4f9a1b31f093b46b5b263c0d084af54e821d	31	D3	exclude-vendored		vendored upstream binius-zk/binius64 @ 37e9cd64e82243cde0e79c7d8ac0dc319f1cbeb4 (workspace 0.1.0, edition 2024, Rust 1.97.1, licence Apache-2.0 OR MIT); excluded per the D3 dossier (keep a pinned upstream reference, not the tree); the six local modifications are listed in the copied record source-comparison.json (patch prover_memory.patch)
PQ_CE_QS_v1 (2).29_MLKEM_MLDSA_experiment/continuation_v1.17/binius64-source/skills/binius-code-review/SKILL.md	452d577643f0f3806cf0ea3a9876268d8b3abef6d2d95d392ea5761b36ee5713	8286	D3	exclude-vendored		vendored upstream binius-zk/binius64 @ 37e9cd64e82243cde0e79c7d8ac0dc319f1cbeb4 (workspace 0.1.0, edition 2024, Rust 1.97.1, licence Apache-2.0 OR MIT); excluded per the D3 dossier (keep a pinned upstream reference, not the tree); the six local modifications are listed in the copied record source-comparison.json (patch prover_memory.patch)
PQ_CE_QS_v1 (2).29_MLKEM_MLDSA_experiment/continuation_v1.17/binius64-source/tools/.gitignore	0746572848f101d3f49484a780fbad5f093867f5add0eaf2127e293b6355e36c	339	D3	exclude-vendored		vendored upstream binius-zk/binius64 @ 37e9cd64e82243cde0e79c7d8ac0dc319f1cbeb4 (workspace 0.1.0, edition 2024, Rust 1.97.1, licence Apache-2.0 OR MIT); excluded per the D3 dossier (keep a pinned upstream reference, not the tree); the six local modifications are listed in the copied record source-comparison.json (patch prover_memory.patch)
PQ_CE_QS_v1 (2).29_MLKEM_MLDSA_experiment/continuation_v1.17/binius64-source/tools/check_copyright_notice.py	bc0c1ee5456daaa75cb71c7ee5dfe8a71a38ec02c7c4fd928ec0508008347f27	5675	D3	exclude-vendored		vendored upstream binius-zk/binius64 @ 37e9cd64e82243cde0e79c7d8ac0dc319f1cbeb4 (workspace 0.1.0, edition 2024, Rust 1.97.1, licence Apache-2.0 OR MIT); excluded per the D3 dossier (keep a pinned upstream reference, not the tree); the six local modifications are listed in the copied record source-comparison.json (patch prover_memory.patch)
PQ_CE_QS_v1 (2).29_MLKEM_MLDSA_experiment/continuation_v1.17/binius64-source/tools/clippy-changed-packages.sh	8dfa92f3ff2a42f2ed3ad3c6d998dd386dbd871de3c63748f72126a80c3f4107	1329	D3	exclude-vendored		vendored upstream binius-zk/binius64 @ 37e9cd64e82243cde0e79c7d8ac0dc319f1cbeb4 (workspace 0.1.0, edition 2024, Rust 1.97.1, licence Apache-2.0 OR MIT); excluded per the D3 dossier (keep a pinned upstream reference, not the tree); the six local modifications are listed in the copied record source-comparison.json (patch prover_memory.patch)
PQ_CE_QS_v1 (2).29_MLKEM_MLDSA_experiment/continuation_v1.17/binius64-source/tools/coverage	ee00f3fab7f5b9f8248bd1146c16ba4e1cab663381274ff273f8549f503a75a1	235	D3	exclude-vendored		vendored upstream binius-zk/binius64 @ 37e9cd64e82243cde0e79c7d8ac0dc319f1cbeb4 (workspace 0.1.0, edition 2024, Rust 1.97.1, licence Apache-2.0 OR MIT); excluded per the D3 dossier (keep a pinned upstream reference, not the tree); the six local modifications are listed in the copied record source-comparison.json (patch prover_memory.patch)
PQ_CE_QS_v1 (2).29_MLKEM_MLDSA_experiment/continuation_v1.17/binius64-source/tools/coverage-compare	129b2e88f7d580a3373b9bb9866e5ed6e50193b92209bbcecdf2c4492468261f	245	D3	exclude-vendored		vendored upstream binius-zk/binius64 @ 37e9cd64e82243cde0e79c7d8ac0dc319f1cbeb4 (workspace 0.1.0, edition 2024, Rust 1.97.1, licence Apache-2.0 OR MIT); excluded per the D3 dossier (keep a pinned upstream reference, not the tree); the six local modifications are listed in the copied record source-comparison.json (patch prover_memory.patch)
PQ_CE_QS_v1 (2).29_MLKEM_MLDSA_experiment/continuation_v1.17/binius64-source/tools/coverage-compare.py	657e385af0f6993016c521e35fd3b908d1607ee6f5869a8c72801e37b00b3327	7369	D3	exclude-vendored		vendored upstream binius-zk/binius64 @ 37e9cd64e82243cde0e79c7d8ac0dc319f1cbeb4 (workspace 0.1.0, edition 2024, Rust 1.97.1, licence Apache-2.0 OR MIT); excluded per the D3 dossier (keep a pinned upstream reference, not the tree); the six local modifications are listed in the copied record source-comparison.json (patch prover_memory.patch)
PQ_CE_QS_v1 (2).29_MLKEM_MLDSA_experiment/continuation_v1.17/binius64-source/tools/coverage.py	bd0db454f6c35116ef692d065a37647c15e00a92046a3c0bbf54fd9ed578dd9b	50639	D3	exclude-vendored		vendored upstream binius-zk/binius64 @ 37e9cd64e82243cde0e79c7d8ac0dc319f1cbeb4 (workspace 0.1.0, edition 2024, Rust 1.97.1, licence Apache-2.0 OR MIT); excluded per the D3 dossier (keep a pinned upstream reference, not the tree); the six local modifications are listed in the copied record source-comparison.json (patch prover_memory.patch)
PQ_CE_QS_v1 (2).29_MLKEM_MLDSA_experiment/continuation_v1.17/binius64-source/tools/requirements/coverage_reqs.txt	b0487a1e16081a6ae2474455558300562e133ec7310db8d389b744c6008d4f5e	8	D3	exclude-vendored		vendored upstream binius-zk/binius64 @ 37e9cd64e82243cde0e79c7d8ac0dc319f1cbeb4 (workspace 0.1.0, edition 2024, Rust 1.97.1, licence Apache-2.0 OR MIT); excluded per the D3 dossier (keep a pinned upstream reference, not the tree); the six local modifications are listed in the copied record source-comparison.json (patch prover_memory.patch)
PQ_CE_QS_v1 (2).29_MLKEM_MLDSA_experiment/continuation_v1.17/binius64-source/tools/run_tool.sh	604d0d2cf0017644b5670caa735bd97f6a9c584710b9df1375a9ae2abc011d98	1562	D3	exclude-vendored		vendored upstream binius-zk/binius64 @ 37e9cd64e82243cde0e79c7d8ac0dc319f1cbeb4 (workspace 0.1.0, edition 2024, Rust 1.97.1, licence Apache-2.0 OR MIT); excluded per the D3 dossier (keep a pinned upstream reference, not the tree); the six local modifications are listed in the copied record source-comparison.json (patch prover_memory.patch)
PQ_CE_QS_v1 (2).29_MLKEM_MLDSA_experiment/continuation_v1.17/method.md	d859ce4f186394336fc02a43a0ac68dbbb5a9da27edcc8329da31e78cf0e7600	7814	D3	copy	domains/03-zk-carrier-experiments/docs/method.md	method note for the vendored-prover comparison
PQ_CE_QS_v1 (2).29_MLKEM_MLDSA_experiment/continuation_v1.17/prover_memory.patch	b916606810a4b8416baddadfac531302eec91935a73b1528a201a4a189a4b563	24941	D3	copy	domains/03-zk-carrier-experiments/src/prover_memory.patch	the local modification applied to the excluded upstream Binius64 tree (patch recorded in source-comparison.json)
PQ_CE_QS_v1 (2).29_MLKEM_MLDSA_experiment/continuation_v1.17/recompute_final_checks.json	f30873a67cef9c0005698290c3558efe83849187021878357d24fb2f6a54e61b	165	D3	copy	domains/03-zk-carrier-experiments/results/recompute-final-checks.json	recomputed final-check record
PQ_CE_QS_v1 (2).29_MLKEM_MLDSA_experiment/continuation_v1.17/source_comparison.json	f3cf6b8263c18269833bd860d047aef5596e7eb1af2f2228d4a65c2be7221f6a	1615	D3	copy	domains/03-zk-carrier-experiments/results/source-comparison.json	record of the comparison against the upstream Binius64 checkout (pinned commit, modified rust sources, patch sha256); the vendored tree itself is excluded
PQ_CE_QS_v1 (2).29_MLKEM_MLDSA_experiment/continuation_v1.25/assessment.md	4e6c4ce767d9c85b88b4cc3ef94d5bc294fd2c97b2932cd03502cae4f7d96aa2	21508	D3	copy-history	domains/03-zk-carrier-experiments/history/v1.25/assessment.md	superseded revision; the newest revision of this file is copied as the canonical version
PQ_CE_QS_v1 (2).29_MLKEM_MLDSA_experiment/continuation_v1.25/encode_case0.json	afa39d7d23d8493f3d545a06678a026dbc8c4c0c33ce86779f349351bdbb3149	4326	D3	copy-history	domains/03-zk-carrier-experiments/history/v1.25/encode_case0.json	superseded revision; the newest revision of this file is copied as the canonical version
PQ_CE_QS_v1 (2).29_MLKEM_MLDSA_experiment/continuation_v1.25/encode_case1.json	37f6edf3c4dbb27dc6bc381f2ef012bc1600b691ddc3f32b6dc11323c9790d7f	4326	D3	copy-history	domains/03-zk-carrier-experiments/history/v1.25/encode_case1.json	superseded revision; the newest revision of this file is copied as the canonical version
PQ_CE_QS_v1 (2).29_MLKEM_MLDSA_experiment/continuation_v1.25/public_verification.json	98aa08f073dd1da520841d8afdb2dea4f6c770a1fcef706b19917e9c828e9e5e	1263	D3	copy-history	domains/03-zk-carrier-experiments/history/v1.25/public_verification.json	superseded revision; the newest revision of this file is copied as the canonical version
PQ_CE_QS_v1 (2).29_MLKEM_MLDSA_experiment/continuation_v1.26/analysis_note.md	12ac1936e377f575b42c233d08cebf1b3251fe3aa5455617b748b7869bee3c27	14161	D3	copy	domains/03-zk-carrier-experiments/docs/analysis-note.md	analysis note (only revision)
PQ_CE_QS_v1 (2).29_MLKEM_MLDSA_experiment/continuation_v1.27/adapter/Cargo.lock	6ddac194697ba260dba608b3ce700d758791cd1d7cbc6d60fdd60b43aa60eea3	23741	D3	copy-history	domains/03-zk-carrier-experiments/history/v1.27/adapter/Cargo.lock	superseded revision; the newest revision of this file is copied as the canonical version
PQ_CE_QS_v1 (2).29_MLKEM_MLDSA_experiment/continuation_v1.27/adapter/Cargo.toml	defab38b103db0b0281776991aa296d76b1eb9ddebf53b2d0b762417fb557bf4	1488	D3	copy-history	domains/03-zk-carrier-experiments/history/v1.27/adapter/Cargo.toml	superseded revision; the newest revision of this file is copied as the canonical version
PQ_CE_QS_v1 (2).29_MLKEM_MLDSA_experiment/continuation_v1.27/adapter/field_vectors.json	03080b0500bcc7c44aae76824b5255ab708868cc89171b3cbd5a7d831ce836b7	116683	D3	exclude-duplicate		byte-identical to domains/03-zk-carrier-experiments/src/adapter/field_vectors.json (from PQ_CE_QS_v1 (2).29_MLKEM_MLDSA_experiment/continuation_v1.28p/adapter/field_vectors.json); kept once
PQ_CE_QS_v1 (2).29_MLKEM_MLDSA_experiment/continuation_v1.27/adapter/src/codec.rs	da737a64f1f19ad0a0bbb2865e39f6e5bbc60fc7e49557c64e6334404340f670	18878	D3	exclude-duplicate		byte-identical to domains/03-zk-carrier-experiments/src/adapter/src/codec_v1.rs (from PQ_CE_QS_v1 (2).29_MLKEM_MLDSA_experiment/continuation_v1.28p/adapter/src/codec_v1.rs); kept once
PQ_CE_QS_v1 (2).29_MLKEM_MLDSA_experiment/continuation_v1.27/adapter/src/main.rs	114592914ae1d71dadf57f4c9d53cc2932d913c6481c63a3dbbf5e7387edb192	9958	D3	copy-history	domains/03-zk-carrier-experiments/history/v1.27/adapter/src/main.rs	superseded revision; the newest revision of this file is copied as the canonical version
PQ_CE_QS_v1 (2).29_MLKEM_MLDSA_experiment/continuation_v1.27/adapter/src/trace.rs	3e40eaa6f0413dcfeef2ab0c0d747cb2fe505467972301d133dca3b2034fca14	9539	D3	copy-history	domains/03-zk-carrier-experiments/history/v1.27/adapter/src/trace.rs	superseded revision; the newest revision of this file is copied as the canonical version
PQ_CE_QS_v1 (2).29_MLKEM_MLDSA_experiment/continuation_v1.27/bin/ceqs-paired-trace-v127	3a74de19ad48f50a659f9611f49ad2f95c1399579ecf54d826b4931eb1c9300a	5533208	D3	exclude-binary		compiled adapter binary; sha256 3a74de19ad48f50a659f9611f49ad2f95c1399579ecf54d826b4931eb1c9300a (5533208 bytes); rebuild from the adapter source in this domain (see the rebuild instructions and the excluded-binary provenance table)
PQ_CE_QS_v1 (2).29_MLKEM_MLDSA_experiment/continuation_v1.27/build.stderr.log	2b928403bd933fc7874ddd05fb086ed0a1aa7161a11c67b10027a0408f1be120	168	D3	copy-history	domains/03-zk-carrier-experiments/history/v1.27/build.stderr.log	superseded revision; the newest revision of this file is copied as the canonical version
PQ_CE_QS_v1 (2).29_MLKEM_MLDSA_experiment/continuation_v1.27/build.stdout.log	e3b0c44298fc1c149afbf4c8996fb92427ae41e4649b934ca495991b7852b855	0	D3	exclude-duplicate		empty output file (0 bytes); nothing to migrate - content-free
PQ_CE_QS_v1 (2).29_MLKEM_MLDSA_experiment/continuation_v1.27/check_case0.json	6bae0eb45b8ae67bbce17390c8c3be064ee0348f41c2ed6d3b78a9804a9a48f0	1538	D3	copy-history	domains/03-zk-carrier-experiments/history/v1.27/check_case0.json	superseded revision; the newest revision of this file is copied as the canonical version
PQ_CE_QS_v1 (2).29_MLKEM_MLDSA_experiment/continuation_v1.27/check_case0.log	67678666462de1e0b23d086e978ab5ccce49487d5a0abf4470765e41207940b6	1888	D3	copy-history	domains/03-zk-carrier-experiments/history/v1.27/check_case0.log	superseded revision; the newest revision of this file is copied as the canonical version
PQ_CE_QS_v1 (2).29_MLKEM_MLDSA_experiment/continuation_v1.27/check_case0_execution.json	bb9263ead4e7eed946a2f178ebd6887143a9197891f47070cf4d29c8bd08a66d	570	D3	copy-history	domains/03-zk-carrier-experiments/history/v1.27/check_case0_execution.json	superseded revision; the newest revision of this file is copied as the canonical version
PQ_CE_QS_v1 (2).29_MLKEM_MLDSA_experiment/continuation_v1.27/check_case1.json	9afb6dc6dc0d810e4850bf2f496e3ea2e8cfd5a23f4c394cc907fc64952c2cc6	1538	D3	copy-history	domains/03-zk-carrier-experiments/history/v1.27/check_case1.json	superseded revision; the newest revision of this file is copied as the canonical version
PQ_CE_QS_v1 (2).29_MLKEM_MLDSA_experiment/continuation_v1.27/check_case1.log	fbf11bdb250a33f3624939035fbbc6d16e39fa9c0658838e8f1a16ad08d11667	1888	D3	copy-history	domains/03-zk-carrier-experiments/history/v1.27/check_case1.log	superseded revision; the newest revision of this file is copied as the canonical version
PQ_CE_QS_v1 (2).29_MLKEM_MLDSA_experiment/continuation_v1.27/check_case1_execution.json	771e42f41c489fd2e111167fe42d2c5c6d605a09c51be1b69d8627b33dc6b83d	570	D3	copy-history	domains/03-zk-carrier-experiments/history/v1.27/check_case1_execution.json	superseded revision; the newest revision of this file is copied as the canonical version
PQ_CE_QS_v1 (2).29_MLKEM_MLDSA_experiment/continuation_v1.27/check_public_mutations.py	a89bdf6fd91ef4db2466cab2b66212484e7ff3b85af4b2be68d76c2f2ee44a8e	1656	D3	copy-history	domains/03-zk-carrier-experiments/history/v1.27/check_public_mutations.py	superseded revision; the newest revision of this file is copied as the canonical version
PQ_CE_QS_v1 (2).29_MLKEM_MLDSA_experiment/continuation_v1.27/encode_case0.json	23ba45e86085463f3f63ae351c341287734e80fca2a867c27c9c7682186cfc3f	4388	D3	copy-history	domains/03-zk-carrier-experiments/history/v1.27/encode_case0.json	superseded revision; the newest revision of this file is copied as the canonical version
PQ_CE_QS_v1 (2).29_MLKEM_MLDSA_experiment/continuation_v1.27/encode_case0.log	baeefdbbdef52841fd324cbe45ddc1450efb6a6c4d6efaaf463078bdabb7c76f	2136	D3	copy-history	domains/03-zk-carrier-experiments/history/v1.27/encode_case0.log	superseded revision; the newest revision of this file is copied as the canonical version
PQ_CE_QS_v1 (2).29_MLKEM_MLDSA_experiment/continuation_v1.27/encode_case0_execution.json	b196d112eaf5ba5010931eea5f2c3571fcccb4aa5c8280bc66cc29a559de7b6b	572	D3	copy-history	domains/03-zk-carrier-experiments/history/v1.27/encode_case0_execution.json	superseded revision; the newest revision of this file is copied as the canonical version
PQ_CE_QS_v1 (2).29_MLKEM_MLDSA_experiment/continuation_v1.27/encode_case1.json	11e87034147f8a0787047de210030ebe6ebe3fdb4b59a1e6fd7be87600088e2b	4386	D3	copy-history	domains/03-zk-carrier-experiments/history/v1.27/encode_case1.json	superseded revision; the newest revision of this file is copied as the canonical version
PQ_CE_QS_v1 (2).29_MLKEM_MLDSA_experiment/continuation_v1.27/encode_case1.log	7bb3daa55bf1baec447bc6c04a8660c32a5424347f268c28bcb573fed9b7364a	2136	D3	copy-history	domains/03-zk-carrier-experiments/history/v1.27/encode_case1.log	superseded revision; the newest revision of this file is copied as the canonical version
PQ_CE_QS_v1 (2).29_MLKEM_MLDSA_experiment/continuation_v1.27/encode_case1_execution.json	83ae7ce2a923a33adf06a1e2caac3bfe15e70774175789e16ba6ba6f10560361	572	D3	copy-history	domains/03-zk-carrier-experiments/history/v1.27/encode_case1_execution.json	superseded revision; the newest revision of this file is copied as the canonical version
PQ_CE_QS_v1 (2).29_MLKEM_MLDSA_experiment/continuation_v1.27/fixture/case0/statement.bin	3049c4dd8294bb830954d6785fd4acf2e5a3cc4fbf414fb5f76e69c3d6e86a75	5568	D3	copy-history	domains/03-zk-carrier-experiments/history/v1.27/fixture/case0/statement.bin	superseded revision; the newest revision of this file is copied as the canonical version
PQ_CE_QS_v1 (2).29_MLKEM_MLDSA_experiment/continuation_v1.27/fixture/case0/statement.json	aa804403b7f15126fed5d5f94e0bcb94ea56231f6cc94dd858a8d9ba92c5d3e2	11852	D3	copy-history	domains/03-zk-carrier-experiments/history/v1.27/fixture/case0/statement.json	superseded revision; the newest revision of this file is copied as the canonical version
PQ_CE_QS_v1 (2).29_MLKEM_MLDSA_experiment/continuation_v1.27/fixture/case0/trace43_rate3.proof	c13efd6f0d77fdfd46f15ee261f153fecabcddccb918ee3f44d61217d4da160c	339104	D3	exclude-binary		superseded frame (continuation_v1.27, fixture/case0/trace43_rate3.proof); byte-distinct from the current fixture frame; sha256 c13efd6f0d77fdfd46f15ee261f153fecabcddccb918ee3f44d61217d4da160c; rebuild with the adapter source in this domain; see the REVIEW note on the regeneration-check frame row
PQ_CE_QS_v1 (2).29_MLKEM_MLDSA_experiment/continuation_v1.27/fixture/case0/trace43_rate3.pt27	dcdf327ded58351f255d225e034fa8f3ec063c131514c4a1fae560615ee5a9cd	287648	D3	copy	domains/03-zk-carrier-experiments/fixtures/case0/trace43_rate3.pt27	current fixture frame; the verifier's input for this case
PQ_CE_QS_v1 (2).29_MLKEM_MLDSA_experiment/continuation_v1.27/fixture/case1/statement.bin	e7abda7e00b5b6c8a9d6335cf853f638b9f942aa71d2c5c6caf161d8d3a68207	5568	D3	copy-history	domains/03-zk-carrier-experiments/history/v1.27/fixture/case1/statement.bin	superseded revision; the newest revision of this file is copied as the canonical version
PQ_CE_QS_v1 (2).29_MLKEM_MLDSA_experiment/continuation_v1.27/fixture/case1/statement.json	a141eda140d0cfbbaeb63b219f433f82498c23e649725b2d030e565dc88f26bf	11852	D3	copy-history	domains/03-zk-carrier-experiments/history/v1.27/fixture/case1/statement.json	superseded revision; the newest revision of this file is copied as the canonical version
PQ_CE_QS_v1 (2).29_MLKEM_MLDSA_experiment/continuation_v1.27/fixture/case1/trace43_rate3.proof	bee927fbe6dc43308d98aff49aff5af6ec9f3343b74e13e10ac454d3371fa0c8	339104	D3	exclude-binary		superseded frame (continuation_v1.27, fixture/case1/trace43_rate3.proof); byte-distinct from the current fixture frame; sha256 bee927fbe6dc43308d98aff49aff5af6ec9f3343b74e13e10ac454d3371fa0c8; rebuild with the adapter source in this domain; see the REVIEW note on the regeneration-check frame row
PQ_CE_QS_v1 (2).29_MLKEM_MLDSA_experiment/continuation_v1.27/fixture/case1/trace43_rate3.pt27	f892f9134e10d69ce54fbab1d27c71e036f3e03e7cf183dc39e41823dfd6077f	281232	D3	copy	domains/03-zk-carrier-experiments/fixtures/case1/trace43_rate3.pt27	current fixture frame; the verifier's input for this case
PQ_CE_QS_v1 (2).29_MLKEM_MLDSA_experiment/continuation_v1.27/fixture/config.json	44e075fb9641fe0843946693ed3ba3ad656c5096684522af8b525da6538cf0c2	17928	D3	copy-history	domains/03-zk-carrier-experiments/history/v1.27/fixture/config.json	superseded revision; the newest revision of this file is copied as the canonical version
PQ_CE_QS_v1 (2).29_MLKEM_MLDSA_experiment/continuation_v1.27/fixture/provenance.json	bc4eedb70cb5bc1d95e4aeeaba3bac051f30d6cd6ace71f1928b5b28a1d7a49e	1237	D3	exclude-duplicate		byte-identical to domains/03-zk-carrier-experiments/fixtures/provenance.json (from PQ_CE_QS_v1 (2).29_MLKEM_MLDSA_experiment/continuation_v1.27b/fixture/provenance.json); kept once
PQ_CE_QS_v1 (2).29_MLKEM_MLDSA_experiment/continuation_v1.27/make_fixture.py	803c24618d249014280fe9ed3c92b766688ddc86b41a4e4ae21271e968b241b7	4094	D3	copy-history	domains/03-zk-carrier-experiments/history/v1.27/make_fixture.py	superseded revision; the newest revision of this file is copied as the canonical version
PQ_CE_QS_v1 (2).29_MLKEM_MLDSA_experiment/continuation_v1.27/paired_reference.py	1a0cac2d9f277ce7d2ca6e15ab439abb376f38bd82df7002edfec2610749edb8	3447	D3	copy-history	domains/03-zk-carrier-experiments/history/v1.27/paired_reference.py	superseded revision; the newest revision of this file is copied as the canonical version
PQ_CE_QS_v1 (2).29_MLKEM_MLDSA_experiment/continuation_v1.27/private_input_deletion.json	e52ebeec7996929d1655b34d0b2f5ac0da5016ef1f9d9aff32461fce32113d2f	288	D3	copy-history	domains/03-zk-carrier-experiments/history/v1.27/private_input_deletion.json	superseded revision; the newest revision of this file is copied as the canonical version
PQ_CE_QS_v1 (2).29_MLKEM_MLDSA_experiment/continuation_v1.27/prove_case0.json	90340c2ede5b808cda4aa0088290771efc805a677291c9d6e1e0867f51c145c7	1617	D3	copy-history	domains/03-zk-carrier-experiments/history/v1.27/prove_case0.json	superseded revision; the newest revision of this file is copied as the canonical version
PQ_CE_QS_v1 (2).29_MLKEM_MLDSA_experiment/continuation_v1.27/prove_case0.log	64eb738dfb7e07224f09bc599882a534f581fc86796463a84832a5842dea6ddf	2208	D3	copy-history	domains/03-zk-carrier-experiments/history/v1.27/prove_case0.log	superseded revision; the newest revision of this file is copied as the canonical version
PQ_CE_QS_v1 (2).29_MLKEM_MLDSA_experiment/continuation_v1.27/prove_case0_execution.json	a1492d7804e75307a9274a2bfbb687a14fa8d7e414faf26408fec9ef0b353779	576	D3	copy-history	domains/03-zk-carrier-experiments/history/v1.27/prove_case0_execution.json	superseded revision; the newest revision of this file is copied as the canonical version
PQ_CE_QS_v1 (2).29_MLKEM_MLDSA_experiment/continuation_v1.27/prove_case1.json	c2f27fbcd7932637a824e2b459e56a3c0d1c68a55747f140310fc7e45126ca09	1619	D3	copy-history	domains/03-zk-carrier-experiments/history/v1.27/prove_case1.json	superseded revision; the newest revision of this file is copied as the canonical version
PQ_CE_QS_v1 (2).29_MLKEM_MLDSA_experiment/continuation_v1.27/prove_case1.log	443643354e2ab12e35f9eedbc897c608d29fcfe575d96008157cd4517bec2cf2	2208	D3	copy-history	domains/03-zk-carrier-experiments/history/v1.27/prove_case1.log	superseded revision; the newest revision of this file is copied as the canonical version
PQ_CE_QS_v1 (2).29_MLKEM_MLDSA_experiment/continuation_v1.27/prove_case1_execution.json	375ea81c9a374a827665518108816049cd44b8404e02ccb0eeefa224a3865e83	576	D3	copy-history	domains/03-zk-carrier-experiments/history/v1.27/prove_case1_execution.json	superseded revision; the newest revision of this file is copied as the canonical version
PQ_CE_QS_v1 (2).29_MLKEM_MLDSA_experiment/continuation_v1.27/public_verification.json	2d1e6797a78196bdc16bc96a3df2f5ec0b3541e641a3fbf57fb0b66bdc549495	1263	D3	copy-history	domains/03-zk-carrier-experiments/history/v1.27/public_verification.json	superseded revision; the newest revision of this file is copied as the canonical version
PQ_CE_QS_v1 (2).29_MLKEM_MLDSA_experiment/continuation_v1.27/public_verification.stderr.log	e3b0c44298fc1c149afbf4c8996fb92427ae41e4649b934ca495991b7852b855	0	D3	exclude-duplicate		empty output file (0 bytes); nothing to migrate - content-free
PQ_CE_QS_v1 (2).29_MLKEM_MLDSA_experiment/continuation_v1.27/public_verification.stdout.log	21b4e7556155fc221625601c6c72482cf363f76d8745b720d8d56aedd9de998f	1033	D3	copy-history	domains/03-zk-carrier-experiments/history/v1.27/public_verification.stdout.log	superseded revision; the newest revision of this file is copied as the canonical version
PQ_CE_QS_v1 (2).29_MLKEM_MLDSA_experiment/continuation_v1.27/reference_checks.json	802189644bcbac1325bc3cb9f49b6a0d9a19448bb3c8ea6dd9bfd9965045fe8d	1006	D3	exclude-duplicate		byte-identical to domains/03-zk-carrier-experiments/results/reference-checks.json (from PQ_CE_QS_v1 (2).29_MLKEM_MLDSA_experiment/continuation_v1.27b/reference_checks.json); kept once
PQ_CE_QS_v1 (2).29_MLKEM_MLDSA_experiment/continuation_v1.27/run_native.py	b8945db75c8d1871ed912bc77c02242a70120d87d15dd38c7d4e1128303ab87f	1965	D3	copy-history	domains/03-zk-carrier-experiments/history/v1.27/run_native.py	superseded revision; the newest revision of this file is copied as the canonical version
PQ_CE_QS_v1 (2).29_MLKEM_MLDSA_experiment/continuation_v1.27/verify_public.py	ab29407a468a73d5d3cbf1307d65c94a70132d16de0df004bfa0dfbbfca11c43	4417	D3	copy-history	domains/03-zk-carrier-experiments/history/v1.27/verify_public.py	superseded revision; the newest revision of this file is copied as the canonical version
PQ_CE_QS_v1 (2).29_MLKEM_MLDSA_experiment/continuation_v1.27b/adapter/Cargo.lock	10f6354ebf38d2b9ac8e64d1476413ac5c2c24dc523ed2b256f5a5b00cd21f04	23740	D3	copy-history	domains/03-zk-carrier-experiments/history/v1.27b/adapter/Cargo.lock	superseded revision; the newest revision of this file is copied as the canonical version
PQ_CE_QS_v1 (2).29_MLKEM_MLDSA_experiment/continuation_v1.27b/adapter/Cargo.toml	40c1931005f81adf6c2a085537bdbceb9081ed990d6c7dc9cc89b1b6388970ad	1486	D3	copy-history	domains/03-zk-carrier-experiments/history/v1.27b/adapter/Cargo.toml	superseded revision; the newest revision of this file is copied as the canonical version
PQ_CE_QS_v1 (2).29_MLKEM_MLDSA_experiment/continuation_v1.27b/adapter/field_vectors.json	03080b0500bcc7c44aae76824b5255ab708868cc89171b3cbd5a7d831ce836b7	116683	D3	exclude-duplicate		byte-identical to domains/03-zk-carrier-experiments/src/adapter/field_vectors.json (from PQ_CE_QS_v1 (2).29_MLKEM_MLDSA_experiment/continuation_v1.28p/adapter/field_vectors.json); kept once
PQ_CE_QS_v1 (2).29_MLKEM_MLDSA_experiment/continuation_v1.27b/adapter/src/codec.rs	da737a64f1f19ad0a0bbb2865e39f6e5bbc60fc7e49557c64e6334404340f670	18878	D3	exclude-duplicate		byte-identical to domains/03-zk-carrier-experiments/src/adapter/src/codec_v1.rs (from PQ_CE_QS_v1 (2).29_MLKEM_MLDSA_experiment/continuation_v1.28p/adapter/src/codec_v1.rs); kept once
PQ_CE_QS_v1 (2).29_MLKEM_MLDSA_experiment/continuation_v1.27b/adapter/src/main.rs	54e469abc10699a5ada45f8e7f51132efd58910f3f0bf3a62de052290a8b5221	10031	D3	copy-history	domains/03-zk-carrier-experiments/history/v1.27b/adapter/src/main.rs	superseded revision; the newest revision of this file is copied as the canonical version
PQ_CE_QS_v1 (2).29_MLKEM_MLDSA_experiment/continuation_v1.27b/adapter/src/trace.rs	8ba8c24f78cacf0c7c4811a512252ee3feb02fdf99b309df08a1267569a4f0cf	9650	D3	exclude-duplicate		byte-identical to domains/03-zk-carrier-experiments/src/adapter/src/trace.rs (from PQ_CE_QS_v1 (2).29_MLKEM_MLDSA_experiment/continuation_v1.28p/adapter/src/trace.rs); kept once
PQ_CE_QS_v1 (2).29_MLKEM_MLDSA_experiment/continuation_v1.27b/assessment.md	ddfd3a96f64434422ca83b4fa92feaef81af27a6270df6948b6a9fb3acc82383	20522	D3	copy-history	domains/03-zk-carrier-experiments/history/v1.27b/assessment.md	superseded revision; the newest revision of this file is copied as the canonical version
PQ_CE_QS_v1 (2).29_MLKEM_MLDSA_experiment/continuation_v1.27b/audit_results.py	3dbe78060eea519fdb23c745885e7f5df07d7ca24b4ef755f99a6f4b891ca5c0	4334	D3	copy	domains/03-zk-carrier-experiments/src/audit_results.py	latest revision in the package sequence (v1.25 > v1.29)
PQ_CE_QS_v1 (2).29_MLKEM_MLDSA_experiment/continuation_v1.27b/bin/ceqs-fixed-pair-v127b	dfa90585c22c692a66b6bc9ab689ec1c44e68cb7b128e9bd883ce265930975c5	5531152	D3	exclude-binary		compiled adapter binary; sha256 dfa90585c22c692a66b6bc9ab689ec1c44e68cb7b128e9bd883ce265930975c5 (5531152 bytes); rebuild from the adapter source in this domain (see the rebuild instructions and the excluded-binary provenance table)
PQ_CE_QS_v1 (2).29_MLKEM_MLDSA_experiment/continuation_v1.27b/build.stderr.log	dd9e819b1d0e01843e12165a8df3503c2b96050603f332d0ba7fd30fe3305047	168	D3	copy-history	domains/03-zk-carrier-experiments/history/v1.27b/build.stderr.log	superseded revision; the newest revision of this file is copied as the canonical version
PQ_CE_QS_v1 (2).29_MLKEM_MLDSA_experiment/continuation_v1.27b/build.stdout.log	e3b0c44298fc1c149afbf4c8996fb92427ae41e4649b934ca495991b7852b855	0	D3	exclude-duplicate		empty output file (0 bytes); nothing to migrate - content-free
PQ_CE_QS_v1 (2).29_MLKEM_MLDSA_experiment/continuation_v1.27b/build_review_bundle.py	0a109f4a5744020401c42e14ce2a4f4c28a9bc7ff585d6828ed9c96c87bc3918	2441	D3	copy	domains/03-zk-carrier-experiments/src/build_review_bundle.py	latest revision in the package sequence (v1.25 > v1.29)
PQ_CE_QS_v1 (2).29_MLKEM_MLDSA_experiment/continuation_v1.27b/check_case0.json	75a2b2591c4de35fcdc7f3ecfcc919fc4fccf8802b7ac915c236af66074ee536	1618	D3	copy	domains/03-zk-carrier-experiments/results/check-case0.json	latest revision in the package sequence (v1.25 > v1.29)
PQ_CE_QS_v1 (2).29_MLKEM_MLDSA_experiment/continuation_v1.27b/check_case0.log	4aa90569952ec776d87993bd223ec74aed779ea370585e487f48ebc9e00e997f	1887	D3	copy	domains/03-zk-carrier-experiments/results/check-case0.log	latest revision in the package sequence (v1.25 > v1.29)
PQ_CE_QS_v1 (2).29_MLKEM_MLDSA_experiment/continuation_v1.27b/check_case0_execution.json	f01d93517ee0dfa0543044a637377172c4c9389f5e1634ab16491c6ad2d75e4e	569	D3	copy	domains/03-zk-carrier-experiments/results/check-case0-execution.json	latest revision in the package sequence (v1.25 > v1.29)
PQ_CE_QS_v1 (2).29_MLKEM_MLDSA_experiment/continuation_v1.27b/check_case1.json	2197b3274d88a3322b310d55ec710920e2a70e8afc08a047ba7f20ce8d5aa8d6	1617	D3	copy	domains/03-zk-carrier-experiments/results/check-case1.json	latest revision in the package sequence (v1.25 > v1.29)
PQ_CE_QS_v1 (2).29_MLKEM_MLDSA_experiment/continuation_v1.27b/check_case1.log	af241ced3dc63fb30363b655ffa56216775437f0edfab17c04068001d905a00d	1887	D3	copy	domains/03-zk-carrier-experiments/results/check-case1.log	latest revision in the package sequence (v1.25 > v1.29)
PQ_CE_QS_v1 (2).29_MLKEM_MLDSA_experiment/continuation_v1.27b/check_case1_execution.json	7ae3a721e355a5f68173b46ae96f19bc8904d4747013c31f0a873b14fc5ccfe9	570	D3	copy	domains/03-zk-carrier-experiments/results/check-case1-execution.json	latest revision in the package sequence (v1.25 > v1.29)
PQ_CE_QS_v1 (2).29_MLKEM_MLDSA_experiment/continuation_v1.27b/check_public_mutations.py	01d5308edddd9482b5296eefe8f339c895e02b1f28b2b0b4e08789e03f01f850	2768	D3	copy-history	domains/03-zk-carrier-experiments/history/v1.27b/check_public_mutations.py	superseded revision; the newest revision of this file is copied as the canonical version
PQ_CE_QS_v1 (2).29_MLKEM_MLDSA_experiment/continuation_v1.27b/encode_case0.json	71ec348489bb690f8a4bdc7a53038d8b7a13281fbf9b59b7bdcdd8a3eef57981	4468	D3	copy-history	domains/03-zk-carrier-experiments/history/v1.27b/encode_case0.json	superseded revision; the newest revision of this file is copied as the canonical version
PQ_CE_QS_v1 (2).29_MLKEM_MLDSA_experiment/continuation_v1.27b/encode_case0.log	55270b70a1c92a4abaaedfda50d0e7bb75c38bec8d65658a532c11ebfc55fdbc	2135	D3	exclude-duplicate		byte-identical to domains/03-zk-carrier-experiments/results/encode-case0.log (from PQ_CE_QS_v1 (2).29_MLKEM_MLDSA_experiment/continuation_v1.28p/encode_case0.log); kept once
PQ_CE_QS_v1 (2).29_MLKEM_MLDSA_experiment/continuation_v1.27b/encode_case0_execution.json	333c0b96c2d5f0d5eb6e7f8ee4a0214c32bc0e792eebc844df7eed31b62c898d	571	D3	copy-history	domains/03-zk-carrier-experiments/history/v1.27b/encode_case0_execution.json	superseded revision; the newest revision of this file is copied as the canonical version
PQ_CE_QS_v1 (2).29_MLKEM_MLDSA_experiment/continuation_v1.27b/encode_case1.json	6ca8e5bba998a0a605467bc023b01ae11614a3795f8f56b23c03a5463bca3295	4468	D3	copy-history	domains/03-zk-carrier-experiments/history/v1.27b/encode_case1.json	superseded revision; the newest revision of this file is copied as the canonical version
PQ_CE_QS_v1 (2).29_MLKEM_MLDSA_experiment/continuation_v1.27b/encode_case1.log	2aa6f1c57ae3893da704c521769373284e02adcb7bf9e3ba6cbfc534de600bc1	2135	D3	exclude-duplicate		byte-identical to domains/03-zk-carrier-experiments/results/encode-case1.log (from PQ_CE_QS_v1 (2).29_MLKEM_MLDSA_experiment/continuation_v1.28p/encode_case1.log); kept once
PQ_CE_QS_v1 (2).29_MLKEM_MLDSA_experiment/continuation_v1.27b/encode_case1_execution.json	1f732c985bc056a4b28f2dcbaa476bdb0633030170c63dec5b6dae418ffc556c	572	D3	copy-history	domains/03-zk-carrier-experiments/history/v1.27b/encode_case1_execution.json	superseded revision; the newest revision of this file is copied as the canonical version
PQ_CE_QS_v1 (2).29_MLKEM_MLDSA_experiment/continuation_v1.27b/evidence_audit.json	0605b16a500c4990328b341301a490c84350edecdfe756d8ef1304e49b50e8b0	2924	D3	copy	domains/03-zk-carrier-experiments/results/evidence-audit.json	latest revision in the package sequence (v1.25 > v1.29)
PQ_CE_QS_v1 (2).29_MLKEM_MLDSA_experiment/continuation_v1.27b/fixture/case0/statement.bin	9cfb1f6ff8e792eb6b34dfd0e4c195f81c3d1a74daca24ecdc6ca292bf80738d	5568	D3	exclude-duplicate		byte-identical to domains/03-zk-carrier-experiments/fixtures/case0/statement.bin (from PQ_CE_QS_v1 (2).29_MLKEM_MLDSA_experiment/continuation_v1.28p/fixture/case0/statement.bin); kept once
PQ_CE_QS_v1 (2).29_MLKEM_MLDSA_experiment/continuation_v1.27b/fixture/case0/statement.json	dedb7cd96be8f537c9d7f9b1d34611a782471000ce9769494815b16cc5808fd2	11853	D3	exclude-duplicate		byte-identical to domains/03-zk-carrier-experiments/fixtures/case0/statement.json (from PQ_CE_QS_v1 (2).29_MLKEM_MLDSA_experiment/continuation_v1.28p/fixture/case0/statement.json); kept once
PQ_CE_QS_v1 (2).29_MLKEM_MLDSA_experiment/continuation_v1.27b/fixture/case0/trace43_rate3.pf27	dd77def56fe25a11e265a759053070f93a3e6bc8d25028e25ecaf23267706a40	283680	D3	copy	domains/03-zk-carrier-experiments/fixtures/case0/trace43_rate3.pf27	current fixture frame; the verifier's input for this case
PQ_CE_QS_v1 (2).29_MLKEM_MLDSA_experiment/continuation_v1.27b/fixture/case0/trace43_rate3.proof	de9d0365fadb02107aa5e5f5fe0b41694c0e5a79032ce6a8bb2325054665b013	335360	D3	exclude-duplicate		byte-identical to the current fixture frame domains/03-zk-carrier-experiments/fixtures/case0/trace43_rate3.proof
PQ_CE_QS_v1 (2).29_MLKEM_MLDSA_experiment/continuation_v1.27b/fixture/case1/statement.bin	ae90c633bdcd13ec0d64a0148637588498552b802df716429decd5b1f8f64266	5568	D3	exclude-duplicate		byte-identical to domains/03-zk-carrier-experiments/fixtures/case1/statement.bin (from PQ_CE_QS_v1 (2).29_MLKEM_MLDSA_experiment/continuation_v1.28p/fixture/case1/statement.bin); kept once
PQ_CE_QS_v1 (2).29_MLKEM_MLDSA_experiment/continuation_v1.27b/fixture/case1/statement.json	fed67eedd2fc1f79eaffde726aad39c3cf79971ebe5812cc2fc160d9f9c618fd	11853	D3	exclude-duplicate		byte-identical to domains/03-zk-carrier-experiments/fixtures/case1/statement.json (from PQ_CE_QS_v1 (2).29_MLKEM_MLDSA_experiment/continuation_v1.28p/fixture/case1/statement.json); kept once
PQ_CE_QS_v1 (2).29_MLKEM_MLDSA_experiment/continuation_v1.27b/fixture/case1/trace43_rate3.pf27	fb1ac2ef59e6147e50d87410aed96c74c52d766c163c3d7baf4e57832c602a2c	279600	D3	copy	domains/03-zk-carrier-experiments/fixtures/case1/trace43_rate3.pf27	current fixture frame; the verifier's input for this case
PQ_CE_QS_v1 (2).29_MLKEM_MLDSA_experiment/continuation_v1.27b/fixture/case1/trace43_rate3.proof	f52154576fa266f4c7c6b9c7d15be6b00aec0ad9eeb75341ea56905d264a8656	335360	D3	exclude-duplicate		byte-identical to the current fixture frame domains/03-zk-carrier-experiments/fixtures/case1/trace43_rate3.proof
PQ_CE_QS_v1 (2).29_MLKEM_MLDSA_experiment/continuation_v1.27b/fixture/config.json	775bb65bd4788bbf25e525bfb8a85ca4a4c3e57bc8c3cd39d5931bb19c648ea4	17929	D3	exclude-duplicate		byte-identical to domains/03-zk-carrier-experiments/fixtures/config.json (from PQ_CE_QS_v1 (2).29_MLKEM_MLDSA_experiment/continuation_v1.28p/fixture/config.json); kept once
PQ_CE_QS_v1 (2).29_MLKEM_MLDSA_experiment/continuation_v1.27b/fixture/provenance.json	bc4eedb70cb5bc1d95e4aeeaba3bac051f30d6cd6ace71f1928b5b28a1d7a49e	1237	D3	copy	domains/03-zk-carrier-experiments/fixtures/provenance.json	latest revision in the package sequence (v1.25 > v1.29)
PQ_CE_QS_v1 (2).29_MLKEM_MLDSA_experiment/continuation_v1.27b/make_fixture.py	2551f3d0e4619f12b31721b79a2efe110573b0f4acd9c54a755067de033ab277	4078	D3	copy	domains/03-zk-carrier-experiments/src/make_fixture.py	latest revision in the package sequence (v1.25 > v1.29)
PQ_CE_QS_v1 (2).29_MLKEM_MLDSA_experiment/continuation_v1.27b/paired_reference.py	1f3f5a0c736dcbf84543efb0c5d11a74b2a3e309f64fc6fa6d377f264c7e98d1	3840	D3	exclude-duplicate		byte-identical to domains/03-zk-carrier-experiments/src/paired_reference.py (from PQ_CE_QS_v1 (2).29_MLKEM_MLDSA_experiment/continuation_v1.28p/paired_reference.py); kept once
PQ_CE_QS_v1 (2).29_MLKEM_MLDSA_experiment/continuation_v1.27b/private_input_deletion.json	9e8e55e3d247135e70cb75e79d5ebe73b96974127b278c264a42b6fc07fa92d4	344	D3	copy	domains/03-zk-carrier-experiments/results/private-input-deletion.json	latest revision in the package sequence (v1.25 > v1.29)
PQ_CE_QS_v1 (2).29_MLKEM_MLDSA_experiment/continuation_v1.27b/prove_case0.json	1a576e1d4a28412e4efb5cfeb6ee99d913cccb2110b8a94a9be3872e40047122	1699	D3	copy	domains/03-zk-carrier-experiments/results/prove-case0.json	latest revision in the package sequence (v1.25 > v1.29)
PQ_CE_QS_v1 (2).29_MLKEM_MLDSA_experiment/continuation_v1.27b/prove_case0.log	26e981ac262ac4b594e10ab2fb4343d29f73e984a243f1549b1dd67f555b804a	2207	D3	copy	domains/03-zk-carrier-experiments/results/prove-case0.log	latest revision in the package sequence (v1.25 > v1.29)
PQ_CE_QS_v1 (2).29_MLKEM_MLDSA_experiment/continuation_v1.27b/prove_case0_execution.json	786bc8665a8750617ee4162a265b5f8ea8338d065bb2290407109fe3d636e53f	576	D3	copy	domains/03-zk-carrier-experiments/results/prove-case0-execution.json	latest revision in the package sequence (v1.25 > v1.29)
PQ_CE_QS_v1 (2).29_MLKEM_MLDSA_experiment/continuation_v1.27b/prove_case1.json	3e1bbb2f123adcbd4aa1e84f47e5d6551fb03bdee84a6e9c8dbbd6790e1c262f	1699	D3	copy	domains/03-zk-carrier-experiments/results/prove-case1.json	latest revision in the package sequence (v1.25 > v1.29)
PQ_CE_QS_v1 (2).29_MLKEM_MLDSA_experiment/continuation_v1.27b/prove_case1.log	be19c5db6fb93a98f210af9bd61b9740d0810c96e22c2f6a6e4868a71abaf24d	2207	D3	copy	domains/03-zk-carrier-experiments/results/prove-case1.log	latest revision in the package sequence (v1.25 > v1.29)
PQ_CE_QS_v1 (2).29_MLKEM_MLDSA_experiment/continuation_v1.27b/prove_case1_execution.json	d31522bc01821c427f4f03bc101c81c9ea0ce598b289465684e9d30fb896775e	577	D3	copy	domains/03-zk-carrier-experiments/results/prove-case1-execution.json	latest revision in the package sequence (v1.25 > v1.29)
PQ_CE_QS_v1 (2).29_MLKEM_MLDSA_experiment/continuation_v1.27b/public_negative.stderr.log	e3b0c44298fc1c149afbf4c8996fb92427ae41e4649b934ca495991b7852b855	0	D3	exclude-duplicate		empty output file (0 bytes); nothing to migrate - content-free
PQ_CE_QS_v1 (2).29_MLKEM_MLDSA_experiment/continuation_v1.27b/public_negative.stdout.log	41be4dd0b3e04024a818070bebe2cd475c148ab6bc8d84198f15f3c12c85f3eb	425	D3	copy-history	domains/03-zk-carrier-experiments/history/v1.27b/public_negative.stdout.log	superseded revision; the newest revision of this file is copied as the canonical version
PQ_CE_QS_v1 (2).29_MLKEM_MLDSA_experiment/continuation_v1.27b/public_negative_checks.json	4c8f8323dfd80a6eb2b0634c8bd610248512ac6fbf6c5aa3ae2ffb1e2e4e651f	509	D3	copy-history	domains/03-zk-carrier-experiments/history/v1.27b/public_negative_checks.json	superseded revision; the newest revision of this file is copied as the canonical version
PQ_CE_QS_v1 (2).29_MLKEM_MLDSA_experiment/continuation_v1.27b/public_verification.json	c4e7b36027dbdc4f5a428f767e74b1d93e96bbb670d95fe80f2a04a92dcf2c27	1263	D3	copy-history	domains/03-zk-carrier-experiments/history/v1.27b/public_verification.json	superseded revision; the newest revision of this file is copied as the canonical version
PQ_CE_QS_v1 (2).29_MLKEM_MLDSA_experiment/continuation_v1.27b/public_verification.stderr.log	e3b0c44298fc1c149afbf4c8996fb92427ae41e4649b934ca495991b7852b855	0	D3	exclude-duplicate		empty output file (0 bytes); nothing to migrate - content-free
PQ_CE_QS_v1 (2).29_MLKEM_MLDSA_experiment/continuation_v1.27b/public_verification.stdout.log	26f8c47df2c56d63ee0e1cc59076751698540f1a5c345afc9442b1113184a604	1033	D3	copy-history	domains/03-zk-carrier-experiments/history/v1.27b/public_verification.stdout.log	superseded revision; the newest revision of this file is copied as the canonical version
PQ_CE_QS_v1 (2).29_MLKEM_MLDSA_experiment/continuation_v1.27b/reference_checks.json	802189644bcbac1325bc3cb9f49b6a0d9a19448bb3c8ea6dd9bfd9965045fe8d	1006	D3	copy	domains/03-zk-carrier-experiments/results/reference-checks.json	latest revision in the package sequence (v1.25 > v1.29)
PQ_CE_QS_v1 (2).29_MLKEM_MLDSA_experiment/continuation_v1.27b/regenerate.py	fa44325c326fb7944d8ed88bd71e2f55ba0567c7462b447bfa4979c79887984a	3198	D3	copy	domains/03-zk-carrier-experiments/src/regenerate.py	latest revision in the package sequence (v1.25 > v1.29)
PQ_CE_QS_v1 (2).29_MLKEM_MLDSA_experiment/continuation_v1.27b/regeneration_check.stderr.log	e3b0c44298fc1c149afbf4c8996fb92427ae41e4649b934ca495991b7852b855	0	D3	exclude-duplicate		empty output file (0 bytes); nothing to migrate - content-free
PQ_CE_QS_v1 (2).29_MLKEM_MLDSA_experiment/continuation_v1.27b/regeneration_check.stdout.log	e4924211d3d428511790daa4cac03c9f86e3184f58ac3cb91b2bef04ffaa633b	179	D3	copy	domains/03-zk-carrier-experiments/results/regeneration-check.stdout.log	latest revision in the package sequence (v1.25 > v1.29)
PQ_CE_QS_v1 (2).29_MLKEM_MLDSA_experiment/continuation_v1.27b/regeneration_validation.json	0e9473e8383f7a4aced09b60b67494da1baec01a1d288db613c8b5e3745cbd74	3095	D3	copy	domains/03-zk-carrier-experiments/results/regeneration-validation.json	latest revision in the package sequence (v1.25 > v1.29)
PQ_CE_QS_v1 (2).29_MLKEM_MLDSA_experiment/continuation_v1.27b/reproduce.sh	51ec113e98b10588b738a1b8698fcb9475bdefd4ccad937dcb152068e4a8420e	781	D3	copy-history	domains/03-zk-carrier-experiments/history/v1.27b/reproduce.sh	package replay script for this revision
PQ_CE_QS_v1 (2).29_MLKEM_MLDSA_experiment/continuation_v1.27b/run_native.py	2db303a0a89ac8350943cb0c4e0f2d99124d28ca76e015b85dd49b7456934c7b	1964	D3	copy-history	domains/03-zk-carrier-experiments/history/v1.27b/run_native.py	superseded revision; the newest revision of this file is copied as the canonical version
PQ_CE_QS_v1 (2).29_MLKEM_MLDSA_experiment/continuation_v1.27b/tmpvktv5kt7/config.json	529c9d96d21ac1b31d334aca06febbb390d9b9b5183dbdb9d20f86c9cf30188f	17384	D3	exclude-tmp		scratch directory written by a build or prover run; not evidence
PQ_CE_QS_v1 (2).29_MLKEM_MLDSA_experiment/continuation_v1.27b/verify_public.py	7efd26d062257cafa27a2f170f7df64d5a411a5ca8e84a8be9df9963c2f8f866	4418	D3	copy-history	domains/03-zk-carrier-experiments/history/v1.27b/verify_public.py	superseded revision; the newest revision of this file is copied as the canonical version
PQ_CE_QS_v1 (2).29_MLKEM_MLDSA_experiment/continuation_v1.28/adapter/Cargo.lock	410a47b8b8ccf5d131ffda23e116ac3fb7a3d5194cca16ed7e16b1e81745d602	23736	D3	copy-history	domains/03-zk-carrier-experiments/history/v1.28/adapter/Cargo.lock	superseded revision; the newest revision of this file is copied as the canonical version
PQ_CE_QS_v1 (2).29_MLKEM_MLDSA_experiment/continuation_v1.28/adapter/Cargo.toml	5a107fa98605ab6db789421998b687a9a628693778c242891dc27fd78ed5fe31	1478	D3	copy-history	domains/03-zk-carrier-experiments/history/v1.28/adapter/Cargo.toml	superseded revision; the newest revision of this file is copied as the canonical version
PQ_CE_QS_v1 (2).29_MLKEM_MLDSA_experiment/continuation_v1.28/adapter/field_vectors.json	03080b0500bcc7c44aae76824b5255ab708868cc89171b3cbd5a7d831ce836b7	116683	D3	exclude-duplicate		byte-identical to domains/03-zk-carrier-experiments/src/adapter/field_vectors.json (from PQ_CE_QS_v1 (2).29_MLKEM_MLDSA_experiment/continuation_v1.28p/adapter/field_vectors.json); kept once
PQ_CE_QS_v1 (2).29_MLKEM_MLDSA_experiment/continuation_v1.28/adapter/src/codec.rs	82efda3fa777f733d929e0180dbef194b74ebe0daefce21a55ff52c11a431578	21982	D3	copy-history	domains/03-zk-carrier-experiments/history/v1.28/adapter/src/codec.rs	superseded revision; the newest revision of this file is copied as the canonical version
PQ_CE_QS_v1 (2).29_MLKEM_MLDSA_experiment/continuation_v1.28/adapter/src/codec_v1.rs	da737a64f1f19ad0a0bbb2865e39f6e5bbc60fc7e49557c64e6334404340f670	18878	D3	exclude-duplicate		byte-identical to domains/03-zk-carrier-experiments/src/adapter/src/codec_v1.rs (from PQ_CE_QS_v1 (2).29_MLKEM_MLDSA_experiment/continuation_v1.28p/adapter/src/codec_v1.rs); kept once
PQ_CE_QS_v1 (2).29_MLKEM_MLDSA_experiment/continuation_v1.28/adapter/src/main.rs	8481ef302599f8f1cb0df2d8859d4cfddd884741721f374bd597d1e6a9c24aad	10044	D3	copy-history	domains/03-zk-carrier-experiments/history/v1.28/adapter/src/main.rs	superseded revision; the newest revision of this file is copied as the canonical version
PQ_CE_QS_v1 (2).29_MLKEM_MLDSA_experiment/continuation_v1.28/adapter/src/trace.rs	8ba8c24f78cacf0c7c4811a512252ee3feb02fdf99b309df08a1267569a4f0cf	9650	D3	exclude-duplicate		byte-identical to domains/03-zk-carrier-experiments/src/adapter/src/trace.rs (from PQ_CE_QS_v1 (2).29_MLKEM_MLDSA_experiment/continuation_v1.28p/adapter/src/trace.rs); kept once
PQ_CE_QS_v1 (2).29_MLKEM_MLDSA_experiment/continuation_v1.28/analyze_existing_carriers.py	83450ea24a8a0c046d2521d824a7a0072b35f316f1642379503087ba71de95c6	2603	D3	copy	domains/03-zk-carrier-experiments/src/analyze_existing_carriers.py	latest revision in the package sequence (v1.25 > v1.29)
PQ_CE_QS_v1 (2).29_MLKEM_MLDSA_experiment/continuation_v1.28/assessment.md	5e5c24606d31647d4d94632979c51435c518f802d496ba9c96cac6690740c915	17550	D3	copy-history	domains/03-zk-carrier-experiments/history/v1.28/assessment.md	superseded revision; the newest revision of this file is copied as the canonical version
PQ_CE_QS_v1 (2).29_MLKEM_MLDSA_experiment/continuation_v1.28/audit_carriers.py	0c23f2d6c72147a5a5557877d04c4d64ab34cc7f1e396093f19eb887d6503c2a	3261	D3	copy	domains/03-zk-carrier-experiments/src/audit_carriers.py	latest revision in the package sequence (v1.25 > v1.29)
PQ_CE_QS_v1 (2).29_MLKEM_MLDSA_experiment/continuation_v1.28/bin/ceqs-carrier-v128	8db8a47e5b3606b9fd0c52d14882b578dc9044627c9dbcb2ecb7aa836cbd1c6d	5699400	D3	exclude-binary		compiled adapter binary; sha256 8db8a47e5b3606b9fd0c52d14882b578dc9044627c9dbcb2ecb7aa836cbd1c6d (5699400 bytes); rebuild from the adapter source in this domain (see the rebuild instructions and the excluded-binary provenance table)
PQ_CE_QS_v1 (2).29_MLKEM_MLDSA_experiment/continuation_v1.28/build.stderr.log	bc8447af70f12a4f9fee4fa68ee323e7a6d072285f9a6e3b81045f09fa5bf695	513	D3	copy-history	domains/03-zk-carrier-experiments/history/v1.28/build.stderr.log	superseded revision; the newest revision of this file is copied as the canonical version
PQ_CE_QS_v1 (2).29_MLKEM_MLDSA_experiment/continuation_v1.28/build.stdout.log	e3b0c44298fc1c149afbf4c8996fb92427ae41e4649b934ca495991b7852b855	0	D3	exclude-duplicate		empty output file (0 bytes); nothing to migrate - content-free
PQ_CE_QS_v1 (2).29_MLKEM_MLDSA_experiment/continuation_v1.28/carrier_audit.json	86e34a5915809487b9c33754128ba40a346580f13c179e68418e5a791bccad33	2832	D3	copy	domains/03-zk-carrier-experiments/results/carrier-audit.json	latest revision in the package sequence (v1.25 > v1.29)
PQ_CE_QS_v1 (2).29_MLKEM_MLDSA_experiment/continuation_v1.28/check_public_mutations.py	ebe259ac1dfed9178f4189a585e09eb2f12872b9ed10d5054e20a02c43421079	3006	D3	copy-history	domains/03-zk-carrier-experiments/history/v1.28/check_public_mutations.py	superseded revision; the newest revision of this file is copied as the canonical version
PQ_CE_QS_v1 (2).29_MLKEM_MLDSA_experiment/continuation_v1.28/encode_case0.json	f43bde0a46496252a475363e3fe78196e924c34004936243d0373c7280c00451	4891	D3	copy-history	domains/03-zk-carrier-experiments/history/v1.28/encode_case0.json	superseded revision; the newest revision of this file is copied as the canonical version
PQ_CE_QS_v1 (2).29_MLKEM_MLDSA_experiment/continuation_v1.28/encode_case0.log	55270b70a1c92a4abaaedfda50d0e7bb75c38bec8d65658a532c11ebfc55fdbc	2135	D3	exclude-duplicate		byte-identical to domains/03-zk-carrier-experiments/results/encode-case0.log (from PQ_CE_QS_v1 (2).29_MLKEM_MLDSA_experiment/continuation_v1.28p/encode_case0.log); kept once
PQ_CE_QS_v1 (2).29_MLKEM_MLDSA_experiment/continuation_v1.28/encode_case0_execution.json	75a48e4c99bb8cb3b0521a8daed6d09b6fd751ae9fad972fa4a7b29d5294eadd	567	D3	copy-history	domains/03-zk-carrier-experiments/history/v1.28/encode_case0_execution.json	superseded revision; the newest revision of this file is copied as the canonical version
PQ_CE_QS_v1 (2).29_MLKEM_MLDSA_experiment/continuation_v1.28/encode_case1.json	9382058a6b1c512b4f72336105d692c341a23aea8a6877014f4e999a7a5930da	4891	D3	copy-history	domains/03-zk-carrier-experiments/history/v1.28/encode_case1.json	superseded revision; the newest revision of this file is copied as the canonical version
PQ_CE_QS_v1 (2).29_MLKEM_MLDSA_experiment/continuation_v1.28/encode_case1.log	a5aea24478a7e97fcd0e6b33fb6b363d17ea9ffc59ce178a99825a5fb4f6573e	2106	D3	copy-history	domains/03-zk-carrier-experiments/history/v1.28/encode_case1.log	superseded revision; the newest revision of this file is copied as the canonical version
PQ_CE_QS_v1 (2).29_MLKEM_MLDSA_experiment/continuation_v1.28/encode_case1_execution.json	122109c14beae5dd31395f5a4f39750101089675e7809a38ff7384f90566ce05	566	D3	copy-history	domains/03-zk-carrier-experiments/history/v1.28/encode_case1_execution.json	superseded revision; the newest revision of this file is copied as the canonical version
PQ_CE_QS_v1 (2).29_MLKEM_MLDSA_experiment/continuation_v1.28/existing_carrier_results.json	7e4856f83a0d991275966b833b1684d10991fe12252e9d87d0f98716fe2aa113	4398	D3	copy	domains/03-zk-carrier-experiments/results/existing-carrier-results.json	latest revision in the package sequence (v1.25 > v1.29)
PQ_CE_QS_v1 (2).29_MLKEM_MLDSA_experiment/continuation_v1.28/fixture/case0/statement.bin	9cfb1f6ff8e792eb6b34dfd0e4c195f81c3d1a74daca24ecdc6ca292bf80738d	5568	D3	exclude-duplicate		byte-identical to domains/03-zk-carrier-experiments/fixtures/case0/statement.bin (from PQ_CE_QS_v1 (2).29_MLKEM_MLDSA_experiment/continuation_v1.28p/fixture/case0/statement.bin); kept once
PQ_CE_QS_v1 (2).29_MLKEM_MLDSA_experiment/continuation_v1.28/fixture/case0/statement.json	dedb7cd96be8f537c9d7f9b1d34611a782471000ce9769494815b16cc5808fd2	11853	D3	exclude-duplicate		byte-identical to domains/03-zk-carrier-experiments/fixtures/case0/statement.json (from PQ_CE_QS_v1 (2).29_MLKEM_MLDSA_experiment/continuation_v1.28p/fixture/case0/statement.json); kept once
PQ_CE_QS_v1 (2).29_MLKEM_MLDSA_experiment/continuation_v1.28/fixture/case0/trace43_rate3.pf28	cb3d8019166fadde751035b3522d12d6e6958ee16b379e375b1193648f5f8d8f	282016	D3	exclude-duplicate		byte-identical to the current fixture frame domains/03-zk-carrier-experiments/fixtures/case0/trace43_rate3.pf28
PQ_CE_QS_v1 (2).29_MLKEM_MLDSA_experiment/continuation_v1.28/fixture/case0/trace43_rate3.proof	de9d0365fadb02107aa5e5f5fe0b41694c0e5a79032ce6a8bb2325054665b013	335360	D3	exclude-duplicate		byte-identical to the current fixture frame domains/03-zk-carrier-experiments/fixtures/case0/trace43_rate3.proof
PQ_CE_QS_v1 (2).29_MLKEM_MLDSA_experiment/continuation_v1.28/fixture/case1/statement.bin	ae90c633bdcd13ec0d64a0148637588498552b802df716429decd5b1f8f64266	5568	D3	exclude-duplicate		byte-identical to domains/03-zk-carrier-experiments/fixtures/case1/statement.bin (from PQ_CE_QS_v1 (2).29_MLKEM_MLDSA_experiment/continuation_v1.28p/fixture/case1/statement.bin); kept once
PQ_CE_QS_v1 (2).29_MLKEM_MLDSA_experiment/continuation_v1.28/fixture/case1/statement.json	fed67eedd2fc1f79eaffde726aad39c3cf79971ebe5812cc2fc160d9f9c618fd	11853	D3	exclude-duplicate		byte-identical to domains/03-zk-carrier-experiments/fixtures/case1/statement.json (from PQ_CE_QS_v1 (2).29_MLKEM_MLDSA_experiment/continuation_v1.28p/fixture/case1/statement.json); kept once
PQ_CE_QS_v1 (2).29_MLKEM_MLDSA_experiment/continuation_v1.28/fixture/case1/trace43_rate3.pf28	1f826350861ce9dfbbc66681ffe67f04754546c99acb4f5858f99693a2ca608c	277968	D3	exclude-duplicate		byte-identical to the current fixture frame domains/03-zk-carrier-experiments/fixtures/case1/trace43_rate3.pf28
PQ_CE_QS_v1 (2).29_MLKEM_MLDSA_experiment/continuation_v1.28/fixture/case1/trace43_rate3.proof	f52154576fa266f4c7c6b9c7d15be6b00aec0ad9eeb75341ea56905d264a8656	335360	D3	exclude-duplicate		byte-identical to the current fixture frame domains/03-zk-carrier-experiments/fixtures/case1/trace43_rate3.proof
PQ_CE_QS_v1 (2).29_MLKEM_MLDSA_experiment/continuation_v1.28/fixture/config.json	775bb65bd4788bbf25e525bfb8a85ca4a4c3e57bc8c3cd39d5931bb19c648ea4	17929	D3	exclude-duplicate		byte-identical to domains/03-zk-carrier-experiments/fixtures/config.json (from PQ_CE_QS_v1 (2).29_MLKEM_MLDSA_experiment/continuation_v1.28p/fixture/config.json); kept once
PQ_CE_QS_v1 (2).29_MLKEM_MLDSA_experiment/continuation_v1.28/modify_codec.py	c7a4037d1349c100db512e321397c550174914028a8d3e7c992001f3bf1a1338	6143	D3	copy	domains/03-zk-carrier-experiments/src/modify_codec.py	latest revision in the package sequence (v1.25 > v1.29)
PQ_CE_QS_v1 (2).29_MLKEM_MLDSA_experiment/continuation_v1.28/package_carriers.py	fe305dfd2df4529755dc1682f7b81db6731aa55af56565a009e8ccbf23a51d61	1971	D3	copy	domains/03-zk-carrier-experiments/src/package_carriers.py	latest revision in the package sequence (v1.25 > v1.29)
PQ_CE_QS_v1 (2).29_MLKEM_MLDSA_experiment/continuation_v1.28/paired_reference.py	1f3f5a0c736dcbf84543efb0c5d11a74b2a3e309f64fc6fa6d377f264c7e98d1	3840	D3	exclude-duplicate		byte-identical to domains/03-zk-carrier-experiments/src/paired_reference.py (from PQ_CE_QS_v1 (2).29_MLKEM_MLDSA_experiment/continuation_v1.28p/paired_reference.py); kept once
PQ_CE_QS_v1 (2).29_MLKEM_MLDSA_experiment/continuation_v1.28/public_negative.stderr.log	e3b0c44298fc1c149afbf4c8996fb92427ae41e4649b934ca495991b7852b855	0	D3	exclude-duplicate		empty output file (0 bytes); nothing to migrate - content-free
PQ_CE_QS_v1 (2).29_MLKEM_MLDSA_experiment/continuation_v1.28/public_negative.stdout.log	b0e7434648f5354482a49782a59392a5c212fb143e2c972e0f91a1e3549cc541	483	D3	copy-history	domains/03-zk-carrier-experiments/history/v1.28/public_negative.stdout.log	superseded revision; the newest revision of this file is copied as the canonical version
PQ_CE_QS_v1 (2).29_MLKEM_MLDSA_experiment/continuation_v1.28/public_negative_checks.json	511ab36128afea2e5135eec81787bb33df25b8a24bd2c13aa371d3724c0439e1	575	D3	copy-history	domains/03-zk-carrier-experiments/history/v1.28/public_negative_checks.json	superseded revision; the newest revision of this file is copied as the canonical version
PQ_CE_QS_v1 (2).29_MLKEM_MLDSA_experiment/continuation_v1.28/public_verification.json	98afafff900eb9347b336161dcdfb090da60bbccd5aad04af08282eba36bcaf8	1463	D3	copy-history	domains/03-zk-carrier-experiments/history/v1.28/public_verification.json	superseded revision; the newest revision of this file is copied as the canonical version
PQ_CE_QS_v1 (2).29_MLKEM_MLDSA_experiment/continuation_v1.28/public_verification.stderr.log	e3b0c44298fc1c149afbf4c8996fb92427ae41e4649b934ca495991b7852b855	0	D3	exclude-duplicate		empty output file (0 bytes); nothing to migrate - content-free
PQ_CE_QS_v1 (2).29_MLKEM_MLDSA_experiment/continuation_v1.28/public_verification.stdout.log	b57bd22b6f4813b911dd6f47a3c67ea2ca72b767ab40428fcb6a8d2b7cda5c5a	1221	D3	copy-history	domains/03-zk-carrier-experiments/history/v1.28/public_verification.stdout.log	superseded revision; the newest revision of this file is copied as the canonical version
PQ_CE_QS_v1 (2).29_MLKEM_MLDSA_experiment/continuation_v1.28/reproduce.sh	005cd3fb2a1a4e615fbda830f1171976cab14269e3eddc24099b2593c2e73e62	776	D3	copy-history	domains/03-zk-carrier-experiments/history/v1.28/reproduce.sh	package replay script for this revision
PQ_CE_QS_v1 (2).29_MLKEM_MLDSA_experiment/continuation_v1.28/run_native.py	6ea09ac7d720b4858215b64c9e5e16ca5859a79176228fc622d6970bdfdb979c	1960	D3	copy-history	domains/03-zk-carrier-experiments/history/v1.28/run_native.py	superseded revision; the newest revision of this file is copied as the canonical version
PQ_CE_QS_v1 (2).29_MLKEM_MLDSA_experiment/continuation_v1.28/seed_carrier_demo.py	87aba85177cadb7c23f9ccc2b72ea8904ecd3722a99c48940fa6b25c9c530866	3922	D3	copy	domains/03-zk-carrier-experiments/src/seed_carrier_demo.py	latest revision in the package sequence (v1.25 > v1.29)
PQ_CE_QS_v1 (2).29_MLKEM_MLDSA_experiment/continuation_v1.28/seed_carrier_results.json	be4965696782f0ef6ce8fd6fb198b7c4cfebdbd028c51e4a564b9b223bcd8845	2035	D3	copy	domains/03-zk-carrier-experiments/results/seed-carrier-results.json	latest revision in the package sequence (v1.25 > v1.29)
PQ_CE_QS_v1 (2).29_MLKEM_MLDSA_experiment/continuation_v1.28/seed_demo/case_0.scd	b6dc55ab0bb213ea168474b8477d1aadc5282c32ae510d777ec80e2badf9ce08	588	D3	copy	domains/03-zk-carrier-experiments/fixtures/seed-demo/case_0.scd	latest revision in the package sequence (v1.25 > v1.29)
PQ_CE_QS_v1 (2).29_MLKEM_MLDSA_experiment/continuation_v1.28/seed_demo/case_1.scd	c15f7eef9d69b5ac38f8affb8b0d62e0b9a759a33cf7c2e04f4eb652a0419bd9	588	D3	copy	domains/03-zk-carrier-experiments/fixtures/seed-demo/case_1.scd	latest revision in the package sequence (v1.25 > v1.29)
PQ_CE_QS_v1 (2).29_MLKEM_MLDSA_experiment/continuation_v1.28/seed_demo/case_1023.scd	7d817427403a05d9f76045c274a3808fe969de50fc2d2d67cd6ecf0937e6f23f	588	D3	copy	domains/03-zk-carrier-experiments/fixtures/seed-demo/case_1023.scd	latest revision in the package sequence (v1.25 > v1.29)
PQ_CE_QS_v1 (2).29_MLKEM_MLDSA_experiment/continuation_v1.28/seed_demo/case_17.scd	b010694f6510df29d7c8c59cec07995a46412c73c7dd0d37f60f922d0fe52010	588	D3	copy	domains/03-zk-carrier-experiments/fixtures/seed-demo/case_17.scd	latest revision in the package sequence (v1.25 > v1.29)
PQ_CE_QS_v1 (2).29_MLKEM_MLDSA_experiment/continuation_v1.28/seed_demo/case_511.scd	a047c8d0a8c6e358e6d9e3893b6375347811bc88ea2d8a6e92c52a113b078976	588	D3	copy	domains/03-zk-carrier-experiments/fixtures/seed-demo/case_511.scd	latest revision in the package sequence (v1.25 > v1.29)
PQ_CE_QS_v1 (2).29_MLKEM_MLDSA_experiment/continuation_v1.28/tmps_oywtc0/config.json	529c9d96d21ac1b31d334aca06febbb390d9b9b5183dbdb9d20f86c9cf30188f	17384	D3	exclude-tmp		scratch directory written by a build or prover run; not evidence
PQ_CE_QS_v1 (2).29_MLKEM_MLDSA_experiment/continuation_v1.28/verify_public.py	25853113bb6e075e44272c563e2c0b428de25f135f196797955461f419865dc2	4574	D3	copy-history	domains/03-zk-carrier-experiments/history/v1.28/verify_public.py	superseded revision; the newest revision of this file is copied as the canonical version
PQ_CE_QS_v1 (2).29_MLKEM_MLDSA_experiment/continuation_v1.28p/adapter/Cargo.lock	3650ab5942cc09e4c69e1b9b401278143c7be3c9af785195561f53f766d73a82	23740	D3	copy	domains/03-zk-carrier-experiments/src/adapter/Cargo.lock	latest revision in the package sequence (v1.25 > v1.29)
PQ_CE_QS_v1 (2).29_MLKEM_MLDSA_experiment/continuation_v1.28p/adapter/Cargo.toml	da13941a2439f6d1c61a57a9292cd44a84b42b73771cdccc69c855b79dee37a0	1486	D3	copy	domains/03-zk-carrier-experiments/src/adapter/Cargo.toml	latest revision in the package sequence (v1.25 > v1.29)
PQ_CE_QS_v1 (2).29_MLKEM_MLDSA_experiment/continuation_v1.28p/adapter/field_vectors.json	03080b0500bcc7c44aae76824b5255ab708868cc89171b3cbd5a7d831ce836b7	116683	D3	copy	domains/03-zk-carrier-experiments/src/adapter/field_vectors.json	latest revision in the package sequence (v1.25 > v1.29)
PQ_CE_QS_v1 (2).29_MLKEM_MLDSA_experiment/continuation_v1.28p/adapter/src/codec.rs	2cf324673cf377cd4524226029c9b98923cd8ad9a75a9f176a60ba19e255e317	25510	D3	copy	domains/03-zk-carrier-experiments/src/adapter/src/codec.rs	latest revision in the package sequence (v1.25 > v1.29)
PQ_CE_QS_v1 (2).29_MLKEM_MLDSA_experiment/continuation_v1.28p/adapter/src/codec_v1.rs	da737a64f1f19ad0a0bbb2865e39f6e5bbc60fc7e49557c64e6334404340f670	18878	D3	copy	domains/03-zk-carrier-experiments/src/adapter/src/codec_v1.rs	latest revision in the package sequence (v1.25 > v1.29)
PQ_CE_QS_v1 (2).29_MLKEM_MLDSA_experiment/continuation_v1.28p/adapter/src/main.rs	876cac74d5814b8de9a3f09ec8c999411a7f4a1dd53a563fdd4510edd0f87aaa	10045	D3	copy	domains/03-zk-carrier-experiments/src/adapter/src/main.rs	latest revision in the package sequence (v1.25 > v1.29)
PQ_CE_QS_v1 (2).29_MLKEM_MLDSA_experiment/continuation_v1.28p/adapter/src/trace.rs	8ba8c24f78cacf0c7c4811a512252ee3feb02fdf99b309df08a1267569a4f0cf	9650	D3	copy	domains/03-zk-carrier-experiments/src/adapter/src/trace.rs	latest revision in the package sequence (v1.25 > v1.29)
PQ_CE_QS_v1 (2).29_MLKEM_MLDSA_experiment/continuation_v1.28p/bin/ceqs-polycarrier-v128	77f4c11c4521729557f09fd3e8a5a09a3d73a54d82ef762fe7ded392416b181e	5721256	D3	exclude-binary		compiled adapter binary; sha256 77f4c11c4521729557f09fd3e8a5a09a3d73a54d82ef762fe7ded392416b181e (5721256 bytes); rebuild from the adapter source in this domain (see the rebuild instructions and the excluded-binary provenance table)
PQ_CE_QS_v1 (2).29_MLKEM_MLDSA_experiment/continuation_v1.28p/build.stderr.log	6964ae259297a684e2f176bbb16efed5d1aa330eb1d69272af21ef3db620f5ce	526	D3	copy	domains/03-zk-carrier-experiments/results/build.stderr.log	latest revision in the package sequence (v1.25 > v1.29)
PQ_CE_QS_v1 (2).29_MLKEM_MLDSA_experiment/continuation_v1.28p/build.stdout.log	e3b0c44298fc1c149afbf4c8996fb92427ae41e4649b934ca495991b7852b855	0	D3	exclude-duplicate		empty output file (0 bytes); nothing to migrate - content-free
PQ_CE_QS_v1 (2).29_MLKEM_MLDSA_experiment/continuation_v1.28p/check_public_mutations.py	83cf12c9145550d349f26ff7c208db298ed8fb8a87ed2c4db41b466a71efd97b	3175	D3	copy	domains/03-zk-carrier-experiments/src/check_public_mutations.py	latest revision in the package sequence (v1.25 > v1.29)
PQ_CE_QS_v1 (2).29_MLKEM_MLDSA_experiment/continuation_v1.28p/encode_case0.json	3974358fd8fe7713e165be873090d27903039f7af66f3cb1a078ee1df9847dc8	5751	D3	copy	domains/03-zk-carrier-experiments/results/encode-case0.json	latest revision in the package sequence (v1.25 > v1.29)
PQ_CE_QS_v1 (2).29_MLKEM_MLDSA_experiment/continuation_v1.28p/encode_case0.log	55270b70a1c92a4abaaedfda50d0e7bb75c38bec8d65658a532c11ebfc55fdbc	2135	D3	copy	domains/03-zk-carrier-experiments/results/encode-case0.log	latest revision in the package sequence (v1.25 > v1.29)
PQ_CE_QS_v1 (2).29_MLKEM_MLDSA_experiment/continuation_v1.28p/encode_case0_execution.json	8d66098bbb14663a089aca167e06ca5db2e4f87d3421a1056390dc6bf887795b	571	D3	copy	domains/03-zk-carrier-experiments/results/encode-case0-execution.json	latest revision in the package sequence (v1.25 > v1.29)
PQ_CE_QS_v1 (2).29_MLKEM_MLDSA_experiment/continuation_v1.28p/encode_case1.json	a40c74270932a38c46396ee47c6ed65904dc071e0931c8abac9cab000fb46458	5752	D3	copy	domains/03-zk-carrier-experiments/results/encode-case1.json	latest revision in the package sequence (v1.25 > v1.29)
PQ_CE_QS_v1 (2).29_MLKEM_MLDSA_experiment/continuation_v1.28p/encode_case1.log	2aa6f1c57ae3893da704c521769373284e02adcb7bf9e3ba6cbfc534de600bc1	2135	D3	copy	domains/03-zk-carrier-experiments/results/encode-case1.log	latest revision in the package sequence (v1.25 > v1.29)
PQ_CE_QS_v1 (2).29_MLKEM_MLDSA_experiment/continuation_v1.28p/encode_case1_execution.json	7187dc1b4eac410b69150123b3db9888e2b0203cc07ae84b3e638893192abc94	572	D3	copy	domains/03-zk-carrier-experiments/results/encode-case1-execution.json	latest revision in the package sequence (v1.25 > v1.29)
PQ_CE_QS_v1 (2).29_MLKEM_MLDSA_experiment/continuation_v1.28p/fixture/case0/statement.bin	9cfb1f6ff8e792eb6b34dfd0e4c195f81c3d1a74daca24ecdc6ca292bf80738d	5568	D3	copy	domains/03-zk-carrier-experiments/fixtures/case0/statement.bin	latest revision in the package sequence (v1.25 > v1.29)
PQ_CE_QS_v1 (2).29_MLKEM_MLDSA_experiment/continuation_v1.28p/fixture/case0/statement.json	dedb7cd96be8f537c9d7f9b1d34611a782471000ce9769494815b16cc5808fd2	11853	D3	copy	domains/03-zk-carrier-experiments/fixtures/case0/statement.json	latest revision in the package sequence (v1.25 > v1.29)
PQ_CE_QS_v1 (2).29_MLKEM_MLDSA_experiment/continuation_v1.28p/fixture/case0/trace43_rate3.pf28	cb3d8019166fadde751035b3522d12d6e6958ee16b379e375b1193648f5f8d8f	282016	D3	copy	domains/03-zk-carrier-experiments/fixtures/case0/trace43_rate3.pf28	current fixture frame; the verifier's input for this case
PQ_CE_QS_v1 (2).29_MLKEM_MLDSA_experiment/continuation_v1.28p/fixture/case0/trace43_rate3.pf2p	079788fefec1883f12eadea797d00a671fbd97b2c2fa57eb885b602bf27029f5	273952	D3	copy	domains/03-zk-carrier-experiments/fixtures/case0/trace43_rate3.pf2p	current fixture frame; the verifier's input for this case
PQ_CE_QS_v1 (2).29_MLKEM_MLDSA_experiment/continuation_v1.28p/fixture/case0/trace43_rate3.proof	de9d0365fadb02107aa5e5f5fe0b41694c0e5a79032ce6a8bb2325054665b013	335360	D3	copy	domains/03-zk-carrier-experiments/fixtures/case0/trace43_rate3.proof	current fixture frame; the verifier's input for this case
PQ_CE_QS_v1 (2).29_MLKEM_MLDSA_experiment/continuation_v1.28p/fixture/case1/statement.bin	ae90c633bdcd13ec0d64a0148637588498552b802df716429decd5b1f8f64266	5568	D3	copy	domains/03-zk-carrier-experiments/fixtures/case1/statement.bin	latest revision in the package sequence (v1.25 > v1.29)
PQ_CE_QS_v1 (2).29_MLKEM_MLDSA_experiment/continuation_v1.28p/fixture/case1/statement.json	fed67eedd2fc1f79eaffde726aad39c3cf79971ebe5812cc2fc160d9f9c618fd	11853	D3	copy	domains/03-zk-carrier-experiments/fixtures/case1/statement.json	latest revision in the package sequence (v1.25 > v1.29)
PQ_CE_QS_v1 (2).29_MLKEM_MLDSA_experiment/continuation_v1.28p/fixture/case1/trace43_rate3.pf28	1f826350861ce9dfbbc66681ffe67f04754546c99acb4f5858f99693a2ca608c	277968	D3	copy	domains/03-zk-carrier-experiments/fixtures/case1/trace43_rate3.pf28	current fixture frame; the verifier's input for this case
PQ_CE_QS_v1 (2).29_MLKEM_MLDSA_experiment/continuation_v1.28p/fixture/case1/trace43_rate3.pf2p	4a55fdc2a783253d23beb30df58c585f5b8f07e0520dea4560d60ab79a08617a	270304	D3	copy	domains/03-zk-carrier-experiments/fixtures/case1/trace43_rate3.pf2p	current fixture frame; the verifier's input for this case
PQ_CE_QS_v1 (2).29_MLKEM_MLDSA_experiment/continuation_v1.28p/fixture/case1/trace43_rate3.proof	f52154576fa266f4c7c6b9c7d15be6b00aec0ad9eeb75341ea56905d264a8656	335360	D3	copy	domains/03-zk-carrier-experiments/fixtures/case1/trace43_rate3.proof	current fixture frame; the verifier's input for this case
PQ_CE_QS_v1 (2).29_MLKEM_MLDSA_experiment/continuation_v1.28p/fixture/config.json	775bb65bd4788bbf25e525bfb8a85ca4a4c3e57bc8c3cd39d5931bb19c648ea4	17929	D3	copy	domains/03-zk-carrier-experiments/fixtures/config.json	latest revision in the package sequence (v1.25 > v1.29)
PQ_CE_QS_v1 (2).29_MLKEM_MLDSA_experiment/continuation_v1.28p/paired_reference.py	1f3f5a0c736dcbf84543efb0c5d11a74b2a3e309f64fc6fa6d377f264c7e98d1	3840	D3	copy	domains/03-zk-carrier-experiments/src/paired_reference.py	latest revision in the package sequence (v1.25 > v1.29)
PQ_CE_QS_v1 (2).29_MLKEM_MLDSA_experiment/continuation_v1.28p/public_negative.stderr.log	e3b0c44298fc1c149afbf4c8996fb92427ae41e4649b934ca495991b7852b855	0	D3	exclude-duplicate		empty output file (0 bytes); nothing to migrate - content-free
PQ_CE_QS_v1 (2).29_MLKEM_MLDSA_experiment/continuation_v1.28p/public_negative.stdout.log	acea157715fa664b2d990990aa6926894ed94a3b9e7ca464339cca1c487c76ec	540	D3	copy	domains/03-zk-carrier-experiments/results/public-negative.stdout.log	latest revision in the package sequence (v1.25 > v1.29)
PQ_CE_QS_v1 (2).29_MLKEM_MLDSA_experiment/continuation_v1.28p/public_negative_checks.json	17901716e3aac1459d91505ecf74661392849a404b698e6c8703d2c4ac8ff005	640	D3	copy	domains/03-zk-carrier-experiments/results/public-negative-checks.json	latest revision in the package sequence (v1.25 > v1.29)
PQ_CE_QS_v1 (2).29_MLKEM_MLDSA_experiment/continuation_v1.28p/public_verification.json	6a94967e03d93c71128f757194a89a2839cc291fe37578845115bb2961d83142	1463	D3	copy	domains/03-zk-carrier-experiments/results/public-verification.json	latest revision in the package sequence (v1.25 > v1.29)
PQ_CE_QS_v1 (2).29_MLKEM_MLDSA_experiment/continuation_v1.28p/public_verification.stderr.log	e3b0c44298fc1c149afbf4c8996fb92427ae41e4649b934ca495991b7852b855	0	D3	exclude-duplicate		empty output file (0 bytes); nothing to migrate - content-free
PQ_CE_QS_v1 (2).29_MLKEM_MLDSA_experiment/continuation_v1.28p/public_verification.stdout.log	475adf51fe5ec620a31e62925bf8facf6417d115fb0a9024868761d9530943c9	1221	D3	copy	domains/03-zk-carrier-experiments/results/public-verification.stdout.log	latest revision in the package sequence (v1.25 > v1.29)
PQ_CE_QS_v1 (2).29_MLKEM_MLDSA_experiment/continuation_v1.28p/run_native.py	764b36e57fa9c772ba9f09ecca9de90e73a39d4ba68de21ddb1d3229f1cb8953	1964	D3	copy	domains/03-zk-carrier-experiments/src/run_native.py	latest revision in the package sequence (v1.25 > v1.29)
PQ_CE_QS_v1 (2).29_MLKEM_MLDSA_experiment/continuation_v1.28p/tmp3rocila6/config.json	529c9d96d21ac1b31d334aca06febbb390d9b9b5183dbdb9d20f86c9cf30188f	17384	D3	exclude-tmp		scratch directory written by a build or prover run; not evidence
PQ_CE_QS_v1 (2).29_MLKEM_MLDSA_experiment/continuation_v1.28p/verify_public.py	1db355b02c53f96627d1ef8bec527cd7bdb75e014906dfebd6dbc52da9fa553b	4578	D3	copy	domains/03-zk-carrier-experiments/src/verify_public.py	latest revision in the package sequence (v1.25 > v1.29)
PQ_CE_QS_v1 (2).29_MLKEM_MLDSA_experiment/continuation_v1.29/assessment.md	c7f9e583d697ce6fc875fbcd6505247db757b3c545f7915bd4fd62d76c962dd4	21810	D3	copy	domains/03-zk-carrier-experiments/docs/package-assessment.md	latest revision in the package sequence (v1.25 > v1.29)
PQ_CE_QS_v1 (2).29_MLKEM_MLDSA_experiment/continuation_v1.29/authorization.py	cec05e5837f1f4a00a1da2a0e2881475918698bb71fe137d10562797496ef71d	9370	D3	copy	domains/03-zk-carrier-experiments/src/authorization.py	latest revision in the package sequence (v1.25 > v1.29)
PQ_CE_QS_v1 (2).29_MLKEM_MLDSA_experiment/continuation_v1.29/dependencies/pqcrypto-0.3.4-cp312-cp312-manylinux_2_17_x86_64.manylinux2014_x86_64.whl	b2f9bad43a1e3970f55e6f68fc1864595c9b0c6e53638aa8393b1d01216a6ebb	27036304	D3	exclude-archive		vendored third-party wheel (pqcrypto 0.3.4); excluded per the D3 dossier - the dependency provenance record names the version and the install command
PQ_CE_QS_v1 (2).29_MLKEM_MLDSA_experiment/continuation_v1.29/dependency_provenance.json	9e5b3c790462344df0e882992bfaf3bc942b28e07afbe9c2496f04a3fd49c5ec	714	D3	copy	domains/03-zk-carrier-experiments/results/dependency-provenance.json	latest revision in the package sequence (v1.25 > v1.29)
PQ_CE_QS_v1 (2).29_MLKEM_MLDSA_experiment/continuation_v1.29/evidence/public_approval_audit.json	1152a3b1bf3bcb4767507357a0da1660dc1fd47d7422c2be1f24651e4a3aad36	1370102	D3	copy	domains/03-zk-carrier-experiments/results/public-approval-audit.json	latest revision in the package sequence (v1.25 > v1.29)
PQ_CE_QS_v1 (2).29_MLKEM_MLDSA_experiment/continuation_v1.29/evidence/results.json	97025e1851296bd0a93d97b58a3a5d86c2248a04987dc40d117f769691f492f5	3894	D3	copy	domains/03-zk-carrier-experiments/results/authorization-evidence.json	latest revision in the package sequence (v1.25 > v1.29)
PQ_CE_QS_v1 (2).29_MLKEM_MLDSA_experiment/continuation_v1.29/install_dependency.py	8fe3ba111f2b2f3ab9857e6b81d257a91cd67dfb7a8f456aff9fbb900d9ee0b7	663	D3	copy	domains/03-zk-carrier-experiments/src/install_dependency.py	latest revision in the package sequence (v1.25 > v1.29)
PQ_CE_QS_v1 (2).29_MLKEM_MLDSA_experiment/continuation_v1.29/package_replay.json	df8dfea2d4061dfb3e7327b78b7e1e837b04046c507b75841ab3a64386d5f524	1734	D3	copy	domains/03-zk-carrier-experiments/results/package-replay.json	latest revision in the package sequence (v1.25 > v1.29)
PQ_CE_QS_v1 (2).29_MLKEM_MLDSA_experiment/continuation_v1.29/package_replay.stderr.log	abd6f7249a473f07f501069dde0fe2436ada294e0816606ef6d35309752ff944	364	D3	copy	domains/03-zk-carrier-experiments/results/package-replay.stderr.log	latest revision in the package sequence (v1.25 > v1.29)
PQ_CE_QS_v1 (2).29_MLKEM_MLDSA_experiment/continuation_v1.29/package_replay.stdout.log	bc9f5e60c7ea5044bad075089599d97c55c616584f85e26062b6a1eee6a883a2	4442	D3	copy	domains/03-zk-carrier-experiments/results/package-replay.stdout.log	latest revision in the package sequence (v1.25 > v1.29)
PQ_CE_QS_v1 (2).29_MLKEM_MLDSA_experiment/continuation_v1.29/package_update.py	4560ec8ea9e1811d5892c54a197fc18e5688d75820780e0f47ca2ecc75ede883	2818	D3	copy	domains/03-zk-carrier-experiments/src/package_update.py	latest revision in the package sequence (v1.25 > v1.29)
PQ_CE_QS_v1 (2).29_MLKEM_MLDSA_experiment/continuation_v1.29/reproduce.sh	14d8e80b0d7b9c338842fec039ba223b357a802949e706f165e337429e7d00f2	227	D3	exclude-duplicate		byte-identical to the package reproduce.sh, copied as domains/03-zk-carrier-experiments/src/reproduce.sh
PQ_CE_QS_v1 (2).29_MLKEM_MLDSA_experiment/continuation_v1.29/test_authorization.py	e2634e017fdcb93c24d9defd8667fdefbe98a1d2c8a63363b7ff631014b1f716	10818	D3	copy	domains/03-zk-carrier-experiments/src/test_authorization.py	latest revision in the package sequence (v1.25 > v1.29)
PQ_CE_QS_v1 (2).29_MLKEM_MLDSA_experiment/continuation_v1.29/verify_audit.py	652f158c8477fa76bc989348cb1bc5df7eaa627510e3230d3ec7f1327deb58c5	1134	D3	copy	domains/03-zk-carrier-experiments/src/verify_audit.py	latest revision in the package sequence (v1.25 > v1.29)
PQ_CE_QS_v1 (2).29_MLKEM_MLDSA_experiment/history/v1.27_PACKAGE_VALIDATION.json	c3423091e720bca2ca871cf75caf8d06f857f7988545ec939a5f49038e141ceb	469	D3	copy-history	domains/03-zk-carrier-experiments/history/v1.27/package-validation.json	superseded package validation record
PQ_CE_QS_v1 (2).29_MLKEM_MLDSA_experiment/history/v1.27_README.md	ddfd3a96f64434422ca83b4fa92feaef81af27a6270df6948b6a9fb3acc82383	20522	D3	exclude-duplicate		byte-identical to continuation_v1.27b/assessment.md, copied as domains/03-zk-carrier-experiments/history/v1.27b/assessment.md
PQ_CE_QS_v1 (2).29_MLKEM_MLDSA_experiment/history/v1.27_SOURCE_MANIFEST.json	5e4b7d99baa8c586e89a881a45a42fdb02e0200bb7b200f8189c9521b2c5752d	181776	D3	copy-history	domains/03-zk-carrier-experiments/history/v1.27/source-manifest.json	superseded package manifest
PQ_CE_QS_v1 (2).29_MLKEM_MLDSA_experiment/history/v1.27_reproduce.sh	51ec113e98b10588b738a1b8698fcb9475bdefd4ccad937dcb152068e4a8420e	781	D3	exclude-duplicate		byte-identical to continuation_v1.27b/reproduce.sh, copied as domains/03-zk-carrier-experiments/history/v1.27b/reproduce.sh
PQ_CE_QS_v1 (2).29_MLKEM_MLDSA_experiment/history/v1.28_PACKAGE_VALIDATION.json	9dddeec94d16c0feec696b604aac34e51b5f35eb4fb76dc469e4677ed94a6b18	394	D3	copy-history	domains/03-zk-carrier-experiments/history/v1.28/package-validation.json	superseded package validation record
PQ_CE_QS_v1 (2).29_MLKEM_MLDSA_experiment/history/v1.28_README.md	5e5c24606d31647d4d94632979c51435c518f802d496ba9c96cac6690740c915	17550	D3	exclude-duplicate		byte-identical to continuation_v1.28/assessment.md, copied as domains/03-zk-carrier-experiments/docs/package-assessment.md
PQ_CE_QS_v1 (2).29_MLKEM_MLDSA_experiment/history/v1.28_SOURCE_MANIFEST.json	c358b78aab434c9494d0d3f2d8121d56fddc4fef07171ee3bfccaec5d9b3a214	198227	D3	copy-history	domains/03-zk-carrier-experiments/history/v1.28/source-manifest.json	superseded package manifest
PQ_CE_QS_v1 (2).29_MLKEM_MLDSA_experiment/history/v1.28_reproduce.sh	005cd3fb2a1a4e615fbda830f1171976cab14269e3eddc24099b2593c2e73e62	776	D3	exclude-duplicate		byte-identical to continuation_v1.28/reproduce.sh, copied as domains/03-zk-carrier-experiments/history/v1.28/reproduce.sh
PQ_CE_QS_v1 (2).29_MLKEM_MLDSA_experiment/regeneration_check/fixture/case0/statement.bin	d163c89584e7ab8e93cf7e9f666b38286b13a49861374761683295e34276e427	5568	D3	copy-history	domains/03-zk-carrier-experiments/history/regeneration-check/fixture/case0/statement.bin	regenerated fixture, byte-distinct from the canonical fixture domains/03-zk-carrier-experiments/fixtures/case0/statement.bin (same size): the regeneration check's own evidence
PQ_CE_QS_v1 (2).29_MLKEM_MLDSA_experiment/regeneration_check/fixture/case0/statement.json	5f8eeee1d9621e5b20f7e3ed758f7fe27fafb195bd763fa52210c359eeb35e23	11853	D3	copy-history	domains/03-zk-carrier-experiments/history/regeneration-check/fixture/case0/statement.json	regenerated fixture, byte-distinct from the canonical fixture domains/03-zk-carrier-experiments/fixtures/case0/statement.json (same size): the regeneration check's own evidence
PQ_CE_QS_v1 (2).29_MLKEM_MLDSA_experiment/regeneration_check/fixture/case0/trace43_rate3.pf27	0cce0aebfd57e71cd6689ad221aa4e1e314a274d6a86f333b9041842fcffeeff	285136	D3	exclude-binary		REVIEW: superseded frame binaries are excluded while the newest revision of each frame format is kept (the D3 dossier proposes publishing very large frames as release assets with hashes and committing the rest); the regeneration check's own frames are byte-distinct - confirm whether they should be committed as evidence. sha256 0cce0aebfd57e71cd6689ad221aa4e1e314a274d6a86f333b9041842fcffeeff (see size column bytes); rebuild with the adapter source in this domain
PQ_CE_QS_v1 (2).29_MLKEM_MLDSA_experiment/regeneration_check/fixture/case0/trace43_rate3.proof	97f4eac0a1ec36a07e59a980c4138f125a9f759b72b258268a5d7695867843ee	335360	D3	exclude-binary		superseded frame from the regeneration check, byte-distinct from the current fixture frame; sha256 97f4eac0a1ec36a07e59a980c4138f125a9f759b72b258268a5d7695867843ee; rebuild with the adapter source in this domain; see the REVIEW note on the regeneration-check pf27 frame
PQ_CE_QS_v1 (2).29_MLKEM_MLDSA_experiment/regeneration_check/fixture/case1/statement.bin	bad32ca3a709732c4c55edebf65bff73383d29700d9c6f27efd7c74ba37c4224	5568	D3	copy-history	domains/03-zk-carrier-experiments/history/regeneration-check/fixture/case1/statement.bin	regenerated fixture, byte-distinct from the canonical fixture domains/03-zk-carrier-experiments/fixtures/case1/statement.bin (same size): the regeneration check's own evidence
PQ_CE_QS_v1 (2).29_MLKEM_MLDSA_experiment/regeneration_check/fixture/case1/statement.json	52472721296a44c6dee2b57651d8eb1996f00217157aff00285c329a92b300fb	11853	D3	copy-history	domains/03-zk-carrier-experiments/history/regeneration-check/fixture/case1/statement.json	regenerated fixture, byte-distinct from the canonical fixture domains/03-zk-carrier-experiments/fixtures/case1/statement.json (same size): the regeneration check's own evidence
PQ_CE_QS_v1 (2).29_MLKEM_MLDSA_experiment/regeneration_check/fixture/case1/trace43_rate3.pf27	77a812c417c39606d98ac50d840088e8255586b3b8cae94f19401180bf4d5cec	283184	D3	exclude-binary		superseded frame from the regeneration check, byte-distinct from the current fixture frame; sha256 77a812c417c39606d98ac50d840088e8255586b3b8cae94f19401180bf4d5cec; rebuild with the adapter source in this domain; see the REVIEW note on the regeneration-check pf27 frame
PQ_CE_QS_v1 (2).29_MLKEM_MLDSA_experiment/regeneration_check/fixture/case1/trace43_rate3.proof	6292dfdd3df4d03dcf190332f28f44c32150a184ae650522f897d4ebdb0209f4	335360	D3	exclude-binary		superseded frame from the regeneration check, byte-distinct from the current fixture frame; sha256 6292dfdd3df4d03dcf190332f28f44c32150a184ae650522f897d4ebdb0209f4; rebuild with the adapter source in this domain; see the REVIEW note on the regeneration-check pf27 frame
PQ_CE_QS_v1 (2).29_MLKEM_MLDSA_experiment/regeneration_check/fixture/config.json	be68873e4dc0441ed4a92d683b611f2308da5f0284075d34ffe622da4baf2618	17929	D3	copy-history	domains/03-zk-carrier-experiments/history/regeneration-check/fixture/config.json	regeneration-validation snapshot (not a released package revision)
PQ_CE_QS_v1 (2).29_MLKEM_MLDSA_experiment/regeneration_check/fixture/provenance.json	bc4eedb70cb5bc1d95e4aeeaba3bac051f30d6cd6ace71f1928b5b28a1d7a49e	1237	D3	exclude-duplicate		byte-identical to continuation_v1.27b/fixture/provenance.json, copied as domains/03-zk-carrier-experiments/fixtures/provenance.json
PQ_CE_QS_v1 (2).29_MLKEM_MLDSA_experiment/reproduce.sh	14d8e80b0d7b9c338842fec039ba223b357a802949e706f165e337429e7d00f2	227	D3	copy	domains/03-zk-carrier-experiments/src/reproduce.sh	current package replay entry point (byte-identical to continuation_v1.29/reproduce.sh)
PQ_CE_QS_v1 (2).29_MLKEM_MLDSA_experiment/reproduce_previous.sh	005cd3fb2a1a4e615fbda830f1171976cab14269e3eddc24099b2593c2e73e62	776	D3	exclude-duplicate		byte-identical to continuation_v1.28/reproduce.sh, copied as domains/03-zk-carrier-experiments/history/v1.28/reproduce.sh
QPT128_finalization_v1.43.md	ee356655079b2b64df32557bffce89339fa7d8401c30b76010a66e51b6b743a8	25470	D6	copy	domains/06-qpt128-security-target/docs/qpt128-finalization.md	current revision; version suffix dropped
TRIAD_System_Explained.docx	bc2fd2b7501604a99c5b3675732956b5cd653090bca8e309109d57883deaaeee	294269	X	exclude-triad		TRIAD system document; belongs to a separate ledger repository, no devnet code is copied
__pycache__/hidden_signer_modeB_v1.46.cpython-312.pyc	b21652572ba5f31ad4ed5e626f96f440432613a654890f93fa4fa414a3dc8da3	66872	D6	exclude-cache		bytecode cache; regenerated on import
__pycache__/hidden_signer_modeB_v1.50.cpython-312.pyc	9980dd702830621cf5bdb3d19ff9a49de580905b79939298f9126a7d1de2f4fd	29099	D6	exclude-cache		bytecode cache; regenerated on import
__pycache__/pq_audit_s1_lms_v2.1.cpython-312.pyc	f5e662fd4d7c74058def09e1de5d3eddfdfd3550e43ed30c75ec2f785c64247c	47366	D6	exclude-cache		bytecode cache; regenerated on import
__pycache__/pq_audit_s2_dns_worstcase_v2.1.cpython-312.pyc	cbf548908cf8edda2e716792a0fd68a78ea3f11660fe1f850b5ca1cf3745fe95	44765	D6	exclude-cache		bytecode cache; regenerated on import
__pycache__/pq_audit_s3_tls_wire_v2.1.cpython-312.pyc	04e992a2042cbe6e33aa95791dc6f2e68d342c564f19ad52c5a7758c0f9ea3c5	89038	D6	exclude-cache		bytecode cache; regenerated on import
__pycache__/pq_audit_s4_tesla_adversarial_v2.1.cpython-312.pyc	215bf202f37d4d29e89f685ceeb45323c6a43be51c3313aef9bef2e4ab44ca1d	55675	D6	exclude-cache		bytecode cache; regenerated on import
__pycache__/pq_infra_s1s2_hashsig_dnssec_v2.0.cpython-312.pyc	600a56a9af49a51625e1b685817f1781252a98fffaf7b2a8d12d919198cd9a76	43934	D6	exclude-cache		bytecode cache; regenerated on import
__pycache__/pq_infra_s3_tls_pki_v2.0.cpython-312.pyc	5f33740466f90a87cc498a2d5843b9cbf8c1995649a58169b2747fa9433fc865	18530	D6	exclude-cache		bytecode cache; regenerated on import
__pycache__/pq_infra_s4_embedded_broadcast_v2.0.cpython-312.pyc	f886522a956c4c0f1ecd26fecb64ca6481bf3fac5518888de21e8f544d2cda57	23718	D6	exclude-cache		bytecode cache; regenerated on import
__pycache__/pq_infra_s5_smartcard_hsm_v2.0.cpython-312.pyc	e91492f04b9136cf4c284a24609dbf47d8b2fa7d4dbb4be200190173e513d18d	24729	D6	exclude-cache		bytecode cache; regenerated on import
__pycache__/pq_infra_s6_migration_agility_v2.0.cpython-312.pyc	c7c0c6b09977d30588f70dd32e9832631177d902dc60d6c7f4cd905456bb0866	14028	D6	exclude-cache		bytecode cache; regenerated on import
__pycache__/qpt128_finalization_v1.43.cpython-312.pyc	8eb71ef0bd43b989e32f27026ac3509e0ae65e93706dbaa89729ef7afd0b20da	43423	D6	exclude-cache		bytecode cache; regenerated on import
__pycache__/sidecar_free_certificate_v1.44.cpython-312.pyc	095d468adbcc4aa2624ac3a0849431f71c29ba92f7608bcd6250b6f1944f8d20	122616	D6	exclude-cache		bytecode cache; regenerated on import
attack_lab_results_v1.51.md	7638c8ca156fd41c7a76631799e9b84834388b243aa5c88b8d46205e7213bed5	20946	D9	copy	domains/09-security-games-and-attack-lab/results/attack-lab-results.md	measured attack-lab results; version suffix dropped
audit_stack_v0.1/qpt_audit_stack/AUDIT_STACK.md	bd1ef4eaa18797439cb31dc6eb51832a6e68604609227be828fa731021b7d8c4	10759	D11	copy-history	domains/11-independent-audit-stack/history/audit-stack-overview-v0.1.md	audit-stack v0.1 revision; differs from the v0.2 file (files identical between the two releases are carried by the v0.2 rows)
audit_stack_v0.1/qpt_audit_stack/README.md	03bdc90140668654a751ca7aded7942ed657d38747b3ff9acdcc3c355eb5dfc6	3201	D11	copy-history	domains/11-independent-audit-stack/history/stack-readme-v0.1.md	audit-stack v0.1 revision; differs from the v0.2 file (files identical between the two releases are carried by the v0.2 rows)
audit_stack_v0.1/qpt_audit_stack/math/math_results.json	2c88054f544c96e045f23a79e60194c67fbd8132545820ab641b99ad4c307da1	7780	D11	copy-history	domains/11-independent-audit-stack/history/math-results-v0.1.json	audit-stack v0.1 revision; differs from the v0.2 file (files identical between the two releases are carried by the v0.2 rows)
audit_stack_v0.1/qpt_audit_stack/primitives/RESULTS.md	e02676453a6bf517f736e4946e3e3c60022a6e7f4af0bec02702ee2923312000	5101	D11	copy-history	domains/11-independent-audit-stack/history/primitives-results-v0.1.md	audit-stack v0.1 revision; differs from the v0.2 file (files identical between the two releases are carried by the v0.2 rows)
audit_stack_v0.1/qpt_audit_stack/primitives/results.json	7f6a25c1e7e20b4342602e9bc49e26e6c3c809b22d449cd5b690d8d76a0d6766	11930	D11	copy-history	domains/11-independent-audit-stack/history/primitives-results-v0.1.json	audit-stack v0.1 revision; differs from the v0.2 file (files identical between the two releases are carried by the v0.2 rows)
audit_stack_v0.1/qpt_audit_stack/property/logs/b0.log	d430ec25ae1486511ae0e8f6efe939fdd61765abdcc57a0ede67df7cc2bc6fa5	8084	D11	copy-history	domains/11-independent-audit-stack/history/property-b0-v0.1.log	audit-stack v0.1 revision; differs from the v0.2 file (files identical between the two releases are carried by the v0.2 rows)
audit_stack_v0.1/qpt_audit_stack/property/logs/hashsig.log	e27fe4667f3206040a2d23630cc9be361db59ca0fa7cb28abe7dd2234a3a8917	11370	D11	copy-history	domains/11-independent-audit-stack/history/property-hashsig-v0.1.log	audit-stack v0.1 revision; differs from the v0.2 file (files identical between the two releases are carried by the v0.2 rows)
audit_stack_v0.1/qpt_audit_stack/property/logs/modeB.log	c526c5a93f6621586a572301465fd62e89c5959d136ad4bbee4fbe6e4cb4cee0	7319	D11	copy-history	domains/11-independent-audit-stack/history/property-modeb-v0.1.log	audit-stack v0.1 revision; differs from the v0.2 file (files identical between the two releases are carried by the v0.2 rows)
audit_stack_v0.1/qpt_audit_stack/property/logs/summary.txt	536a6057a8b26a6bcd8964336a479595a759be3b4389ba7772ab14605422d2f4	281	D11	copy-history	domains/11-independent-audit-stack/history/property-summary-v0.1.txt	audit-stack v0.1 revision; differs from the v0.2 file (files identical between the two releases are carried by the v0.2 rows)
audit_stack_v0.1/qpt_audit_stack/property/logs/tesla.log	0472b8bce19575c987a7627f44038385fb9e507f2a936f4cf72ec140c718c670	303	D11	copy-history	domains/11-independent-audit-stack/history/property-tesla-v0.1.log	audit-stack v0.1 revision; differs from the v0.2 file (files identical between the two releases are carried by the v0.2 rows)
audit_stack_v0.2/qpt_audit_stack/AUDIT_STACK.md	a10828273108a002be4ebf580837fa41eaa56d0582903dd4d572c014aedb739b	15881	D11	copy	domains/11-independent-audit-stack/docs/audit-stack-overview.md	stack results ledger (v0.2)
audit_stack_v0.2/qpt_audit_stack/Dockerfile	20ae039a58ada26bb49a1a657fa3d5569ec35e29f6743a12089ea520e788cf83	3978	D11	copy	tooling/audit-stack/Dockerfile	container build for the stack
audit_stack_v0.2/qpt_audit_stack/Dockerfile.math	15bec13cd6982776f2f18a0c4144f76edfbe5c4d56cff85325a19200802be893	875	D11	copy	tooling/audit-stack/Dockerfile.math	container build for the stack
audit_stack_v0.2/qpt_audit_stack/README.md	107e4e1dc0eba71f31c2376bf849d2bf7afa70d8c81dcde8679795b4086f14c1	4244	D11	copy	domains/11-independent-audit-stack/docs/stack-readme.md	stack overview and run instructions (v0.2)
audit_stack_v0.2/qpt_audit_stack/fault/fault_injection.py	b33a5112d00ff42359f3424551f52b21064dce91bb042dc821932f9719ae27af	10738	D11	copy	domains/11-independent-audit-stack/fault/fault_injection.py	
audit_stack_v0.2/qpt_audit_stack/fault/fault_results.json	fe3b28422b32ed59ae0e3dc3455c5b73916cd3ab2d5688db4314c697f03ceb2b	250749	D11	copy	domains/11-independent-audit-stack/fault/fault_results.json	
audit_stack_v0.2/qpt_audit_stack/fixes/hidden_signer_modeB_v1.51.py.log	ba399ba82512f4c51397b70f5a524f468deb11ca97824dc338c03bfec3677258	1821	D11	copy	domains/11-independent-audit-stack/fixes/hidden_signer_modeB_v1.51.py.log	
audit_stack_v0.2/qpt_audit_stack/fixes/make_fixes.py	8353bf506c75d4727f50bae0dd24821b6e0456e87ddb758f654d183e9edcdc3a	17850	D11	copy	domains/11-independent-audit-stack/fixes/make_fixes.py	
audit_stack_v0.2/qpt_audit_stack/fixes/pq_audit_s1_lms_v2.2.py.log	6df0ee6f75a8429973d24f9c8acb2fb236164a815a0798f99883f732a967e757	2313	D11	copy	domains/11-independent-audit-stack/fixes/pq_audit_s1_lms_v2.2.py.log	
audit_stack_v0.2/qpt_audit_stack/fixes/pq_infra_s1s2_hashsig_dnssec_v2.2.py.log	fe3f870d8618c5a58b424c57ada21dffb03da340d8d7bbf4f372cab3bae6b601	1663	D11	copy	domains/11-independent-audit-stack/fixes/pq_infra_s1s2_hashsig_dnssec_v2.2.py.log	
audit_stack_v0.2/qpt_audit_stack/fixes/property_fixed/.hypothesis/constants/67b0a8ccf18bf5d2	10481bd56236cac3d45d97055143ddce11968b543c1342a3b65507f26836f0fd	78	D11	exclude-cache		Hypothesis example database written during test runs; regenerated
audit_stack_v0.2/qpt_audit_stack/fixes/property_fixed/.hypothesis/constants/aad1f427b8981530	104fac4a0e199128463d3db8f498f0578457612401feadf0f93431d841ca3669	444	D11	exclude-cache		Hypothesis example database written during test runs; regenerated
audit_stack_v0.2/qpt_audit_stack/fixes/property_fixed/.hypothesis/constants/eb599fb5873fe949	b40e09f462ac7aff704b7b9a17da8dc839d0462370ebd40841c099395546e921	1567	D11	exclude-cache		Hypothesis example database written during test runs; regenerated
audit_stack_v0.2/qpt_audit_stack/fixes/property_fixed/.hypothesis/constants/f0d0207be7a06541	d1b5986d62cc9ff4ed191ec15cfa95ebd8f2c20c82e9964d767a7ff3a354d145	454	D11	exclude-cache		Hypothesis example database written during test runs; regenerated
audit_stack_v0.2/qpt_audit_stack/fixes/property_fixed/hashsig_fixed.log	d3c4632a3a9bae0cc9ac4601e29c48a267f1432e4ae636c0de7269b506823053	756	D11	copy	domains/11-independent-audit-stack/fixes/property_fixed/hashsig_fixed.log	
audit_stack_v0.2/qpt_audit_stack/fixes/property_fixed/modeB_fixed.log	23976e5f5b9e4e7016705d6e84f1f041d3aa1f8fdcc0bbf33bcfd4634f699429	5495	D11	copy	domains/11-independent-audit-stack/fixes/property_fixed/modeB_fixed.log	
audit_stack_v0.2/qpt_audit_stack/fixes/property_fixed/test_props_hashsig_fixed.py	75f4da29e3e42074dab61831c107819a06071d3b877b28f64e71cf08c3edcece	21154	D11	copy	domains/11-independent-audit-stack/fixes/property_fixed/test_props_hashsig_fixed.py	
audit_stack_v0.2/qpt_audit_stack/fixes/property_fixed/test_props_modeB_fixed.py	201e9467f07866c48015ac84e1b63e19771af75a9bf30794cb49ba17d3ba5fde	24110	D11	copy	domains/11-independent-audit-stack/fixes/property_fixed/test_props_modeB_fixed.py	
audit_stack_v0.2/qpt_audit_stack/formal/FINDINGS.md	c7a1073572c7becc37eeb573307c30105074c388c61d86f45c2c77e6a935fe1a	7899	D11	copy	domains/11-independent-audit-stack/formal/FINDINGS.md	
audit_stack_v0.2/qpt_audit_stack/formal/bounded_checker.py	86fbf4a4ffe447975f808fef550fc9027e4d6a634768604c626f82dea5a05ca9	9536	D11	copy	domains/11-independent-audit-stack/formal/bounded_checker.py	
audit_stack_v0.2/qpt_audit_stack/formal/bounded_checker_output.txt	1e7db0a1d20ab2efbfe2b9741f4a0c9dd70b3f3da88e13758d48e220d4f0a571	5290	D11	copy	domains/11-independent-audit-stack/formal/bounded_checker_output.txt	
audit_stack_v0.2/qpt_audit_stack/formal/frame_b0.ec	a81cbfa2a735ef3d067f7f6b67968fec25352dec40aa4448fe321ae5c0eb85a0	5545	D11	copy	domains/11-independent-audit-stack/formal/frame_b0.ec	
audit_stack_v0.2/qpt_audit_stack/formal/gen_n7_votes.py	73869b33e1727607250e77df72e7c752a5325636ec5d0e341089855a3066bf77	8720	D11	copy	domains/11-independent-audit-stack/formal/gen_n7_votes.py	
audit_stack_v0.2/qpt_audit_stack/formal/perlemma_n4/A1_three_distinct_signers.txt	114d3a4eda618f10e57171f4be154f48026905a65d087e37d1d08d494b7aaba6	13861	D11	copy	domains/11-independent-audit-stack/formal/perlemma_n4/A1_three_distinct_signers.txt	
audit_stack_v0.2/qpt_audit_stack/formal/perlemma_n4/A2_signer_authorized.txt	9ffb8f2d36bea64db39b762f0782e292a67d8acdd1d5d1afc63362a05a366658	29175	D11	copy	domains/11-independent-audit-stack/formal/perlemma_n4/A2_signer_authorized.txt	
audit_stack_v0.2/qpt_audit_stack/formal/perlemma_n4/A_acceptance_authorized.txt	fa3817963ec305ad80def3af3e9883772aacac3775752d498ebcbae87befaebe	40471	D11	copy	domains/11-independent-audit-stack/formal/perlemma_n4/A_acceptance_authorized.txt	
audit_stack_v0.2/qpt_audit_stack/formal/perlemma_n4/B_bounded.txt	1ac76d86c23137a299434dd2d58679237aeafe5df6ea77b90c3edd3439805bf5	20307	D11	copy	domains/11-independent-audit-stack/formal/perlemma_n4/B_bounded.txt	
audit_stack_v0.2/qpt_audit_stack/formal/perlemma_n4/B_conflict_needs_2qN_corrupt.txt	fb10f906531069a2c572e6ce0a17e269c16871787acbdb821bc1ffe09639a6b5	22576	D11	copy	domains/11-independent-audit-stack/formal/perlemma_n4/B_conflict_needs_2qN_corrupt.txt	
audit_stack_v0.2/qpt_audit_stack/formal/perlemma_n4/C1_intersection_nonempty.txt	ecc9a74cdde7cdb079c66e0e2916d0d6d04ef487c35c5257cd5445e6e2d5b733	16112	D11	copy	domains/11-independent-audit-stack/formal/perlemma_n4/C1_intersection_nonempty.txt	
audit_stack_v0.2/qpt_audit_stack/formal/perlemma_n4/C2_intersection_at_least_2qN.txt	d8d7d23a59daca40f7f7f04fc0e23800aae0d3e901975cc7eec0f4bac1763d3b	14752	D11	copy	domains/11-independent-audit-stack/formal/perlemma_n4/C2_intersection_at_least_2qN.txt	
audit_stack_v0.2/qpt_audit_stack/formal/perlemma_n4/C3_evidence_reachable.txt	db9770d1cca4469b94318a8784b4ffd6a469574525e40de41bcbbbc0f3ab6e9a	14915	D11	copy	domains/11-independent-audit-stack/formal/perlemma_n4/C3_evidence_reachable.txt	
audit_stack_v0.2/qpt_audit_stack/formal/perlemma_n4/D1_non_frameability.txt	ba2ed90c130c4669f401e733385377f6df34b3f1f8c2957a511d16904254ac36	333799	D11	copy	domains/11-independent-audit-stack/formal/perlemma_n4/D1_non_frameability.txt	
audit_stack_v0.2/qpt_audit_stack/formal/perlemma_n4/D2_intersection_seats_corrupt.txt	1f780a8a14740522089a811abff991192c15c81ea8f2faaf7c36fb0eafc14ba8	14013	D11	copy	domains/11-independent-audit-stack/formal/perlemma_n4/D2_intersection_seats_corrupt.txt	
audit_stack_v0.2/qpt_audit_stack/formal/perlemma_n4/E1_below_threshold_no_conflict.txt	d84d645379ff562bb2375ece7dedb5de11d5d202b823e880049d5e06d98df2d5	22576	D11	copy	domains/11-independent-audit-stack/formal/perlemma_n4/E1_below_threshold_no_conflict.txt	
audit_stack_v0.2/qpt_audit_stack/formal/perlemma_n4/E2_at_threshold_conflict_exists.txt	f14621b3a8abd2831cc73edfa6f1e041c11fea30b35acde6c6bf5af7d2bced25	16056	D11	copy	domains/11-independent-audit-stack/formal/perlemma_n4/E2_at_threshold_conflict_exists.txt	
audit_stack_v0.2/qpt_audit_stack/formal/perlemma_n4/sanity_honest_certificate.txt	645e41d01ca3f9bd4042450847e23603e5ac6da6e072fac4f70ec75c1de02f3a	14174	D11	copy	domains/11-independent-audit-stack/formal/perlemma_n4/sanity_honest_certificate.txt	
audit_stack_v0.2/qpt_audit_stack/formal/perlemma_n4/summary.txt	1c4c9790b40c77f78dca6cacbc4eef189cd90ef8cd567ab5828c491302d9a1c9	1226	D11	copy	domains/11-independent-audit-stack/formal/perlemma_n4/summary.txt	
audit_stack_v0.2/qpt_audit_stack/formal/perlemma_n7/A1_distinct_signers.txt	660ed9c9bd80d4be7e8f332a3ecc9a91af562e19b981094b87462fb76777d934	26457	D11	copy	domains/11-independent-audit-stack/formal/perlemma_n7/A1_distinct_signers.txt	
audit_stack_v0.2/qpt_audit_stack/formal/perlemma_n7/A2_signer_authorized.txt	e4cba31b8be2cc6ab656afc9f64577d1b47fec26fdfc511be2163438ed256b1c	500951	D11	copy	domains/11-independent-audit-stack/formal/perlemma_n7/A2_signer_authorized.txt	
audit_stack_v0.2/qpt_audit_stack/formal/perlemma_n7/A_acceptance_authorized.txt	81a422d8769a25eb8de6918fa5da077ea92c33e230a1c56f6fa50b03e608edc4	568	D11	copy	domains/11-independent-audit-stack/formal/perlemma_n7/A_acceptance_authorized.txt	
audit_stack_v0.2/qpt_audit_stack/formal/perlemma_n7/B_conflict_needs_2qN_corrupt.txt	b3ae54fb14ba638743e21ca71a4c7ac738f8ae5eccfc1e16d692cff17312021e	411	D11	exclude-duplicate		byte-identical to domains/11-independent-audit-stack/formal/perlemma_n7/C1_intersection_nonempty.txt (from audit_stack_v0.2/qpt_audit_stack/formal/perlemma_n7/C1_intersection_nonempty.txt); kept once
audit_stack_v0.2/qpt_audit_stack/formal/perlemma_n7/C1_intersection_nonempty.txt	b3ae54fb14ba638743e21ca71a4c7ac738f8ae5eccfc1e16d692cff17312021e	411	D11	copy	domains/11-independent-audit-stack/formal/perlemma_n7/C1_intersection_nonempty.txt	
audit_stack_v0.2/qpt_audit_stack/formal/perlemma_n7/C3_evidence_reachable.txt	f42463f21bbef5b984c168eb4c9c9c25c674d0a9f35b39b50ba1abc4dbf4f447	27334	D11	copy	domains/11-independent-audit-stack/formal/perlemma_n7/C3_evidence_reachable.txt	
audit_stack_v0.2/qpt_audit_stack/formal/perlemma_n7/D2_intersection_seats_corrupt.txt	f354f8a7078132d6afb0fc874aba241112d738a6ec8dab7aa37fab47a4673971	27553	D11	copy	domains/11-independent-audit-stack/formal/perlemma_n7/D2_intersection_seats_corrupt.txt	
audit_stack_v0.2/qpt_audit_stack/formal/perlemma_n7/D2b_intersection_seats_corrupt_unordered.txt	96114bb4a5cf4a86f09cc3875eb913d2780e03a5129cbf6285b41f93c22387db	27553	D11	copy	domains/11-independent-audit-stack/formal/perlemma_n7/D2b_intersection_seats_corrupt_unordered.txt	
audit_stack_v0.2/qpt_audit_stack/formal/perlemma_n7/E1_below_threshold_no_conflict.txt	71314511df3f28f730a2876fa16c180f8f1f1ed03c6fc1f70a33edd58a4eae15	349	D11	copy	domains/11-independent-audit-stack/formal/perlemma_n7/E1_below_threshold_no_conflict.txt	
audit_stack_v0.2/qpt_audit_stack/formal/perlemma_n7/E2_at_threshold_conflict_exists.txt	81a422d8769a25eb8de6918fa5da077ea92c33e230a1c56f6fa50b03e608edc4	568	D11	exclude-duplicate		byte-identical to domains/11-independent-audit-stack/formal/perlemma_n7/A_acceptance_authorized.txt (from audit_stack_v0.2/qpt_audit_stack/formal/perlemma_n7/A_acceptance_authorized.txt); kept once
audit_stack_v0.2/qpt_audit_stack/formal/perlemma_n7/sanity_honest_certificate.txt	df7fbd9455e82a8c0155fd0925bafcec5e91d41d3f08f9ae60508dfd9930e2e6	26093	D11	copy	domains/11-independent-audit-stack/formal/perlemma_n7/sanity_honest_certificate.txt	
audit_stack_v0.2/qpt_audit_stack/formal/perlemma_n7/summary.txt	faa182b1e0ceeef299396ec94fbbf5706d106a211ae44ed47cdee45411719465	242	D11	copy	domains/11-independent-audit-stack/formal/perlemma_n7/summary.txt	
audit_stack_v0.2/qpt_audit_stack/formal/perlemma_n7/summary2.txt	29e60790359125be7f7c6611ec79cfff27944c84ddd18c273d88c6bc796743a3	166	D11	copy	domains/11-independent-audit-stack/formal/perlemma_n7/summary2.txt	
audit_stack_v0.2/qpt_audit_stack/formal/perlemma_n7/summary3.txt	5d4960e2fbab2fe379fcfe9a0b1db679d68249124cf9f4a31e97e49d3058fa8b	297	D11	copy	domains/11-independent-audit-stack/formal/perlemma_n7/summary3.txt	
audit_stack_v0.2/qpt_audit_stack/formal/perlemma_n7/summary4.txt	222c5bdd255fc4735d7dfd3b0d2262338fd0ad6abade2f8e1f4b18577fa309d3	270	D11	copy	domains/11-independent-audit-stack/formal/perlemma_n7/summary4.txt	
audit_stack_v0.2/qpt_audit_stack/formal/perlemma_n7_8g/A_acceptance_authorized.txt	5049a411c6225821bf35bc26d624890e58747c3443fc1bfbfafba0923785cdec	182	D11	copy	domains/11-independent-audit-stack/formal/perlemma_n7_8g/A_acceptance_authorized.txt	
audit_stack_v0.2/qpt_audit_stack/formal/perlemma_n7_8g/B_conflict_needs_2qN_corrupt.txt	c702d67827abf3dbb8711386bc2779f3a32361fc1916b3b6c6e6b84a3eb70796	187	D11	copy	domains/11-independent-audit-stack/formal/perlemma_n7_8g/B_conflict_needs_2qN_corrupt.txt	
audit_stack_v0.2/qpt_audit_stack/formal/perlemma_n7_8g/C1_intersection_nonempty.txt	a38f99631917b83500c372eb2a2476c23220e37806e63c56c71e54258ac821a1	183	D11	copy	domains/11-independent-audit-stack/formal/perlemma_n7_8g/C1_intersection_nonempty.txt	
audit_stack_v0.2/qpt_audit_stack/formal/perlemma_n7_8g/C2_intersection_at_least_2qN.txt	22e726df991c44beff5e5caf5275b331b5799c1b14afe1fea3ce368a99d0fb7c	187	D11	copy	domains/11-independent-audit-stack/formal/perlemma_n7_8g/C2_intersection_at_least_2qN.txt	
audit_stack_v0.2/qpt_audit_stack/formal/perlemma_n7_8g/E2_at_threshold_conflict_exists.txt	e99816d7568ba6bb824ab9fab4a62f7d49096a057ef4d55acd0975c330f265e1	166	D11	copy	domains/11-independent-audit-stack/formal/perlemma_n7_8g/E2_at_threshold_conflict_exists.txt	
audit_stack_v0.2/qpt_audit_stack/formal/perlemma_n7_8g/RESULT.txt	c3043dd5a9c07f2dbeac1a3891426a6561dfebb0e781cbac455f4df71fd4ca6c	157	D11	copy	domains/11-independent-audit-stack/formal/perlemma_n7_8g/RESULT.txt	
audit_stack_v0.2/qpt_audit_stack/formal/perlemma_n7_8g/run.sh	67505cb2fb4c7b6f9815ce4348e0758e39dbafcc87dfdf26ca88ae02c5d4aa87	808	D11	copy	domains/11-independent-audit-stack/formal/perlemma_n7_8g/run.sh	
audit_stack_v0.2/qpt_audit_stack/formal/qpt128_quorum.pv	5b41ce8f91918a72984d1a29f1ea35f82096856e8d3ef4cab3b444a376208b69	7308	D11	copy	domains/11-independent-audit-stack/formal/qpt128_quorum.pv	
audit_stack_v0.2/qpt_audit_stack/formal/qpt128_quorum.spthy	92c89ccabdb792fa40a077b572ddbd53f6f47785a9d0b176f71ce68bbfd8d45c	13172	D11	copy	domains/11-independent-audit-stack/formal/qpt128_quorum.spthy	
audit_stack_v0.2/qpt_audit_stack/formal/qpt128_quorum_C1.pv	02ebf349bffadae45fbb4b78f363f4aa25321a2a037e70df831184d458bf5aa0	4739	D11	copy	domains/11-independent-audit-stack/formal/qpt128_quorum_C1.pv	
audit_stack_v0.2/qpt_audit_stack/formal/qpt128_quorum_generic.spthy	1ca318092caedcd6ec39748bed6d1593d426cf24ddfff19bb7ec0f0fc6587a66	3887	D11	copy	domains/11-independent-audit-stack/formal/qpt128_quorum_generic.spthy	
audit_stack_v0.2/qpt_audit_stack/formal/qpt128_quorum_n7.spthy	6ca2e3cac7832ffab0e55d2b913b22c2f148152ce29791c0331760394cf8ca59	17144	D11	copy	domains/11-independent-audit-stack/formal/qpt128_quorum_n7.spthy	
audit_stack_v0.2/qpt_audit_stack/formal/tamarin_output.txt	388b88b0267a61bfc16fdb8e2a678ec3661bfdf0225a09409835a2ad89a944df	402985	D11	copy	domains/11-independent-audit-stack/formal/tamarin_output.txt	
audit_stack_v0.2/qpt_audit_stack/formal/tamarin_output_n7.txt	89af6144796318521166832e4c711becb2a35e8fde61a9af5c645738870b5de5	442	D11	copy	domains/11-independent-audit-stack/formal/tamarin_output_n7.txt	
audit_stack_v0.2/qpt_audit_stack/formal/tamarin_output_n7_D1.txt	1da8d8aac7a2f97a8d6fd25a06ad74d56f92ba6731ee57e6fe3a098fba857c31	598	D11	copy	domains/11-independent-audit-stack/formal/tamarin_output_n7_D1.txt	
audit_stack_v0.2/qpt_audit_stack/formal/tamarin_output_n7_perlemma.txt	ca017f5c061e66c03db5b09fa5ce35c8278f081d0b1074ad299d15f056c36ea4	1392	D11	copy	domains/11-independent-audit-stack/formal/tamarin_output_n7_perlemma.txt	
audit_stack_v0.2/qpt_audit_stack/implementation/IMPLEMENTATION_RESULTS.md	20cf93aa7176662db9e4f7a136735adbad20a4caf6779949dbbe54fb2515ec68	7457	D11	copy	domains/11-independent-audit-stack/implementation/IMPLEMENTATION_RESULTS.md	
audit_stack_v0.2/qpt_audit_stack/implementation/TARGET_NOTES.md	51ec40da227895709d9c0af214973816f1879f9264898fc44c5e9c05a92eeae8	5241	D11	copy	domains/11-independent-audit-stack/implementation/TARGET_NOTES.md	
audit_stack_v0.2/qpt_audit_stack/implementation/artifacts/leak-05e0ceaa36a8ede190f99bfc174668fc37284143	7e55c7c861d54faf342915a0d8bb64402788e558508ba09022d918a9bec907e2	10436	D11	copy	domains/11-independent-audit-stack/implementation/artifacts/leak-05e0ceaa36a8ede190f99bfc174668fc37284143	
audit_stack_v0.2/qpt_audit_stack/implementation/artifacts/leak_report.txt	5980c8fb115837e8af6411cfa7fe2c48d0779aa468bac3231788dd2155d7969f	3009	D11	copy	domains/11-independent-audit-stack/implementation/artifacts/leak_report.txt	
audit_stack_v0.2/qpt_audit_stack/implementation/artifacts/slow-unit-ba24afc27d35a514a11637a1a0e9a9e93a541a03	bac5adc78ffdd7ce33ad3a5843f3db8f3b305bde93a94385944ba8f09b526bd9	10436	D11	exclude-duplicate		byte-identical to domains/11-independent-audit-stack/implementation/corpus_genuine.bin (from audit_stack_v0.2/qpt_audit_stack/implementation/corpus_genuine.bin); kept once
audit_stack_v0.2/qpt_audit_stack/implementation/asan_ubsan_output.txt	e46302442d14d9238d4e920c7bc2964570168f910ab6237662ce8c77bbebd3d0	12898	D11	copy	domains/11-independent-audit-stack/implementation/asan_ubsan_output.txt	
audit_stack_v0.2/qpt_audit_stack/implementation/build.sh	3207b546f85bc21c3b9520f3425760e594874eb910f7640bd39c6d3150dd5e8e	1992	D11	copy	domains/11-independent-audit-stack/implementation/build.sh	
audit_stack_v0.2/qpt_audit_stack/implementation/build_log.txt	66c073aa9a1ba451ca7774e53f7fa293d025936a2928c7b478c330f48968cc15	1848	D11	copy	domains/11-independent-audit-stack/implementation/build_log.txt	
audit_stack_v0.2/qpt_audit_stack/implementation/corpus_genuine.bin	bac5adc78ffdd7ce33ad3a5843f3db8f3b305bde93a94385944ba8f09b526bd9	10436	D11	copy	domains/11-independent-audit-stack/implementation/corpus_genuine.bin	
audit_stack_v0.2/qpt_audit_stack/implementation/fuzz_log.txt	e3cfa08b4a227aa8b78806943ee8249d73031f23e1aac8a19726e7b0bc866be7	38393	D11	copy	domains/11-independent-audit-stack/implementation/fuzz_log.txt	
audit_stack_v0.2/qpt_audit_stack/implementation/fuzz_verify.c	9597580ff77d18fa5e5fce17c9d73674df0f7fac578aeaef785c225ee436ab64	7349	D11	copy	domains/11-independent-audit-stack/implementation/fuzz_verify.c	
audit_stack_v0.2/qpt_audit_stack/implementation/gen_corpus.py	d81ae8a4ea02a101b41b947d63723b80a1534baee630d227b4d70e4af18e7e66	3520	D11	copy	domains/11-independent-audit-stack/implementation/gen_corpus.py	
audit_stack_v0.2/qpt_audit_stack/implementation/logs/asan_production.done	d117fa006ba9208500b2930ce69cbde436c647afa917cb7396a9bc9111a46dd2	5	D11	copy	domains/11-independent-audit-stack/implementation/logs/asan_production.done	distinct-record: byte-identical 5-byte run-completion marker; each marks a different run in its own directory and is kept in place
audit_stack_v0.2/qpt_audit_stack/implementation/logs/asan_production.stdout	e3b0c44298fc1c149afbf4c8996fb92427ae41e4649b934ca495991b7852b855	0	D11	exclude-duplicate		empty output file (0 bytes); nothing to migrate - content-free
audit_stack_v0.2/qpt_audit_stack/implementation/logs/corpus_replay.txt	b7affb7ab4650349114711c6e48ad04512d31cfcea3cf064127f16152ca01215	847	D11	copy	domains/11-independent-audit-stack/implementation/logs/corpus_replay.txt	
audit_stack_v0.2/qpt_audit_stack/implementation/logs/fuzz.done	d117fa006ba9208500b2930ce69cbde436c647afa917cb7396a9bc9111a46dd2	5	D11	copy	domains/11-independent-audit-stack/implementation/logs/fuzz.done	distinct-record: byte-identical 5-byte run-completion marker; each marks a different run in its own directory and is kept in place
audit_stack_v0.2/qpt_audit_stack/implementation/logs/fuzz/fuzz-0.log	48910a05bd08b2dd5ed2487c3ccffad92240f18d0f5b68d31eccff136c0f01f2	10297	D11	copy	domains/11-independent-audit-stack/implementation/logs/fuzz/fuzz-0.log	
audit_stack_v0.2/qpt_audit_stack/implementation/logs/fuzz/fuzz-1.log	19558c60947bfe755fc9568647b642beb707ec69f3016e11d0f114b873786cd3	7858	D11	copy	domains/11-independent-audit-stack/implementation/logs/fuzz/fuzz-1.log	
audit_stack_v0.2/qpt_audit_stack/implementation/logs/fuzz_campaign.stdout	98502258ecc5fe98a29beeb53b2ff442cda3551566c7fe923194867179159ce4	20107	D11	copy	domains/11-independent-audit-stack/implementation/logs/fuzz_campaign.stdout	
audit_stack_v0.2/qpt_audit_stack/implementation/logs/leak_probe.txt	41a56c656b06cc2a352f30fa508cc67249b9e1e20331218d195b691b9cd7690b	3977	D11	copy	domains/11-independent-audit-stack/implementation/logs/leak_probe.txt	
audit_stack_v0.2/qpt_audit_stack/implementation/logs/ref_calib.json	b87fd47584e50c59f34918d0a3ba23ea0141c280acae70a12e205c2bf76614b6	807	D11	copy	domains/11-independent-audit-stack/implementation/logs/ref_calib.json	
audit_stack_v0.2/qpt_audit_stack/implementation/logs/run_sanitizers.stdout	e3b0c44298fc1c149afbf4c8996fb92427ae41e4649b934ca495991b7852b855	0	D11	exclude-duplicate		empty output file (0 bytes); nothing to migrate - content-free
audit_stack_v0.2/qpt_audit_stack/implementation/logs/sanitizers.done	4367f314ef81359adfb1c52335e50ed94d8626c46e36c3a94c7b740cf95208f6	50	D11	copy	domains/11-independent-audit-stack/implementation/logs/sanitizers.done	
audit_stack_v0.2/qpt_audit_stack/implementation/msan_output.txt	57c7afbc8b334a40efb610d9a49f03b80a53bdc57d730f38a6c89d5c362e40fb	1900	D11	copy	domains/11-independent-audit-stack/implementation/msan_output.txt	
audit_stack_v0.2/qpt_audit_stack/implementation/production/PRODUCTION_RESULTS.md	68fa118f95abcbdc562d0c71e2d066fa84653423a3bfd796b60bb011307fc5ea	3087	D11	copy	domains/11-independent-audit-stack/implementation/production/PRODUCTION_RESULTS.md	
audit_stack_v0.2/qpt_audit_stack/implementation/production/asan_ubsan_production.txt	88889751f7d96a02848580a6851e256361d45354ba5799abd5c032f6b1085adb	10225	D11	copy	domains/11-independent-audit-stack/implementation/production/asan_ubsan_production.txt	
audit_stack_v0.2/qpt_audit_stack/implementation/production/done	d117fa006ba9208500b2930ce69cbde436c647afa917cb7396a9bc9111a46dd2	5	D11	copy	domains/11-independent-audit-stack/implementation/production/done	distinct-record: byte-identical 5-byte run-completion marker; each marks a different run in its own directory and is kept in place
audit_stack_v0.2/qpt_audit_stack/implementation/production/msan_production.txt	914434ef1ca100b9a8d8d7a5b7e849088e3d845e05c46bd0585055b0a864d941	110	D11	copy	domains/11-independent-audit-stack/implementation/production/msan_production.txt	
audit_stack_v0.2/qpt_audit_stack/implementation/production/run_production.sh	58fc55f698af518c85c147a48a00e74761d04fa4d0731912df84a00c5e3f20af	704	D11	copy	domains/11-independent-audit-stack/implementation/production/run_production.sh	
audit_stack_v0.2/qpt_audit_stack/implementation/production/v151_functional_reduced.txt	44628f33ec0bc066ae0c9ee7845df9f7306c3ae42686d949fc2533d5af56c2f0	808	D11	copy	domains/11-independent-audit-stack/implementation/production/v151_functional_reduced.txt	
audit_stack_v0.2/qpt_audit_stack/implementation/production/v151_lsan_reduced.txt	526aa5a1d3be7b96c7ca96350051dabe656007dbb8378fa4d84005164ccf1b4e	9116	D11	copy	domains/11-independent-audit-stack/implementation/production/v151_lsan_reduced.txt	
audit_stack_v0.2/qpt_audit_stack/implementation/run_asan_production.sh	53d54bf2003d12036322b7836d19e90047379a6f7f2f3fe3b9083ff3a3aa3774	991	D11	copy	domains/11-independent-audit-stack/implementation/run_asan_production.sh	
audit_stack_v0.2/qpt_audit_stack/implementation/run_fuzz.sh	a0f59b7caac67b4753a1d6495e01101a6b95e34ed745d757bb2fcfb285da3c6d	937	D11	copy	domains/11-independent-audit-stack/implementation/run_fuzz.sh	
audit_stack_v0.2/qpt_audit_stack/implementation/run_sanitizers.sh	402b9d8ee974b967e20d2b0f6efe0835013ddedd97f0e3338f319038e4bc7787	2201	D11	copy	domains/11-independent-audit-stack/implementation/run_sanitizers.sh	
audit_stack_v0.2/qpt_audit_stack/implementation/src/modeB_prover_v1.50.c	ff8e5cd9f5c84cde3d0ac6e654b7bfc5a26e21b7331b8098649b36f0fe6adb92	50041	D11	exclude-duplicate		byte-identical to the mode B prover (v1.50) carried by the hidden-signers domain, domains/08-hidden-signers/history/mode-b-prover-v1.50.c; the audit stack references it instead of duplicating it (D11 dossier)
audit_stack_v0.2/qpt_audit_stack/implementation/src/modeB_prover_v1.50_nomain.c	1c0684d2b51510d2e5c61c7956ac81ee3c5447ddfb4a06682a4a38a143d0fd2e	50088	D11	copy	domains/11-independent-audit-stack/implementation/src/modeB_prover_v1.50_nomain.c	
audit_stack_v0.2/qpt_audit_stack/implementation/src/modeB_prover_v1.51.c	c1fe7a2f763561afaa7a313b356b35530a63f9a7e917ae2578a8c5e0e8cd1a8a	50534	D11	exclude-duplicate		byte-identical to the mode B prover (v1.51) carried by the hidden-signers domain, domains/08-hidden-signers/src/mode_b_prover.c; the audit stack references it instead of duplicating it (D11 dossier)
audit_stack_v0.2/qpt_audit_stack/implementation/src/nomain.diff	d06bc21c14f367a5cdeff7d01743f124211509002fb43c98f2acf342f7bfac8a	949	D11	copy	domains/11-independent-audit-stack/implementation/src/nomain.diff	
audit_stack_v0.2/qpt_audit_stack/implementation/ubsan_output.txt	a9d7d7d15da8fd53f1e3442e08b37ac61571129309dcfcfcea63653ce6154e6f	25409	D11	copy	domains/11-independent-audit-stack/implementation/ubsan_output.txt	
audit_stack_v0.2/qpt_audit_stack/independent/INDEPENDENT_RESULTS.md	24a621575292a596332cd430cce0671b70c8d45c62b94e66068938f31f95fab3	883	D11	copy	domains/11-independent-audit-stack/independent-b0/INDEPENDENT_RESULTS.md	
audit_stack_v0.2/qpt_audit_stack/independent/SPEC_GAPS.md	4c286406ec523197c0156cba9136341a9729ebef3e18448d06d8a73cb84745ee	4646	D11	copy	domains/11-independent-audit-stack/independent-b0/SPEC_GAPS.md	
audit_stack_v0.2/qpt_audit_stack/independent/b0_indep.py	b5640ad039f3cd4878cd6e2dfd7432f21dce97c52ebab07527a72210a831aeea	16259	D11	copy	domains/11-independent-audit-stack/independent-b0/b0_indep.py	
audit_stack_v0.2/qpt_audit_stack/independent/b0_vectors.json	b4e0311c473e10bbf305d5cccc1184c0b350193e6aef31b2c8e86f0e9735adc6	5371331	D11	copy	domains/11-independent-audit-stack/independent-b0/b0_vectors.json	
audit_stack_v0.2/qpt_audit_stack/independent/check_vectors.py	8df2106ccd59e0aff47523a8ddc41796e473eb986b58eb7c12bf08dcdeefb279	8914	D11	copy	domains/11-independent-audit-stack/independent-b0/check_vectors.py	
audit_stack_v0.2/qpt_audit_stack/independent/gen_b0_vectors.py	dc84873bbbde09998dc8a20b51f5ac5a11ae3a08b7f30cbc8cc0e26620b61dc9	3784	D11	copy	domains/11-independent-audit-stack/independent-b0/gen_b0_vectors.py	
audit_stack_v0.2/qpt_audit_stack/independent/independent_results.json	fdaba88228c211ee628453d2a5ad67f92f165b7ad7608e483071ae50d6831ce0	1898	D11	copy	domains/11-independent-audit-stack/independent-b0/independent_results.json	
audit_stack_v0.2/qpt_audit_stack/math/docker_build.log	c790594882105acb7b1ef4ec3fcbfc722ecd741276f0451c043a23ced1477d2d	85	D11	copy	domains/11-independent-audit-stack/math/docker_build.log	
audit_stack_v0.2/qpt_audit_stack/math/docker_run.log	a808697606512eaa58c4ecadc0e3636ade1e07203d426a9f724382e5f0f7d093	4062	D11	copy	domains/11-independent-audit-stack/math/docker_run.log	
audit_stack_v0.2/qpt_audit_stack/math/math_layer.py	bb24d344bcab4e1a42a62174c0da40c232341071c973729acd95fad21b18459a	23172	D11	copy	domains/11-independent-audit-stack/math/math_layer.py	
audit_stack_v0.2/qpt_audit_stack/math/math_results.json	7536bdaa4b85df189f0ad914fa94d904bdd41d20b2fb4593f0fd1c0b26cfc2a3	7779	D11	copy	domains/11-independent-audit-stack/math/math_results.json	
audit_stack_v0.2/qpt_audit_stack/math/math_run.log	f8592f6e1ad1fdc88c50a99dad83eac47d7976b9d9893a6ab720a8afabb63d59	4051	D11	copy	domains/11-independent-audit-stack/math/math_run.log	
audit_stack_v0.2/qpt_audit_stack/primitives/RESULTS.md	7e005486565bf1987bbb0c941cfb937bb19dbf2d8a377818407503a62e021501	5101	D11	copy	domains/11-independent-audit-stack/primitives/RESULTS.md	
audit_stack_v0.2/qpt_audit_stack/primitives/cross_validate.py	2fb91c4684aa1d93e03390a67448512ddf2ffe7abb48b5cb07dd271154e4d644	40685	D11	copy	domains/11-independent-audit-stack/primitives/cross_validate.py	
audit_stack_v0.2/qpt_audit_stack/primitives/oqs_ctypes.py	e1d6608900edc0a5ee9cbfc8462c8486073e3d325c7b8bbe912a3f03ce33351c	13264	D11	copy	domains/11-independent-audit-stack/primitives/oqs_ctypes.py	
audit_stack_v0.2/qpt_audit_stack/primitives/results.json	9d5b1f36858c80ccf42d1335e542dd5e1f86462cf0195390c00b6958e55dcb4c	11930	D11	copy	domains/11-independent-audit-stack/primitives/results.json	
audit_stack_v0.2/qpt_audit_stack/primitives/vectors/SOURCE.txt	9ee1a5cd47002cf76c30a760e2c8e3d95c65996733567dd79ff73669da13ca9b	814	D11	copy	domains/11-independent-audit-stack/primitives/vectors/SOURCE.txt	
audit_stack_v0.2/qpt_audit_stack/property/.hypothesis/constants/09c4cce0f373044f	807ae3e02fbb0799e21fbe9642ca379e3353beedc5292591647b9edc47ab12dd	191	D11	exclude-cache		Hypothesis example database written during test runs; regenerated
audit_stack_v0.2/qpt_audit_stack/property/.hypothesis/constants/0d61ef5594de006c	b179da10b68d8df346dd5772d1573cee502a59a5e1a405ebe99e719cc8840d76	1033	D11	exclude-cache		Hypothesis example database written during test runs; regenerated
audit_stack_v0.2/qpt_audit_stack/property/.hypothesis/constants/0e37161ce661e483	9698bb5c377c5cb4228ba410b81008b8fcdb30e0fc4ebf4c2160f7368e676611	195	D11	exclude-cache		Hypothesis example database written during test runs; regenerated
audit_stack_v0.2/qpt_audit_stack/property/.hypothesis/constants/0fc9a11759b0e8dc	bf7d3a56e40d8ca8c3d666b287dd659ba4d2f4c138d5b236d3b8176f69f588fd	106	D11	exclude-cache		Hypothesis example database written during test runs; regenerated
audit_stack_v0.2/qpt_audit_stack/property/.hypothesis/constants/14fdab6586761512	6e05e87e30de099731aa7c3083783cc1d2b077d707259c23a25027576cd25d7e	634	D11	exclude-cache		Hypothesis example database written during test runs; regenerated
audit_stack_v0.2/qpt_audit_stack/property/.hypothesis/constants/1a08a5b555f597d5	e8edbed081560c5953675dd84905c177f221da8926a7d793e76b9d030784a1cb	323	D11	exclude-cache		Hypothesis example database written during test runs; regenerated
audit_stack_v0.2/qpt_audit_stack/property/.hypothesis/constants/1a742f41f70ea774	47e99d3da4466fd3788e2e8c3aec20d0635f3434d05e46eb793409ad046c91b8	913	D11	exclude-cache		Hypothesis example database written during test runs; regenerated
audit_stack_v0.2/qpt_audit_stack/property/.hypothesis/constants/1cf53a3a7c278921	e213132a7b540f580bb4e0be3146791346719432505d27ec875164aebb4273e0	93	D11	exclude-cache		Hypothesis example database written during test runs; regenerated
audit_stack_v0.2/qpt_audit_stack/property/.hypothesis/constants/2cab239a6908e45c	4cc665cca0a4414ed72c2478347c7874294af7614f33f389eabf77af8821a39a	211	D11	exclude-cache		Hypothesis example database written during test runs; regenerated
audit_stack_v0.2/qpt_audit_stack/property/.hypothesis/constants/3030546391e18d95	a583042bbbab98c793e97b311d29fe4a24f7b3eb7247427576fd3abd387d5f5a	131	D11	exclude-cache		Hypothesis example database written during test runs; regenerated
audit_stack_v0.2/qpt_audit_stack/property/.hypothesis/constants/30e241fbb864aebf	2b6c32ee0dfbd8ee9aed6c1c2af906fc5b9b31715d49d04be093d9a87b82e4eb	115	D11	exclude-cache		Hypothesis example database written during test runs; regenerated
audit_stack_v0.2/qpt_audit_stack/property/.hypothesis/constants/34b47699a27f4abf	a4c65388a23839de6babfc81366c4fb5076bb6f8d6b87878419ba4d6bcf886eb	91	D11	exclude-cache		Hypothesis example database written during test runs; regenerated
audit_stack_v0.2/qpt_audit_stack/property/.hypothesis/constants/37a290928d585660	05635e83606b58af790e7fa14696cb6d978d189cf31c6b3c4ed7c5311a3b6a53	104	D11	exclude-cache		Hypothesis example database written during test runs; regenerated
audit_stack_v0.2/qpt_audit_stack/property/.hypothesis/constants/385fbf93113f5472	8303c2c7120a86d4bb41ba7b4c682c14014cbbfde25fc587577f57489b60b67d	184	D11	exclude-cache		Hypothesis example database written during test runs; regenerated
audit_stack_v0.2/qpt_audit_stack/property/.hypothesis/constants/3d976b82e12fef50	db1617765dccce525a9ed5f106483df0680c457060b0965e68530df2d04570c0	110	D11	exclude-cache		Hypothesis example database written during test runs; regenerated
audit_stack_v0.2/qpt_audit_stack/property/.hypothesis/constants/42a6c0db6ff1bbf7	2149a4a3d24f1390ac448491a5e24abe9d31011fac055b3569e1a047a08438f8	974	D11	exclude-cache		Hypothesis example database written during test runs; regenerated
audit_stack_v0.2/qpt_audit_stack/property/.hypothesis/constants/4ab19fd68046228d	4abe06fa0017a264ec7c6759e490181d2cd89a3be0b94cf4411693625c86e539	912	D11	exclude-cache		Hypothesis example database written during test runs; regenerated
audit_stack_v0.2/qpt_audit_stack/property/.hypothesis/constants/4e4b2666e277701d	739ead07295e8b4a442f8828f69a2282dcce90f13e744cec562d7b473c722e53	93	D11	exclude-cache		Hypothesis example database written during test runs; regenerated
audit_stack_v0.2/qpt_audit_stack/property/.hypothesis/constants/5eb297221674d3af	26531db76b729f75ede6db01ceca9b0e5691451fe81ea0b535101b3563732e21	216	D11	exclude-cache		Hypothesis example database written during test runs; regenerated
audit_stack_v0.2/qpt_audit_stack/property/.hypothesis/constants/6719e1ce587da455	3f23c2a7da9468b7f8744bbb2809fb2f2af8107d1d5d8bbe24768b2a5564cad3	379	D11	exclude-cache		Hypothesis example database written during test runs; regenerated
audit_stack_v0.2/qpt_audit_stack/property/.hypothesis/constants/67b0a8ccf18bf5d2	10481bd56236cac3d45d97055143ddce11968b543c1342a3b65507f26836f0fd	78	D11	exclude-cache		Hypothesis example database written during test runs; regenerated
audit_stack_v0.2/qpt_audit_stack/property/.hypothesis/constants/6bfb0b5839918d9c	69f68c85c6690b39762f946f0ce6d0c8d79bdeec2f47ab9ca9bc9ac83efa73f3	94	D11	exclude-cache		Hypothesis example database written during test runs; regenerated
audit_stack_v0.2/qpt_audit_stack/property/.hypothesis/constants/6da6be67b7101717	be4fbed44a0360b5171354842e4d45dbc0ef13c77745f56b4a76ba22759c4437	113	D11	exclude-cache		Hypothesis example database written during test runs; regenerated
audit_stack_v0.2/qpt_audit_stack/property/.hypothesis/constants/6db32e502194e4b9	879b2b31b88310d87f14a0af2fd23a6476b0e47e5612c6b996d6417b74885a3e	131	D11	exclude-cache		Hypothesis example database written during test runs; regenerated
audit_stack_v0.2/qpt_audit_stack/property/.hypothesis/constants/6ee602cbbda31ef5	f26f209442e98befdb690d0562df743aa1cd102c7e634ffaf967dfe375db4c45	820	D11	exclude-cache		Hypothesis example database written during test runs; regenerated
audit_stack_v0.2/qpt_audit_stack/property/.hypothesis/constants/742379955a3c3e51	9f39e88e2cb848cf872e217126cbbcb831c47e59a23745c39ebdaca50569cfdf	925	D11	exclude-cache		Hypothesis example database written during test runs; regenerated
audit_stack_v0.2/qpt_audit_stack/property/.hypothesis/constants/74b97c5d7ade08c9	1830db51a05eef32465cd8f6fd5070534f9f3cd84553f27f32c4a0f3833566bf	201	D11	exclude-cache		Hypothesis example database written during test runs; regenerated
audit_stack_v0.2/qpt_audit_stack/property/.hypothesis/constants/767171b061a50044	ab0f8a847d12df46426ffbe0c34651fe2b53955467ea38a18f165f5efb27c7d6	143	D11	exclude-cache		Hypothesis example database written during test runs; regenerated
audit_stack_v0.2/qpt_audit_stack/property/.hypothesis/constants/79187215075bb0ba	30ffb4a6bf369d60eedf790784301dd5af8b01ef443abe8d566a68725ad468b3	134	D11	exclude-cache		Hypothesis example database written during test runs; regenerated
audit_stack_v0.2/qpt_audit_stack/property/.hypothesis/constants/7b83acd79f97687e	5da492164ad9e63818f1c70e40960abbc703b8dd4ace5a5787b9246ffd8637dc	94	D11	exclude-cache		Hypothesis example database written during test runs; regenerated
audit_stack_v0.2/qpt_audit_stack/property/.hypothesis/constants/7d51623ee0262400	02ccb895c5e42c19a94418d071788803d0e862683ccaac56eb9f6a2ed5185bec	113	D11	exclude-cache		Hypothesis example database written during test runs; regenerated
audit_stack_v0.2/qpt_audit_stack/property/.hypothesis/constants/857ee9f5f0b4bf6e	bd36e6cd2e3e547795344ef1a4503cfa71c62aea7dee02ca5ea056cc28377a17	102	D11	exclude-cache		Hypothesis example database written during test runs; regenerated
audit_stack_v0.2/qpt_audit_stack/property/.hypothesis/constants/8e6a4e3cc825ff80	4ad273b8970e26413d44fea6091a576e49783d7e76c86d3b65120890b60c196d	111	D11	exclude-cache		Hypothesis example database written during test runs; regenerated
audit_stack_v0.2/qpt_audit_stack/property/.hypothesis/constants/9269c5593ae1cfeb	74156e648b0704ba45266a99d749419b5dd79067e221d0d08663e38a20e70fc7	274	D11	exclude-cache		Hypothesis example database written during test runs; regenerated
audit_stack_v0.2/qpt_audit_stack/property/.hypothesis/constants/962bc070d81f55f4	77cbefe7608d0fc78ca5e23f0b5c33772af8a62bc3b9a5f34d9ad4c84e33cfa2	112	D11	exclude-cache		Hypothesis example database written during test runs; regenerated
audit_stack_v0.2/qpt_audit_stack/property/.hypothesis/constants/997922fd9d2f7c25	c87c890c03695e0a65e14153e4b4cde035720b4df9485e06dee344ed94d5b2c9	112	D11	exclude-cache		Hypothesis example database written during test runs; regenerated
audit_stack_v0.2/qpt_audit_stack/property/.hypothesis/constants/a5858dcccfecf7ea	00effaba8c7dc7b3b4df642c278beaadfaaacf4bc82c3dcaee734d68a593cd40	103	D11	exclude-cache		Hypothesis example database written during test runs; regenerated
audit_stack_v0.2/qpt_audit_stack/property/.hypothesis/constants/a733226a15d14a75	b10381541c3e820872b29ee2aeea460f429161f56794170eea2724763294b688	904	D11	exclude-cache		Hypothesis example database written during test runs; regenerated
audit_stack_v0.2/qpt_audit_stack/property/.hypothesis/constants/a81259f74ea7bcb9	1e69c15cdadb3af3172359cca4bd826854b224a4181419325bf33c479420e8b3	1687	D11	exclude-cache		Hypothesis example database written during test runs; regenerated
audit_stack_v0.2/qpt_audit_stack/property/.hypothesis/constants/aaa59b9663c48de7	6aa35c9fa69dcb86d387136ec3477a60b05393277a8babb56482c607c4a5b0cf	933	D11	exclude-cache		Hypothesis example database written during test runs; regenerated
audit_stack_v0.2/qpt_audit_stack/property/.hypothesis/constants/aad1f427b8981530	104fac4a0e199128463d3db8f498f0578457612401feadf0f93431d841ca3669	444	D11	exclude-cache		Hypothesis example database written during test runs; regenerated
audit_stack_v0.2/qpt_audit_stack/property/.hypothesis/constants/b1fcd6d8aacdd910	8653af7190d369256cea448e7e5aab18d435936fbbdfa3916991cc7f57cb208e	221	D11	exclude-cache		Hypothesis example database written during test runs; regenerated
audit_stack_v0.2/qpt_audit_stack/property/.hypothesis/constants/b6eb73ca0c77927d	c908e8a696fcca4bfe69f8df0a0a206e9268f63f0d55b2b376cb20b3c8bc24e9	117	D11	exclude-cache		Hypothesis example database written during test runs; regenerated
audit_stack_v0.2/qpt_audit_stack/property/.hypothesis/constants/c140ee30baf0bf8b	7ff6c624e985fec6e93e269a49420f40835a60af2687c9cbe6820aa4c2854aff	115	D11	exclude-cache		Hypothesis example database written during test runs; regenerated
audit_stack_v0.2/qpt_audit_stack/property/.hypothesis/constants/c224939644145b32	7d43bc40ccbb928c174fa496615d65990abc6666e596ad28db12c6648b178827	174	D11	exclude-cache		Hypothesis example database written during test runs; regenerated
audit_stack_v0.2/qpt_audit_stack/property/.hypothesis/constants/c91572f12b3d4fcb	7c64746fb73d15458d59a2e0c4ab0cc65b759f96cad10c4796a12f085f3e1eaa	159	D11	exclude-cache		Hypothesis example database written during test runs; regenerated
audit_stack_v0.2/qpt_audit_stack/property/.hypothesis/constants/ca909828a090c1ae	f77811fa9de0272d07030dc7613444bde73360f0bc014d13f4e90e30b7d58fdd	99	D11	exclude-cache		Hypothesis example database written during test runs; regenerated
audit_stack_v0.2/qpt_audit_stack/property/.hypothesis/constants/d32fe5903a7e6ba8	14018ab1ef23cf40c79247b539344fb24401ef8b8b7710f52c8e6d0e74194755	112	D11	exclude-cache		Hypothesis example database written during test runs; regenerated
audit_stack_v0.2/qpt_audit_stack/property/.hypothesis/constants/d9471c3ab5cdc32c	0c3207cd340028700a7b3f91cc743e461a56274c8bc51aa230ae1c7541958d96	3125	D11	exclude-cache		Hypothesis example database written during test runs; regenerated
audit_stack_v0.2/qpt_audit_stack/property/.hypothesis/constants/e210fc9512c1fd04	4081efafe04985955223b39e96172214216c44e86d3ccc8af633942d55407dd7	211	D11	exclude-cache		Hypothesis example database written during test runs; regenerated
audit_stack_v0.2/qpt_audit_stack/property/.hypothesis/constants/e95356caa14dfe77	bf5dad2ff2164985b0fbd6531446e9ce84ab156199e1fc69135aa0ac9561d004	263	D11	exclude-cache		Hypothesis example database written during test runs; regenerated
audit_stack_v0.2/qpt_audit_stack/property/.hypothesis/constants/eac82aead68de2bb	90166d0b1b5c5f5f9bc7af061c7df980aa885f61b919a4dff859bd09b140eb5b	152	D11	exclude-cache		Hypothesis example database written during test runs; regenerated
audit_stack_v0.2/qpt_audit_stack/property/.hypothesis/constants/eb599fb5873fe949	b40e09f462ac7aff704b7b9a17da8dc839d0462370ebd40841c099395546e921	1567	D11	exclude-cache		Hypothesis example database written during test runs; regenerated
audit_stack_v0.2/qpt_audit_stack/property/.hypothesis/constants/eeeade9b359e9599	26b2051d81ba30f66e348c0656c0834766418ba22f7917c96e6db42edaf0a7a3	92	D11	exclude-cache		Hypothesis example database written during test runs; regenerated
audit_stack_v0.2/qpt_audit_stack/property/.hypothesis/constants/efbfc20fd3bb1ba5	292b3ad9ece705a558ffe9103f47cdbd67c5b46210be1d4ce15093a69f35cac5	2790	D11	exclude-cache		Hypothesis example database written during test runs; regenerated
audit_stack_v0.2/qpt_audit_stack/property/.hypothesis/constants/f051b5d50b34efa5	214f6105cc951371f4e785a966581cca7d329021adda595bb29c7fc8e187f06a	307	D11	exclude-cache		Hypothesis example database written during test runs; regenerated
audit_stack_v0.2/qpt_audit_stack/property/.hypothesis/constants/f23b5d3ebf042b22	7eaba0b22ea04b5a85a82b4ec53586de8fd0049181e4ad83073956d545b5e179	294	D11	exclude-cache		Hypothesis example database written during test runs; regenerated
audit_stack_v0.2/qpt_audit_stack/property/.hypothesis/constants/f4ee8843d8bbde37	420effa7664b01b089ad45564b49e4d1a658486172cc3bf32679d3f40eefe46e	373	D11	exclude-cache		Hypothesis example database written during test runs; regenerated
audit_stack_v0.2/qpt_audit_stack/property/.hypothesis/constants/f7ecdfdf091ecc6b	eb67a92025b043758c26814749e661ac6eac23bb662003d400b17ac4927babcd	99	D11	exclude-cache		Hypothesis example database written during test runs; regenerated
audit_stack_v0.2/qpt_audit_stack/property/.hypothesis/constants/f86e15cfe51bfe11	8ddd585b425b310c763a8faf6d3ff3c8722e07cb902dcbbfe081cc82e64d3c46	93	D11	exclude-cache		Hypothesis example database written during test runs; regenerated
audit_stack_v0.2/qpt_audit_stack/property/.hypothesis/unicode_data/15.0.0/charmap.json.gz	25028c584a46def07b577748f69c95d204c62660398503122390f57a99917f51	21726	D11	exclude-cache		Hypothesis example database written during test runs; regenerated
audit_stack_v0.2/qpt_audit_stack/property/.hypothesis/unicode_data/15.0.0/codec-utf-8.json.gz	78474373c557d82aea05f67c60e06eb6dae53bd1e06e9301f60faca87e7d8ee0	60	D11	exclude-cache		Hypothesis example database written during test runs; regenerated
audit_stack_v0.2/qpt_audit_stack/property/FINDINGS.md	4fec3242395a0addd1e3277d6b297affe15bc37f03f25ea46e92a04e2bfef20f	5013	D11	copy	domains/11-independent-audit-stack/property/FINDINGS.md	
audit_stack_v0.2/qpt_audit_stack/property/differential_b0.py	aca774eec5831a4d60d8aade624eab2fe8589004deff8f50d2aaa1d707affc5b	12889	D11	copy	domains/11-independent-audit-stack/property/differential_b0.py	
audit_stack_v0.2/qpt_audit_stack/property/logs/b0.log	3ca80804dfd627da78bea2ab3052574092643876975fddad4159f35224a3acd5	8083	D11	copy	domains/11-independent-audit-stack/property/logs/b0.log	
audit_stack_v0.2/qpt_audit_stack/property/logs/differential.log	95dc5c8f1cd4acae67d7008915888900b53618ced703442fd4f5b07b4e086709	1052	D11	copy	domains/11-independent-audit-stack/property/logs/differential.log	
audit_stack_v0.2/qpt_audit_stack/property/logs/hashsig.log	e09ac95005b8b3c1bf994d913d79b2b1bc83b47392a285e62b8db65e28e4dca1	11370	D11	copy	domains/11-independent-audit-stack/property/logs/hashsig.log	
audit_stack_v0.2/qpt_audit_stack/property/logs/modeB.log	2045b591a959e907ffb5225b2ee1e5d685f8df3922046d03103698c5eceeb226	7319	D11	copy	domains/11-independent-audit-stack/property/logs/modeB.log	
audit_stack_v0.2/qpt_audit_stack/property/logs/summary.txt	38cbccd0f7c3c9e3c0e2cda1d1a11066601f3372b1febffe598071adb8c0eb4d	280	D11	copy	domains/11-independent-audit-stack/property/logs/summary.txt	
audit_stack_v0.2/qpt_audit_stack/property/logs/tesla.log	b0f652ae155d2cf4723c3177139355fa8f4357c2a4c08c8bfd97c5cb5c101084	303	D11	copy	domains/11-independent-audit-stack/property/logs/tesla.log	
audit_stack_v0.2/qpt_audit_stack/property/run_all.sh	7159fe6ade69f0dcd7ad69ba55d09a13909267b74ea18b1224c88edc3e01fc10	1013	D11	copy	domains/11-independent-audit-stack/property/run_all.sh	
audit_stack_v0.2/qpt_audit_stack/property/test_props_b0.py	d30c0ac5992b5090209625f5dce007941332dc57db5a214e2999c6a97a986f0c	19942	D11	copy	domains/11-independent-audit-stack/property/test_props_b0.py	
audit_stack_v0.2/qpt_audit_stack/property/test_props_hashsig.py	88696940a86742210ed17e323b8abb3eae91d8b587ccae6e994595c8396fc41e	21154	D11	copy	domains/11-independent-audit-stack/property/test_props_hashsig.py	
audit_stack_v0.2/qpt_audit_stack/property/test_props_modeB.py	e57d6fcc638d70de58f6d871038afa1bd763d659212b7745fbb281ff591bc223	24110	D11	copy	domains/11-independent-audit-stack/property/test_props_modeB.py	
audit_stack_v0.2/qpt_audit_stack/property/test_props_tesla.py	3a53714165c28b03efc29e5004e02ac6aef57a78944c472d76f113bb3734a2f0	11201	D11	copy	domains/11-independent-audit-stack/property/test_props_tesla.py	
audit_stack_v0.2/qpt_audit_stack/run_all.console.txt	43d02b441afa2eda7fb9ffb0dddb5ddfd422badc27ffa6258e4b73794de18fdc	684	D11	copy	domains/11-independent-audit-stack/results/run_all.console.txt	full stack run record
audit_stack_v0.2/qpt_audit_stack/run_all.log	dd9be0b74832e7df5fae9b7c4be3cc48d82b6f56e2478bcbad93b2ebe0e248a1	415753	D11	copy	domains/11-independent-audit-stack/results/run_all.log	full stack run record
audit_stack_v0.2/qpt_audit_stack/run_all.sh	63de599b199af9094bf186c4748f34c58155beed031ea0e44d584ad15282845d	1740	D11	copy	domains/11-independent-audit-stack/run_all.sh	stack entry point
ceqs29_extractor_v1.34.py	a8356397674f87a4c180d3e7fa235d49b3056bdc3574185185d5b8b5d6b6f4af	56649	D5	copy	domains/05-extraction-and-signature-reductions/src/ceqs29_extractor.py	current revision; version suffix dropped (step script of the v1.34-v1.42 reduction series)
ceqs_attack_lab_v1.51.py	78c9b204c10fd1db6bf1958d600950cc673e254487d3cd5615e7bfd62df96b31	33692	D9	copy	domains/09-security-games-and-attack-lab/src/ceqs_attack_lab.py	current revision; version suffix dropped
ceqs_games_v1.52.py	885bbfe705dd62f3b21640450c3a72410b853872b9698da57cc10c1d0879f62e	28169	D9	copy	domains/09-security-games-and-attack-lab/src/ceqs_games.py	current revision; version suffix dropped
circuit_witness_extractor_v1.36.py	fdb56bef88c99bf069bfb775c114e08be27e44c60ebd30a5c213643cbf8678ce	46855	D5	copy	domains/05-extraction-and-signature-reductions/src/circuit_witness_extractor.py	current revision; version suffix dropped (step script of the v1.34-v1.42 reduction series)
files/PQAQCEpochBarrier_v0_6.cfg	29669328e3addd1988301b5f8954616c957d2667a9db9a8fb37f723792ee2abf	430	D1	copy	domains/01-accountable-quorum-foundations/formal/epoch-barrier.cfg	TLC configuration for epoch-barrier.tla
files/PQAQCEpochBarrier_v0_6.tla	e4dc6cd2384c5a81c09115b8eda21aba7b557f0230b959d93d97e959e8e8c46e	5517	D1	copy	domains/01-accountable-quorum-foundations/formal/epoch-barrier.tla	TLA+ epoch barrier model (v0.6, only revision)
files/PQ_AQC_Frontier_ConflictExtraction_v0_1 (1).md	d08304da9419480969b858ef40af3a4e660e9ab01d870bb7453eb06bc7cc79e0	18531	D1	exclude-duplicate		byte-identical to files/PQ_AQC_Frontier_ConflictExtraction_v0_1.md, copied as domains/01-accountable-quorum-foundations/docs/frontier-conflict-extraction.md
files/PQ_AQC_Frontier_ConflictExtraction_v0_1.md	d08304da9419480969b858ef40af3a4e660e9ab01d870bb7453eb06bc7cc79e0	18531	D1	copy	domains/01-accountable-quorum-foundations/docs/frontier-conflict-extraction.md	only revision
files/PQ_AQC_research_proof_documentation_v0.5.md	4ea6d37844696fd1d4b692654aa92903dda4053644c686a0dfde18a1cde98db8	62061	D1	copy-history	domains/01-accountable-quorum-foundations/history/research-proof-documentation-v0.5.md	superseded by v0.6/v0.7
files/PQ_AQC_research_proof_documentation_v0.6.md	cb1415dd6f96dcc4150bac1eb93aa2f7e3b0fca9436effc89cf6359daa7dfa53	73722	D1	copy-history	domains/01-accountable-quorum-foundations/history/research-proof-documentation-v0.6.md	superseded by v0.7
files/PQ_AQC_research_proof_documentation_v0.7.md	14b98bddf30cd3864be1a323cbfdbc947abea4767c86fd9fd251126de78c214d	83980	D1	copy	domains/01-accountable-quorum-foundations/docs/research-proof-documentation.md	current revision (v0.7)
files/PQ_CE_QS_32KiB_contents_contract_v1.24.md	411d70dc5ede2f9580a13b6171051a48e5f0760f99de3d1f1168fde24696f2a1	17400	D2	copy	domains/02-ceqs-construction-evolution/docs/32kib-contents-contract.md	current revision (v1.24)
files/PQ_CE_QS_QPT_CRS_security_proof_v1.3.md	74e947184fa9d7ce9f1f6af123fb1eb71a6349e6e8e3ef5e9222b03955171cb9	23521	D2	copy	domains/02-ceqs-construction-evolution/docs/qpt-crs-security-proof.md	current revision (v1.3)
files/PQ_CE_QS_adversarial_alt_strategy_v1.md	056754eb79ea8b14811f8ee26b2735918c4863c67be6501647288035bb0aa3ea	21871	D2	copy	domains/02-ceqs-construction-evolution/docs/adversarial-alt-strategy.md	current revision (v1)
files/PQ_CE_QS_backend_eligibility_proof_v1.6.md	2c5c8548486aadf9dca5b2f2c858d5a30f6c05b4e1240503fdca51b2b86d5e92	18753	D2	copy	domains/02-ceqs-construction-evolution/docs/backend-eligibility-proof.md	current revision (v1.6)
files/PQ_CE_QS_blocker_resolution_v1.19.md	7fb9e565d640cd2b0417b0ee89b2b9524c89a395ea37e9aca8b98ec6d068d065	28237	D2	copy-history	domains/02-ceqs-construction-evolution/history/blocker-resolution-v1.19.md	superseded by v1.20
files/PQ_CE_QS_blocker_resolution_v1.19.txt	7fb9e565d640cd2b0417b0ee89b2b9524c89a395ea37e9aca8b98ec6d068d065	28237	D2	exclude-duplicate		byte-identical to domains/02-ceqs-construction-evolution/history/blocker-resolution-v1.19.md (from files/PQ_CE_QS_blocker_resolution_v1.19.md); kept once
files/PQ_CE_QS_blocker_resolution_v1.20.md	57120b133ddb2c9be7dbf1d6694bed643d352649fb23719f0109f1ad69d3a1b9	23087	D2	copy	domains/02-ceqs-construction-evolution/docs/blocker-resolution.md	current revision (v1.20)
files/PQ_CE_QS_collaborative_quorum_proof_v1.4.md	42ddb15caefb91cf3bf6dbc56a28a5044e7b69a419066322aeb711b2a1b875a2	21124	D2	copy	domains/02-ceqs-construction-evolution/docs/collaborative-quorum-proof.md	current revision (v1.4)
files/PQ_CE_QS_distributed_certified_tag_proof_v1.0.md	3bcdedead0230a5ee867aafa9b482d03c977e394c1fe5bcf6deedc658d473c38	20397	D2	copy	domains/02-ceqs-construction-evolution/docs/distributed-certified-tag-proof.md	current revision (v1.0)
files/PQ_CE_QS_exact_aggregator_lifting_proof_v0.6.md	a28261164712a6fde87774476ab34bb68f9481797b5586992890b50a33c2dbd7	22197	D2	copy	domains/02-ceqs-construction-evolution/docs/exact-aggregator-lifting-proof.md	current revision (v0.6)
files/PQ_CE_QS_finalized_construction_v0.3.md	602552a80bbbbe14ed23e91021035bb4e29e3f76091b91eb00e22d222eba956d	28658	D2	copy	domains/02-ceqs-construction-evolution/docs/finalized-construction.md	current revision (v0.3)
files/PQ_CE_QS_formal_proof_stack_v0.5.md	90437547bc349b35a674b33b370e8a45472c327656420f0e93912931b9e971c0	28194	D2	copy	domains/02-ceqs-construction-evolution/docs/formal-proof-stack.md	current revision (v0.5)
files/PQ_CE_QS_frontier_v0.1.md	297a08c07fbcde7fd68d79d3f84e9d4b73d2b1ce224833685429e1685b83c66b	19229	D2	copy	domains/02-ceqs-construction-evolution/docs/frontier.md	current revision (v0.1)
files/PQ_CE_QS_multitrack_verification_v1_20.md	80d8834992ccdb2fa040a58d70d039c6be7e21174519e1002f0857b80942feb4	29545	D2	copy	domains/02-ceqs-construction-evolution/docs/multitrack-verification.md	current revision (v1.20)
files/PQ_CE_QS_public_signer_theoretical_completion_v0.8.md	31bd52f1e8237c08c086cc2bcf2cec8d2ef826fea1dd9cf48dd09aa7bf3696cf	18280	D2	copy	domains/02-ceqs-construction-evolution/docs/public-signer-theoretical-completion.md	current revision (v0.8)
files/PQ_CE_QS_quantum_lift_private_wrapper_proof_v0.9.md	21e9789ec8bf70613649c631052d8d86ab3c1f751203e1395558ad8a8b78123a	19713	D2	copy	domains/02-ceqs-construction-evolution/docs/quantum-lift-private-wrapper-proof.md	current revision (v0.9)
files/PQ_CE_QS_quorum_family_privacy_fork_proof_v0.7.md	9845e25f66f04d1b5d0b9ec6ef6f7c15d7f4000171210a0956889e91c4a0a998	19468	D2	copy	domains/02-ceqs-construction-evolution/docs/quorum-family-privacy-fork-proof.md	current revision (v0.7)
files/PQ_CE_QS_research_qualification_v1.18.md	d0a5dfbe245849c843da151a6d9ad926b3cadd734d1b03c62d19daf47814fa95	47960	D2	copy	domains/02-ceqs-construction-evolution/docs/research-qualification.md	current revision (v1.18)
files/PQ_CE_QS_research_synthesis_final_v0.4.md	852c2bca5d0a4aac7f264c68722ae88144498a716a545e5a6c4a2b8b21f3d97c	26312	D2	copy	domains/02-ceqs-construction-evolution/docs/research-synthesis-final.md	current revision (v0.4)
files/PQ_CE_QS_size_path_resolution_v1.21.md	370141629b837f5e050e3315dbef80868b7175a44d45e3cd3f7f94cf7d99d7af	7300	D2	copy	domains/02-ceqs-construction-evolution/docs/size-path-resolution.md	current revision (v1.21)
files/PQ_CE_QS_strong_certified_conflict_handle_proof_v1.1.md	a957c3861f41a0256b7e5bc88d1a85d56a09b83008d063c182f0855f6c35a59d	21495	D2	copy	domains/02-ceqs-construction-evolution/docs/strong-certified-conflict-handle-proof.md	current revision (v1.1)
files/PQ_CE_QS_v0.4_source_qualification_ledger.md	c36badd1d2584c1774631c6f9993158c51382dc82ee1584dabcf4bfeb997390f	1560	D2	copy	domains/02-ceqs-construction-evolution/docs/source-qualification-ledger-v0.4.md	per-version ledger; the version is part of its identity
files/PQ_CE_QS_v0.5_proof_corrections.md	3af42ec973a20fde4ffb57766fe188765884d176e2427a05fedfce134dff9c47	1288	D2	copy	domains/02-ceqs-construction-evolution/docs/proof-corrections-v0.5.md	per-version ledger; the version is part of its identity
files/PQ_CE_QS_v0.6_CTRS_adapter_obligations.md	349db4e45a3e552242e91def077ed60a76e054a7bd8d0490cc077ffab0898ec8	958	D2	copy	domains/02-ceqs-construction-evolution/docs/ctrs-adapter-obligations-v0.6.md	per-version ledger; the version is part of its identity
files/PQ_CE_QS_v0.8_SHA256SUMS.txt	99bce40f502a1653aa91a8f03a1f657225878b08425525fb6c0b8885b607c6fb	333	D2	copy	domains/02-ceqs-construction-evolution/results/sha256sums-v0.8.txt	release checksum record for a specific revision
files/PQ_CE_QS_v0.9_QPT_assumption_ledger.md	3991f3696fa695977c64a3115406407c22e1d81d7ade462c3d1cccb6673a6f9f	1315	D2	copy	domains/02-ceqs-construction-evolution/docs/qpt-assumption-ledger-v0.9.md	per-version ledger; the version is part of its identity
files/PQ_CE_QS_v0_4_validation_and_corrections.md	4ac6ff4c8930bb166b71501489d08a58d17604d5fc2e4bdbcb11770a83b956a5	10300	D2	copy-history	domains/02-ceqs-construction-evolution/history/validation-and-continuation-v0.4.md	superseded revision of the validation-and-continuation lineage (v0.4)
files/PQ_CE_QS_v0_5_validation_and_continuation.md	6cde380f205b4308311d5cf207039d70ac97e35dfc7e8a8ac122c733bad622f8	14854	D2	copy-history	domains/02-ceqs-construction-evolution/history/validation-and-continuation-v0.5.md	superseded revision of the validation-and-continuation lineage (v0.5)
files/PQ_CE_QS_v0_6_validation_and_continuation.md	902a23f3c669dde70f8998f39ef86e12a29cddb5ce60e26eb7ab724274cb8ba7	19667	D2	copy-history	domains/02-ceqs-construction-evolution/history/validation-and-continuation-v0.6.md	superseded revision of the validation-and-continuation lineage (v0.6)
files/PQ_CE_QS_v0_8_validation_and_continuation.md	6da66e34df2993430ba86c5fb94ceb64d7a105de0dbb183770f937add8f248c0	18548	D2	copy	domains/02-ceqs-construction-evolution/docs/validation-and-continuation.md	current revision (v0.8) - the last of the validation-and-continuation lineage
files/PQ_CE_QS_v1.0_SHA256SUMS.txt	9acad60dec14dd8506eedcf35e2aae92eaf84064b9dd67693d9619df476622c1	453	D2	copy	domains/02-ceqs-construction-evolution/results/sha256sums-v1.0.txt	release checksum record for a specific revision
files/PQ_CE_QS_v1.0_assumption_ledger.md	6feef0e4be3a45bb092b0dae33d46e0e6dad33e2e28088f1f0e93807699dcb49	1362	D2	copy	domains/02-ceqs-construction-evolution/docs/assumption-ledger-v1.0.md	per-version ledger; the version is part of its identity
files/PQ_CE_QS_v1.1_SHA256SUMS.txt	438173c3ce5603c1cb0e82931b3e2b36fd7d24d13c2a57fd143e51f6dc7128bb	461	D2	copy	domains/02-ceqs-construction-evolution/results/sha256sums-v1.1.txt	release checksum record for a specific revision
files/PQ_CE_QS_v1.1_source_assumption_ledger.md	65c5157ab5c0b18355d26af214011b138a979ce14462e037300a87d1fbd48310	2196	D2	copy	domains/02-ceqs-construction-evolution/docs/source-assumption-ledger-v1.1.md	per-version ledger; the version is part of its identity
files/PQ_CE_QS_v1.3_QPT_source_ledger.md	f96224a558c6c7aa7559e86d885053b7de0d44c2f735ea11084d73c2faee3a1c	2598	D2	copy	domains/02-ceqs-construction-evolution/docs/qpt-source-ledger-v1.3.md	per-version ledger; the version is part of its identity
files/PQ_CE_QS_v1.4_source_architecture_ledger.md	2a5c7052f1fe3926cb08f13bd95d3fb20f20f3766bd63163f778ccebc4837029	2324	D2	copy	domains/02-ceqs-construction-evolution/docs/source-architecture-ledger-v1.4.md	per-version ledger; the version is part of its identity
files/PQ_CE_QS_v1.5_compactness_source_ledger.md	dc8011fc149117a8c35a512b58386903a7aa2cc06e63878ed7ae629dece02d9d	1672	D2	copy	domains/02-ceqs-construction-evolution/docs/compactness-source-ledger-v1.5.md	per-version ledger; the version is part of its identity
files/PQ_CE_QS_validation_and_continuation_v0_2.md	20f24f27134a58cada4a6bd69497a5a78875e7f4e2dc3c7271438381ac767b42	15986	D2	copy-history	domains/02-ceqs-construction-evolution/history/validation-and-continuation-v0.2.md	superseded revision of the validation-and-continuation lineage (v0.2)
files/PQ_CE_QS_validation_and_continuation_v0_3.md	338fe4c2ccb067112138b0cc6447d492ad0847e1d67b3915bfff6633c9c05e80	11802	D2	copy-history	domains/02-ceqs-construction-evolution/history/validation-and-continuation-v0.3.md	superseded revision of the validation-and-continuation lineage (v0.3)
files/ce_qs_backend_eligibility_checker_v1.6.py	d5b5c6bac300916357fc5effd8148f7e8366551790827e06b2a03405f5323648	2888	D2	copy	domains/02-ceqs-construction-evolution/src/ce_qs_backend_eligibility_checker.py	current revision (v1.6)
files/ce_qs_backend_eligibility_checker_v1.6_results.txt	d0b7583f0ed25e020eeb5d3773ccc97ccf3a3d0486ff9a146e6d549be3931f08	615	D2	copy	domains/02-ceqs-construction-evolution/results/ce_qs_backend_eligibility_checker.txt	current revision (v1.6)
files/ce_qs_bitmap_policy_checker_v0.8.py	f32b9952ede037320a26a157c0e5468a4f3a68880de3dde9fa2f79c93aa80c56	1759	D2	copy	domains/02-ceqs-construction-evolution/src/ce_qs_bitmap_policy_checker.py	current revision (v0.8)
files/ce_qs_bitmap_policy_checker_v0.8_results.txt	5ec3d1ffe1b834723c14921dfa17ef7ae2e58c815c37f697327829492af2b9f7	274	D2	copy	domains/02-ceqs-construction-evolution/results/ce_qs_bitmap_policy_checker.txt	current revision (v0.8)
files/ce_qs_collaborative_quorum_checker_v1.4.py	daad27615b1dcac012b42b848cf7b06033686da816681e5babfa0268ac4438a0	3007	D2	copy	domains/02-ceqs-construction-evolution/src/ce_qs_collaborative_quorum_checker.py	current revision (v1.4)
files/ce_qs_collaborative_quorum_checker_v1.4_results.txt	441f3485f40664efa7aae09f0a0cee38e2e66f83f25386009f385447a453a0df	512	D2	copy	domains/02-ceqs-construction-evolution/results/ce_qs_collaborative_quorum_checker.txt	current revision (v1.4)
files/ce_qs_distributed_certified_tag_checker_v1.0.py	1dac5ff9f75dd6b28da9f2335f2efd4a5a871dad8798a51d7e7cc66a9ac2c68c	6762	D2	copy	domains/02-ceqs-construction-evolution/src/ce_qs_distributed_certified_tag_checker.py	current revision (v1.0)
files/ce_qs_distributed_certified_tag_checker_v1.0_results.txt	a9a64218b0180410006e794d3dbc02bf64a785b8b14313b49f18b2a285b16088	408	D2	copy	domains/02-ceqs-construction-evolution/results/ce_qs_distributed_certified_tag_checker.txt	current revision (v1.0)
files/ce_qs_private_wrapper_relation_checker_v0.9.py	fcba16057e16f40d4471d31d4ed182989d01cf698e42e8f042d01d1d9e530083	3807	D2	copy	domains/02-ceqs-construction-evolution/src/ce_qs_private_wrapper_relation_checker.py	current revision (v0.9)
files/ce_qs_private_wrapper_relation_checker_v0.9_results.txt	db78c5a695fc5ecd7c293b7e67adbca0e935aafaa2437685d6be955cb94b602b	278	D2	copy	domains/02-ceqs-construction-evolution/results/ce_qs_private_wrapper_relation_checker.txt	current revision (v0.9)
files/ce_qs_qpt_crs_structural_checker_v1.3.py	f2c9cf007e965ee902f169326a8008af68193fd241f2b1356bd4a9b189173583	4446	D2	copy	domains/02-ceqs-construction-evolution/src/ce_qs_qpt_crs_structural_checker.py	current revision (v1.3)
files/ce_qs_qpt_crs_structural_checker_v1.3_results.txt	9056763cef76274a5b4cbda9a195ec8ceaaaf7dcbb2ba4dc864ddd646bd5f0ec	342	D2	copy	domains/02-ceqs-construction-evolution/results/ce_qs_qpt_crs_structural_checker.txt	current revision (v1.3)
files/ce_qs_quorum_family_checker_v0.7.py	9dc78d791df09c9f56711180cda7689a3c052af8407218e041eaab48d206bd4d	1955	D2	copy	domains/02-ceqs-construction-evolution/src/ce_qs_quorum_family_checker.py	current revision (v0.7)
files/ce_qs_quorum_family_checker_v0.7_results.txt	bbf44a2d9357d624382bc690d9de443afc6e46de53071ec6e3da6357aacea9ab	493	D2	copy	domains/02-ceqs-construction-evolution/results/ce_qs_quorum_family_checker.txt	current revision (v0.7)
files/ce_qs_relation_mock_v0.3.py	5825515e8c3dd529a1f95c39ae8497a3c05466a2afb2b6de035bdab6c6576f99	4750	D2	copy	domains/02-ceqs-construction-evolution/src/ce_qs_relation_mock.py	current revision (v0.3)
files/ce_qs_relation_mock_v0.3_results.txt	900e768dd9d123a336becfb5d5f938c622d2cb1f22a7226d0311981a3e218c0c	345	D2	copy	domains/02-ceqs-construction-evolution/results/ce_qs_relation_mock.txt	current revision (v0.3)
files/ce_qs_relation_mock_v0_3_ext.py	bc61e06c8fad514257f73e8a022f49dd023259cf60b26050e8c84669aee8b8ef	9287	D2	copy	domains/02-ceqs-construction-evolution/src/ce_qs_relation_mock_ext.py	extension artifact (kept alongside the base checker)
files/ce_qs_relation_mock_v0_3_ext_results.txt	0452f28716e770574c72b67f48a9e23cb7fe56fd920d8bc625327b6f1c13f6c6	1025	D2	copy	domains/02-ceqs-construction-evolution/results/ce_qs_relation_mock_ext.txt	extension artifact (kept alongside the base checker)
files/ce_qs_strong_conflict_handle_checker_v1.1.py	8e3e5a4df6764773197204ea522577212269e906b8f242e535b01e57e316906e	4572	D2	copy	domains/02-ceqs-construction-evolution/src/ce_qs_strong_conflict_handle_checker.py	current revision (v1.1)
files/ce_qs_strong_conflict_handle_checker_v1.1_results.txt	68a9fab89b84d0727c79ea918cf01cd308005df7db6ef0cf9cc37e68a935d3f8	372	D2	copy	domains/02-ceqs-construction-evolution/results/ce_qs_strong_conflict_handle_checker.txt	current revision (v1.1)
files/ce_qs_trace_tag_simulator_v0.1.py	e8cf7b44a22a99e53aca0806439c5987fc5532c8667b1eece545b1fb1f971c0e	3830	D2	copy-history	domains/02-ceqs-construction-evolution/history/ce_qs_trace_tag_simulator-v0.1.py	superseded by v0.2
files/ce_qs_trace_tag_simulator_v0.1_results.txt	16726acfe4291b92f674542f08abba99f04156cdc165398cb1e5c616d7d674ef	375	D2	copy-history	domains/02-ceqs-construction-evolution/history/ce_qs_trace_tag_simulator-v0.1.txt	superseded by v0.2
files/ce_qs_trace_tag_simulator_v0_2.py	70ed41561d018b4164d50e27d676e3c1e06beb9d40c3d54d7ea6681bfd30ee98	10547	D2	copy	domains/02-ceqs-construction-evolution/src/ce_qs_trace_tag_simulator.py	current revision (v0.2)
files/ce_qs_trace_tag_simulator_v0_2_results.txt	5b90812d93de3c2688b8dc0dc0904487b9afc1d63e8213893c4bcc53e552e84d	1431	D2	copy	domains/02-ceqs-construction-evolution/results/ce_qs_trace_tag_simulator.txt	current revision (v0.2)
files/pqaqc_finite_state_check_v0_6.py	d1a3d16222007436e095d6a7accd8b71bb9da00bc825dae4b6a14c6675f4bd94	4728	D1	copy-history	domains/01-accountable-quorum-foundations/history/pqaqc_finite_state_check-v0.6.py	superseded by v0.7
files/pqaqc_finite_state_check_v0_7.py	4ebce814d703fc5261dfc123c37ec369623185ac3fb86dfa8f95e22615dfa438	23769	D1	copy	domains/01-accountable-quorum-foundations/src/pqaqc_finite_state_check.py	current revision (v0.7)
files/pqaqc_modelcheck_v0_6_results.txt	4af592d3b09970377401f0133129526d84e8bc8b31a68c7e5eb799d657d91cde	533	D1	copy-history	domains/01-accountable-quorum-foundations/history/pqaqc_modelcheck-v0.6.txt	superseded by v0.7
files/pqaqc_modelcheck_v0_7_results.txt	24d2ab2088693145b5285cd07ab529aeb3d01118ec81dbfdc32dc0e3ab981d71	1863	D1	copy	domains/01-accountable-quorum-foundations/results/pqaqc_modelcheck.txt	current revision (v0.7)
hidden_signer_32KiB_v1.45.md	6f5d64a7593b7172d644db14acf14dcd9efc9af9b5d1fa0b8b94bcabcbef361a	11476	D8	copy-history	domains/08-hidden-signers/history/hidden-signer-32kib-v1.45.md	superseded by v1.46
hidden_signer_32KiB_v1.46.md	87c9fc0535e430472f7d945f18e6a743d9be8c04005d12b102852c9ce0cfb2ee	19844	D8	copy	domains/08-hidden-signers/docs/hidden-signer-32kib.md	current revision (v1.46)
hidden_signer_modeA_v1.45.py	1aef787f4096c8647cf3af0a19e723e6dabcc4bef675739c059f51022f54ac94	24292	D8	copy	domains/08-hidden-signers/src/hidden_signer_mode_a.py	Mode A (v1.45, only revision); linear handle shown to leak
hidden_signer_modeB_v1.46.py	04df0b357f4671ab7d168e5c6daedf647f0f88bfc77f1ecb853491e8d96bd633	43614	D8	copy-history	domains/08-hidden-signers/history/hidden-signer-mode-b-v1.46.py	superseded by v1.50/v1.51
hidden_signer_modeB_v1.50.py	e094a605f4e5ffa8b70f71f178c415ad64b23b315c0a44c26f477ec1dcc82bf1	14236	D8	copy-history	domains/08-hidden-signers/history/hidden-signer-mode-b-v1.50.py	superseded by v1.51
hidden_signer_modeB_v1.51.py	9e5ba5b2f14826906fea455a119dea4f3590f104f802e26f2bef92e506f94987	16133	D8	copy	domains/08-hidden-signers/src/hidden_signer_mode_b.py	Mode B current revision (v1.51); earlier revisions under history/
hybrid_sampling_bound_audit_v1.41.py	e4407db4619dde8df34dc86eb769e9c2a0acffcb1d64120e519d7b8c600923cf	23658	D5	copy	domains/05-extraction-and-signature-reductions/src/hybrid_sampling_bound_audit.py	current revision; version suffix dropped (step script of the v1.34-v1.42 reduction series)
joint_extractor_lift_v1.35.py	4e23d77c14e43ddd2286e5fec83745773142ac4394449f3821cd562e5dcf1fb0	24572	D5	copy	domains/05-extraction-and-signature-reductions/src/joint_extractor_lift.py	current revision; version suffix dropped (step script of the v1.34-v1.42 reduction series)
modeB_prover_v1.49.c	8e7c0befe009774a994a238afb843f64a8879cc0409cef133f8ed05675b72baf	45265	D8	copy-history	domains/08-hidden-signers/history/mode-b-prover-v1.49.c	superseded by v1.50
modeB_prover_v1.50.c	ff8e5cd9f5c84cde3d0ac6e654b7bfc5a26e21b7331b8098649b36f0fe6adb92	50041	D8	copy-history	domains/08-hidden-signers/history/mode-b-prover-v1.50.c	superseded by v1.51; the audit-stack copy points here
modeB_prover_v1.51.c	c1fe7a2f763561afaa7a313b356b35530a63f9a7e917ae2578a8c5e0e8cd1a8a	50534	D8	copy	domains/08-hidden-signers/src/mode_b_prover.c	current revision (v1.51); the audit stack references this copy instead of duplicating it (D11 dossier)
modeB_rigorous_ledger_v1.47.py	074f06454a4aaf11d4a801683194485211cc0bc4c31bf2433195ab3de96541ac	13869	D8	copy	domains/08-hidden-signers/src/mode_b_rigorous_ledger.py	only revision
modeB_security_v1.49.md	32620529be4c1a1fe56c69553e4e510bef191e28443a3d5ccfd4823748252006	29934	D8	copy	domains/08-hidden-signers/docs/mode-b-security.md	independent cryptanalysis pass; only revision
modeB_voleith_toy_v1.48.py	9fef036b837ab41fc9b110c08b51ffed9d5474287a63d555386f8d3f54b19e20	25637	D8	copy	domains/08-hidden-signers/src/mode_b_voleith_toy.py	only revision
operators_1000_QPT128_amended_v1.33.md	225fd1acf3389d2cd7ffb064ba0e37afc67e290b3d163540360fb72d084dc98a	846185	D4	copy	domains/04-operator-ledger/docs/operator-ledger.md	the operator ledger (v1.33 is the only revision); the embedded checker (lines 19259-19607) is extracted by the writers into src/ - the ledger stays the single canonical copy
phase_ghz_security_check_v1.40.py	66ce200865ee059a1cc40872647a47c21540b0cc346fd2c71027ec780cda920f	21244	D5	copy	domains/05-extraction-and-signature-reductions/src/phase_ghz_security_check.py	current revision; version suffix dropped (step script of the v1.34-v1.42 reduction series)
pq_audit_ledger_v2.1.py	df5aaa7bc5c54caae63220c2c1906a327a4139779e44a4e068810eed3903ea81	15461	D10	copy	domains/10-digital-infrastructure/src/audit_ledger.py	only revision
pq_audit_s1_lms_v2.1.py	6850206dcb4bdda6b02caba5c15444f2007e092f21740ad37ac6efe582ec0d12	23757	D10	copy-history	domains/10-digital-infrastructure/history/s1_lms-v2.1.py	superseded by v2.2
pq_audit_s1_lms_v2.2.py	b3a2739aa1cf4db4a6f0ee54ab25090f420ce99bf32e4c302342771dc5f5b218	25627	D10	copy	domains/10-digital-infrastructure/src/s1_lms.py	current revision (v2.2)
pq_audit_s2_dns_worstcase_v2.1.py	2ad780d61a7222a605b655be0eb394787cb3472a69bdf2773052beba083a771d	31094	D10	copy	domains/10-digital-infrastructure/src/s2_dns_worstcase.py	only revision
pq_audit_s3_tls_wire_v2.1.py	02c7ef7245653b15a6ef2c6a468f55b6b7d821ca1a9ba1bd54c0a8a427f502b9	52265	D10	copy	domains/10-digital-infrastructure/src/s3_tls_wire.py	only revision
pq_audit_s4_tesla_adversarial_v2.1.py	ed58b5498e12c61fd4019820d3d08b27ed9d663864e7d950eacc6b179158d517	35010	D10	copy	domains/10-digital-infrastructure/src/s4_tesla_adversarial.py	only revision
pq_audit_s5_bds_faults_v2.1.py	1e5b58952631ccb612eee7c89b17488569307e572d3e724cf87f34dab8d62d2d	17086	D10	copy	domains/10-digital-infrastructure/src/s5_bds_faults.py	only revision
pq_audit_s6_hybrid_games_v2.1.py	2b1cd0e45a01f98800d07a4e2614218cbe18d9ee8140f10a8d0ee138b992c6f8	35962	D10	copy	domains/10-digital-infrastructure/src/s6_hybrid_games.py	only revision
pq_infra_audit_v2.1.md	2f97824a52287b9cf292840669e08630c7dfc86acbf908907aa586de6a4a4e85	7193	D10	copy	domains/10-digital-infrastructure/docs/pq-infra-audit.md	audit report (v2.1 is the only revision)
pq_infra_program_v2.0.md	8b3291f2cbd388a831c2fe85c71ac819a49ee7be2662a62241bf836a7915caa5	17769	D10	copy	domains/10-digital-infrastructure/docs/pq-infra-program.md	program document (v2.0 is the only revision)
pq_infra_s1s2_hashsig_dnssec_v2.0.py	b2f079dde5c0efe4935f78ff8ca52f82c90caf80d278c978073d64a6be6351a7	31028	D10	copy	domains/10-digital-infrastructure/src/s1s2_hashsig_dnssec-v2.0.py	v2.0 revision, still loaded at run time by the v2.0 S3/S4 models and the audit harnesses (which test the v2.0 set); superseded for S1/S2 by v2.2
pq_infra_s1s2_hashsig_dnssec_v2.2.py	51d5a632a7281acc816b4df2fb6c6558f3807cdea0aedb8b8b1129e57e3df510	37259	D10	copy	domains/10-digital-infrastructure/src/s1s2_hashsig_dnssec.py	current revision (v2.2); S1/S2 model
pq_infra_s3_tls_pki_v2.0.py	440dfcb17a01daaee2839c3d4eb13b106bfebfec81ed049c68c3e213bbccd9df	14792	D10	copy	domains/10-digital-infrastructure/src/s3_tls_pki.py	only revision
pq_infra_s4_embedded_broadcast_v2.0.py	57e39f46af43cb8252b9ec2e9ffd6e522a3e11b6ae969c7a7170322570e0d059	14486	D10	copy	domains/10-digital-infrastructure/src/s4_embedded_broadcast.py	only revision
pq_infra_s5_smartcard_hsm_v2.0.py	9e8df16259e9a87bb6c61a9b9a71c52b5f473c0cdb1a426d4cbdf5633e0bd232	15359	D10	copy	domains/10-digital-infrastructure/src/s5_smartcard_hsm.py	only revision
pq_infra_s6_migration_agility_v2.0.py	2f806deacf5cf8fbede551d95319dfe09e6d92c2819277b6e97bf6a789b777fb	9717	D10	copy	domains/10-digital-infrastructure/src/s6_migration_agility.py	only revision
pqt.md	40fce0843d9b4b8316d8994908aaa4002aa76eb0fef0937520a930e18d23bda7	65258	D0	copy	docs/01-research-journey/pqt.md	clean project document; copy lines 1-1560 only - 1562-2188 repeat the prior-setup2 material (D0 dossier B.3)
prior-setup.md	66fa017a300a5499341636412673a0849c458307bf4e84ada2d0b6e6219ca8a0	266223	D0	source-only		raw working transcript (role labels, tracking parameters, UI residue); not migrated - the D0 dossier's scrub list gives the line numbers, the narrative is newly written in docs/01-research-journey/
prior-setup2.md	a8f4f2330c6e9197b1a04a10ef8a74df01e59c6f9c4ddc2690f23531b9f7e721	118586	D0	source-only		raw working transcript (role labels, tracking parameters); not migrated - narrative newly written in docs/01-research-journey/
qpt128_audit_stack_v0.1.md	bd1ef4eaa18797439cb31dc6eb51832a6e68604609227be828fa731021b7d8c4	10759	D11	exclude-duplicate		byte-identical to audit_stack_v0.1/qpt_audit_stack/AUDIT_STACK.md, copied as domains/11-independent-audit-stack/history/audit-stack-overview-v0.1.md
qpt128_audit_stack_v0.1.tar.gz	1c0b3d27bb6e0f1783ce8f3caee552216da0c24aec3572c7e2e238bab1dde76c	219436	D11	exclude-archive		archive; the extracted and mapped tree is authoritative - see the audit_stack_v0.1/... rows (identical files are carried by the v0.2 rows)
qpt128_audit_stack_v0.2.md	a10828273108a002be4ebf580837fa41eaa56d0582903dd4d572c014aedb739b	15881	D11	exclude-duplicate		byte-identical to audit_stack_v0.2/qpt_audit_stack/AUDIT_STACK.md, copied as domains/11-independent-audit-stack/docs/audit-stack-overview.md
qpt128_audit_stack_v0.2.tar.gz	2a7c77f35f0fa51de00bf2a97f337a4fef1f4986c201296e2a26596aca5e38ab	2086241	D11	exclude-archive		archive; the extracted and mapped tree is authoritative - see the audit_stack_v0.2/... rows
qpt128_finalization_v1.43.py	2762b2c2880ea514dceb60a5fe344327f5eb2c546e9e40be6b2fcb7fe4156bb4	27778	D6	copy	domains/06-qpt128-security-target/src/qpt128_finalization.py	current revision; version suffix dropped
sidecar_free_certificate_v1.44.py	a30f1078ffee7f395bbd82a1b7b9a37f9c5518a71e63a4d5a85b0446146e68a8	90602	D7	copy	domains/07-compact-certificate-b0/src/sidecar_free_certificate.py	current revision; version suffix dropped
sidecar_free_finalization_v1.44.md	65ec0c74c9bcd6c849e7c023d1c96b9ef8fd8dad5bfc46a9ff7b85328719b295	20949	D7	copy	domains/07-compact-certificate-b0/docs/sidecar-free-finalization.md	current revision; version suffix dropped
signature_margin_sweep_v1.39.py	83c614d4e21548ade2b6c66e6b1d9322707418edbe1e1fdbbea8e1f9936644af	27245	D5	copy	domains/05-extraction-and-signature-reductions/src/signature_margin_sweep.py	current revision; version suffix dropped (step script of the v1.34-v1.42 reduction series)
signature_security_reduction_v1.37.py	38b3118d067fc32786c914ec8b4065ddbc9de186c0acaa4afd77f242485ce555	42636	D5	copy	domains/05-extraction-and-signature-reductions/src/signature_security_reduction.py	current revision; version suffix dropped (step script of the v1.34-v1.42 reduction series)
slh_dsa_signature_reduction_v1.38.py	ac423a1ece8d6634bea8f121724884e804dcbc1cc577a998b14c31a5b6848cf8	49757	D5	copy	domains/05-extraction-and-signature-reductions/src/slh_dsa_signature_reduction.py	current revision; version suffix dropped (step script of the v1.34-v1.42 reduction series)
slh_tree_conditioning_audit_v1.42.py	58dc0620cc8fcd186c89e01341fbab430366c23692b816c3c0010f22c9f8d4b9	22746	D5	copy	domains/05-extraction-and-signature-reductions/src/slh_tree_conditioning_audit.py	current revision; version suffix dropped (step script of the v1.34-v1.42 reduction series)
test.md	c51c19a7be3251242cf2075719b121547f96a274f8bb709f6dbd037cae1dae96	15412	X	exclude-triad		TRIAD/CE-QS devnet test plan: sections 4-5 specify devnet node work and section 5 is a devnet implementation brief that names AI coding tools, which must not be published; the measured PQ baseline in section 3 is summarised in the authored docs/05-devnet-evidence chapter. REVIEW: excluded per taxonomy X - if the section 3 baseline is wanted verbatim, section 5 must be dropped and the tool names scrubbed first
triad-ceqs-pq-layer-v1.0.0.tar.gz	3a60cb93bd91c4195a0ed291811116109ed4b0345b7a9fdac23f7aa0e7303fcc	199988	X	exclude-triad		TRIAD devnet kit; belongs to a separate ledger repository, no devnet code is copied; test results are summarised in docs/05-devnet-evidence
triad-pq-devnet-v2.1.0.tar.gz	3ff6e33ae2801029aa3f580edf4764a92df7390a11ec6f9b489e03caed167d28	178912	X	exclude-triad		TRIAD devnet kit; belongs to a separate ledger repository, no devnet code is copied; test results are summarised in docs/05-devnet-evidence
