# Redacted for publication. Columns 1, 3 and 4 replace, with a placeholder naming the category, every span matching the repository's forbidden-content rules (machine-specific paths, coding-tool names, assistant wording, campaign parameters, e-mail addresses, credentials). The files in column 2 and the reasons are unchanged. The rules and this redaction are both in tooling/checks/; see records/provenance.md.
old_string	files	new_string	reason
<redacted: machine path>	domains/11-independent-audit-stack/history/primitives-results-v0.1.json; domains/11-independent-audit-stack/fixes/property_fixed/hashsig_fixed.log; domains/11-independent-audit-stack/fixes/property_fixed/test_props_hashsig_fixed.py; domains/11-independent-audit-stack/formal/perlemma_n7_8g/run.sh; domains/11-independent-audit-stack/implementation/artifacts/leak_report.txt; domains/11-independent-audit-stack/implementation/asan_ubsan_output.txt; domains/11-independent-audit-stack/implementation/build_log.txt; domains/11-independent-audit-stack/implementation/fuzz_log.txt; domains/11-independent-audit-stack/implementation/logs/fuzz/fuzz-0.log; domains/11-independent-audit-stack/implementation/logs/fuzz/fuzz-1.log; domains/11-independent-audit-stack/implementation/logs/fuzz_campaign.stdout; domains/11-independent-audit-stack/implementation/logs/leak_probe.txt; domains/11-independent-audit-stack/implementation/production/asan_ubsan_production.txt; domains/11-independent-audit-stack/implementation/production/v151_lsan_reduced.txt; domains/11-independent-audit-stack/implementation/src/nomain.diff; domains/11-independent-audit-stack/implementation/ubsan_output.txt; domains/11-independent-audit-stack/math/math_layer.py; domains/11-independent-audit-stack/primitives/results.json; domains/11-independent-audit-stack/property/run_all.sh; domains/11-independent-audit-stack/property/test_props_hashsig.py; domains/11-independent-audit-stack/results/run_all.console.txt; domains/11-independent-audit-stack/results/run_all.log; domains/11-independent-audit-stack/run_all.sh	<build-dir>	[mechanical] absolute path of the scratch directory the audit stack was run from, appearing in recorded tool output (sanitizer / libFuzzer / build logs, crash reports, the nomain diff, run logs) and in the recorded --out path of certain scripts. Substitute the longest prefix first (<build-dir> stands for the directory the stack was run in). Rewriting changes the sha256 of these result files, which is expected: the map's sha256 column records the source bytes, and the repository keeps provenance in records/ instead of in the body of a log.
<redacted: machine path>	domains/03-zk-carrier-experiments/history/v1.27/build.stderr.log; domains/03-zk-carrier-experiments/history/v1.27/check_case0_execution.json; domains/03-zk-carrier-experiments/history/v1.27/check_case1_execution.json; domains/03-zk-carrier-experiments/history/v1.27/encode_case0_execution.json; domains/03-zk-carrier-experiments/history/v1.27/encode_case1_execution.json; domains/03-zk-carrier-experiments/history/v1.27/prove_case0_execution.json; domains/03-zk-carrier-experiments/history/v1.27/prove_case1_execution.json; domains/03-zk-carrier-experiments/history/v1.27b/build.stderr.log; domains/03-zk-carrier-experiments/results/check-case0-execution.json; domains/03-zk-carrier-experiments/results/check-case1-execution.json; domains/03-zk-carrier-experiments/history/v1.27b/encode_case0_execution.json; domains/03-zk-carrier-experiments/history/v1.27b/encode_case1_execution.json; domains/03-zk-carrier-experiments/results/prove-case0-execution.json; domains/03-zk-carrier-experiments/results/prove-case1-execution.json; domains/03-zk-carrier-experiments/results/regeneration-check.stdout.log; domains/03-zk-carrier-experiments/history/v1.28/build.stderr.log; domains/03-zk-carrier-experiments/history/v1.28/encode_case0_execution.json; domains/03-zk-carrier-experiments/history/v1.28/encode_case1_execution.json; domains/03-zk-carrier-experiments/results/build.stderr.log; domains/03-zk-carrier-experiments/results/encode-case0-execution.json; domains/03-zk-carrier-experiments/results/encode-case1-execution.json	<build-dir>	[mechanical] absolute path of the build workspace that produced the v1.27-v1.28p carrier binaries. Occurs in the recorded *.execution.json / build.stderr.log files of those revisions and in one regeneration log. Replace with the <build-dir> placeholder; the strings name where a run happened, not a file that exists in this repository.
<redacted: machine path>	domains/11-independent-audit-stack/history/property-hashsig-v0.1.log; domains/11-independent-audit-stack/fixes/hidden_signer_modeB_v1.51.py.log; domains/11-independent-audit-stack/fixes/property_fixed/hashsig_fixed.log; domains/11-independent-audit-stack/property/logs/hashsig.log	<sources-dir>	[mechanical] absolute path of the original read-only source directory inside recorded tracebacks and log lines. Replace with the <sources-dir> placeholder (the directory the audited sources were read from at run time).
<redacted: machine path>	tooling/audit-stack/Dockerfile	<redacted: machine path>	[no-rewrite] path inside the build container's own filesystem (curl writes the tarball, then tar unpacks it), not a path on any local host. Same for <redacted: machine path>, <redacted: machine path> and <redacted: machine path>* in the same Dockerfile.
PQT = '<redacted: machine path>'	domains/11-independent-audit-stack/fault/fault_injection.py; domains/11-independent-audit-stack/fixes/property_fixed/test_props_hashsig_fixed.py; domains/11-independent-audit-stack/fixes/property_fixed/test_props_modeB_fixed.py; domains/11-independent-audit-stack/independent-b0/gen_b0_vectors.py; domains/11-independent-audit-stack/math/math_layer.py; domains/11-independent-audit-stack/property/differential_b0.py; domains/11-independent-audit-stack/property/test_props_b0.py; domains/11-independent-audit-stack/property/test_props_hashsig.py; domains/11-independent-audit-stack/property/test_props_modeB.py; domains/11-independent-audit-stack/property/test_props_tesla.py	# The audited sources now live in this repository (see domains/README.md).  Point\n# QPT128_SOURCES at the repository root, or leave it unset and the tree is found by\n# walking up from this file.  Every name passed to _load() is a file in that tree.\nQPT128_SOURCES = os.environ.get('QPT128_SOURCES') or _find_repo_root()\n\n\ndef _find_repo_root():\n    p = pathlib.Path(__file__).resolve()\n    for parent in [p.parent, *p.parents]:\n        if (parent / 'domains').is_dir():\n            return str(parent)\n    raise SystemExit('repository root not found; set QPT128_SOURCES')\n\n\ndef _resolve(filename):\n    if os.path.isabs(filename) and os.path.exists(filename):\n        return filename\n    for hit in sorted(pathlib.Path(QPT128_SOURCES).glob('domains/*/*/' + filename)) + \\n               sorted(pathlib.Path(QPT128_SOURCES).glob('domains/*/*/*/' + filename)):\n        return str(hit)\n    raise FileNotFoundError(filename)\n\n\ndef _load(name, filename):\n    spec = importlib.util.spec_from_file_location(name, _resolve(filename))	[judgement] the eleven stack modules load their targets by absolute path from a fixed directory. Repoint them at the repository itself: resolve each bare filename under domains/*/src or domains/*/history, with the environment variable QPT128_SOURCES as an override (the Dockerfile.math layer needs it). Add `import pathlib` (and `import os` where absent) and keep `sys.dont_write_bytecode = True` so nothing is written beside the sources. The sibling call sites keep their shape — only the filenames they pass change, see the rename rows below.
PYLIB = '<redacted: machine path>'	domains/11-independent-audit-stack/fixes/property_fixed/test_props_hashsig_fixed.py; domains/11-independent-audit-stack/math/math_layer.py; domains/11-independent-audit-stack/property/test_props_hashsig.py		[judgement] `sys.path.insert(0, ...)` of a scratch-directory pylib holds numpy / sympy / galois / hsslms (a locally built RFC 8554 helper). Delete the three lines and install the engines normally: numpy==2.2.6, sympy==1.14.0, galois==0.4.11 (numba==0.61.2 for the Dockerfile.math layer) and hsslms==0.1.3. Record that list in domains/11-independent-audit-stack/requirements.txt and say in the domain README that the engines are pinned, not vendored. The module-level imports below the deleted lines keep their `# noqa: E402` markers only if they are still needed.
export PYTHONPATH="${PYTHONPATH:-}:<redacted: machine path>"	domains/11-independent-audit-stack/run_all.sh	export PYTHONPATH="${PYTHONPATH:-}"	[judgement] same pylib dependency in the top-level driver; drop the extra path (install the engines).
export PYTHONPATH="<redacted: machine path>${PYTHONPATH:+:$PYTHONPATH}"	domains/11-independent-audit-stack/property/run_all.sh	export PYTHONPATH="${PYTHONPATH:-}"	[judgement] same pylib dependency in the property driver.
export PATH="<redacted: machine path>:<redacted: machine path>:$PATH"	domains/11-independent-audit-stack/formal/perlemma_n7_8g/run.sh	export PATH="${TAMARIN_PATH:-$PATH}"	[judgement] the Tamarin/Maude binaries are external tools (they are not in this repository): take them from PATH and let the caller add the install directory, or fail with the NOT RUN message the stack already prints elsewhere. Keep the script's per-lemma output files.
# Targets under <redacted: machine path> are loaded read-only (no bytecode is written there).	domains/11-independent-audit-stack/property/run_all.sh	# Targets are loaded read-only from the rest of this repository (no bytecode is written there).	[judgement] prose in a script header; reword, do not leave the local path.
Source of record: `<redacted: machine path>` (read-only). Pristine copy used for	domains/11-independent-audit-stack/implementation/TARGET_NOTES.md	Source of record: the repository copy of the v1.50 prover (read-only). Pristine copy used for	[judgement] prose pointer to the audited file; it now lives in domains/08-hidden-signers/history/.
Targets imported read-only from <redacted: machine path> Engines: Hypothesis 6.151, hsslms 0.1.3	domains/11-independent-audit-stack/property/FINDINGS.md	Targets imported read-only from the rest of this repository. Engines: Hypothesis 6.151, hsslms 0.1.3	[judgement] prose in the layer's findings note.
Everything lives in this directory; tools in ../../tools/. Nothing under <redacted: machine path> was read or written.	domains/11-independent-audit-stack/formal/FINDINGS.md	Everything lives in this directory; the external tools (Tamarin, Maude) are installed, not vendored. No file outside this repository was read or written.	[judgement] prose in the formal layer's findings note; ../../tools/ also stops resolving after the move.
#   docker run --rm -v <redacted: machine path>:<redacted: machine path>:ro -v "$PWD/math:<redacted: machine path>" qpt128-math:0.1	tooling/audit-stack/Dockerfile.math	#   docker run --rm -v <redacted: machine path>:<redacted: machine path>:ro -v "$PWD/math:<redacted: machine path>" -e QPT128_SOURCES=<redacted: machine path> qpt128-math:0.1	[judgement] the example command mounts the sources read-only and then names the mount point; the mount point and the QPT128_SOURCES variable must agree. The COPY line and ENTRYPOINT stay as they are (paths inside the image).
_spec = importlib.util.spec_from_file_location('modeB', os.path.join(_HERE, 'hidden_signer_modeB_v1.46.py'))	domains/08-hidden-signers/src/mode_b_voleith_toy.py	_spec = importlib.util.spec_from_file_location('modeB', os.path.join(_HERE, '..', 'history', 'hidden-signer-mode-b-v1.46.py'))	[judgement] the toy loads the v1.46 reference implementation, which is kept in the domain's history/ directory while the toy is a current file in src/. Path gains '..', 'history' and the kebab rename.
'hidden_signer_modeB_v1.46.py'	domains/08-hidden-signers/history/hidden-signer-32kib-v1.45.md; domains/08-hidden-signers/docs/hidden-signer-32kib.md; domains/08-hidden-signers/history/hidden-signer-mode-b-v1.46.py; domains/08-hidden-signers/history/hidden-signer-mode-b-v1.50.py; domains/08-hidden-signers/src/hidden_signer_mode_b.py; domains/08-hidden-signers/src/mode_b_rigorous_ledger.py; domains/08-hidden-signers/docs/mode-b-security.md; domains/08-hidden-signers/src/mode_b_voleith_toy.py	'hidden-signer-mode-b-v1.46.py'	[mechanical] rename of the loaded file. hidden_signer_modeB_v1.50.py loads it from its own directory and both land in domains/08-hidden-signers/history/, so that load keeps working unchanged; modeB_voleith_toy_v1.48.py is the one that needs the '..', 'history' climb (row above). The .md references are prose.
m50 = _load('modeB50', 'hidden_signer_modeB_v1.50.py')	domains/09-security-games-and-attack-lab/src/ceqs_attack_lab.py	m50 = _load('modeB50', '../../08-hidden-signers/history/hidden-signer-mode-b-v1.50.py')	[judgement] the attack lab (domain 09) drives the v1.50 signer that lives in the history/ of domain 08. The loader resolves relative to _HERE, so it needs the two-level climb plus the directory.
m50 = _load('modeB50', 'hidden_signer_modeB_v1.50.py')	domains/09-security-games-and-attack-lab/src/ceqs_games.py	m50 = _load('modeB50', '../../08-hidden-signers/history/hidden-signer-mode-b-v1.50.py')	[judgement] same cross-domain load in the games file; keep the surrounding comment explaining that v1.50 must be loaded first so that ModeBError stays a single class object.
SP = '<redacted: machine path>'	domains/10-digital-infrastructure/src/audit_ledger.py	SP = _HERE	[judgement] SP is the directory the harnesses are run from; after the move that is the directory the ledger itself sits in. The script already computes _HERE a few lines above, so reuse it.
    with open(os.path.join(_HERE, 'AUDIT_LEDGER_v2.1.json'), 'w') as f:	domains/10-digital-infrastructure/src/audit_ledger.py	    with open(os.path.join(_HERE, 'audit-ledger.json'), 'w') as f:	[judgement] output name loses the version suffix (the current file rule) and must NOT be pointed at records/AUDIT_LEDGER_v2.1.json — that copy is the canonical released ledger and stays byte-identical. A re-run writes the fresh ledger beside the harness as audit-ledger.json; see the re-run policy in maps/REPO_LAYOUT.md.
    with open(os.path.join(_HERE, 'AUDIT_CHECKLIST_v2.1.md'), 'w') as f:	domains/10-digital-infrastructure/src/audit_ledger.py	    with open(os.path.join(_HERE, 'audit-checklist.md'), 'w') as f:	[judgement] same for the generated checklist.
    'S1': ('pq_audit_s1_lms_v2.1.py', 'Firmware / LMS (RFC 8554, SP 800-208)'),	domains/10-digital-infrastructure/src/audit_ledger.py	    'S1': ('s1_lms.py', 'Firmware / LMS (RFC 8554, SP 800-208)'),	[judgement] the ledger re-runs each suite by filename. S1 has two harness revisions in the tree: v2.1 (history/, the one this ledger was written against) and v2.2 (src/, current). Pointing the ledger at s1_lms.py makes a re-run report the current revision; if the intent is to reproduce the released ledger exactly, point it at '../history/s1_lms-v2.1.py' instead. Choose one and say which in the domain README — the released records/AUDIT_LEDGER_v2.1.json is not re-generated either way.
'pq_audit_s2_dns_worstcase_v2.1.py'	domains/10-digital-infrastructure/src/audit_ledger.py	's2_dns_worstcase.py'	[mechanical] filename loses the version suffix; the target sits in the same directory, which is why all D10 Python is kept in one src/ directory.
'pq_audit_s3_tls_wire_v2.1.py'	domains/10-digital-infrastructure/src/audit_ledger.py	's3_tls_wire.py'	[mechanical] filename loses the version suffix; the target sits in the same directory, which is why all D10 Python is kept in one src/ directory.
'pq_audit_s4_tesla_adversarial_v2.1.py'	domains/10-digital-infrastructure/src/audit_ledger.py	's4_tesla_adversarial.py'	[mechanical] filename loses the version suffix; the target sits in the same directory, which is why all D10 Python is kept in one src/ directory.
'pq_audit_s5_bds_faults_v2.1.py'	domains/10-digital-infrastructure/src/audit_ledger.py	's5_bds_faults.py'	[mechanical] filename loses the version suffix; the target sits in the same directory, which is why all D10 Python is kept in one src/ directory.
'pq_audit_s6_hybrid_games_v2.1.py'	domains/10-digital-infrastructure/src/audit_ledger.py	's6_hybrid_games.py'	[mechanical] filename loses the version suffix; the target sits in the same directory, which is why all D10 Python is kept in one src/ directory.
'model': 'pq_infra_s3_tls_pki_v2.0.py'	domains/10-digital-infrastructure/src/s3_tls_wire.py	'model': 's3_tls_pki.py'	[mechanical] the report names the model it measured; the name in the new tree is s3_tls_pki.py. (The same file is loaded a few lines above through _HERE — that load needs the same rename only.)
            'inputs': ['pq_infra_s6_migration_agility_v2.0.py', 'pq_infra_s4_embedded_broadcast_v2.0.py'],	domains/10-digital-infrastructure/src/s6_hybrid_games.py	            'inputs': ['s6_migration_agility.py', 's4_embedded_broadcast.py'],	[mechanical] report metadata naming the two models this suite loads; both keep the same directory.
# slope of log2(k) vs n ≈ 0.5	domains/10-digital-infrastructure/src/s1_lms.py	# slope of log2(k) vs n ≈ 0.5	[judgement] S1-011: the test takes a secret, derives k = n/4 (?) rows and fits the Grover slope. The four-point mean and the sum-of-squares are written for exactly four rows, so any change in the row count silently divides by the wrong constant. Replace the hand-rolled fit with a median of 41 independent draws of the same regression slope and assert the same bounds (0.5 delta 0.06), and report the median plus the interquartile range in the test output. This changes the file's sha256; record the original bytes in records/ before the edit.
path = "../../continuation_v1.17/binius64-source/crates/	domains/03-zk-carrier-experiments/history/v1.27/adapter/Cargo.toml; domains/03-zk-carrier-experiments/history/v1.27b/adapter/Cargo.toml; domains/03-zk-carrier-experiments/history/v1.28/adapter/Cargo.toml; domains/03-zk-carrier-experiments/src/adapter/Cargo.toml	git = "https:/<redacted: machine path>"	[judgement] all four adapter revisions carry fourteen `binius-<crate> = { path = "../../continuation_v1.17/binius64-source/crates/<crate>" }` entries that pointed two levels up at the vendored upstream checkout, which is not in this repository (see the vendored note in maps/file-map.tsv). Each entry becomes a pinned git dependency: { git = "https:/<redacted: machine path>", rev = "37e9cd64e82243cde0e79c7d8ac0dc319f1cbeb4" } for the same crate name, plus a note that the adapters were built with the workspace at 0.1.0 / edition 2024 / Rust 1.97.1 and that the prover_memory.patch in continuation_v1.17 was applied to that checkout before building. Regenerate Cargo.lock (it is not redistributed). Keep the [profile.release.package.*] sections as they are.
    shutil.copy2(source / "bin/ceqs-fixed-pair-v127b", output / "bin/ceqs-fixed-pair-v127b")\n    (output / "bin/ceqs-fixed-pair-v127b").chmod(0o700)	domains/03-zk-carrier-experiments/src/regenerate.py		[judgement] the compiled adapter binary is not in this repository (exclude-binary). Delete the two lines and print the rebuild command instead: build the adapter from src/adapter (see the domain README), then copy target/release/ceqs-fixed-pair-v127b to bin/ inside the working copy. The script must still fail loudly if the freshly built binary is missing when the verification step runs.
binary=root/'bin/ceqs-	domains/03-zk-carrier-experiments/history/v1.27/run_native.py	binary=Path(os.environ.get('CEQS_BIN', root/'bin/ceqs-	[judgement] the adapter executables are excluded from the repository. Take the path from an environment variable (CEQS_BIN) and fall back to the historical bin/ location, and document in the domain README that the binary is built from src/adapter and was not redistributed. The recorded hashes of the runs stay in results/.
binary=root/'bin/ceqs-	domains/03-zk-carrier-experiments/history/v1.27b/run_native.py	binary=Path(os.environ.get('CEQS_BIN', root/'bin/ceqs-	[judgement] the adapter executables are excluded from the repository. Take the path from an environment variable (CEQS_BIN) and fall back to the historical bin/ location, and document in the domain README that the binary is built from src/adapter and was not redistributed. The recorded hashes of the runs stay in results/.
binary=root/'bin/ceqs-	domains/03-zk-carrier-experiments/history/v1.28/run_native.py	binary=Path(os.environ.get('CEQS_BIN', root/'bin/ceqs-	[judgement] the adapter executables are excluded from the repository. Take the path from an environment variable (CEQS_BIN) and fall back to the historical bin/ location, and document in the domain README that the binary is built from src/adapter and was not redistributed. The recorded hashes of the runs stay in results/.
binary=root/'bin/ceqs-	domains/03-zk-carrier-experiments/src/run_native.py	binary=Path(os.environ.get('CEQS_BIN', root/'bin/ceqs-	[judgement] the adapter executables are excluded from the repository. Take the path from an environment variable (CEQS_BIN) and fall back to the historical bin/ location, and document in the domain README that the binary is built from src/adapter and was not redistributed. The recorded hashes of the runs stay in results/.
BINARY=RUN/'bin/ceqs-	domains/03-zk-carrier-experiments/history/v1.27/verify_public.py	BINARY=Path(os.environ.get('CEQS_BIN', RUN/'bin/ceqs-	[judgement] same: env override plus the documented rebuild pointer.
BINARY=RUN/'bin/ceqs-	domains/03-zk-carrier-experiments/history/v1.27b/verify_public.py	BINARY=Path(os.environ.get('CEQS_BIN', RUN/'bin/ceqs-	[judgement] same: env override plus the documented rebuild pointer.
BINARY=RUN/'bin/ceqs-	domains/03-zk-carrier-experiments/history/v1.28/verify_public.py	BINARY=Path(os.environ.get('CEQS_BIN', RUN/'bin/ceqs-	[judgement] same: env override plus the documented rebuild pointer.
BINARY=RUN/'bin/ceqs-	domains/03-zk-carrier-experiments/src/verify_public.py	BINARY=Path(os.environ.get('CEQS_BIN', RUN/'bin/ceqs-	[judgement] same: env override plus the documented rebuild pointer.
chmod u+x continuation_v1.	domains/03-zk-carrier-experiments/history/v1.27b/reproduce.sh	# release the built adapters (see the domain README); the compiled binaries are not redistributed with this repository	[judgement] the line chmods the extracted binaries; they are not in the repository. Replace with the rebuild instruction and drop the chmod.
chmod u+x continuation_v1.	domains/03-zk-carrier-experiments/history/v1.28/reproduce.sh	# release the built adapters (see the domain README); the compiled binaries are not redistributed with this repository	[judgement] the line chmods the extracted binaries; they are not in the repository. Replace with the rebuild instruction and drop the chmod.
chmod u+x continuation_v1.	domains/03-zk-carrier-experiments/src/reproduce.sh	# release the built adapters (see the domain README); the compiled binaries are not redistributed with this repository	[judgement] the line chmods the extracted binaries; they are not in the repository. Replace with the rebuild instruction and drop the chmod.
OUT=ROOT/'deliverables/PQ_CE_QS_v1.27_relation_reduction_experiment.zip'	domains/03-zk-carrier-experiments/src/build_review_bundle.py	OUT=Path(os.environ.get('REVIEW_BUNDLE_OUT', Path.cwd()/'review-bundle.zip'))	[judgement] the packaging scripts build the review zips that were shipped with the original study; the zips themselves are excluded (exclude-archive), and the original zip layout is not this repository's layout. Keep the script as the record of what the bundle contained, but write to a caller-named path and repoint its inputs at the new tree: continuation_v1.27 -> history/v1.27, continuation_v1.27b -> history/v1.27b, continuation_v1.25 -> history/v1.25, continuation_v1.26/analysis_note.md -> history/v1.26/analysis-note.md, continuation_v1.17/method.md -> docs/method.md, continuation_v1.17/source_comparison.json and recompute_final_checks.json -> history/v1.17/, deliverables/ce_qs_prover_memory_v1_17.patch -> src/prover_memory.patch, and drop the 'continuation_v1.17/binius64-source' item from the folder loop (the upstream tree is not in this repository). Member names such as 'README.md', 'SOURCE_MANIFEST.json' and 'reproduce.sh' are names inside the produced archive: leave them alone.
old=BASE/'deliverables/PQ_CE_QS_v1.27_relation_reduction_experiment.zip'	domains/03-zk-carrier-experiments/src/package_carriers.py	old=BASE/'history/v1.27'	[judgement] the v1.28 packaging script grafted the new members onto the previous zip. The previous package survives in this repository as the extracted directory history/v1.27/, so rebuild from the directory: iterate the files of history/v1.27/ and add each under its path relative to history/, keeping 'history/v1.27_'+name as the member name for the four entries that were flattened in the original archive (README.md, SOURCE_MANIFEST.json, PACKAGE_VALIDATION.json, reproduce.sh) - that string names a member of the produced archive, not a file in this repository.
OLD=BASE/'deliverables/PQ_CE_QS_v1.28_carrier_experiment.zip'	domains/03-zk-carrier-experiments/src/package_update.py	OLD=BASE/'history/v1.28'	[judgement] same for the v1.29 update script: the previous package is the extracted history/v1.28/ directory. Keep members['reproduce_previous.sh'] fed from history/v1.28/reproduce.sh, and keep the 'history/v1.28_'+name mapping of the four flattened members as names inside the produced archive.
NEW=BASE/'deliverables/PQ_CE_QS_v1.29_MLKEM_MLDSA_experiment.zip'	domains/03-zk-carrier-experiments/src/package_update.py	NEW=Path(os.environ.get('PACKAGE_OUT', Path.cwd()/'PQ_CE_QS_v1.29_MLKEM_MLDSA_experiment.zip'))	[judgement] write the rebuilt archive where the caller asks, not into a deliverables/ directory that no longer exists.
NAME='pqcrypto-0.3.4-cp312-cp312-manylinux_2_17_x86_64.manylinux2014_x86_64.whl'	domains/03-zk-carrier-experiments/src/install_dependency.py	NAME='pqcrypto-0.3.4-cp312-cp312-manylinux_2_17_x86_64.manylinux2014_x86_64.whl'	[no-rewrite] the wheel is named, not located: the script installs it from dependencies/ if present and otherwise from the recorded upstream URL and sha256 in dependency_provenance.json (which is copied and keeps those values verbatim). Say in the domain README that the wheel itself is not redistributed (exclude-archive) and that the provenance record is the fallback.
'fixture'	domains/03-zk-carrier-experiments/history/v1.27b/run_native.py; domains/03-zk-carrier-experiments/history/v1.28/run_native.py	'../../fixtures'	[mechanical] the fixture root is written without a trailing slash (`root=RUN/'fixture'`); it becomes the domain-level fixtures/ directory, so the literal is replaced by the relative path from the script's new directory to it. The paths built from that root (`folder=root/'fixture'/a.case`, `root/'config.json'`) follow automatically.
'fixture'	domains/03-zk-carrier-experiments/src/make_fixture.py; domains/03-zk-carrier-experiments/src/analyze_existing_carriers.py; domains/03-zk-carrier-experiments/src/audit_carriers.py; domains/03-zk-carrier-experiments/src/run_native.py	'../fixtures'	[mechanical] the fixture root is written without a trailing slash (`root=RUN/'fixture'`); it becomes the domain-level fixtures/ directory, so the literal is replaced by the relative path from the script's new directory to it. The paths built from that root (`folder=root/'fixture'/a.case`, `root/'config.json'`) follow automatically.
'fixture/	domains/03-zk-carrier-experiments/history/v1.27b/check_public_mutations.py; domains/03-zk-carrier-experiments/history/v1.27b/run_native.py; domains/03-zk-carrier-experiments/history/v1.28/check_public_mutations.py; domains/03-zk-carrier-experiments/history/v1.28/run_native.py	'../../fixtures/	[mechanical] the per-revision fixture/ directory is replaced by the single domain-level fixtures/ directory (the revisions' copies were byte-identical, so only one was kept). The replacement prefix is the relative path from each script's new directory to domains/03-zk-carrier-experiments/fixtures/, so the same literal yields different prefixes in src/ and in history/. Everything built on the literal follows it: fixture/config.json, fixture/case0/trace43_rate3.pf27, fixture/case1/trace43_rate3.pf27, fixture/case0/trace43_rate3.pf28, fixture/case1/trace43_rate3.pf28, fixture/case0/trace43_rate3.pf2p and fixture/case1/trace43_rate3.pf2p in check_public_mutations.py, and root/'fixture/config.json' in run_native.py. Scripts in history/v1.27/ keep their own fixture/ copy and are not touched.
'fixture/	domains/03-zk-carrier-experiments/src/check_public_mutations.py; domains/03-zk-carrier-experiments/src/run_native.py	'../fixtures/	[mechanical] the per-revision fixture/ directory is replaced by the single domain-level fixtures/ directory (the revisions' copies were byte-identical, so only one was kept). The replacement prefix is the relative path from each script's new directory to domains/03-zk-carrier-experiments/fixtures/, so the same literal yields different prefixes in src/ and in history/. Everything built on the literal follows it: fixture/config.json, fixture/case0/trace43_rate3.pf27, fixture/case1/trace43_rate3.pf27, fixture/case0/trace43_rate3.pf28, fixture/case1/trace43_rate3.pf28, fixture/case0/trace43_rate3.pf2p and fixture/case1/trace43_rate3.pf2p in check_public_mutations.py, and root/'fixture/config.json' in run_native.py. Scripts in history/v1.27/ keep their own fixture/ copy and are not touched.
evidence_audit.json	domains/03-zk-carrier-experiments/src/audit_results.py	../results/evidence-audit.json	[mechanical] relative path literal whose target moved: the file is copied to domains/03-zk-carrier-experiments/src/audit_results.py and the target to domains/03-zk-carrier-experiments/results/evidence-audit.json, so only the literal is recomputed (lines 82).
public_negative_checks.json	domains/03-zk-carrier-experiments/src/audit_results.py	../history/v1.27b/public_negative_checks.json	[mechanical] relative path literal whose target moved: the file is copied to domains/03-zk-carrier-experiments/src/audit_results.py and the target to domains/03-zk-carrier-experiments/history/v1.27b/public_negative_checks.json, so only the literal is recomputed (lines 74).
public_verification.json	domains/03-zk-carrier-experiments/src/audit_results.py	../history/v1.27b/public_verification.json	[mechanical] relative path literal whose target moved: the file is copied to domains/03-zk-carrier-experiments/src/audit_results.py and the target to domains/03-zk-carrier-experiments/history/v1.27b/public_verification.json, so only the literal is recomputed (lines 59).
assessment.md	domains/03-zk-carrier-experiments/src/build_review_bundle.py	../history/v1.27b/assessment.md	[mechanical] relative path literal whose target moved: the file is copied to domains/03-zk-carrier-experiments/src/build_review_bundle.py and the target to domains/03-zk-carrier-experiments/history/v1.27b/assessment.md, so only the literal is recomputed (lines 20).
encode_case0.json	domains/03-zk-carrier-experiments/src/build_review_bundle.py	../history/v1.27b/encode_case0.json	[mechanical] relative path literal whose target moved: the file is copied to domains/03-zk-carrier-experiments/src/build_review_bundle.py and the target to domains/03-zk-carrier-experiments/history/v1.27b/encode_case0.json, so only the literal is recomputed (lines 20).
encode_case1.json	domains/03-zk-carrier-experiments/src/build_review_bundle.py	../history/v1.27b/encode_case1.json	[mechanical] relative path literal whose target moved: the file is copied to domains/03-zk-carrier-experiments/src/build_review_bundle.py and the target to domains/03-zk-carrier-experiments/history/v1.27b/encode_case1.json, so only the literal is recomputed (lines 20).
public_verification.json	domains/03-zk-carrier-experiments/src/build_review_bundle.py	../history/v1.27b/public_verification.json	[mechanical] relative path literal whose target moved: the file is copied to domains/03-zk-carrier-experiments/src/build_review_bundle.py and the target to domains/03-zk-carrier-experiments/history/v1.27b/public_verification.json, so only the literal is recomputed (lines 20).
private_input_deletion.json	domains/03-zk-carrier-experiments/src/regenerate.py	../results/private-input-deletion.json	[mechanical] relative path literal whose target moved: the file is copied to domains/03-zk-carrier-experiments/src/regenerate.py and the target to domains/03-zk-carrier-experiments/results/private-input-deletion.json, so only the literal is recomputed (lines 49).
public_verification.json	domains/03-zk-carrier-experiments/src/regenerate.py	../history/v1.27b/public_verification.json	[mechanical] relative path literal whose target moved: the file is copied to domains/03-zk-carrier-experiments/src/regenerate.py and the target to domains/03-zk-carrier-experiments/history/v1.27b/public_verification.json, so only the literal is recomputed (lines 58).
existing_carrier_results.json	domains/03-zk-carrier-experiments/src/analyze_existing_carriers.py	../results/existing-carrier-results.json	[mechanical] relative path literal whose target moved: the file is copied to domains/03-zk-carrier-experiments/src/analyze_existing_carriers.py and the target to domains/03-zk-carrier-experiments/results/existing-carrier-results.json, so only the literal is recomputed (lines 41).
carrier_audit.json	domains/03-zk-carrier-experiments/src/audit_carriers.py	../results/carrier-audit.json	[mechanical] relative path literal whose target moved: the file is copied to domains/03-zk-carrier-experiments/src/audit_carriers.py and the target to domains/03-zk-carrier-experiments/results/carrier-audit.json, so only the literal is recomputed (lines 43).
public_negative_checks.json	domains/03-zk-carrier-experiments/src/audit_carriers.py	../history/v1.28/public_negative_checks.json	[mechanical] relative path literal whose target moved: the file is copied to domains/03-zk-carrier-experiments/src/audit_carriers.py and the target to domains/03-zk-carrier-experiments/history/v1.28/public_negative_checks.json, so only the literal is recomputed (lines 15).
public_verification.json	domains/03-zk-carrier-experiments/src/audit_carriers.py	../history/v1.28/public_verification.json	[mechanical] relative path literal whose target moved: the file is copied to domains/03-zk-carrier-experiments/src/audit_carriers.py and the target to domains/03-zk-carrier-experiments/history/v1.28/public_verification.json, so only the literal is recomputed (lines 12).
seed_carrier_results.json	domains/03-zk-carrier-experiments/src/seed_carrier_demo.py	../results/seed-carrier-results.json	[mechanical] relative path literal whose target moved: the file is copied to domains/03-zk-carrier-experiments/src/seed_carrier_demo.py and the target to domains/03-zk-carrier-experiments/results/seed-carrier-results.json, so only the literal is recomputed (lines 73).
public_negative_checks.json	domains/03-zk-carrier-experiments/src/check_public_mutations.py	../results/public-negative-checks.json	[mechanical] relative path literal whose target moved: the file is copied to domains/03-zk-carrier-experiments/src/check_public_mutations.py and the target to domains/03-zk-carrier-experiments/results/public-negative-checks.json, so only the literal is recomputed (lines 46).
assessment.md	domains/03-zk-carrier-experiments/src/package_update.py	../docs/package-assessment.md	[mechanical] relative path literal whose target moved: the file is copied to domains/03-zk-carrier-experiments/src/package_update.py and the target to domains/03-zk-carrier-experiments/docs/package-assessment.md, so only the literal is recomputed (lines 28).
evidence/public_approval_audit.json	domains/03-zk-carrier-experiments/src/verify_audit.py	../results/public-approval-audit.json	[mechanical] relative path literal whose target moved: the file is copied to domains/03-zk-carrier-experiments/src/verify_audit.py and the target to domains/03-zk-carrier-experiments/results/public-approval-audit.json, so only the literal is recomputed (lines 24).
hidden_signer_modeB_v1.50.py	domains/09-security-games-and-attack-lab/src/ceqs_attack_lab.py	../../08-hidden-signers/history/hidden-signer-mode-b-v1.50.py	[mechanical] relative path literal whose target moved: the file is copied to domains/09-security-games-and-attack-lab/src/ceqs_attack_lab.py and the target to domains/08-hidden-signers/history/hidden-signer-mode-b-v1.50.py, so only the literal is recomputed (lines 73).
hidden_signer_modeB_v1.50.py	domains/09-security-games-and-attack-lab/src/ceqs_games.py	../../08-hidden-signers/history/hidden-signer-mode-b-v1.50.py	[mechanical] relative path literal whose target moved: the file is copied to domains/09-security-games-and-attack-lab/src/ceqs_games.py and the target to domains/08-hidden-signers/history/hidden-signer-mode-b-v1.50.py, so only the literal is recomputed (lines 63).
hidden_signer_modeB_v1.46.py	domains/08-hidden-signers/history/hidden-signer-mode-b-v1.50.py	hidden-signer-mode-b-v1.46.py	[mechanical] relative path literal whose target moved: the file is copied to domains/08-hidden-signers/history/hidden-signer-mode-b-v1.50.py and the target to domains/08-hidden-signers/history/hidden-signer-mode-b-v1.46.py, so only the literal is recomputed (lines 36).
hidden_signer_modeB_v1.46.py	domains/08-hidden-signers/src/hidden_signer_mode_b.py	../history/hidden-signer-mode-b-v1.46.py	[mechanical] relative path literal whose target moved: the file is copied to domains/08-hidden-signers/src/hidden_signer_mode_b.py and the target to domains/08-hidden-signers/history/hidden-signer-mode-b-v1.46.py, so only the literal is recomputed (lines 38).
hidden_signer_modeB_v1.46.py	domains/08-hidden-signers/src/mode_b_voleith_toy.py	../history/hidden-signer-mode-b-v1.46.py	[mechanical] relative path literal whose target moved: the file is copied to domains/08-hidden-signers/src/mode_b_voleith_toy.py and the target to domains/08-hidden-signers/history/hidden-signer-mode-b-v1.46.py, so only the literal is recomputed (lines 67).
AUDIT_CHECKLIST_v2.1.md	domains/10-digital-infrastructure/src/audit_ledger.py	../../../records/audit-checklist.md	[mechanical] relative path literal whose target moved: the file is copied to domains/10-digital-infrastructure/src/audit_ledger.py and the target to records/audit-checklist.md, so only the literal is recomputed (lines 241).
AUDIT_LEDGER_v2.1.json	domains/10-digital-infrastructure/src/audit_ledger.py	../../../records/audit-ledger.json	[mechanical] relative path literal whose target moved: the file is copied to domains/10-digital-infrastructure/src/audit_ledger.py and the target to records/audit-ledger.json, so only the literal is recomputed (lines 239).
pq_audit_s1_lms_v2.1.py	domains/10-digital-infrastructure/src/audit_ledger.py	../history/s1_lms-v2.1.py	[mechanical] relative path literal whose target moved: the file is copied to domains/10-digital-infrastructure/src/audit_ledger.py and the target to domains/10-digital-infrastructure/history/s1_lms-v2.1.py, so only the literal is recomputed (lines 30).
pq_audit_s2_dns_worstcase_v2.1.py	domains/10-digital-infrastructure/src/audit_ledger.py	s2_dns_worstcase.py	[mechanical] relative path literal whose target moved: the file is copied to domains/10-digital-infrastructure/src/audit_ledger.py and the target to domains/10-digital-infrastructure/src/s2_dns_worstcase.py, so only the literal is recomputed (lines 31).
pq_audit_s3_tls_wire_v2.1.py	domains/10-digital-infrastructure/src/audit_ledger.py	s3_tls_wire.py	[mechanical] relative path literal whose target moved: the file is copied to domains/10-digital-infrastructure/src/audit_ledger.py and the target to domains/10-digital-infrastructure/src/s3_tls_wire.py, so only the literal is recomputed (lines 32).
pq_audit_s4_tesla_adversarial_v2.1.py	domains/10-digital-infrastructure/src/audit_ledger.py	s4_tesla_adversarial.py	[mechanical] relative path literal whose target moved: the file is copied to domains/10-digital-infrastructure/src/audit_ledger.py and the target to domains/10-digital-infrastructure/src/s4_tesla_adversarial.py, so only the literal is recomputed (lines 33).
pq_audit_s5_bds_faults_v2.1.py	domains/10-digital-infrastructure/src/audit_ledger.py	s5_bds_faults.py	[mechanical] relative path literal whose target moved: the file is copied to domains/10-digital-infrastructure/src/audit_ledger.py and the target to domains/10-digital-infrastructure/src/s5_bds_faults.py, so only the literal is recomputed (lines 34).
pq_audit_s6_hybrid_games_v2.1.py	domains/10-digital-infrastructure/src/audit_ledger.py	s6_hybrid_games.py	[mechanical] relative path literal whose target moved: the file is copied to domains/10-digital-infrastructure/src/audit_ledger.py and the target to domains/10-digital-infrastructure/src/s6_hybrid_games.py, so only the literal is recomputed (lines 35).
pq_infra_s4_embedded_broadcast_v2.0.py	domains/10-digital-infrastructure/history/s1_lms-v2.1.py	../src/s4_embedded_broadcast.py	[mechanical] relative path literal whose target moved: the file is copied to domains/10-digital-infrastructure/history/s1_lms-v2.1.py and the target to domains/10-digital-infrastructure/src/s4_embedded_broadcast.py, so only the literal is recomputed (lines 353).
pq_infra_s4_embedded_broadcast_v2.0.py	domains/10-digital-infrastructure/src/s1_lms.py	s4_embedded_broadcast.py	[mechanical] relative path literal whose target moved: the file is copied to domains/10-digital-infrastructure/src/s1_lms.py and the target to domains/10-digital-infrastructure/src/s4_embedded_broadcast.py, so only the literal is recomputed (lines 365).
pq_infra_s1s2_hashsig_dnssec_v2.0.py	domains/10-digital-infrastructure/src/s2_dns_worstcase.py	s1s2_hashsig_dnssec-v2.0.py	[mechanical] relative path literal whose target moved: the file is copied to domains/10-digital-infrastructure/src/s2_dns_worstcase.py and the target to domains/10-digital-infrastructure/src/s1s2_hashsig_dnssec-v2.0.py, so only the literal is recomputed (lines 44).
pq_infra_s3_tls_pki_v2.0.py	domains/10-digital-infrastructure/src/s3_tls_wire.py	s3_tls_pki.py	[mechanical] relative path literal whose target moved: the file is copied to domains/10-digital-infrastructure/src/s3_tls_wire.py and the target to domains/10-digital-infrastructure/src/s3_tls_pki.py, so only the literal is recomputed (lines 15, 536).
pq_infra_s4_embedded_broadcast_v2.0.py	domains/10-digital-infrastructure/src/s4_tesla_adversarial.py	s4_embedded_broadcast.py	[mechanical] relative path literal whose target moved: the file is copied to domains/10-digital-infrastructure/src/s4_tesla_adversarial.py and the target to domains/10-digital-infrastructure/src/s4_embedded_broadcast.py, so only the literal is recomputed (lines 39, 552).
pq_infra_s5_smartcard_hsm_v2.0.py	domains/10-digital-infrastructure/src/s5_bds_faults.py	s5_smartcard_hsm.py	[mechanical] relative path literal whose target moved: the file is copied to domains/10-digital-infrastructure/src/s5_bds_faults.py and the target to domains/10-digital-infrastructure/src/s5_smartcard_hsm.py, so only the literal is recomputed (lines 40).
pq_infra_s4_embedded_broadcast_v2.0.py	domains/10-digital-infrastructure/src/s6_hybrid_games.py	s4_embedded_broadcast.py	[mechanical] relative path literal whose target moved: the file is copied to domains/10-digital-infrastructure/src/s6_hybrid_games.py and the target to domains/10-digital-infrastructure/src/s4_embedded_broadcast.py, so only the literal is recomputed (lines 40, 466).
pq_infra_s6_migration_agility_v2.0.py	domains/10-digital-infrastructure/src/s6_hybrid_games.py	s6_migration_agility.py	[mechanical] relative path literal whose target moved: the file is copied to domains/10-digital-infrastructure/src/s6_hybrid_games.py and the target to domains/10-digital-infrastructure/src/s6_migration_agility.py, so only the literal is recomputed (lines 39, 466).
pq_infra_s1s2_hashsig_dnssec_v2.0.py	domains/10-digital-infrastructure/src/s3_tls_pki.py	s1s2_hashsig_dnssec-v2.0.py	[mechanical] relative path literal whose target moved: the file is copied to domains/10-digital-infrastructure/src/s3_tls_pki.py and the target to domains/10-digital-infrastructure/src/s1s2_hashsig_dnssec-v2.0.py, so only the literal is recomputed (lines 40).
pq_infra_s1s2_hashsig_dnssec_v2.0.py	domains/10-digital-infrastructure/src/s4_embedded_broadcast.py	s1s2_hashsig_dnssec-v2.0.py	[mechanical] relative path literal whose target moved: the file is copied to domains/10-digital-infrastructure/src/s4_embedded_broadcast.py and the target to domains/10-digital-infrastructure/src/s1s2_hashsig_dnssec-v2.0.py, so only the literal is recomputed (lines 45).
pq_infra_s4_embedded_broadcast_v2.0.py	domains/10-digital-infrastructure/src/s5_smartcard_hsm.py	s4_embedded_broadcast.py	[mechanical] relative path literal whose target moved: the file is copied to domains/10-digital-infrastructure/src/s5_smartcard_hsm.py and the target to domains/10-digital-infrastructure/src/s4_embedded_broadcast.py, so only the literal is recomputed (lines 50).
pq_infra_s1s2_hashsig_dnssec_v2.0.py	domains/10-digital-infrastructure/src/s6_migration_agility.py	s1s2_hashsig_dnssec-v2.0.py	[mechanical] relative path literal whose target moved: the file is copied to domains/10-digital-infrastructure/src/s6_migration_agility.py and the target to domains/10-digital-infrastructure/src/s1s2_hashsig_dnssec-v2.0.py, so only the literal is recomputed (lines 45).
pq_infra_s3_tls_pki_v2.0.py	domains/10-digital-infrastructure/src/s6_migration_agility.py	s3_tls_pki.py	[mechanical] relative path literal whose target moved: the file is copied to domains/10-digital-infrastructure/src/s6_migration_agility.py and the target to domains/10-digital-infrastructure/src/s3_tls_pki.py, so only the literal is recomputed (lines 46).
pq_infra_s4_embedded_broadcast_v2.0.py	domains/10-digital-infrastructure/src/s6_migration_agility.py	s4_embedded_broadcast.py	[mechanical] relative path literal whose target moved: the file is copied to domains/10-digital-infrastructure/src/s6_migration_agility.py and the target to domains/10-digital-infrastructure/src/s4_embedded_broadcast.py, so only the literal is recomputed (lines 47).
AUDIT_CHECKLIST_v2.1.md	domains/10-digital-infrastructure/src/audit_ledger.py; domains/10-digital-infrastructure/docs/pq-infra-audit.md	audit-checklist.md	[mechanical] the file is renamed (AUDIT_CHECKLIST_v2.1.md -> audit-checklist.md); every quoted reference to the bare name follows the rename.
AUDIT_LEDGER_v2.1.json	domains/10-digital-infrastructure/src/audit_ledger.py; domains/10-digital-infrastructure/docs/pq-infra-audit.md	audit-ledger.json	[mechanical] the file is renamed (AUDIT_LEDGER_v2.1.json -> audit-ledger.json); every quoted reference to the bare name follows the rename.
B0_wire_spec_v1.44.md	domains/11-independent-audit-stack/docs/audit-stack-overview.md; domains/11-independent-audit-stack/independent-b0/SPEC_GAPS.md; domains/11-independent-audit-stack/independent-b0/b0_indep.py; domains/11-independent-audit-stack/independent-b0/gen_b0_vectors.py	b0-wire-spec.md	[mechanical] the file is renamed (B0_wire_spec_v1.44.md -> b0-wire-spec.md); every quoted reference to the bare name follows the rename. The name also appears in the unchanged records audit_stack_v0.2/qpt_audit_stack/independent/b0_vectors.json; audit_stack_v0.2/qpt_audit_stack/independent/independent_results.json.
FAILED_ASSUMPTIONS.md	records/failed-assumptions.md; records/fixes.md; domains/11-independent-audit-stack/fixes/make_fixes.py; domains/08-hidden-signers/src/mode_b_prover.c; domains/10-digital-infrastructure/docs/pq-infra-audit.md	failed-assumptions.md	[mechanical] the file is renamed (FAILED_ASSUMPTIONS.md -> failed-assumptions.md); every quoted reference to the bare name follows the rename.
FIXES_v2.2.md	records/failed-assumptions.md; domains/11-independent-audit-stack/docs/audit-stack-overview.md; domains/11-independent-audit-stack/docs/stack-readme.md	fixes.md	[mechanical] the file is renamed (FIXES_v2.2.md -> fixes.md); every quoted reference to the bare name follows the rename.
PACKAGE_VALIDATION.json	domains/03-zk-carrier-experiments/src/build_review_bundle.py; domains/03-zk-carrier-experiments/src/package_carriers.py; domains/03-zk-carrier-experiments/src/package_update.py	package-validation.json	[mechanical] the file is renamed (PACKAGE_VALIDATION.json -> package-validation.json); every quoted reference to the bare name follows the rename. The name also appears in the unchanged records PQ_CE_QS_v1 (2).29_MLKEM_MLDSA_experiment/history/v1.27_SOURCE_MANIFEST.json.
PQ_AQC_Frontier_ConflictExtraction_v0_1.md	domains/06-qpt128-security-target/docs/qpt128-finalization.md	frontier-conflict-extraction.md	[mechanical] the file is renamed (PQ_AQC_Frontier_ConflictExtraction_v0_1.md -> frontier-conflict-extraction.md); every quoted reference to the bare name follows the rename.
PQ_AQC_research_proof_documentation_v0.5.md	domains/06-qpt128-security-target/docs/qpt128-finalization.md	research-proof-documentation-v0.5.md	[mechanical] the file is renamed (PQ_AQC_research_proof_documentation_v0.5.md -> research-proof-documentation-v0.5.md); every quoted reference to the bare name follows the rename.
PQ_AQC_research_proof_documentation_v0.7.md	domains/06-qpt128-security-target/docs/qpt128-finalization.md	research-proof-documentation.md	[mechanical] the file is renamed (PQ_AQC_research_proof_documentation_v0.7.md -> research-proof-documentation.md); every quoted reference to the bare name follows the rename.
PQ_CE_QS_blocker_resolution_v1.19.md	domains/06-qpt128-security-target/docs/qpt128-finalization.md	blocker-resolution-v1.19.md	[mechanical] the file is renamed (PQ_CE_QS_blocker_resolution_v1.19.md -> blocker-resolution-v1.19.md); every quoted reference to the bare name follows the rename.
PQ_CE_QS_distributed_certified_tag_proof_v1.0.md	domains/02-ceqs-construction-evolution/results/sha256sums-v1.0.txt	PQ_CE_QS_distributed_certified_tag_proof_v1.0.md	[no-rewrite] only recorded outputs and inventories mention this name, and they document the package as it was built (hashes, member lists, tracebacks). Renaming the strings would falsify the record; readers find the mapping in the path-mapping section of the domain README. The file itself is copied as distributed-certified-tag-proof.md.
PQ_CE_QS_exact_aggregator_lifting_proof_v0.6.md	domains/06-qpt128-security-target/docs/qpt128-finalization.md; domains/02-ceqs-construction-evolution/history/validation-and-continuation-v0.6.md	exact-aggregator-lifting-proof.md	[mechanical] the file is renamed (PQ_CE_QS_exact_aggregator_lifting_proof_v0.6.md -> exact-aggregator-lifting-proof.md); every quoted reference to the bare name follows the rename.
PQ_CE_QS_finalized_construction_v0.3.md	domains/06-qpt128-security-target/docs/qpt128-finalization.md	finalized-construction.md	[mechanical] the file is renamed (PQ_CE_QS_finalized_construction_v0.3.md -> finalized-construction.md); every quoted reference to the bare name follows the rename.
PQ_CE_QS_formal_proof_stack_v0.5.md	domains/06-qpt128-security-target/docs/qpt128-finalization.md; domains/02-ceqs-construction-evolution/history/validation-and-continuation-v0.5.md	formal-proof-stack.md	[mechanical] the file is renamed (PQ_CE_QS_formal_proof_stack_v0.5.md -> formal-proof-stack.md); every quoted reference to the bare name follows the rename.
PQ_CE_QS_public_signer_theoretical_completion_v0.8.md	domains/02-ceqs-construction-evolution/docs/validation-and-continuation.md	public-signer-theoretical-completion.md	[mechanical] the file is renamed (PQ_CE_QS_public_signer_theoretical_completion_v0.8.md -> public-signer-theoretical-completion.md); every quoted reference to the bare name follows the rename. The name also appears in the unchanged records files/PQ_CE_QS_v0.8_SHA256SUMS.txt.
PQ_CE_QS_research_synthesis_final_v0.4.md	domains/02-ceqs-construction-evolution/history/validation-and-continuation-v0.4.md	research-synthesis-final.md	[mechanical] the file is renamed (PQ_CE_QS_research_synthesis_final_v0.4.md -> research-synthesis-final.md); every quoted reference to the bare name follows the rename.
PQ_CE_QS_size_path_resolution_v1.21.md	domains/06-qpt128-security-target/docs/qpt128-finalization.md	size-path-resolution.md	[mechanical] the file is renamed (PQ_CE_QS_size_path_resolution_v1.21.md -> size-path-resolution.md); every quoted reference to the bare name follows the rename.
PQ_CE_QS_strong_certified_conflict_handle_proof_v1.1.md	domains/02-ceqs-construction-evolution/results/sha256sums-v1.1.txt	PQ_CE_QS_strong_certified_conflict_handle_proof_v1.1.md	[no-rewrite] only recorded outputs and inventories mention this name, and they document the package as it was built (hashes, member lists, tracebacks). Renaming the strings would falsify the record; readers find the mapping in the path-mapping section of the domain README. The file itself is copied as strong-certified-conflict-handle-proof.md.
PQ_CE_QS_v0.4_source_qualification_ledger.md	domains/02-ceqs-construction-evolution/history/validation-and-continuation-v0.4.md	source-qualification-ledger-v0.4.md	[mechanical] the file is renamed (PQ_CE_QS_v0.4_source_qualification_ledger.md -> source-qualification-ledger-v0.4.md); every quoted reference to the bare name follows the rename.
PQ_CE_QS_v0.5_proof_corrections.md	domains/02-ceqs-construction-evolution/history/validation-and-continuation-v0.5.md	proof-corrections-v0.5.md	[mechanical] the file is renamed (PQ_CE_QS_v0.5_proof_corrections.md -> proof-corrections-v0.5.md); every quoted reference to the bare name follows the rename.
PQ_CE_QS_v0.6_CTRS_adapter_obligations.md	domains/02-ceqs-construction-evolution/history/validation-and-continuation-v0.6.md	ctrs-adapter-obligations-v0.6.md	[mechanical] the file is renamed (PQ_CE_QS_v0.6_CTRS_adapter_obligations.md -> ctrs-adapter-obligations-v0.6.md); every quoted reference to the bare name follows the rename.
PQ_CE_QS_v0.8_SHA256SUMS.txt	domains/02-ceqs-construction-evolution/docs/validation-and-continuation.md	sha256sums-v0.8.txt	[mechanical] the file is renamed (PQ_CE_QS_v0.8_SHA256SUMS.txt -> sha256sums-v0.8.txt); every quoted reference to the bare name follows the rename.
PQ_CE_QS_v0_4_validation_and_corrections.md	domains/02-ceqs-construction-evolution/history/validation-and-continuation-v0.5.md	validation-and-continuation-v0.4.md	[mechanical] the file is renamed (PQ_CE_QS_v0_4_validation_and_corrections.md -> validation-and-continuation-v0.4.md); every quoted reference to the bare name follows the rename.
PQ_CE_QS_v0_5_validation_and_continuation.md	domains/02-ceqs-construction-evolution/history/validation-and-continuation-v0.6.md	validation-and-continuation-v0.5.md	[mechanical] the file is renamed (PQ_CE_QS_v0_5_validation_and_continuation.md -> validation-and-continuation-v0.5.md); every quoted reference to the bare name follows the rename.
PQ_CE_QS_v1.0_assumption_ledger.md	domains/02-ceqs-construction-evolution/results/sha256sums-v1.0.txt	PQ_CE_QS_v1.0_assumption_ledger.md	[no-rewrite] only recorded outputs and inventories mention this name, and they document the package as it was built (hashes, member lists, tracebacks). Renaming the strings would falsify the record; readers find the mapping in the path-mapping section of the domain README. The file itself is copied as assumption-ledger-v1.0.md.
PQ_CE_QS_v1.1_source_assumption_ledger.md	domains/02-ceqs-construction-evolution/results/sha256sums-v1.1.txt	PQ_CE_QS_v1.1_source_assumption_ledger.md	[no-rewrite] only recorded outputs and inventories mention this name, and they document the package as it was built (hashes, member lists, tracebacks). Renaming the strings would falsify the record; readers find the mapping in the path-mapping section of the domain README. The file itself is copied as source-assumption-ledger-v1.1.md.
PQ_CE_QS_validation_and_continuation_v0_2.md	domains/02-ceqs-construction-evolution/history/validation-and-continuation-v0.3.md	validation-and-continuation-v0.2.md	[mechanical] the file is renamed (PQ_CE_QS_validation_and_continuation_v0_2.md -> validation-and-continuation-v0.2.md); every quoted reference to the bare name follows the rename.
QPT128_finalization_v1.43.md	domains/08-hidden-signers/history/hidden-signer-32kib-v1.45.md; domains/06-qpt128-security-target/src/qpt128_finalization.py; domains/07-compact-certificate-b0/docs/sidecar-free-finalization.md	qpt128-finalization.md	[mechanical] the file is renamed (QPT128_finalization_v1.43.md -> qpt128-finalization.md); every quoted reference to the bare name follows the rename.
RESULTS.md	domains/11-independent-audit-stack/primitives/cross_validate.py	primitives-results-v0.1.md	[mechanical] the file is renamed (RESULTS.md -> primitives-results-v0.1.md); every quoted reference to the bare name follows the rename. The name also appears in the unchanged records audit_stack_v0.2/qpt_audit_stack/run_all.log.
SOURCE_MANIFEST.json	domains/03-zk-carrier-experiments/src/build_review_bundle.py; domains/03-zk-carrier-experiments/src/package_carriers.py; domains/03-zk-carrier-experiments/src/package_update.py	source-manifest.json	[mechanical] the file is renamed (SOURCE_MANIFEST.json -> source-manifest.json); every quoted reference to the bare name follows the rename.
assessment.md	domains/03-zk-carrier-experiments/src/build_review_bundle.py; domains/03-zk-carrier-experiments/src/package_update.py	package-assessment.md	[mechanical] the file is renamed (assessment.md -> package-assessment.md); every quoted reference to the bare name follows the rename.
attack_lab_results_v1.51.md	domains/09-security-games-and-attack-lab/results/attack-lab-results.md	attack-lab-results.md	[mechanical] the file is renamed (attack_lab_results_v1.51.md -> attack-lab-results.md); every quoted reference to the bare name follows the rename.
carrier_audit.json	domains/03-zk-carrier-experiments/src/audit_carriers.py	carrier-audit.json	[mechanical] the file is renamed (carrier_audit.json -> carrier-audit.json); every quoted reference to the bare name follows the rename.
ce_qs_bitmap_policy_checker_v0.8.py	domains/02-ceqs-construction-evolution/docs/validation-and-continuation.md	ce_qs_bitmap_policy_checker.py	[mechanical] the file is renamed (ce_qs_bitmap_policy_checker_v0.8.py -> ce_qs_bitmap_policy_checker.py); every quoted reference to the bare name follows the rename. The name also appears in the unchanged records files/PQ_CE_QS_v0.8_SHA256SUMS.txt.
ce_qs_bitmap_policy_checker_v0.8_results.txt	domains/02-ceqs-construction-evolution/docs/validation-and-continuation.md	ce_qs_bitmap_policy_checker.txt	[mechanical] the file is renamed (ce_qs_bitmap_policy_checker_v0.8_results.txt -> ce_qs_bitmap_policy_checker.txt); every quoted reference to the bare name follows the rename. The name also appears in the unchanged records files/PQ_CE_QS_v0.8_SHA256SUMS.txt.
ce_qs_distributed_certified_tag_checker_v1.0.py	domains/02-ceqs-construction-evolution/results/sha256sums-v1.0.txt	ce_qs_distributed_certified_tag_checker_v1.0.py	[no-rewrite] only recorded outputs and inventories mention this name, and they document the package as it was built (hashes, member lists, tracebacks). Renaming the strings would falsify the record; readers find the mapping in the path-mapping section of the domain README. The file itself is copied as ce_qs_distributed_certified_tag_checker.py.
ce_qs_distributed_certified_tag_checker_v1.0_results.txt	domains/02-ceqs-construction-evolution/results/sha256sums-v1.0.txt	ce_qs_distributed_certified_tag_checker_v1.0_results.txt	[no-rewrite] only recorded outputs and inventories mention this name, and they document the package as it was built (hashes, member lists, tracebacks). Renaming the strings would falsify the record; readers find the mapping in the path-mapping section of the domain README. The file itself is copied as ce_qs_distributed_certified_tag_checker.txt.
ce_qs_relation_mock_v0_3_ext.py	domains/02-ceqs-construction-evolution/history/validation-and-continuation-v0.3.md	ce_qs_relation_mock_ext.py	[mechanical] the file is renamed (ce_qs_relation_mock_v0_3_ext.py -> ce_qs_relation_mock_ext.py); every quoted reference to the bare name follows the rename.
ce_qs_relation_mock_v0_3_ext_results.txt	domains/02-ceqs-construction-evolution/history/validation-and-continuation-v0.3.md	ce_qs_relation_mock_ext.txt	[mechanical] the file is renamed (ce_qs_relation_mock_v0_3_ext_results.txt -> ce_qs_relation_mock_ext.txt); every quoted reference to the bare name follows the rename.
ce_qs_strong_conflict_handle_checker_v1.1.py	domains/02-ceqs-construction-evolution/results/sha256sums-v1.1.txt	ce_qs_strong_conflict_handle_checker_v1.1.py	[no-rewrite] only recorded outputs and inventories mention this name, and they document the package as it was built (hashes, member lists, tracebacks). Renaming the strings would falsify the record; readers find the mapping in the path-mapping section of the domain README. The file itself is copied as ce_qs_strong_conflict_handle_checker.py.
ce_qs_strong_conflict_handle_checker_v1.1_results.txt	domains/02-ceqs-construction-evolution/results/sha256sums-v1.1.txt	ce_qs_strong_conflict_handle_checker_v1.1_results.txt	[no-rewrite] only recorded outputs and inventories mention this name, and they document the package as it was built (hashes, member lists, tracebacks). Renaming the strings would falsify the record; readers find the mapping in the path-mapping section of the domain README. The file itself is copied as ce_qs_strong_conflict_handle_checker.txt.
ce_qs_trace_tag_simulator_v0_2.py	domains/02-ceqs-construction-evolution/history/validation-and-continuation-v0.2.md	ce_qs_trace_tag_simulator.py	[mechanical] the file is renamed (ce_qs_trace_tag_simulator_v0_2.py -> ce_qs_trace_tag_simulator.py); every quoted reference to the bare name follows the rename.
ce_qs_trace_tag_simulator_v0_2_results.txt	domains/02-ceqs-construction-evolution/history/validation-and-continuation-v0.2.md	ce_qs_trace_tag_simulator.txt	[mechanical] the file is renamed (ce_qs_trace_tag_simulator_v0_2_results.txt -> ce_qs_trace_tag_simulator.txt); every quoted reference to the bare name follows the rename.
ceqs29_extractor_v1.34.py	domains/06-qpt128-security-target/docs/qpt128-finalization.md; domains/05-extraction-and-signature-reductions/src/ceqs29_extractor.py	ceqs29_extractor.py	[mechanical] the file is renamed (ceqs29_extractor_v1.34.py -> ceqs29_extractor.py); every quoted reference to the bare name follows the rename.
ceqs_attack_lab_v1.51.py	domains/09-security-games-and-attack-lab/results/attack-lab-results.md	ceqs_attack_lab.py	[mechanical] the file is renamed (ceqs_attack_lab_v1.51.py -> ceqs_attack_lab.py); every quoted reference to the bare name follows the rename.
ceqs_games_v1.52.py	records/failed-assumptions.md; domains/09-security-games-and-attack-lab/results/attack-lab-results.md; domains/08-hidden-signers/docs/hidden-signer-32kib.md; domains/08-hidden-signers/src/mode_b_rigorous_ledger.py	ceqs_games.py	[mechanical] the file is renamed (ceqs_games_v1.52.py -> ceqs_games.py); every quoted reference to the bare name follows the rename.
circuit_witness_extractor_v1.36.py	domains/06-qpt128-security-target/docs/qpt128-finalization.md; domains/05-extraction-and-signature-reductions/src/circuit_witness_extractor.py	circuit_witness_extractor.py	[mechanical] the file is renamed (circuit_witness_extractor_v1.36.py -> circuit_witness_extractor.py); every quoted reference to the bare name follows the rename.
dependency_provenance.json	domains/03-zk-carrier-experiments/docs/package-assessment.md	dependency-provenance.json	[mechanical] the file is renamed (dependency_provenance.json -> dependency-provenance.json); every quoted reference to the bare name follows the rename.
encode_case0.json	domains/03-zk-carrier-experiments/src/build_review_bundle.py	encode-case0.json	[mechanical] the file is renamed (encode_case0.json -> encode-case0.json); every quoted reference to the bare name follows the rename.
encode_case1.json	domains/03-zk-carrier-experiments/src/build_review_bundle.py	encode-case1.json	[mechanical] the file is renamed (encode_case1.json -> encode-case1.json); every quoted reference to the bare name follows the rename.
evidence_audit.json	domains/03-zk-carrier-experiments/src/audit_results.py	evidence-audit.json	[mechanical] the file is renamed (evidence_audit.json -> evidence-audit.json); every quoted reference to the bare name follows the rename.
existing_carrier_results.json	domains/03-zk-carrier-experiments/src/analyze_existing_carriers.py	existing-carrier-results.json	[mechanical] the file is renamed (existing_carrier_results.json -> existing-carrier-results.json); every quoted reference to the bare name follows the rename.
hidden_signer_32KiB_v1.45.md	domains/08-hidden-signers/docs/hidden-signer-32kib.md; domains/07-compact-certificate-b0/docs/sidecar-free-finalization.md	hidden-signer-32kib-v1.45.md	[mechanical] the file is renamed (hidden_signer_32KiB_v1.45.md -> hidden-signer-32kib-v1.45.md); every quoted reference to the bare name follows the rename.
hidden_signer_32KiB_v1.46.md	domains/08-hidden-signers/history/hidden-signer-32kib-v1.45.md	hidden-signer-32kib.md	[mechanical] the file is renamed (hidden_signer_32KiB_v1.46.md -> hidden-signer-32kib.md); every quoted reference to the bare name follows the rename.
hidden_signer_modeA_v1.45.py	domains/08-hidden-signers/history/hidden-signer-32kib-v1.45.md; domains/08-hidden-signers/docs/hidden-signer-32kib.md	hidden_signer_mode_a.py	[mechanical] the file is renamed (hidden_signer_modeA_v1.45.py -> hidden_signer_mode_a.py); every quoted reference to the bare name follows the rename.
hidden_signer_modeB_v1.46.py	domains/11-independent-audit-stack/fixes/property_fixed/test_props_modeB_fixed.py; domains/11-independent-audit-stack/math/math_layer.py; domains/11-independent-audit-stack/property/test_props_modeB.py; domains/08-hidden-signers/history/hidden-signer-32kib-v1.45.md; domains/08-hidden-signers/docs/hidden-signer-32kib.md; domains/08-hidden-signers/history/hidden-signer-mode-b-v1.50.py; domains/08-hidden-signers/src/hidden_signer_mode_b.py; domains/08-hidden-signers/docs/mode-b-security.md; domains/08-hidden-signers/src/mode_b_voleith_toy.py	hidden-signer-mode-b-v1.46.py	[mechanical] the file is renamed (hidden_signer_modeB_v1.46.py -> hidden-signer-mode-b-v1.46.py); every quoted reference to the bare name follows the rename.
hidden_signer_modeB_v1.50.py	records/fixes.md; domains/09-security-games-and-attack-lab/results/attack-lab-results.md; domains/11-independent-audit-stack/fixes/make_fixes.py; domains/11-independent-audit-stack/math/math_layer.py; domains/11-independent-audit-stack/property/test_props_modeB.py; domains/09-security-games-and-attack-lab/src/ceqs_attack_lab.py; domains/09-security-games-and-attack-lab/src/ceqs_games.py; domains/08-hidden-signers/docs/mode-b-security.md	hidden-signer-mode-b-v1.50.py	[mechanical] the file is renamed (hidden_signer_modeB_v1.50.py -> hidden-signer-mode-b-v1.50.py); every quoted reference to the bare name follows the rename.
hidden_signer_modeB_v1.51.py	records/failed-assumptions.md; records/fixes.md; domains/11-independent-audit-stack/docs/audit-stack-overview.md; domains/11-independent-audit-stack/fixes/make_fixes.py; domains/11-independent-audit-stack/fixes/property_fixed/test_props_modeB_fixed.py; domains/08-hidden-signers/src/hidden_signer_mode_b.py	hidden_signer_mode_b.py	[mechanical] the file is renamed (hidden_signer_modeB_v1.51.py -> hidden_signer_mode_b.py); every quoted reference to the bare name follows the rename.
hybrid_sampling_bound_audit_v1.41.py	domains/05-extraction-and-signature-reductions/src/hybrid_sampling_bound_audit.py; domains/05-extraction-and-signature-reductions/src/slh_tree_conditioning_audit.py	hybrid_sampling_bound_audit.py	[mechanical] the file is renamed (hybrid_sampling_bound_audit_v1.41.py -> hybrid_sampling_bound_audit.py); every quoted reference to the bare name follows the rename.
joint_extractor_lift_v1.35.py	domains/06-qpt128-security-target/docs/qpt128-finalization.md; domains/05-extraction-and-signature-reductions/src/circuit_witness_extractor.py; domains/05-extraction-and-signature-reductions/src/joint_extractor_lift.py	joint_extractor_lift.py	[mechanical] the file is renamed (joint_extractor_lift_v1.35.py -> joint_extractor_lift.py); every quoted reference to the bare name follows the rename.
math_results.json	domains/11-independent-audit-stack/math/math_layer.py	math-results-v0.1.json	[mechanical] the file is renamed (math_results.json -> math-results-v0.1.json); every quoted reference to the bare name follows the rename.
modeB_prover_v1.49.c	domains/08-hidden-signers/docs/hidden-signer-32kib.md; domains/08-hidden-signers/history/mode-b-prover-v1.49.c; domains/08-hidden-signers/docs/mode-b-security.md	mode-b-prover-v1.49.c	[mechanical] the file is renamed (modeB_prover_v1.49.c -> mode-b-prover-v1.49.c); every quoted reference to the bare name follows the rename.
modeB_prover_v1.50.c	records/failed-assumptions.md; records/fixes.md; domains/09-security-games-and-attack-lab/results/attack-lab-results.md; domains/11-independent-audit-stack/history/audit-stack-overview-v0.1.md; domains/11-independent-audit-stack/docs/audit-stack-overview.md; domains/11-independent-audit-stack/fixes/make_fixes.py; domains/11-independent-audit-stack/implementation/IMPLEMENTATION_RESULTS.md; domains/11-independent-audit-stack/implementation/TARGET_NOTES.md; domains/11-independent-audit-stack/implementation/build.sh; domains/11-independent-audit-stack/implementation/fuzz_verify.c; domains/11-independent-audit-stack/implementation/run_sanitizers.sh; domains/11-independent-audit-stack/implementation/src/modeB_prover_v1.50_nomain.c; domains/09-security-games-and-attack-lab/src/ceqs_attack_lab.py; domains/08-hidden-signers/history/mode-b-prover-v1.50.c; domains/08-hidden-signers/src/mode_b_prover.c; domains/08-hidden-signers/docs/mode-b-security.md	mode-b-prover-v1.50.c	[mechanical] the file is renamed (modeB_prover_v1.50.c -> mode-b-prover-v1.50.c); every quoted reference to the bare name follows the rename.
modeB_prover_v1.51.c	records/fixes.md; domains/11-independent-audit-stack/docs/audit-stack-overview.md; domains/11-independent-audit-stack/fixes/make_fixes.py; domains/11-independent-audit-stack/implementation/production/PRODUCTION_RESULTS.md; domains/08-hidden-signers/src/mode_b_prover.c	mode_b_prover.c	[mechanical] the file is renamed (modeB_prover_v1.51.c -> mode_b_prover.c); every quoted reference to the bare name follows the rename.
modeB_rigorous_ledger_v1.47.py	domains/09-security-games-and-attack-lab/results/attack-lab-results.md; domains/08-hidden-signers/docs/hidden-signer-32kib.md; domains/08-hidden-signers/docs/mode-b-security.md	mode_b_rigorous_ledger.py	[mechanical] the file is renamed (modeB_rigorous_ledger_v1.47.py -> mode_b_rigorous_ledger.py); every quoted reference to the bare name follows the rename.
modeB_security_v1.49.md	domains/09-security-games-and-attack-lab/results/attack-lab-results.md; domains/09-security-games-and-attack-lab/src/ceqs_attack_lab.py; domains/09-security-games-and-attack-lab/src/ceqs_games.py; domains/08-hidden-signers/docs/hidden-signer-32kib.md	mode-b-security.md	[mechanical] the file is renamed (modeB_security_v1.49.md -> mode-b-security.md); every quoted reference to the bare name follows the rename.
modeB_voleith_toy_v1.48.py	domains/08-hidden-signers/docs/hidden-signer-32kib.md; domains/08-hidden-signers/docs/mode-b-security.md	mode_b_voleith_toy.py	[mechanical] the file is renamed (modeB_voleith_toy_v1.48.py -> mode_b_voleith_toy.py); every quoted reference to the bare name follows the rename.
operators_1000_QPT128_amended_v1.33.md	domains/06-qpt128-security-target/docs/qpt128-finalization.md	operator-ledger.md	[mechanical] the file is renamed (operators_1000_QPT128_amended_v1.33.md -> operator-ledger.md); every quoted reference to the bare name follows the rename.
pq_audit_ledger_v2.1.py	domains/10-digital-infrastructure/docs/pq-infra-audit.md	audit_ledger.py	[mechanical] the file is renamed (pq_audit_ledger_v2.1.py -> audit_ledger.py); every quoted reference to the bare name follows the rename.
pq_audit_s1_lms_v2.1.py	records/fixes.md; domains/11-independent-audit-stack/fixes/make_fixes.py; domains/11-independent-audit-stack/property/test_props_hashsig.py; domains/10-digital-infrastructure/src/audit_ledger.py	s1_lms-v2.1.py	[mechanical] the file is renamed (pq_audit_s1_lms_v2.1.py -> s1_lms-v2.1.py); every quoted reference to the bare name follows the rename.
pq_audit_s1_lms_v2.2.py	records/failed-assumptions.md; records/fixes.md; domains/11-independent-audit-stack/docs/audit-stack-overview.md; domains/11-independent-audit-stack/fixes/make_fixes.py; domains/11-independent-audit-stack/fixes/property_fixed/test_props_hashsig_fixed.py; domains/10-digital-infrastructure/src/s1_lms.py	s1_lms.py	[mechanical] the file is renamed (pq_audit_s1_lms_v2.2.py -> s1_lms.py); every quoted reference to the bare name follows the rename.
pq_infra_s1s2_hashsig_dnssec_v2.0.py	records/fixes.md; domains/11-independent-audit-stack/fixes/make_fixes.py; domains/11-independent-audit-stack/property/test_props_hashsig.py; domains/10-digital-infrastructure/src/s2_dns_worstcase.py; domains/10-digital-infrastructure/docs/pq-infra-program.md; domains/10-digital-infrastructure/src/s3_tls_pki.py; domains/10-digital-infrastructure/src/s4_embedded_broadcast.py; domains/10-digital-infrastructure/src/s6_migration_agility.py	s1s2_hashsig_dnssec-v2.0.py	[mechanical] the file is renamed (pq_infra_s1s2_hashsig_dnssec_v2.0.py -> s1s2_hashsig_dnssec-v2.0.py); every quoted reference to the bare name follows the rename.
pq_infra_s1s2_hashsig_dnssec_v2.2.py	records/fixes.md; domains/11-independent-audit-stack/docs/audit-stack-overview.md; domains/11-independent-audit-stack/fixes/make_fixes.py; domains/11-independent-audit-stack/fixes/property_fixed/test_props_hashsig_fixed.py; domains/10-digital-infrastructure/src/s1s2_hashsig_dnssec.py	s1s2_hashsig_dnssec.py	[mechanical] the file is renamed (pq_infra_s1s2_hashsig_dnssec_v2.2.py -> s1s2_hashsig_dnssec.py); every quoted reference to the bare name follows the rename.
pq_infra_s3_tls_pki_v2.0.py	domains/10-digital-infrastructure/src/s3_tls_wire.py; domains/10-digital-infrastructure/docs/pq-infra-program.md; domains/10-digital-infrastructure/src/s6_migration_agility.py	s3_tls_pki.py	[mechanical] the file is renamed (pq_infra_s3_tls_pki_v2.0.py -> s3_tls_pki.py); every quoted reference to the bare name follows the rename.
pq_infra_s4_embedded_broadcast_v2.0.py	domains/11-independent-audit-stack/property/test_props_tesla.py; domains/10-digital-infrastructure/history/s1_lms-v2.1.py; domains/10-digital-infrastructure/src/s1_lms.py; domains/10-digital-infrastructure/src/s4_tesla_adversarial.py; domains/10-digital-infrastructure/src/s6_hybrid_games.py; domains/10-digital-infrastructure/docs/pq-infra-program.md; domains/10-digital-infrastructure/src/s5_smartcard_hsm.py; domains/10-digital-infrastructure/src/s6_migration_agility.py	s4_embedded_broadcast.py	[mechanical] the file is renamed (pq_infra_s4_embedded_broadcast_v2.0.py -> s4_embedded_broadcast.py); every quoted reference to the bare name follows the rename.
pq_infra_s5_smartcard_hsm_v2.0.py	domains/10-digital-infrastructure/src/s5_bds_faults.py; domains/10-digital-infrastructure/docs/pq-infra-program.md	s5_smartcard_hsm.py	[mechanical] the file is renamed (pq_infra_s5_smartcard_hsm_v2.0.py -> s5_smartcard_hsm.py); every quoted reference to the bare name follows the rename.
pq_infra_s6_migration_agility_v2.0.py	domains/10-digital-infrastructure/src/s6_hybrid_games.py; domains/10-digital-infrastructure/docs/pq-infra-program.md	s6_migration_agility.py	[mechanical] the file is renamed (pq_infra_s6_migration_agility_v2.0.py -> s6_migration_agility.py); every quoted reference to the bare name follows the rename.
pqaqc_finite_state_check_v0_7.py	domains/01-accountable-quorum-foundations/docs/research-proof-documentation.md; domains/01-accountable-quorum-foundations/results/pqaqc_modelcheck.txt	pqaqc_finite_state_check.py	[mechanical] the file is renamed (pqaqc_finite_state_check_v0_7.py -> pqaqc_finite_state_check.py); every quoted reference to the bare name follows the rename.
pqaqc_modelcheck_v0_7_results.txt	domains/01-accountable-quorum-foundations/docs/research-proof-documentation.md	pqaqc_modelcheck.txt	[mechanical] the file is renamed (pqaqc_modelcheck_v0_7_results.txt -> pqaqc_modelcheck.txt); every quoted reference to the bare name follows the rename.
private_input_deletion.json	domains/03-zk-carrier-experiments/src/regenerate.py	private-input-deletion.json	[mechanical] the file is renamed (private_input_deletion.json -> private-input-deletion.json); every quoted reference to the bare name follows the rename.
public_approval_audit.json	domains/03-zk-carrier-experiments/src/test_authorization.py	public-approval-audit.json	[mechanical] the file is renamed (public_approval_audit.json -> public-approval-audit.json); every quoted reference to the bare name follows the rename.
public_negative_checks.json	domains/03-zk-carrier-experiments/history/v1.27/check_public_mutations.py; domains/03-zk-carrier-experiments/src/audit_results.py; domains/03-zk-carrier-experiments/history/v1.27b/check_public_mutations.py; domains/03-zk-carrier-experiments/src/audit_carriers.py; domains/03-zk-carrier-experiments/history/v1.28/check_public_mutations.py; domains/03-zk-carrier-experiments/src/check_public_mutations.py	public-negative-checks.json	[mechanical] the file is renamed (public_negative_checks.json -> public-negative-checks.json); every quoted reference to the bare name follows the rename.
public_verification.json	domains/03-zk-carrier-experiments/src/audit_results.py; domains/03-zk-carrier-experiments/src/build_review_bundle.py; domains/03-zk-carrier-experiments/src/regenerate.py; domains/03-zk-carrier-experiments/src/audit_carriers.py	public-verification.json	[mechanical] the file is renamed (public_verification.json -> public-verification.json); every quoted reference to the bare name follows the rename.
qpt128_finalization_v1.43.py	domains/06-qpt128-security-target/docs/qpt128-finalization.md; domains/09-security-games-and-attack-lab/results/attack-lab-results.md; domains/11-independent-audit-stack/math/math_layer.py; domains/09-security-games-and-attack-lab/src/ceqs_attack_lab.py; domains/08-hidden-signers/docs/hidden-signer-32kib.md; domains/06-qpt128-security-target/src/qpt128_finalization.py; domains/07-compact-certificate-b0/docs/sidecar-free-finalization.md	qpt128_finalization.py	[mechanical] the file is renamed (qpt128_finalization_v1.43.py -> qpt128_finalization.py); every quoted reference to the bare name follows the rename.
recompute_final_checks.json	domains/03-zk-carrier-experiments/docs/method.md; domains/03-zk-carrier-experiments/src/build_review_bundle.py	recompute-final-checks.json	[mechanical] the file is renamed (recompute_final_checks.json -> recompute-final-checks.json); every quoted reference to the bare name follows the rename.
reference_checks.json	domains/03-zk-carrier-experiments/history/v1.27/make_fixture.py; domains/03-zk-carrier-experiments/src/make_fixture.py	reference-checks.json	[mechanical] the file is renamed (reference_checks.json -> reference-checks.json); every quoted reference to the bare name follows the rename.
seed_carrier_results.json	domains/03-zk-carrier-experiments/src/seed_carrier_demo.py	seed-carrier-results.json	[mechanical] the file is renamed (seed_carrier_results.json -> seed-carrier-results.json); every quoted reference to the bare name follows the rename.
sidecar_free_certificate_v1.44.py	domains/06-qpt128-security-target/docs/qpt128-finalization.md; domains/09-security-games-and-attack-lab/results/attack-lab-results.md; domains/11-independent-audit-stack/fault/fault_injection.py; domains/11-independent-audit-stack/math/math_layer.py; domains/11-independent-audit-stack/property/differential_b0.py; domains/11-independent-audit-stack/property/test_props_b0.py; domains/09-security-games-and-attack-lab/src/ceqs_attack_lab.py; domains/08-hidden-signers/docs/hidden-signer-32kib.md; domains/06-qpt128-security-target/src/qpt128_finalization.py; domains/07-compact-certificate-b0/docs/sidecar-free-finalization.md	sidecar_free_certificate.py	[mechanical] the file is renamed (sidecar_free_certificate_v1.44.py -> sidecar_free_certificate.py); every quoted reference to the bare name follows the rename.
sidecar_free_finalization_v1.44.md	domains/06-qpt128-security-target/docs/qpt128-finalization.md; domains/08-hidden-signers/history/hidden-signer-32kib-v1.45.md; domains/08-hidden-signers/docs/hidden-signer-32kib.md	sidecar-free-finalization.md	[mechanical] the file is renamed (sidecar_free_finalization_v1.44.md -> sidecar-free-finalization.md); every quoted reference to the bare name follows the rename.
signature_security_reduction_v1.37.py	domains/06-qpt128-security-target/docs/qpt128-finalization.md	signature_security_reduction.py	[mechanical] the file is renamed (signature_security_reduction_v1.37.py -> signature_security_reduction.py); every quoted reference to the bare name follows the rename.
slh_dsa_signature_reduction_v1.38.py	domains/06-qpt128-security-target/docs/qpt128-finalization.md	slh_dsa_signature_reduction.py	[mechanical] the file is renamed (slh_dsa_signature_reduction_v1.38.py -> slh_dsa_signature_reduction.py); every quoted reference to the bare name follows the rename.
slh_tree_conditioning_audit_v1.42.py	domains/05-extraction-and-signature-reductions/src/slh_tree_conditioning_audit.py	slh_tree_conditioning_audit.py	[mechanical] the file is renamed (slh_tree_conditioning_audit_v1.42.py -> slh_tree_conditioning_audit.py); every quoted reference to the bare name follows the rename.
source_comparison.json	domains/03-zk-carrier-experiments/src/build_review_bundle.py	source-comparison.json	[mechanical] the file is renamed (source_comparison.json -> source-comparison.json); every quoted reference to the bare name follows the rename.
<every path inside the two bulk inventories>	domains/03-zk-carrier-experiments/results/package-validation.json; domains/03-zk-carrier-experiments/results/source-manifest.json; domains/03-zk-carrier-experiments/results/package-replay.json; domains/03-zk-carrier-experiments/history/v1.27/package-validation.json; domains/03-zk-carrier-experiments/history/v1.27/source-manifest.json; domains/03-zk-carrier-experiments/history/v1.28/package-validation.json; domains/03-zk-carrier-experiments/history/v1.28/source-manifest.json	<unchanged>	[no-rewrite] these two inventories (2,895 path strings between them) enumerate the package exactly as it was built and hashed. They are preserved verbatim as provenance records; the reader-facing mapping from their paths to this layout is a short section in the domain README, not a rewrite. Nothing resolves these strings at run time.
utm_source=<redacted: coding-tool name>.com	prior-setup.md; prior-setup2.md	<remove the whole parameter>	[no-rewrite] the tracking parameter appears only in two files whose action is source-only: they are not copied into the repository, so nothing has to be rewritten. If either file is ever copied, the parameter must be stripped: it is an AI-tool marker and the scrub rule forbids it. This is the only occurrence class in the tree (65 hits, both files).
<TRIAD devnet and blockchain artefacts>	TRIAD_System_Explained.docx; triad-ceqs-pq-layer-v1.0.0.tar.gz; triad-pq-devnet-v2.1.0.tar.gz	<not published>	[no-rewrite] the TRIAD node/devnet material is out of scope (exclude-triad); no copied file refers to it, so there is nothing to rewrite. Devnet test results are summarised in docs/05-devnet-evidence/ instead, and the summary text must not name any AI tool.
RUN/'adapter/field_vectors.json'	domains/03-zk-carrier-experiments/history/v1.27/make_fixture.py	RUN/'../../src/adapter/field_vectors.json'	[judgement] the v1.27 adapter's copy of the field vectors is byte-identical to the current one and is kept once (exclude-duplicate), at domains/03-zk-carrier-experiments/src/adapter/field_vectors.json; the read is repointed there.
RUN/'adapter/field_vectors.json'	domains/03-zk-carrier-experiments/src/make_fixture.py	RUN/'adapter/field_vectors.json'	[no-rewrite] the script now sits in domains/03-zk-carrier-experiments/src/, so this literal already names the single kept copy of the vectors (src/adapter/field_vectors.json) - no change needed; the v1.27b copy under history/v1.27b/adapter/ was byte-identical and is not republished.
(RUN/'reference_checks.json')	domains/03-zk-carrier-experiments/history/v1.27/make_fixture.py; domains/03-zk-carrier-experiments/src/make_fixture.py	(RUN/'reference_checks.json')	[no-rewrite] the recorded output is domains/03-zk-carrier-experiments/results/reference-checks.json (the copies in the two revisions were byte-identical). The write is never reached in this repository: the first statement of the script raises when the retained fixture is present, and fixtures/config.json is present, so a re-run stops before writing anything. State this in the domain README beside the rebuild instructions.
(root/'provenance.json')	domains/03-zk-carrier-experiments/history/v1.27/make_fixture.py; domains/03-zk-carrier-experiments/src/make_fixture.py	(root/'provenance.json')	[no-rewrite] `root` is the fixture directory and is fixed by the row above, so this literal follows it; the recorded copy is domains/03-zk-carrier-experiments/fixtures/provenance.json (the revisions' copies were byte-identical). The same holds for every other path joined onto `root`, `folder` or `case` in these scripts (`config.json`, `statement.json`, `statement.bin`) - they need no edit of their own, only the one on `root`.
for folder,suffix,expected_checks in [('continuation_v1.28','pf28',20),('continuation_v1.28p','pf2p',22)]	domains/03-zk-carrier-experiments/src/audit_carriers.py	for folder,suffix,expected_checks in [('history/v1.28','pf28',20),('history/v1.28p','pf2p',22)]	[judgement] the two audited revisions now live under history/ in this domain; `run=BASE/folder` follows the change, and the frames it reads move to the domain-level fixtures/ (see the next row).
raw=(run/'fixture'<redacted: machine path>'trace43_rate3.{suffix}').read_bytes()	domains/03-zk-carrier-experiments/src/audit_carriers.py	raw=(BASE/'fixtures'<redacted: machine path>'trace43_rate3.{suffix}').read_bytes()	[judgement] the revision frames are kept once, at domains/03-zk-carrier-experiments/fixtures/case0|1/ (trace43_rate3.pf28 and .pf2p are the v1.28 and v1.28p frames as distributed), so the read goes to the domain-level fixtures directory instead of the revision directory.
old=(BASE/'continuation_v1.27b/fixture'<redacted: machine path>'trace43_rate3.proof').read_bytes()	domains/03-zk-carrier-experiments/src/audit_carriers.py	old=(BASE/'fixtures'<redacted: machine path>'trace43_rate3.proof').read_bytes()	[judgement] same: the expanded native proof bytes are kept once at domains/03-zk-carrier-experiments/fixtures/case0|1/trace43_rate3.proof (the v1.27b, v1.28 and v1.28p copies were byte-identical). The assertion it feeds - that the expanded native proof is the same object across the revisions - keeps its meaning.
(run/f'encode_{case}.json')	domains/03-zk-carrier-experiments/src/audit_carriers.py	(BASE/'results'/f'encode-{case}.json')	[judgement] the codec records are kept once, at domains/03-zk-carrier-experiments/results/encode-case0.json and encode-case1.json (hyphen, not underscore: the record is named after its run).
(ROOT/'seed_demo')	domains/03-zk-carrier-experiments/src/audit_carriers.py	(ROOT/'../fixtures/seed-demo')	[judgement] the five seeded-data examples (case_0, case_1, case_17, case_511, case_1023) are kept once, at domains/03-zk-carrier-experiments/fixtures/seed-demo/.
(run/'fixture'<redacted: machine path>'PRIVATE_TRACE_WITNESS.bin')	domains/03-zk-carrier-experiments/src/audit_carriers.py	(BASE/'fixtures'<redacted: machine path>'PRIVATE_TRACE_WITNESS.bin')	[judgement] this is a negative assertion - it checks that the private witness was not written into the fixture directory by the run - so it must follow the fixture directory to the domain level. The file is never copied into the repository (it is written only into a run directory and deleted again).
OLD=ROOT.parent/'continuation_v1.27b'	domains/03-zk-carrier-experiments/src/analyze_existing_carriers.py	OLD=ROOT.parent/'history/v1.27b'	[judgement] the audited revision moves under history/ in this domain.
raw=(OLD/'fixture'<redacted: machine path>'trace43_rate3.pf27').read_bytes()	domains/03-zk-carrier-experiments/src/analyze_existing_carriers.py	raw=(OLD.parent/'fixtures'<redacted: machine path>'trace43_rate3.pf27').read_bytes()	[judgement] the frame is kept once at domains/03-zk-carrier-experiments/fixtures/case0|1/ (trace43_rate3.pf27 is the v1.27b frame), so the read goes to the domain-level fixtures directory; OLD moves to history/v1.27b only for the encode_*.json records, which follow in the next row.
(OLD/f'encode_{case}.json')	domains/03-zk-carrier-experiments/src/analyze_existing_carriers.py	(OLD.parent/'results'/f'encode-{case}.json')	[judgement] same as the carrier audit: the codec records are kept once, under results/.
    for name in ("paired_reference.py", "make_fixture.py", "run_native.py",\n                 "verify_public.py", "check_public_mutations.py"):\n        shutil.copy2(source / name, output / name)	domains/03-zk-carrier-experiments/src/regenerate.py	    for name in ("paired_reference.py", "make_fixture.py"):\n        shutil.copy2(source / name, output / name)\n    for name in ("run_native.py", "verify_public.py", "check_public_mutations.py"):\n        shutil.copy2(source.parent / "history/v1.27b" / name, output / name)	[judgement] the driver assembles a fresh run directory from the five scripts of its own revision. In this repository only two of them are current (paired_reference.py and make_fixture.py stay in domains/03-zk-carrier-experiments/src/); the other three are kept as the v1.27b record under history/v1.27b/, so they are taken from there. The rest of the script needs no rewrite: everything it writes goes into the fresh --output directory it creates - including the frames it passes on as fixture/case0/trace43_rate3.pf27 and fixture/case1/trace43_rate3.pf27, fixture/config.json and the private witnesses it deletes again - and the fixture it generates there is read back relative to that directory.
    (output / "fixture").mkdir()	domains/03-zk-carrier-experiments/src/regenerate.py	    (output / "fixture").mkdir()	[no-rewrite] the fresh run directory this driver builds keeps the original shape of a revision directory (bin/, adapter/, fixture/, the five scripts, and the recorded stdout/stderr logs) on purpose: it is the reproduction recipe for the revision, not part of this repository's layout. Its fixture/ is generated by the scripts it copied, so it is not the domain-level fixtures/ directory.
    shutil.copy2(source / "adapter/field_vectors.json", output / "adapter/field_vectors.json")	domains/03-zk-carrier-experiments/src/regenerate.py	    shutil.copy2(source / "adapter/field_vectors.json", output / "adapter/field_vectors.json")	[no-rewrite] source is now domains/03-zk-carrier-experiments/src/, where adapter/field_vectors.json is the single kept copy of the vectors; the copy into the run directory still resolves.
(RUN/'fixture/case0/trace43_rate3.pt27')	domains/03-zk-carrier-experiments/history/v1.27/check_public_mutations.py	(RUN/'../../fixtures/case0/trace43_rate3.pt27')	[judgement] the v1.27 revision keeps its own fixture/ directory for the statement files and for fixture/config.json, but the frame itself is kept once at the domain level: domains/03-zk-carrier-experiments/fixtures/case0/trace43_rate3.pt27 (and case1) is the copy that was distributed, and history/v1.27/fixture/case0/ therefore holds no frame. The mutation controls read the domain-level frame.
(RUN/'fixture/config.json')	domains/03-zk-carrier-experiments/history/v1.27/check_public_mutations.py	(RUN/'fixture/config.json')	[no-rewrite] this revision keeps its own fixture/config.json (it is not byte-identical to the current one), so the literal still resolves: history/v1.27/fixture/config.json.
with tempfile.TemporaryDirectory(prefix='public-only-',dir=RUN) as td:	domains/03-zk-carrier-experiments/history/v1.27/check_public_mutations.py; domains/03-zk-carrier-experiments/history/v1.27/verify_public.py; domains/03-zk-carrier-experiments/history/v1.27b/check_public_mutations.py; domains/03-zk-carrier-experiments/history/v1.27b/verify_public.py; domains/03-zk-carrier-experiments/history/v1.28/check_public_mutations.py; domains/03-zk-carrier-experiments/history/v1.28/verify_public.py; domains/03-zk-carrier-experiments/src/check_public_mutations.py; domains/03-zk-carrier-experiments/src/verify_public.py	with tempfile.TemporaryDirectory(prefix='public-only-',dir=RUN) as td:	[no-rewrite] the temporary directory is created under the script's own directory and removed again by the context manager; the frame file written into it - trace43_rate3.pt27, trace43_rate3.pf27, trace43_rate3.pf28 or trace43_rate3.pf2p, whichever revision the script belongs to - is a copy of the fixture frame the caller passed in, not a file of this repository. The same holds for the `Path(td)/'config.json'` mutations in check_public_mutations.py (all four revisions, where it is created `dir=RUN`) and for the `b0.bin`/`b1.bin` files the self-test of the D5 extractor writes into a TemporaryDirectory. Nothing here resolves a repository path, so nothing is rewritten; the only constraint is that a run must not be left behind - history/ directories are frozen records.
SOURCE_PROVENANCE = {'continuation_v1.29/assessment.md'	domains/05-extraction-and-signature-reductions/src/ceqs29_extractor.py	SOURCE_PROVENANCE = {'continuation_v1.29/assessment.md'	[no-rewrite] SOURCE_PROVENANCE and PUBLIC_FIXTURE['source_relative_path'] are provenance records: each key is the path the file had in the package the extractor was written against, together with its sha256, so the record has to keep the original spelling. In this repository those files are domains/03-zk-carrier-experiments/docs/package-assessment.md (for the key continuation_v1.29/assessment.md), domains/03-zk-carrier-experiments/src/authorization.py (for the key continuation_v1.29/authorization.py), domains/03-zk-carrier-experiments/results/public-approval-audit.json (for the key continuation_v1.29/evidence/public_approval_audit.json) and domains/03-zk-carrier-experiments/results/authorization-evidence.json (for the key continuation_v1.29/evidence/results.json). The fourth key, continuation_v1.30/mathematical_model.md, names a file of that package that the extractor never read and that is not part of the published collection; it is left as the provenance record it is. The domain README carries the mapping.
'source_relative_path': 'continuation_v1.29/evidence/public_approval_audit.json'	domains/05-extraction-and-signature-reductions/src/ceqs29_extractor.py	'source_relative_path': 'continuation_v1.29/evidence/public_approval_audit.json'	[no-rewrite] same record, same reason: the key names where the public fixture came from; it now lives at domains/03-zk-carrier-experiments/results/public-approval-audit.json.
with open(os.path.join(LIBOQS_DIR, "COMMIT.txt")) as f:	domains/11-independent-audit-stack/primitives/cross_validate.py	with open(os.path.join(LIBOQS_DIR, "COMMIT.txt")) as f:	[no-rewrite] LIBOQS_DIR is derived from the layer's own directory (two levels up, then tools/liboqs-0.16.0) and names the external liboqs checkout the layer was run against - it is not part of this repository, and the read already falls back to the string 'unknown' when the file is absent, so the layer still runs and records that the version could not be read. primitives/README.md and the layer's recorded results.json carry the version it was actually run with (liboqs 0.16.0).
p0, p1 = Path(d)/'b0.bin', Path(d)/'b1.bin'	domains/05-extraction-and-signature-reductions/src/ceqs29_extractor.py	p0, p1 = Path(d)/'b0.bin', Path(d)/'b1.bin'	[no-rewrite] the self-test writes two body files into a TemporaryDirectory and hands their paths to a subprocess call of the same script; `b0.bin` and `b1.bin` are names inside that temporary directory, not files of this repository. The two bodies themselves are inlined in the script as constants, so a re-run needs nothing else.
dependencies/pqcrypto-	domains/03-zk-carrier-experiments/src/install_dependency.py	dependencies/pqcrypto-	[no-rewrite] the distribution wheel is not redistributed (exclude-archive). The script installs it from dependencies/ when the wheel is present and otherwise from the recorded upstream URL and sha256 in results/dependency-provenance.json, so its own behaviour is unchanged by the move.
for folder in ('continuation_v1.27','continuation_v1.27b','continuation_v1.17/binius64-source'):	domains/03-zk-carrier-experiments/src/build_review_bundle.py	for folder in ('history/v1.27','history/v1.27b'):	[judgement] two changes at once: the two revision directories are under history/ in this domain, and the vendored upstream checkout (continuation_v1.17/binius64-source) is not in this repository and must be dropped from the loop - the adapters build against the pinned upstream crates instead (see the Cargo.toml row). ROOT becomes the domain directory, so the two remaining entries are relative to it.
for name in ('encode_case0.json','encode_case1.json','public_verification.json','assessment.md'):\n    add(ROOT/'continuation_v1.25'/name)	domains/03-zk-carrier-experiments/src/build_review_bundle.py	for name in ('encode_case0.json','encode_case1.json','public_verification.json','assessment.md'):\n    add(ROOT/'history/v1.25'/name)	[judgement] the v1.25 revision is the oldest kept revision and sits under history/; the four files keep their names there.
for name in ('method.md','source_comparison.json','recompute_final_checks.json'):\n    add(ROOT/'continuation_v1.17'/name)	domains/03-zk-carrier-experiments/src/build_review_bundle.py	add(ROOT/'docs/method.md');add(ROOT/'results/source-comparison.json');add(ROOT/'results/recompute-final-checks.json')	[judgement] the three v1.17 files are single copies, not a directory, and they are filed by kind in this domain: the method document under docs/, the two records under results/. The loop collapses into three direct adds because the names differ from the source names of the records.
add(ROOT/'deliverables/ce_qs_prover_memory_v1_17.patch','continuation_v1.17/prover_memory.patch')	domains/03-zk-carrier-experiments/src/build_review_bundle.py	add(ROOT/'src/prover_memory.patch','continuation_v1.17/prover_memory.patch')	[judgement] the patch is kept once, at domains/03-zk-carrier-experiments/src/prover_memory.patch (the copy under deliverables/ was byte-identical). The second argument is the name the member had inside the produced archive, so it keeps its original spelling.
add(ROOT/'continuation_v1.26/analysis_note.md')	domains/03-zk-carrier-experiments/src/build_review_bundle.py	add(ROOT/'docs/analysis-note.md')	[judgement] the single v1.26 document is filed with the other method notes, under docs/.
add(ROOT/'continuation_v1.27b/assessment.md','README.md')	domains/03-zk-carrier-experiments/src/build_review_bundle.py	add(ROOT/'history/v1.27b/assessment.md','README.md')	[judgement] the v1.27b assessment moves under history/; the member name README.md is the archive's own front matter and stays.
add(ROOT/'continuation_v1.27b/reproduce.sh','reproduce.sh')	domains/03-zk-carrier-experiments/src/build_review_bundle.py	add(ROOT/'history/v1.27b/reproduce.sh','reproduce.sh')	[judgement] same, for the revision's run script.
for p in sorted((ROOT/'continuation_v1.27b_regeneration_check/fixture').rglob('*')):	domains/03-zk-carrier-experiments/src/build_review_bundle.py	for p in sorted((ROOT/'history/regeneration-check/fixture').rglob('*')):	[judgement] the regenerated-pair check bundle is kept under history/, with the shape the check was run in (only its fixture/ directory was collected). The member names built from it ('regeneration_check/fixture/...') are archive member names and keep their spelling.
members['README.md']=(BASE/'continuation_v1.28/assessment.md').read_bytes()	domains/03-zk-carrier-experiments/src/package_carriers.py	members['README.md']=(BASE/'history/v1.28/assessment.md').read_bytes()	[judgement] the v1.28 assessment moves under history/. The dict key is the member name inside the produced archive, not a file of this repository.
members['reproduce.sh']=(BASE/'continuation_v1.28/reproduce.sh').read_bytes()	domains/03-zk-carrier-experiments/src/package_carriers.py	members['reproduce.sh']=(BASE/'history/v1.28/reproduce.sh').read_bytes()	[judgement] same for the v1.28 run script.
new=BASE/'deliverables/PQ_CE_QS_v1.28_carrier_experiment.zip'	domains/03-zk-carrier-experiments/src/package_carriers.py	new=Path(os.environ.get('CARRIER_PACKAGE_OUT', Path.cwd()/'PQ_CE_QS_v1.28_carrier_experiment.zip'))	[judgement] the produced archive is written where the caller asks: the deliverables/ directory and the two shipped zips are not in this repository (exclude-archive). Keep the archive's own file name as the default.
members['README.md']=(root/'assessment.md').read_bytes()	domains/03-zk-carrier-experiments/src/package_update.py	members['README.md']=(BASE/'docs/package-assessment.md').read_bytes()	[judgement] the v1.29 assessment is filed as domains/03-zk-carrier-experiments/docs/package-assessment.md - it documents the package rather than the domain, hence the name.
members['reproduce_previous.sh']=archive.read('reproduce.sh')	domains/03-zk-carrier-experiments/src/package_update.py	members['reproduce_previous.sh']=(BASE/'history/v1.28/reproduce.sh').read_bytes()	[judgement] the previous package survives as the extracted directory history/v1.28/, so its run script is read from the file rather than from a zip member. The key - and the member name reproduce_previous.sh it produces - stay as they were.
(root/'package_validation.json').write_text(json.dumps(result,indent=2)+'\n')	domains/03-zk-carrier-experiments/src/package_update.py	(BASE/'results'/'package-validation.json').write_text(json.dumps(result,indent=2)+'\n')	[judgement] the record this script writes is kept as domains/03-zk-carrier-experiments/results/package-validation.json, next to the recorded results/package-replay.json of the same run. Its own guard (`if path.name=='package_validation.json':continue`) already keeps the record out of the walk it packs, so the skip and the member assertions beside it need no change.
if path.name=='package_validation.json':continue	domains/03-zk-carrier-experiments/src/package_update.py	if path.name=='package_validation.json':continue	[no-rewrite] the guard keeps the previous run's record out of the next archive; the file it names belongs to the run directory, not to the repository.
members[out]=z.read(name)	domains/03-zk-carrier-experiments/src/package_carriers.py	members[out]=z.read(name)	[no-rewrite] README.md, SOURCE_MANIFEST.json, PACKAGE_VALIDATION.json and reproduce.sh in this row are the names the four flattened members had inside the shipped archive, and 'history/v1.27_'+name is the name they are given inside the rebuilt one - neither names a file of this repository. The same holds for the 'history/v1.28_'+name mapping in package_update.py. The mapping table in the domain README shows where each archived member is filed here.
members[target]=data	domains/03-zk-carrier-experiments/src/package_update.py	members[target]=data	[no-rewrite] same rule as the row above, for the v1.29 update script.
PRIVATE_TRACE_WITNESS.bin	domains/03-zk-carrier-experiments/history/v1.27/make_fixture.py; domains/03-zk-carrier-experiments/history/v1.27/private_input_deletion.json; domains/03-zk-carrier-experiments/history/v1.27/run_native.py; domains/03-zk-carrier-experiments/src/audit_results.py; domains/03-zk-carrier-experiments/src/build_review_bundle.py; domains/03-zk-carrier-experiments/src/make_fixture.py; domains/03-zk-carrier-experiments/results/private-input-deletion.json; domains/03-zk-carrier-experiments/src/regenerate.py; domains/03-zk-carrier-experiments/results/regeneration-validation.json; domains/03-zk-carrier-experiments/history/v1.27b/run_native.py; domains/03-zk-carrier-experiments/src/audit_carriers.py; domains/03-zk-carrier-experiments/src/package_carriers.py; domains/03-zk-carrier-experiments/history/v1.28/run_native.py; domains/03-zk-carrier-experiments/src/run_native.py	PRIVATE_TRACE_WITNESS.bin	[no-rewrite] the private witness is the one artefact that must never be published: it is written into a run directory by the fixture generator and asserted absent by every packaging, audit and verification script. Its name is therefore kept exactly as it is in all of them - it is a guard, not a path - and the repository contains no copy of the file. Fixtures/case0 and case1 hold the public statement and the frames only.
dir.join("statement.bin")	domains/03-zk-carrier-experiments/history/v1.27/adapter/src/main.rs; domains/03-zk-carrier-experiments/history/v1.27b/adapter/src/main.rs; domains/03-zk-carrier-experiments/history/v1.28/adapter/src/main.rs; domains/03-zk-carrier-experiments/src/adapter/src/main.rs	dir.join("statement.bin")	[no-rewrite] the adapter reads the statement from the directory it is given on the command line (the same directory holds the trace frames), so the name is a file inside the caller's directory, not a path of this repository. The Cargo.toml row in this table covers the crate's own relative paths, including the include of ../field_vectors.json, which stays valid because the vectors file is copied next to the crate.
(out/'results.json')	domains/03-zk-carrier-experiments/src/test_authorization.py	(out/'results.json')	[no-rewrite] --out is a run directory chosen by the caller; the recorded copy of this simulation is domains/03-zk-carrier-experiments/results/authorization-evidence.json, and the script's own argument parsing is what decides where a re-run writes.
(root/'reproduce.sh')	domains/03-zk-carrier-experiments/src/package_update.py	(root/'reproduce.sh')	[no-rewrite] the v1.29 run script is the single kept copy (the same file is copied as domains/03-zk-carrier-experiments/src/reproduce.sh), so `root` - which is BASE/'continuation_v1.29' at the moment it is used - has to be read as the domain's src/ directory. Repoint `root` at `BASE/'src'`, or replace this line with `members['reproduce.sh']=(BASE/'src/reproduce.sh').read_bytes()`; either way the member name reproduce.sh stays.
docker run --rm -v <redacted: machine path>:<redacted: machine path>:ro -v "$PWD/math:<redacted: machine path>" qpt128-math:0.1	tooling/audit-stack/Dockerfile.math	docker run --rm -v <redacted: machine path>:/src:ro -e PQT_SRC=/src -v "$PWD/math:<redacted: machine path>" qpt128-math:0.1\n# (/src is where the layer's read-only research tree is mounted; the layer reads it through the\n#  environment variable PQT_SRC, so any host directory may be mounted there — see the domain's\n#  docs/inputs-and-provenance.md.)	[mechanical] the run example carried an absolute local path for the audited tree. It is replaced by the container path /src plus the PQT_SRC variable the math layer already reads, so the command works for any host directory and the file names no local path.
---- MODULE PQAQCEpochBarrier_v0_6 ----	domains/01-accountable-quorum-foundations/formal/epoch-barrier.tla	---- MODULE epoch_barrier ----	[mechanical] the MODULE name kept the v0.6 suffix; the file is published as formal/epoch-barrier.tla. The MODULE name follows the file (underscore, because TLA+ identifiers cannot contain a hyphen).
  /\ activatedBoundary \in [Nodes -> (Boundaries \cup {None})]	domains/01-accountable-quorum-foundations/formal/epoch-barrier.tla	  /\ activatedBoundary \in [Nodes -> (Boundaries \cup {None})]\n\n\* -----------------------------------------------------------------------------\n\* Repository note. Epoch-barrier specification, v0.6 revision of the PQ-AQC record;\n\* the version suffix has been dropped because this is the only revision preserved\n\* here. It is a specification artifact and has never been executed by TLC or TLAPS.\n\* The recorded bounded-exploration output in results/pqaqc_modelcheck.txt comes\n\* from the independent Python checker src/pqaqc_finite_state_check.py, not from TLC.\n\* The MODULE name uses an underscore because TLA+ identifiers cannot contain a\n\* hyphen, so it does not match the file name formal/epoch-barrier.tla. TLA+ tooling\n\* expects the file name to equal the MODULE name: a TLC run therefore needs the file\n\* copied or renamed to epoch_barrier.tla, or the MODULE line changed back. The\n\* companion configuration is formal/epoch-barrier.cfg.\n\* -----------------------------------------------------------------------------	[judgement] repository note appended before the closing ====: says what the file is, that it was never executed, which results come from the Python checker instead, and the MODULE-name/file-name mismatch a TLC run has to handle. Written for the published tree; the model text is untouched.
INVARIANT ActivationRequiresSealCert	domains/01-accountable-quorum-foundations/formal/epoch-barrier.cfg	INVARIANT ActivationRequiresSealCert\n\n\* Repository note: TLC configuration for formal/epoch-barrier.tla (v0.6). The file was\n\* never executed by TLC; the bounded results recorded in this repository come from\n\* src/pqaqc_finite_state_check.py. Pass this file explicitly, for example with\n\* -config formal/epoch-barrier.cfg, because its name does not match the MODULE name.	[judgement] repository note appended: the configuration was never run by TLC, and it must be passed explicitly because its name differs from the MODULE name.
which is exactly why it belongs in its own tracked workstream rather than as an assumed future upgrade to Target A.	domains/01-accountable-quorum-foundations/docs/frontier-conflict-extraction.md	which is exactly why it belongs in its own tracked workstream rather than as an assumed future upgrade to Target A.\n\n---\n\n**Repository note.** This is the v0.1 Target-B (frontier) design memo. It refers to a v0.8 PQ-AQC\nresearch record and to `PQAQCEpochBarrier_v0_8.tla`; neither is preserved in this repository, and the\nlatest surviving Target-A record here is `docs/research-proof-documentation.md` (v0.7). The memo is\nsuperseded by the later frontier work in `../02-ceqs-construction-evolution/docs/frontier.md`, which\ndrops the proposal to modify masking randomness inside a lattice threshold signature. Nothing in this\nmemo is a construction, a proof, or a claim of priority.	[judgement] repository note appended: the v0.8 record and the v0.8 TLA+ module the memo names are not in the repository, and the memo is superseded by the frontier document in D2. Keeps a reader from hunting for files that were never copied.
- `PQAQCEpochBarrier.tla`	domains/01-accountable-quorum-foundations/history/research-proof-documentation-v0.5.md; domains/01-accountable-quorum-foundations/history/research-proof-documentation-v0.6.md	- `PQAQCEpochBarrier.tla` — referenced as an artifact of this record; the file is not present in this repository	[mechanical] the artifact list named the TLA+ starter module and its configuration; neither is copied into the repository (the surviving specification is formal/epoch-barrier.tla, v0.6). The suffix says so in place, the same rule as the other excluded-file pointers.
The truly novel cryptographic breakthrough—compact conflict extraction without a sidecar—remains separate and unsolved.	domains/01-accountable-quorum-foundations/history/research-proof-documentation-v0.5.md	The truly novel cryptographic breakthrough—compact conflict extraction without a sidecar—remains separate and unsolved.\n\n---\n\n**Repository note.** This is the first surviving full revision of the Target-A record (v0.5); it is\nsuperseded and kept for provenance. The current Target-A record is\n`docs/research-proof-documentation.md` (v0.7). The TLA+ starter module named under "Current artifacts"\nis not preserved in this repository; the only TLA+ specification that survives here is\n`formal/epoch-barrier.tla` with `formal/epoch-barrier.cfg` (v0.6), which is a specification and has\nnever been executed by a model checker.	[judgement] repository note appended to the superseded v0.5 revision: says it is superseded, points at the current record, and states that the TLA+ module it cites is not here.
the current runtime because the TLA+ tools JAR is not installed and external binary acquisition is unavailable here	domains/01-accountable-quorum-foundations/history/research-proof-documentation-v0.6.md	the TLA+ tools JAR was not available to the authors	[mechanical] environment wording removed: the record described the machine it was written on. The statement it supports (no TLC result is claimed) is unchanged.
A native TLC run was attempted as part of v0.6 preparation, but the current execution environment has Java without the TLA+ tools JAR, and external binary acquisition is unavailable from the runtime.	domains/01-accountable-quorum-foundations/history/research-proof-documentation-v0.6.md	A native TLC run was attempted as part of v0.6 preparation, but the TLA+ tools JAR was not available to the authors.	[mechanical] same class: the execution-environment sentence is generalised and the tooling claim kept.
a documented reason why TLC itself has not yet been run in the current environment.	domains/01-accountable-quorum-foundations/history/research-proof-documentation-v0.6.md	a documented reason why TLC itself has not yet been run.	[mechanical] the bullet list drops the reference to a particular environment.
The accessible material <redacted: assistant wording> did	domains/02-ceqs-construction-evolution/docs/exact-aggregator-lifting-proof.md	The accessible material in this pass did	[mechanical] assistant-session wording removed; the scope claim (no defensible byte-size table was found) is unchanged.
Lemmas A..E follow the audit brief:	domains/11-independent-audit-stack/formal/qpt128_quorum.spthy	Lemmas A..E state:	[mechanical] the Tamarin model credited the lemmas to an external brief; the lemma set is what the model states.
// A  (combined statement as in the brief)	domains/11-independent-audit-stack/formal/qpt128_quorum.spthy	// A  (combined statement)	[mechanical] same class, in the comment above lemma A.
p=Path(__file__).resolve().parent/'adapter/src/codec.rs'	domains/03-zk-carrier-experiments/src/modify_codec.py	HERE = Path(__file__).resolve().parent\n\n\ndef transform(s):\n    ... (the same substitutions inside a function) ...\n\ndef main():\n    parser = argparse.ArgumentParser(description=__doc__)\n    parser.add_argument('--input', type=Path, default=HERE / 'adapter/src/codec_v1.rs',\n                        help='the QVT1 codec (default: the retained version 1.27b codec)')\n    parser.add_argument('--output', type=Path, required=True,\n                        help='where to write the edited QVT2 codec')\n    args = parser.parse_args()\n    args.output.write_text(transform(args.input.read_text()))	[judgement] this script edited its sibling adapter/src/codec.rs in place. In the published tree that file is the current QVT3 codec, so applying the script as written would overwrite it. It becomes a read-one-write-one filter with a required --output; --input defaults to the retained v1.27b codec at src/adapter/src/codec_v1.rs. The same twelve substitutions and the report string are unchanged; only the file handling is rewritten. The module docstring in the published copy is new and says the same.
'module': 'sidecar_free_certificate_v1.44'	domains/07-compact-certificate-b0/src/sidecar_free_certificate.py	'module': 'sidecar_free_certificate'	[mechanical] the report the script prints named the file by its source name with the version suffix; the published module is src/sidecar_free_certificate.py, so the suffix is dropped.
# Provenance (vendored continuation_v1.17/binius64-source/crates/examples/snapshots):	domains/07-compact-certificate-b0/src/sidecar_free_certificate.py	# Provenance: the snapshot files keccak.snap and sha3_512.snap of the vendored Binius64\n# tree (continuation_v1.17/binius64-source/crates/examples/snapshots; upstream\n# binius-zk/binius64, pinned commit 37e9cd64e82243cde0e79c7d8ac0dc319f1cbeb4). That tree\n# is not copied into this repository; its provenance records live under\n# domains/03-zk-carrier-experiments/ (results/source-comparison.json, docs/method.md).	[mechanical] provenance pointer: names the upstream repository and pinned commit, and says the vendored tree is excluded (exclude-vendored) and where its provenance records now live.
# crates/iop/src/whir/size_estimation.rs in the vendored Binius64 source,\n# reproduced here by an independent re-implementation of those estimators.	domains/07-compact-certificate-b0/src/sidecar_free_certificate.py	# crates/iop/src/whir/size_estimation.rs in the vendored Binius64 source (upstream\n# binius-zk/binius64 at the pinned commit above; that tree is not copied into this\n# repository, see domains/03-zk-carrier-experiments/), reproduced here by an\n# independent re-implementation of those estimators.	[mechanical] same class: the second provenance comment about the pinned proof sizes.
Authorization is asserted it returns ALGEBRAIC CANDIDATES ONLY. Authorization is asserted	domains/07-compact-certificate-b0/src/sidecar_free_certificate.py	Authorization is asserted	[judgement] the editorial pass that added the repository path pointer reflowed this line and duplicated the clause; restored to the source wording, pointer kept. Digest difference is this correction only. Re-run: 39 tests, OK.
parsed handles; it returns ALGEBRAIC CANDIDATES ONLY. Authorization is asserted	domains/07-compact-certificate-b0/src/sidecar_free_certificate.py	parsed handles (the v1.34 source is present in this repository as\ndomains/05-extraction-and-signature-reductions/src/ceqs29_extractor.py); it\nreturns ALGEBRAIC CANDIDATES ONLY. Authorization is asserted	[mechanical] the v1.34 decoder is cited by pointer to its published path. The pointer is the only change on these lines; the clause after it is the source wording.
ambiguity is a finding against this document.	domains/07-compact-certificate-b0/docs/b0-wire-spec.md	ambiguity is a finding against this document.\n\n**Paths.** Paths that name other project files are relative to the repository root,\nand version suffixes have been dropped from file names. The independent B0\nimplementation, the generated vectors and the check results belong to the\nindependent-audit-stack domain (`domains/11-independent-audit-stack/independent-b0/`);\nthis specification refers to them and does not duplicate them. A file named here that\nis not copied into this repository is marked as such.\n\n	[judgement] repository note inserted where the specification explains how to read it: paths are relative to the repository root, version suffixes are dropped, the independent B0 implementation and its vectors belong to D11 and are referred to rather than duplicated, and a file that is not copied is marked as such.
`b0_vectors.json` (generated by the reference with the §5 toy scheme) has top-level	domains/07-compact-certificate-b0/docs/b0-wire-spec.md	`b0_vectors.json` (generated by the reference with the §5 toy scheme; the file lives at\n`domains/11-independent-audit-stack/independent-b0/b0_vectors.json`, together with\n`gen_b0_vectors.py`, `check_vectors.py`, `SPEC_GAPS.md` and the recorded check results)\nhas top-level	[mechanical] the vector file is named by its published path, so a reader can find it: it is kept once, in the independent-audit-stack domain (domains/11-independent-audit-stack/independent-b0/), not duplicated under D7.
(`qpt_audit_stack/independent/b0_indep.py`) agreed	domains/07-compact-certificate-b0/docs/b0-wire-spec.md	(domains/11-independent-audit-stack/independent-b0/b0_indep.py)\nagreed	[mechanical] the independent implementation is cited by its published path.
Run --explain to print this addendum or --self-test to reproduce the checks.	domains/05-extraction-and-signature-reductions/src/phase_ghz_security_check.py	Run --explain to print this addendum or --self-test to reproduce the checks.\n\n\nPath note. This file is domains/05-extraction-and-signature-reductions/src/phase_ghz_security_check.py.\nIts own version label is the one in the first heading. All paths in this file\nare relative to the repository root. The other records it cites are in the same\ndirectory under their own version labels: v1.34 src/ceqs29_extractor.py,\nv1.35 src/joint_extractor_lift.py, v1.36 src/circuit_witness_extractor.py,\nv1.37 src/signature_security_reduction.py, v1.38 src/slh_dsa_signature_reduction.py,\nv1.39 src/signature_margin_sweep.py, v1.40 src/phase_ghz_security_check.py,\nv1.41 src/hybrid_sampling_bound_audit.py and v1.42\nsrc/slh_tree_conditioning_audit.py. 'The research trail' is the file\ndocs/01-research-journey/pqt.md. Where a pointer carries a line number, the\nnumber is the one recorded in the source files; it is not re-verified against\nthe repository copies.\n	[judgement] path note appended to the module docstring in the published copy: it names the file, says paths are relative to the repository root, lists the sibling records of the D5 series with their published paths, and points at docs/01-research-journey/pqt.md. Prose added at publication.
prints all scenario records; --self-test runs the exact arithmetic checks.	domains/05-extraction-and-signature-reductions/src/signature_margin_sweep.py	prints all scenario records; --self-test runs the exact arithmetic checks.\n\n\nPath note. This file is domains/05-extraction-and-signature-reductions/src/signature_margin_sweep.py.\nIts own version label is the one in the first heading. All paths in this file\nare relative to the repository root. The other records it cites are in the same\ndirectory under their own version labels: v1.34 src/ceqs29_extractor.py,\nv1.35 src/joint_extractor_lift.py, v1.36 src/circuit_witness_extractor.py,\nv1.37 src/signature_security_reduction.py, v1.38 src/slh_dsa_signature_reduction.py,\nv1.39 src/signature_margin_sweep.py, v1.40 src/phase_ghz_security_check.py,\nv1.41 src/hybrid_sampling_bound_audit.py and v1.42\nsrc/slh_tree_conditioning_audit.py. 'The research trail' is the file\ndocs/01-research-journey/pqt.md. Where a pointer carries a line number, the\nnumber is the one recorded in the source files; it is not re-verified against\nthe repository copies.\n	[judgement] path note appended to the module docstring in the published copy: it names the file, says paths are relative to the repository root, lists the sibling records of the D5 series with their published paths, and points at docs/01-research-journey/pqt.md. Prose added at publication.
an already published proof of this whole R29 construction.	domains/05-extraction-and-signature-reductions/src/signature_security_reduction.py	an already published proof of this whole R29 construction.\n\n\nPath note. This file is domains/05-extraction-and-signature-reductions/src/signature_security_reduction.py.\nIts own version label is the one in the first heading. All paths in this file\nare relative to the repository root. The other records it cites are in the same\ndirectory under their own version labels: v1.34 src/ceqs29_extractor.py,\nv1.35 src/joint_extractor_lift.py, v1.36 src/circuit_witness_extractor.py,\nv1.37 src/signature_security_reduction.py, v1.38 src/slh_dsa_signature_reduction.py,\nv1.39 src/signature_margin_sweep.py, v1.40 src/phase_ghz_security_check.py,\nv1.41 src/hybrid_sampling_bound_audit.py and v1.42\nsrc/slh_tree_conditioning_audit.py. 'The research trail' is the file\ndocs/01-research-journey/pqt.md. Where a pointer carries a line number, the\nnumber is the one recorded in the source files; it is not re-verified against\nthe repository copies.\n	[judgement] path note appended to the module docstring in the published copy: it names the file, says paths are relative to the repository root, lists the sibling records of the D5 series with their published paths, and points at docs/01-research-journey/pqt.md. Prose added at publication.
a numerical QPT-128 success or work-factor claim is not.	domains/05-extraction-and-signature-reductions/src/slh_dsa_signature_reduction.py	a numerical QPT-128 success or work-factor claim is not.\n\n\nPath note. This file is domains/05-extraction-and-signature-reductions/src/slh_dsa_signature_reduction.py.\nIts own version label is the one in the first heading. All paths in this file\nare relative to the repository root. The other records it cites are in the same\ndirectory under their own version labels: v1.34 src/ceqs29_extractor.py,\nv1.35 src/joint_extractor_lift.py, v1.36 src/circuit_witness_extractor.py,\nv1.37 src/signature_security_reduction.py, v1.38 src/slh_dsa_signature_reduction.py,\nv1.39 src/signature_margin_sweep.py, v1.40 src/phase_ghz_security_check.py,\nv1.41 src/hybrid_sampling_bound_audit.py and v1.42\nsrc/slh_tree_conditioning_audit.py. 'The research trail' is the file\ndocs/01-research-journey/pqt.md. Where a pointer carries a line number, the\nnumber is the one recorded in the source files; it is not re-verified against\nthe repository copies.\n	[judgement] path note appended to the module docstring in the published copy: it names the file, says paths are relative to the repository root, lists the sibling records of the D5 series with their published paths, and points at docs/01-research-journey/pqt.md. Prose added at publication.
terms, then applying (1) at the transformed reduction resources. This turn	domains/05-extraction-and-signature-reductions/src/signature_margin_sweep.py	terms, then applying (1) at the transformed reduction resources. This revision	[mechanical] assistant-session wording removed; the claim is unchanged.
The quorum reduction coefficients come from the conversation's v1.38\nartifact.	domains/05-extraction-and-signature-reductions/src/signature_margin_sweep.py	The quorum reduction coefficients come from the v1.38 record,\nsrc/slh_dsa_signature_reduction.py.	[mechanical] a reference to a preceding revision by conversational position becomes a pointer to the published file src/slh_dsa_signature_reduction.py.
and the resulting tables are calculations made for this work.	domains/05-extraction-and-signature-reductions/src/signature_margin_sweep.py	and the resulting tables are calculations\nmade for this record.	[mechanical] same class: 'this work' becomes 'this record'.
No existing uploaded file or v1.37 artifact is replaced.	domains/05-extraction-and-signature-reductions/src/slh_dsa_signature_reduction.py	No earlier artifact in this domain is replaced.	[mechanical] assistant wording ('uploaded file') removed and the reference to a preceding revision is made domain-relative; the no-claim statement it supports is unchanged.
