Process 0 (that is, the initial process):
{1}new sk0: skey;
{2}new sk1: skey;
{3}new sk2: skey;
{4}new sk3: skey;
{5}insert keys(s0,pk(sk0));
{6}insert keys(s1,pk(sk1));
{7}insert keys(s2,pk(sk2));
{8}insert keys(s3,pk(sk3));
{9}out(c, (pk(sk0),pk(sk1),pk(sk2),pk(sk3)));
{10}event Corrupt(s0);
{11}out(c, sk0);
{12}event Corrupt(s1);
{13}out(c, sk1);
(
    {14}let s: seat = s0 in
    {15}let sk: skey = sk0 in
    {16}!
    {17}in(c, (K: bitstring,v: bitstring));
    {18}event Signed(s,K,v);
    {19}out(c, sign((K,v,s),sk))
) | (
    {20}let s_1: seat = s1 in
    {21}let sk_1: skey = sk1 in
    {22}!
    {23}in(c, (K_1: bitstring,v_1: bitstring));
    {24}event Signed(s_1,K_1,v_1);
    {25}out(c, sign((K_1,v_1,s_1),sk_1))
) | (
    {26}let s_2: seat = s2 in
    {27}let sk_2: skey = sk2 in
    {28}!
    {29}in(c, (K_2: bitstring,v_2: bitstring));
    {30}event Signed(s_2,K_2,v_2);
    {31}out(c, sign((K_2,v_2,s_2),sk_2))
) | (
    {32}let s_3: seat = s3 in
    {33}let sk_3: skey = sk3 in
    {34}!
    {35}in(c, (K_3: bitstring,v_3: bitstring));
    {36}event Signed(s_3,K_3,v_3);
    {37}out(c, sign((K_3,v_3,s_3),sk_3))
) | (
    {38}!
    {39}in(c, (K_4: bitstring,v_4: bitstring,sigA: bitstring,sigB: bitstring,sigC: bitstring));
    {40}let (=K_4,=v_4,a1: seat) = getmess(sigA) in
    {41}let (=K_4,=v_4,a2: seat) = getmess(sigB) in
    {42}let (=K_4,=v_4,a3: seat) = getmess(sigC) in
    {53}get keys(=a1,pkA: pkey) in
    {52}get keys(=a2,pkB: pkey) in
    {51}get keys(=a3,pkC: pkey) in
    {43}if (checksign(sigA,pkA) = (K_4,v_4,a1)) then
    {44}if (checksign(sigB,pkB) = (K_4,v_4,a2)) then
    {45}if (checksign(sigC,pkC) = (K_4,v_4,a3)) then
    {46}if ((a1 ≠ a2) && ((a1 ≠ a3) && (a2 ≠ a3))) then
    {47}event Verified(a1,K_4,v_4);
    {48}event Verified(a2,K_4,v_4);
    {49}event Verified(a3,K_4,v_4);
    {50}event Accept(K_4,v_4,a1,a2,a3)
) | (
    {54}!
    {55}in(c, (K_5: bitstring,v1: bitstring,v2: bitstring,sig1: bitstring,sig2: bitstring));
    {56}let (=K_5,=v1,s_4: seat) = getmess(sig1) in
    {57}let (=K_5,=v2,=s_4) = getmess(sig2) in
    {63}get keys(=s_4,pks: pkey) in
    {58}if (checksign(sig1,pks) = (K_5,v1,s_4)) then
    {59}if (checksign(sig2,pks) = (K_5,v2,s_4)) then
    {60}if (v1 ≠ v2) then
    {61}event Evidence(s_4,K_5,v1,v2);
    {62}out(c, (s_4,K_5,v1,v2,sig1,sig2))
)

--  Process 1 (that is, process 0, with let moved downwards):
{1}new sk0: skey;
{2}new sk1: skey;
{3}new sk2: skey;
{4}new sk3: skey;
{5}insert keys(s0,pk(sk0));
{6}insert keys(s1,pk(sk1));
{7}insert keys(s2,pk(sk2));
{8}insert keys(s3,pk(sk3));
{9}out(c, (pk(sk0),pk(sk1),pk(sk2),pk(sk3)));
{10}event Corrupt(s0);
{11}out(c, sk0);
{12}event Corrupt(s1);
{13}out(c, sk1);
(
    {16}!
    {17}in(c, (K: bitstring,v: bitstring));
    {14}let s: seat = s0 in
    {18}event Signed(s,K,v);
    {15}let sk: skey = sk0 in
    {19}out(c, sign((K,v,s),sk))
) | (
    {22}!
    {23}in(c, (K_1: bitstring,v_1: bitstring));
    {20}let s_1: seat = s1 in
    {24}event Signed(s_1,K_1,v_1);
    {21}let sk_1: skey = sk1 in
    {25}out(c, sign((K_1,v_1,s_1),sk_1))
) | (
    {28}!
    {29}in(c, (K_2: bitstring,v_2: bitstring));
    {26}let s_2: seat = s2 in
    {30}event Signed(s_2,K_2,v_2);
    {27}let sk_2: skey = sk2 in
    {31}out(c, sign((K_2,v_2,s_2),sk_2))
) | (
    {34}!
    {35}in(c, (K_3: bitstring,v_3: bitstring));
    {32}let s_3: seat = s3 in
    {36}event Signed(s_3,K_3,v_3);
    {33}let sk_3: skey = sk3 in
    {37}out(c, sign((K_3,v_3,s_3),sk_3))
) | (
    {38}!
    {39}in(c, (K_4: bitstring,v_4: bitstring,sigA: bitstring,sigB: bitstring,sigC: bitstring));
    {40}let (=K_4,=v_4,a1: seat) = getmess(sigA) in
    {41}let (=K_4,=v_4,a2: seat) = getmess(sigB) in
    {42}let (=K_4,=v_4,a3: seat) = getmess(sigC) in
    {53}get keys(=a1,pkA: pkey) in
    {52}get keys(=a2,pkB: pkey) in
    {51}get keys(=a3,pkC: pkey) in
    {43}if (checksign(sigA,pkA) = (K_4,v_4,a1)) then
    {44}if (checksign(sigB,pkB) = (K_4,v_4,a2)) then
    {45}if (checksign(sigC,pkC) = (K_4,v_4,a3)) then
    {46}if ((a1 ≠ a2) && ((a1 ≠ a3) && (a2 ≠ a3))) then
    {47}event Verified(a1,K_4,v_4);
    {48}event Verified(a2,K_4,v_4);
    {49}event Verified(a3,K_4,v_4);
    {50}event Accept(K_4,v_4,a1,a2,a3)
) | (
    {54}!
    {55}in(c, (K_5: bitstring,v1: bitstring,v2: bitstring,sig1: bitstring,sig2: bitstring));
    {56}let (=K_5,=v1,s_4: seat) = getmess(sig1) in
    {57}let (=K_5,=v2,=s_4) = getmess(sig2) in
    {63}get keys(=s_4,pks: pkey) in
    {58}if (checksign(sig1,pks) = (K_5,v1,s_4)) then
    {59}if (checksign(sig2,pks) = (K_5,v2,s_4)) then
    {60}if (v1 ≠ v2) then
    {61}event Evidence(s_4,K_5,v1,v2);
    {62}out(c, (s_4,K_5,v1,v2,sig1,sig2))
)

-- Restriction event(Signed(s_5,K_6,v1_1)) && event(Signed(s_5,K_6,v2_1)) ==> v1_1 = v2_1 in process 1.
-- Query event(Accept(K_6,v_5,a1_1,a2_1,a3_1)) ==> (event(Signed(a1_1,K_6,v_5)) || event(Corrupt(a1_1))) && (event(Signed(a2_1,K_6,v_5)) || event(Corrupt(a2_1))) && (event(Signed(a3_1,K_6,v_5)) || event(Corrupt(a3_1))) in process 1.
Translating the process into Horn clauses...
Completing...
200 rules inserted. Base: 198 rules (58 with conclusion selected). Queue: 72 rules.
Starting query event(Accept(K_6,v_5,a1_1,a2_1,a3_1)) ==> (event(Signed(a1_1,K_6,v_5)) || event(Corrupt(a1_1))) && (event(Signed(a2_1,K_6,v_5)) || event(Corrupt(a2_1))) && (event(Signed(a3_1,K_6,v_5)) || event(Corrupt(a3_1)))
goal reachable: b-event(Signed(s3[],K_6,v_5)) && b-event(Signed(s2[],K_6,v_5)) && attacker_bitstring(K_6) && attacker_bitstring(v_5) && b-event(Corrupt(s1[])) && b-event(Corrupt(s0[])) -> event(Accept(K_6,v_5,s3[],s2[],s1[]))
goal reachable: b-event(Signed(s3[],K_6,v_5)) && b-event(Signed(s2[],K_6,v_5)) && attacker_bitstring(K_6) && attacker_bitstring(v_5) && b-event(Corrupt(s1[])) && b-event(Corrupt(s0[])) -> event(Accept(K_6,v_5,s3[],s2[],s0[]))
goal reachable: b-event(Signed(s3[],K_6,v_5)) && b-event(Signed(s2[],K_6,v_5)) && attacker_bitstring(K_6) && attacker_bitstring(v_5) && b-event(Corrupt(s1[])) && b-event(Corrupt(s0[])) -> event(Accept(K_6,v_5,s3[],s1[],s2[]))
goal reachable: b-event(Signed(s3[],K_6,v_5)) && attacker_bitstring(K_6) && attacker_bitstring(v_5) && b-event(Corrupt(s1[])) && b-event(Corrupt(s0[])) -> event(Accept(K_6,v_5,s3[],s1[],s0[]))
goal reachable: b-event(Signed(s3[],K_6,v_5)) && b-event(Signed(s2[],K_6,v_5)) && attacker_bitstring(K_6) && attacker_bitstring(v_5) && b-event(Corrupt(s1[])) && b-event(Corrupt(s0[])) -> event(Accept(K_6,v_5,s3[],s0[],s2[]))
goal reachable: b-event(Signed(s3[],K_6,v_5)) && attacker_bitstring(K_6) && attacker_bitstring(v_5) && b-event(Corrupt(s1[])) && b-event(Corrupt(s0[])) -> event(Accept(K_6,v_5,s3[],s0[],s1[]))
goal reachable: b-event(Signed(s2[],K_6,v_5)) && b-event(Signed(s3[],K_6,v_5)) && attacker_bitstring(K_6) && attacker_bitstring(v_5) && b-event(Corrupt(s1[])) && b-event(Corrupt(s0[])) -> event(Accept(K_6,v_5,s2[],s3[],s1[]))
goal reachable: b-event(Signed(s2[],K_6,v_5)) && b-event(Signed(s3[],K_6,v_5)) && attacker_bitstring(K_6) && attacker_bitstring(v_5) && b-event(Corrupt(s1[])) && b-event(Corrupt(s0[])) -> event(Accept(K_6,v_5,s2[],s3[],s0[]))
goal reachable: b-event(Signed(s2[],K_6,v_5)) && b-event(Signed(s3[],K_6,v_5)) && attacker_bitstring(K_6) && attacker_bitstring(v_5) && b-event(Corrupt(s1[])) && b-event(Corrupt(s0[])) -> event(Accept(K_6,v_5,s2[],s1[],s3[]))
goal reachable: b-event(Signed(s2[],K_6,v_5)) && attacker_bitstring(K_6) && attacker_bitstring(v_5) && b-event(Corrupt(s1[])) && b-event(Corrupt(s0[])) -> event(Accept(K_6,v_5,s2[],s1[],s0[]))
goal reachable: b-event(Signed(s2[],K_6,v_5)) && b-event(Signed(s3[],K_6,v_5)) && attacker_bitstring(K_6) && attacker_bitstring(v_5) && b-event(Corrupt(s1[])) && b-event(Corrupt(s0[])) -> event(Accept(K_6,v_5,s2[],s0[],s3[]))
goal reachable: b-event(Signed(s2[],K_6,v_5)) && attacker_bitstring(K_6) && attacker_bitstring(v_5) && b-event(Corrupt(s1[])) && b-event(Corrupt(s0[])) -> event(Accept(K_6,v_5,s2[],s0[],s1[]))
goal reachable: b-event(Signed(s3[],K_6,v_5)) && b-event(Signed(s2[],K_6,v_5)) && attacker_bitstring(K_6) && attacker_bitstring(v_5) && b-event(Corrupt(s1[])) && b-event(Corrupt(s0[])) -> event(Accept(K_6,v_5,s1[],s3[],s2[]))
goal reachable: b-event(Signed(s3[],K_6,v_5)) && attacker_bitstring(K_6) && attacker_bitstring(v_5) && b-event(Corrupt(s1[])) && b-event(Corrupt(s0[])) -> event(Accept(K_6,v_5,s1[],s3[],s0[]))
goal reachable: b-event(Signed(s2[],K_6,v_5)) && b-event(Signed(s3[],K_6,v_5)) && attacker_bitstring(K_6) && attacker_bitstring(v_5) && b-event(Corrupt(s1[])) && b-event(Corrupt(s0[])) -> event(Accept(K_6,v_5,s1[],s2[],s3[]))
goal reachable: b-event(Signed(s2[],K_6,v_5)) && attacker_bitstring(K_6) && attacker_bitstring(v_5) && b-event(Corrupt(s1[])) && b-event(Corrupt(s0[])) -> event(Accept(K_6,v_5,s1[],s2[],s0[]))
goal reachable: b-event(Signed(s3[],K_6,v_5)) && attacker_bitstring(K_6) && attacker_bitstring(v_5) && b-event(Corrupt(s1[])) && b-event(Corrupt(s0[])) -> event(Accept(K_6,v_5,s1[],s0[],s3[]))
goal reachable: b-event(Signed(s2[],K_6,v_5)) && attacker_bitstring(K_6) && attacker_bitstring(v_5) && b-event(Corrupt(s1[])) && b-event(Corrupt(s0[])) -> event(Accept(K_6,v_5,s1[],s0[],s2[]))
goal reachable: b-event(Signed(s3[],K_6,v_5)) && b-event(Signed(s2[],K_6,v_5)) && attacker_bitstring(K_6) && attacker_bitstring(v_5) && b-event(Corrupt(s1[])) && b-event(Corrupt(s0[])) -> event(Accept(K_6,v_5,s0[],s3[],s2[]))
goal reachable: b-event(Signed(s3[],K_6,v_5)) && attacker_bitstring(K_6) && attacker_bitstring(v_5) && b-event(Corrupt(s1[])) && b-event(Corrupt(s0[])) -> event(Accept(K_6,v_5,s0[],s3[],s1[]))
goal reachable: b-event(Signed(s2[],K_6,v_5)) && b-event(Signed(s3[],K_6,v_5)) && attacker_bitstring(K_6) && attacker_bitstring(v_5) && b-event(Corrupt(s1[])) && b-event(Corrupt(s0[])) -> event(Accept(K_6,v_5,s0[],s2[],s3[]))
goal reachable: b-event(Signed(s2[],K_6,v_5)) && attacker_bitstring(K_6) && attacker_bitstring(v_5) && b-event(Corrupt(s1[])) && b-event(Corrupt(s0[])) -> event(Accept(K_6,v_5,s0[],s2[],s1[]))
goal reachable: b-event(Signed(s3[],K_6,v_5)) && attacker_bitstring(K_6) && attacker_bitstring(v_5) && b-event(Corrupt(s1[])) && b-event(Corrupt(s0[])) -> event(Accept(K_6,v_5,s0[],s1[],s3[]))
goal reachable: b-event(Signed(s2[],K_6,v_5)) && attacker_bitstring(K_6) && attacker_bitstring(v_5) && b-event(Corrupt(s1[])) && b-event(Corrupt(s0[])) -> event(Accept(K_6,v_5,s0[],s1[],s2[]))
RESULT event(Accept(K_6,v_5,a1_1,a2_1,a3_1)) ==> (event(Signed(a1_1,K_6,v_5)) || event(Corrupt(a1_1))) && (event(Signed(a2_1,K_6,v_5)) || event(Corrupt(a2_1))) && (event(Signed(a3_1,K_6,v_5)) || event(Corrupt(a3_1))) is true.
-- Query event(Verified(s_5,K_6,v_5)) ==> event(Signed(s_5,K_6,v_5)) || event(Corrupt(s_5)) in process 1.
Translating the process into Horn clauses...
Completing...
200 rules inserted. Base: 198 rules (58 with conclusion selected). Queue: 59 rules.
Starting query event(Verified(s_5,K_6,v_5)) ==> event(Signed(s_5,K_6,v_5)) || event(Corrupt(s_5))
goal reachable: b-event(Signed(s3[],K_6,v_5)) && attacker_bitstring(K_6) && attacker_bitstring(v_5) && b-event(Corrupt(s1[])) && b-event(Corrupt(s0[])) -> event(Verified(s3[],K_6,v_5))
goal reachable: b-event(Signed(s2[],K_6,v_5)) && attacker_bitstring(K_6) && attacker_bitstring(v_5) && b-event(Corrupt(s1[])) && b-event(Corrupt(s0[])) -> event(Verified(s2[],K_6,v_5))
goal reachable: b-event(Signed(s3[],K_6,v_5)) && attacker_bitstring(K_6) && attacker_bitstring(v_5) && b-event(Corrupt(s1[])) && b-event(Corrupt(s0[])) -> event(Verified(s1[],K_6,v_5))
goal reachable: b-event(Signed(s2[],K_6,v_5)) && attacker_bitstring(K_6) && attacker_bitstring(v_5) && b-event(Corrupt(s1[])) && b-event(Corrupt(s0[])) -> event(Verified(s1[],K_6,v_5))
goal reachable: b-event(Signed(s3[],K_6,v_5)) && attacker_bitstring(K_6) && attacker_bitstring(v_5) && b-event(Corrupt(s1[])) && b-event(Corrupt(s0[])) -> event(Verified(s0[],K_6,v_5))
goal reachable: b-event(Signed(s2[],K_6,v_5)) && attacker_bitstring(K_6) && attacker_bitstring(v_5) && b-event(Corrupt(s1[])) && b-event(Corrupt(s0[])) -> event(Verified(s0[],K_6,v_5))
RESULT event(Verified(s_5,K_6,v_5)) ==> event(Signed(s_5,K_6,v_5)) || event(Corrupt(s_5)) is true.
-- Query event(Accept(K_6,v1_1,a1_1,a2_1,a3_1)) && event(Accept(K_6,v2_1,b1,b2,b3)) ==> v1_1 = v2_1 || (event(Corrupt(s0[])) && event(Corrupt(s1[]))) in process 1.
Translating the process into Horn clauses...
Completing...
200 rules inserted. Base: 198 rules (58 with conclusion selected). Queue: 72 rules.
Starting query event(Accept(K_6,v1_1,a1_1,a2_1,a3_1)) && event(Accept(K_6,v2_1,b1,b2,b3)) ==> v1_1 = v2_1 || (event(Corrupt(s0[])) && event(Corrupt(s1[])))
200 rules inserted. Base: 200 rules (175 with conclusion selected). Queue: 401 rules.
400 rules inserted. Base: 400 rules (375 with conclusion selected). Queue: 201 rules.
600 rules inserted. Base: 600 rules (575 with conclusion selected). Queue: 1 rules.
goal reachable: b-event(Signed(s3[],K_6,v2_1)) && b-event(Signed(s2[],K_6,v2_1)) && attacker_bitstring(K_6) && attacker_bitstring(v2_1) && b-event(Corrupt(s1[])) && b-event(Corrupt(s0[])) -> event(Accept(K_6,v2_1,s3[],s2[],s1[])) && event(Accept(K_6,v2_1,s3[],s2[],s1[]))
goal reachable: b-event(Signed(s3[],K_6,v2_1)) && b-event(Signed(s2[],K_6,v2_1)) && attacker_bitstring(K_6) && attacker_bitstring(v2_1) && b-event(Corrupt(s1[])) && b-event(Corrupt(s0[])) -> event(Accept(K_6,v2_1,s3[],s2[],s1[])) && event(Accept(K_6,v2_1,s3[],s2[],s0[]))
goal reachable: b-event(Signed(s3[],K_6,v2_1)) && b-event(Signed(s2[],K_6,v2_1)) && attacker_bitstring(K_6) && attacker_bitstring(v2_1) && b-event(Corrupt(s1[])) && b-event(Corrupt(s0[])) -> event(Accept(K_6,v2_1,s3[],s2[],s1[])) && event(Accept(K_6,v2_1,s3[],s1[],s2[]))
goal reachable: b-event(Signed(s2[],K_6,v2_1)) && b-event(Signed(s3[],K_6,v2_1)) && attacker_bitstring(K_6) && attacker_bitstring(v2_1) && b-event(Corrupt(s1[])) && b-event(Corrupt(s0[])) -> event(Accept(K_6,v2_1,s3[],s2[],s1[])) && event(Accept(K_6,v2_1,s3[],s1[],s0[]))
goal reachable: b-event(Signed(s3[],K_6,v2_1)) && b-event(Signed(s2[],K_6,v2_1)) && attacker_bitstring(K_6) && attacker_bitstring(v2_1) && b-event(Corrupt(s1[])) && b-event(Corrupt(s0[])) -> event(Accept(K_6,v2_1,s3[],s2[],s1[])) && event(Accept(K_6,v2_1,s3[],s0[],s2[]))
goal reachable: b-event(Signed(s2[],K_6,v2_1)) && b-event(Signed(s3[],K_6,v2_1)) && attacker_bitstring(K_6) && attacker_bitstring(v2_1) && b-event(Corrupt(s1[])) && b-event(Corrupt(s0[])) -> event(Accept(K_6,v2_1,s3[],s2[],s1[])) && event(Accept(K_6,v2_1,s3[],s0[],s1[]))
goal reachable: b-event(Signed(s2[],K_6,v2_1)) && b-event(Signed(s3[],K_6,v2_1)) && attacker_bitstring(K_6) && attacker_bitstring(v2_1) && b-event(Corrupt(s1[])) && b-event(Corrupt(s0[])) -> event(Accept(K_6,v2_1,s3[],s2[],s1[])) && event(Accept(K_6,v2_1,s2[],s3[],s1[]))
goal reachable: b-event(Signed(s2[],K_6,v2_1)) && b-event(Signed(s3[],K_6,v2_1)) && attacker_bitstring(K_6) && attacker_bitstring(v2_1) && b-event(Corrupt(s1[])) && b-event(Corrupt(s0[])) -> event(Accept(K_6,v2_1,s3[],s2[],s1[])) && event(Accept(K_6,v2_1,s2[],s3[],s0[]))
goal reachable: b-event(Signed(s2[],K_6,v2_1)) && b-event(Signed(s3[],K_6,v2_1)) && attacker_bitstring(K_6) && attacker_bitstring(v2_1) && b-event(Corrupt(s1[])) && b-event(Corrupt(s0[])) -> event(Accept(K_6,v2_1,s3[],s2[],s1[])) && event(Accept(K_6,v2_1,s2[],s1[],s3[]))
goal reachable: b-event(Signed(s3[],K_6,v2_1)) && b-event(Signed(s2[],K_6,v2_1)) && attacker_bitstring(K_6) && attacker_bitstring(v2_1) && b-event(Corrupt(s1[])) && b-event(Corrupt(s0[])) -> event(Accept(K_6,v2_1,s3[],s2[],s1[])) && event(Accept(K_6,v2_1,s2[],s1[],s0[]))
goal reachable: b-event(Signed(s2[],K_6,v2_1)) && b-event(Signed(s3[],K_6,v2_1)) && attacker_bitstring(K_6) && attacker_bitstring(v2_1) && b-event(Corrupt(s1[])) && b-event(Corrupt(s0[])) -> event(Accept(K_6,v2_1,s3[],s2[],s1[])) && event(Accept(K_6,v2_1,s2[],s0[],s3[]))
goal reachable: b-event(Signed(s3[],K_6,v2_1)) && b-event(Signed(s2[],K_6,v2_1)) && attacker_bitstring(K_6) && attacker_bitstring(v2_1) && b-event(Corrupt(s1[])) && b-event(Corrupt(s0[])) -> event(Accept(K_6,v2_1,s3[],s2[],s1[])) && event(Accept(K_6,v2_1,s2[],s0[],s1[]))
goal reachable: b-event(Signed(s3[],K_6,v2_1)) && b-event(Signed(s2[],K_6,v2_1)) && attacker_bitstring(K_6) && attacker_bitstring(v2_1) && b-event(Corrupt(s1[])) && b-event(Corrupt(s0[])) -> event(Accept(K_6,v2_1,s3[],s2[],s1[])) && event(Accept(K_6,v2_1,s1[],s3[],s2[]))
goal reachable: b-event(Signed(s2[],K_6,v2_1)) && b-event(Signed(s3[],K_6,v2_1)) && attacker_bitstring(K_6) && attacker_bitstring(v2_1) && b-event(Corrupt(s1[])) && b-event(Corrupt(s0[])) -> event(Accept(K_6,v2_1,s3[],s2[],s1[])) && event(Accept(K_6,v2_1,s1[],s3[],s0[]))
goal reachable: b-event(Signed(s2[],K_6,v2_1)) && b-event(Signed(s3[],K_6,v2_1)) && attacker_bitstring(K_6) && attacker_bitstring(v2_1) && b-event(Corrupt(s1[])) && b-event(Corrupt(s0[])) -> event(Accept(K_6,v2_1,s3[],s2[],s1[])) && event(Accept(K_6,v2_1,s1[],s2[],s3[]))
goal reachable: b-event(Signed(s3[],K_6,v2_1)) && b-event(Signed(s2[],K_6,v2_1)) && attacker_bitstring(K_6) && attacker_bitstring(v2_1) && b-event(Corrupt(s1[])) && b-event(Corrupt(s0[])) -> event(Accept(K_6,v2_1,s3[],s2[],s1[])) && event(Accept(K_6,v2_1,s1[],s2[],s0[]))
goal reachable: b-event(Signed(s2[],K_6,v2_1)) && b-event(Signed(s3[],K_6,v2_1)) && attacker_bitstring(K_6) && attacker_bitstring(v2_1) && b-event(Corrupt(s1[])) && b-event(Corrupt(s0[])) -> event(Accept(K_6,v2_1,s3[],s2[],s1[])) && event(Accept(K_6,v2_1,s1[],s0[],s3[]))
goal reachable: b-event(Signed(s3[],K_6,v2_1)) && b-event(Signed(s2[],K_6,v2_1)) && attacker_bitstring(K_6) && attacker_bitstring(v2_1) && b-event(Corrupt(s1[])) && b-event(Corrupt(s0[])) -> event(Accept(K_6,v2_1,s3[],s2[],s1[])) && event(Accept(K_6,v2_1,s1[],s0[],s2[]))
goal reachable: b-event(Signed(s3[],K_6,v2_1)) && b-event(Signed(s2[],K_6,v2_1)) && attacker_bitstring(K_6) && attacker_bitstring(v2_1) && b-event(Corrupt(s1[])) && b-event(Corrupt(s0[])) -> event(Accept(K_6,v2_1,s3[],s2[],s1[])) && event(Accept(K_6,v2_1,s0[],s3[],s2[]))
goal reachable: b-event(Signed(s2[],K_6,v2_1)) && b-event(Signed(s3[],K_6,v2_1)) && attacker_bitstring(K_6) && attacker_bitstring(v2_1) && b-event(Corrupt(s1[])) && b-event(Corrupt(s0[])) -> event(Accept(K_6,v2_1,s3[],s2[],s1[])) && event(Accept(K_6,v2_1,s0[],s3[],s1[]))
goal reachable: b-event(Signed(s2[],K_6,v2_1)) && b-event(Signed(s3[],K_6,v2_1)) && attacker_bitstring(K_6) && attacker_bitstring(v2_1) && b-event(Corrupt(s1[])) && b-event(Corrupt(s0[])) -> event(Accept(K_6,v2_1,s3[],s2[],s1[])) && event(Accept(K_6,v2_1,s0[],s2[],s3[]))
goal reachable: b-event(Signed(s3[],K_6,v2_1)) && b-event(Signed(s2[],K_6,v2_1)) && attacker_bitstring(K_6) && attacker_bitstring(v2_1) && b-event(Corrupt(s1[])) && b-event(Corrupt(s0[])) -> event(Accept(K_6,v2_1,s3[],s2[],s1[])) && event(Accept(K_6,v2_1,s0[],s2[],s1[]))
goal reachable: b-event(Signed(s2[],K_6,v2_1)) && b-event(Signed(s3[],K_6,v2_1)) && attacker_bitstring(K_6) && attacker_bitstring(v2_1) && b-event(Corrupt(s1[])) && b-event(Corrupt(s0[])) -> event(Accept(K_6,v2_1,s3[],s2[],s1[])) && event(Accept(K_6,v2_1,s0[],s1[],s3[]))
goal reachable: b-event(Signed(s3[],K_6,v2_1)) && b-event(Signed(s2[],K_6,v2_1)) && attacker_bitstring(K_6) && attacker_bitstring(v2_1) && b-event(Corrupt(s1[])) && b-event(Corrupt(s0[])) -> event(Accept(K_6,v2_1,s3[],s2[],s1[])) && event(Accept(K_6,v2_1,s0[],s1[],s2[]))
goal reachable: b-event(Signed(s3[],K_6,v2_1)) && b-event(Signed(s2[],K_6,v2_1)) && attacker_bitstring(K_6) && attacker_bitstring(v2_1) && b-event(Corrupt(s1[])) && b-event(Corrupt(s0[])) -> event(Accept(K_6,v2_1,s3[],s2[],s0[])) && event(Accept(K_6,v2_1,s3[],s2[],s1[]))
goal reachable: b-event(Signed(s3[],K_6,v2_1)) && b-event(Signed(s2[],K_6,v2_1)) && attacker_bitstring(K_6) && attacker_bitstring(v2_1) && b-event(Corrupt(s1[])) && b-event(Corrupt(s0[])) -> event(Accept(K_6,v2_1,s3[],s2[],s0[])) && event(Accept(K_6,v2_1,s3[],s2[],s0[]))
goal reachable: b-event(Signed(s3[],K_6,v2_1)) && b-event(Signed(s2[],K_6,v2_1)) && attacker_bitstring(K_6) && attacker_bitstring(v2_1) && b-event(Corrupt(s1[])) && b-event(Corrupt(s0[])) -> event(Accept(K_6,v2_1,s3[],s2[],s0[])) && event(Accept(K_6,v2_1,s3[],s1[],s2[]))
goal reachable: b-event(Signed(s2[],K_6,v2_1)) && b-event(Signed(s3[],K_6,v2_1)) && attacker_bitstring(K_6) && attacker_bitstring(v2_1) && b-event(Corrupt(s1[])) && b-event(Corrupt(s0[])) -> event(Accept(K_6,v2_1,s3[],s2[],s0[])) && event(Accept(K_6,v2_1,s3[],s1[],s0[]))
goal reachable: b-event(Signed(s3[],K_6,v2_1)) && b-event(Signed(s2[],K_6,v2_1)) && attacker_bitstring(K_6) && attacker_bitstring(v2_1) && b-event(Corrupt(s1[])) && b-event(Corrupt(s0[])) -> event(Accept(K_6,v2_1,s3[],s2[],s0[])) && event(Accept(K_6,v2_1,s3[],s0[],s2[]))
goal reachable: b-event(Signed(s2[],K_6,v2_1)) && b-event(Signed(s3[],K_6,v2_1)) && attacker_bitstring(K_6) && attacker_bitstring(v2_1) && b-event(Corrupt(s1[])) && b-event(Corrupt(s0[])) -> event(Accept(K_6,v2_1,s3[],s2[],s0[])) && event(Accept(K_6,v2_1,s3[],s0[],s1[]))
goal reachable: b-event(Signed(s2[],K_6,v2_1)) && b-event(Signed(s3[],K_6,v2_1)) && attacker_bitstring(K_6) && attacker_bitstring(v2_1) && b-event(Corrupt(s1[])) && b-event(Corrupt(s0[])) -> event(Accept(K_6,v2_1,s3[],s2[],s0[])) && event(Accept(K_6,v2_1,s2[],s3[],s1[]))
goal reachable: b-event(Signed(s2[],K_6,v2_1)) && b-event(Signed(s3[],K_6,v2_1)) && attacker_bitstring(K_6) && attacker_bitstring(v2_1) && b-event(Corrupt(s1[])) && b-event(Corrupt(s0[])) -> event(Accept(K_6,v2_1,s3[],s2[],s0[])) && event(Accept(K_6,v2_1,s2[],s3[],s0[]))
goal reachable: b-event(Signed(s2[],K_6,v2_1)) && b-event(Signed(s3[],K_6,v2_1)) && attacker_bitstring(K_6) && attacker_bitstring(v2_1) && b-event(Corrupt(s1[])) && b-event(Corrupt(s0[])) -> event(Accept(K_6,v2_1,s3[],s2[],s0[])) && event(Accept(K_6,v2_1,s2[],s1[],s3[]))
goal reachable: b-event(Signed(s3[],K_6,v2_1)) && b-event(Signed(s2[],K_6,v2_1)) && attacker_bitstring(K_6) && attacker_bitstring(v2_1) && b-event(Corrupt(s1[])) && b-event(Corrupt(s0[])) -> event(Accept(K_6,v2_1,s3[],s2[],s0[])) && event(Accept(K_6,v2_1,s2[],s1[],s0[]))
goal reachable: b-event(Signed(s2[],K_6,v2_1)) && b-event(Signed(s3[],K_6,v2_1)) && attacker_bitstring(K_6) && attacker_bitstring(v2_1) && b-event(Corrupt(s1[])) && b-event(Corrupt(s0[])) -> event(Accept(K_6,v2_1,s3[],s2[],s0[])) && event(Accept(K_6,v2_1,s2[],s0[],s3[]))
goal reachable: b-event(Signed(s3[],K_6,v2_1)) && b-event(Signed(s2[],K_6,v2_1)) && attacker_bitstring(K_6) && attacker_bitstring(v2_1) && b-event(Corrupt(s1[])) && b-event(Corrupt(s0[])) -> event(Accept(K_6,v2_1,s3[],s2[],s0[])) && event(Accept(K_6,v2_1,s2[],s0[],s1[]))
goal reachable: b-event(Signed(s3[],K_6,v2_1)) && b-event(Signed(s2[],K_6,v2_1)) && attacker_bitstring(K_6) && attacker_bitstring(v2_1) && b-event(Corrupt(s1[])) && b-event(Corrupt(s0[])) -> event(Accept(K_6,v2_1,s3[],s2[],s0[])) && event(Accept(K_6,v2_1,s1[],s3[],s2[]))
goal reachable: b-event(Signed(s2[],K_6,v2_1)) && b-event(Signed(s3[],K_6,v2_1)) && attacker_bitstring(K_6) && attacker_bitstring(v2_1) && b-event(Corrupt(s1[])) && b-event(Corrupt(s0[])) -> event(Accept(K_6,v2_1,s3[],s2[],s0[])) && event(Accept(K_6,v2_1,s1[],s3[],s0[]))
goal reachable: b-event(Signed(s2[],K_6,v2_1)) && b-event(Signed(s3[],K_6,v2_1)) && attacker_bitstring(K_6) && attacker_bitstring(v2_1) && b-event(Corrupt(s1[])) && b-event(Corrupt(s0[])) -> event(Accept(K_6,v2_1,s3[],s2[],s0[])) && event(Accept(K_6,v2_1,s1[],s2[],s3[]))
goal reachable: b-event(Signed(s3[],K_6,v2_1)) && b-event(Signed(s2[],K_6,v2_1)) && attacker_bitstring(K_6) && attacker_bitstring(v2_1) && b-event(Corrupt(s1[])) && b-event(Corrupt(s0[])) -> event(Accept(K_6,v2_1,s3[],s2[],s0[])) && event(Accept(K_6,v2_1,s1[],s2[],s0[]))
goal reachable: b-event(Signed(s2[],K_6,v2_1)) && b-event(Signed(s3[],K_6,v2_1)) && attacker_bitstring(K_6) && attacker_bitstring(v2_1) && b-event(Corrupt(s1[])) && b-event(Corrupt(s0[])) -> event(Accept(K_6,v2_1,s3[],s2[],s0[])) && event(Accept(K_6,v2_1,s1[],s0[],s3[]))
goal reachable: b-event(Signed(s3[],K_6,v2_1)) && b-event(Signed(s2[],K_6,v2_1)) && attacker_bitstring(K_6) && attacker_bitstring(v2_1) && b-event(Corrupt(s1[])) && b-event(Corrupt(s0[])) -> event(Accept(K_6,v2_1,s3[],s2[],s0[])) && event(Accept(K_6,v2_1,s1[],s0[],s2[]))
goal reachable: b-event(Signed(s3[],K_6,v2_1)) && b-event(Signed(s2[],K_6,v2_1)) && attacker_bitstring(K_6) && attacker_bitstring(v2_1) && b-event(Corrupt(s1[])) && b-event(Corrupt(s0[])) -> event(Accept(K_6,v2_1,s3[],s2[],s0[])) && event(Accept(K_6,v2_1,s0[],s3[],s2[]))
goal reachable: b-event(Signed(s2[],K_6,v2_1)) && b-event(Signed(s3[],K_6,v2_1)) && attacker_bitstring(K_6) && attacker_bitstring(v2_1) && b-event(Corrupt(s1[])) && b-event(Corrupt(s0[])) -> event(Accept(K_6,v2_1,s3[],s2[],s0[])) && event(Accept(K_6,v2_1,s0[],s3[],s1[]))
goal reachable: b-event(Signed(s2[],K_6,v2_1)) && b-event(Signed(s3[],K_6,v2_1)) && attacker_bitstring(K_6) && attacker_bitstring(v2_1) && b-event(Corrupt(s1[])) && b-event(Corrupt(s0[])) -> event(Accept(K_6,v2_1,s3[],s2[],s0[])) && event(Accept(K_6,v2_1,s0[],s2[],s3[]))
goal reachable: b-event(Signed(s3[],K_6,v2_1)) && b-event(Signed(s2[],K_6,v2_1)) && attacker_bitstring(K_6) && attacker_bitstring(v2_1) && b-event(Corrupt(s1[])) && b-event(Corrupt(s0[])) -> event(Accept(K_6,v2_1,s3[],s2[],s0[])) && event(Accept(K_6,v2_1,s0[],s2[],s1[]))
goal reachable: b-event(Signed(s2[],K_6,v2_1)) && b-event(Signed(s3[],K_6,v2_1)) && attacker_bitstring(K_6) && attacker_bitstring(v2_1) && b-event(Corrupt(s1[])) && b-event(Corrupt(s0[])) -> event(Accept(K_6,v2_1,s3[],s2[],s0[])) && event(Accept(K_6,v2_1,s0[],s1[],s3[]))
goal reachable: b-event(Signed(s3[],K_6,v2_1)) && b-event(Signed(s2[],K_6,v2_1)) && attacker_bitstring(K_6) && attacker_bitstring(v2_1) && b-event(Corrupt(s1[])) && b-event(Corrupt(s0[])) -> event(Accept(K_6,v2_1,s3[],s2[],s0[])) && event(Accept(K_6,v2_1,s0[],s1[],s2[]))
goal reachable: b-event(Signed(s3[],K_6,v2_1)) && b-event(Signed(s2[],K_6,v2_1)) && attacker_bitstring(K_6) && attacker_bitstring(v2_1) && b-event(Corrupt(s1[])) && b-event(Corrupt(s0[])) -> event(Accept(K_6,v2_1,s3[],s1[],s2[])) && event(Accept(K_6,v2_1,s3[],s2[],s1[]))
goal reachable: b-event(Signed(s3[],K_6,v2_1)) && b-event(Signed(s2[],K_6,v2_1)) && attacker_bitstring(K_6) && attacker_bitstring(v2_1) && b-event(Corrupt(s1[])) && b-event(Corrupt(s0[])) -> event(Accept(K_6,v2_1,s3[],s1[],s2[])) && event(Accept(K_6,v2_1,s3[],s2[],s0[]))
goal reachable: b-event(Signed(s3[],K_6,v2_1)) && b-event(Signed(s2[],K_6,v2_1)) && attacker_bitstring(K_6) && attacker_bitstring(v2_1) && b-event(Corrupt(s1[])) && b-event(Corrupt(s0[])) -> event(Accept(K_6,v2_1,s3[],s1[],s2[])) && event(Accept(K_6,v2_1,s3[],s1[],s2[]))
goal reachable: b-event(Signed(s2[],K_6,v2_1)) && b-event(Signed(s3[],K_6,v2_1)) && attacker_bitstring(K_6) && attacker_bitstring(v2_1) && b-event(Corrupt(s1[])) && b-event(Corrupt(s0[])) -> event(Accept(K_6,v2_1,s3[],s1[],s2[])) && event(Accept(K_6,v2_1,s3[],s1[],s0[]))
goal reachable: b-event(Signed(s3[],K_6,v2_1)) && b-event(Signed(s2[],K_6,v2_1)) && attacker_bitstring(K_6) && attacker_bitstring(v2_1) && b-event(Corrupt(s1[])) && b-event(Corrupt(s0[])) -> event(Accept(K_6,v2_1,s3[],s1[],s2[])) && event(Accept(K_6,v2_1,s3[],s0[],s2[]))
goal reachable: b-event(Signed(s2[],K_6,v2_1)) && b-event(Signed(s3[],K_6,v2_1)) && attacker_bitstring(K_6) && attacker_bitstring(v2_1) && b-event(Corrupt(s1[])) && b-event(Corrupt(s0[])) -> event(Accept(K_6,v2_1,s3[],s1[],s2[])) && event(Accept(K_6,v2_1,s3[],s0[],s1[]))
goal reachable: b-event(Signed(s2[],K_6,v2_1)) && b-event(Signed(s3[],K_6,v2_1)) && attacker_bitstring(K_6) && attacker_bitstring(v2_1) && b-event(Corrupt(s1[])) && b-event(Corrupt(s0[])) -> event(Accept(K_6,v2_1,s3[],s1[],s2[])) && event(Accept(K_6,v2_1,s2[],s3[],s1[]))
goal reachable: b-event(Signed(s2[],K_6,v2_1)) && b-event(Signed(s3[],K_6,v2_1)) && attacker_bitstring(K_6) && attacker_bitstring(v2_1) && b-event(Corrupt(s1[])) && b-event(Corrupt(s0[])) -> event(Accept(K_6,v2_1,s3[],s1[],s2[])) && event(Accept(K_6,v2_1,s2[],s3[],s0[]))
goal reachable: b-event(Signed(s2[],K_6,v2_1)) && b-event(Signed(s3[],K_6,v2_1)) && attacker_bitstring(K_6) && attacker_bitstring(v2_1) && b-event(Corrupt(s1[])) && b-event(Corrupt(s0[])) -> event(Accept(K_6,v2_1,s3[],s1[],s2[])) && event(Accept(K_6,v2_1,s2[],s1[],s3[]))
goal reachable: b-event(Signed(s3[],K_6,v2_1)) && b-event(Signed(s2[],K_6,v2_1)) && attacker_bitstring(K_6) && attacker_bitstring(v2_1) && b-event(Corrupt(s1[])) && b-event(Corrupt(s0[])) -> event(Accept(K_6,v2_1,s3[],s1[],s2[])) && event(Accept(K_6,v2_1,s2[],s1[],s0[]))
goal reachable: b-event(Signed(s2[],K_6,v2_1)) && b-event(Signed(s3[],K_6,v2_1)) && attacker_bitstring(K_6) && attacker_bitstring(v2_1) && b-event(Corrupt(s1[])) && b-event(Corrupt(s0[])) -> event(Accept(K_6,v2_1,s3[],s1[],s2[])) && event(Accept(K_6,v2_1,s2[],s0[],s3[]))
goal reachable: b-event(Signed(s3[],K_6,v2_1)) && b-event(Signed(s2[],K_6,v2_1)) && attacker_bitstring(K_6) && attacker_bitstring(v2_1) && b-event(Corrupt(s1[])) && b-event(Corrupt(s0[])) -> event(Accept(K_6,v2_1,s3[],s1[],s2[])) && event(Accept(K_6,v2_1,s2[],s0[],s1[]))
goal reachable: b-event(Signed(s3[],K_6,v2_1)) && b-event(Signed(s2[],K_6,v2_1)) && attacker_bitstring(K_6) && attacker_bitstring(v2_1) && b-event(Corrupt(s1[])) && b-event(Corrupt(s0[])) -> event(Accept(K_6,v2_1,s3[],s1[],s2[])) && event(Accept(K_6,v2_1,s1[],s3[],s2[]))
goal reachable: b-event(Signed(s2[],K_6,v2_1)) && b-event(Signed(s3[],K_6,v2_1)) && attacker_bitstring(K_6) && attacker_bitstring(v2_1) && b-event(Corrupt(s1[])) && b-event(Corrupt(s0[])) -> event(Accept(K_6,v2_1,s3[],s1[],s2[])) && event(Accept(K_6,v2_1,s1[],s3[],s0[]))
goal reachable: b-event(Signed(s2[],K_6,v2_1)) && b-event(Signed(s3[],K_6,v2_1)) && attacker_bitstring(K_6) && attacker_bitstring(v2_1) && b-event(Corrupt(s1[])) && b-event(Corrupt(s0[])) -> event(Accept(K_6,v2_1,s3[],s1[],s2[])) && event(Accept(K_6,v2_1,s1[],s2[],s3[]))
goal reachable: b-event(Signed(s3[],K_6,v2_1)) && b-event(Signed(s2[],K_6,v2_1)) && attacker_bitstring(K_6) && attacker_bitstring(v2_1) && b-event(Corrupt(s1[])) && b-event(Corrupt(s0[])) -> event(Accept(K_6,v2_1,s3[],s1[],s2[])) && event(Accept(K_6,v2_1,s1[],s2[],s0[]))
goal reachable: b-event(Signed(s2[],K_6,v2_1)) && b-event(Signed(s3[],K_6,v2_1)) && attacker_bitstring(K_6) && attacker_bitstring(v2_1) && b-event(Corrupt(s1[])) && b-event(Corrupt(s0[])) -> event(Accept(K_6,v2_1,s3[],s1[],s2[])) && event(Accept(K_6,v2_1,s1[],s0[],s3[]))
goal reachable: b-event(Signed(s3[],K_6,v2_1)) && b-event(Signed(s2[],K_6,v2_1)) && attacker_bitstring(K_6) && attacker_bitstring(v2_1) && b-event(Corrupt(s1[])) && b-event(Corrupt(s0[])) -> event(Accept(K_6,v2_1,s3[],s1[],s2[])) && event(Accept(K_6,v2_1,s1[],s0[],s2[]))
goal reachable: b-event(Signed(s3[],K_6,v2_1)) && b-event(Signed(s2[],K_6,v2_1)) && attacker_bitstring(K_6) && attacker_bitstring(v2_1) && b-event(Corrupt(s1[])) && b-event(Corrupt(s0[])) -> event(Accept(K_6,v2_1,s3[],s1[],s2[])) && event(Accept(K_6,v2_1,s0[],s3[],s2[]))
goal reachable: b-event(Signed(s2[],K_6,v2_1)) && b-event(Signed(s3[],K_6,v2_1)) && attacker_bitstring(K_6) && attacker_bitstring(v2_1) && b-event(Corrupt(s1[])) && b-event(Corrupt(s0[])) -> event(Accept(K_6,v2_1,s3[],s1[],s2[])) && event(Accept(K_6,v2_1,s0[],s3[],s1[]))
goal reachable: b-event(Signed(s2[],K_6,v2_1)) && b-event(Signed(s3[],K_6,v2_1)) && attacker_bitstring(K_6) && attacker_bitstring(v2_1) && b-event(Corrupt(s1[])) && b-event(Corrupt(s0[])) -> event(Accept(K_6,v2_1,s3[],s1[],s2[])) && event(Accept(K_6,v2_1,s0[],s2[],s3[]))
goal reachable: b-event(Signed(s3[],K_6,v2_1)) && b-event(Signed(s2[],K_6,v2_1)) && attacker_bitstring(K_6) && attacker_bitstring(v2_1) && b-event(Corrupt(s1[])) && b-event(Corrupt(s0[])) -> event(Accept(K_6,v2_1,s3[],s1[],s2[])) && event(Accept(K_6,v2_1,s0[],s2[],s1[]))
goal reachable: b-event(Signed(s2[],K_6,v2_1)) && b-event(Signed(s3[],K_6,v2_1)) && attacker_bitstring(K_6) && attacker_bitstring(v2_1) && b-event(Corrupt(s1[])) && b-event(Corrupt(s0[])) -> event(Accept(K_6,v2_1,s3[],s1[],s2[])) && event(Accept(K_6,v2_1,s0[],s1[],s3[]))
goal reachable: b-event(Signed(s3[],K_6,v2_1)) && b-event(Signed(s2[],K_6,v2_1)) && attacker_bitstring(K_6) && attacker_bitstring(v2_1) && b-event(Corrupt(s1[])) && b-event(Corrupt(s0[])) -> event(Accept(K_6,v2_1,s3[],s1[],s2[])) && event(Accept(K_6,v2_1,s0[],s1[],s2[]))
goal reachable: b-event(Signed(s3[],K_6,v2_1)) && b-event(Signed(s2[],K_6,v2_1)) && attacker_bitstring(K_6) && attacker_bitstring(v2_1) && b-event(Corrupt(s1[])) && b-event(Corrupt(s0[])) -> event(Accept(K_6,v2_1,s3[],s1[],s0[])) && event(Accept(K_6,v2_1,s3[],s2[],s1[]))
goal reachable: b-event(Signed(s3[],K_6,v2_1)) && b-event(Signed(s2[],K_6,v2_1)) && attacker_bitstring(K_6) && attacker_bitstring(v2_1) && b-event(Corrupt(s1[])) && b-event(Corrupt(s0[])) -> event(Accept(K_6,v2_1,s3[],s1[],s0[])) && event(Accept(K_6,v2_1,s3[],s2[],s0[]))
goal reachable: b-event(Signed(s3[],K_6,v2_1)) && b-event(Signed(s2[],K_6,v2_1)) && attacker_bitstring(K_6) && attacker_bitstring(v2_1) && b-event(Corrupt(s1[])) && b-event(Corrupt(s0[])) -> event(Accept(K_6,v2_1,s3[],s1[],s0[])) && event(Accept(K_6,v2_1,s3[],s1[],s2[]))
goal reachable: b-event(Signed(s3[],K_6,v2_1)) && attacker_bitstring(K_6) && attacker_bitstring(v2_1) && b-event(Corrupt(s1[])) && b-event(Corrupt(s0[])) -> event(Accept(K_6,v2_1,s3[],s1[],s0[])) && event(Accept(K_6,v2_1,s3[],s1[],s0[]))
goal reachable: b-event(Signed(s3[],K_6,v2_1)) && b-event(Signed(s2[],K_6,v2_1)) && attacker_bitstring(K_6) && attacker_bitstring(v2_1) && b-event(Corrupt(s1[])) && b-event(Corrupt(s0[])) -> event(Accept(K_6,v2_1,s3[],s1[],s0[])) && event(Accept(K_6,v2_1,s3[],s0[],s2[]))
goal reachable: b-event(Signed(s3[],K_6,v2_1)) && attacker_bitstring(K_6) && attacker_bitstring(v2_1) && b-event(Corrupt(s1[])) && b-event(Corrupt(s0[])) -> event(Accept(K_6,v2_1,s3[],s1[],s0[])) && event(Accept(K_6,v2_1,s3[],s0[],s1[]))
goal reachable: b-event(Signed(s2[],K_6,v2_1)) && b-event(Signed(s3[],K_6,v2_1)) && attacker_bitstring(K_6) && attacker_bitstring(v2_1) && b-event(Corrupt(s1[])) && b-event(Corrupt(s0[])) -> event(Accept(K_6,v2_1,s3[],s1[],s0[])) && event(Accept(K_6,v2_1,s2[],s3[],s1[]))
goal reachable: b-event(Signed(s2[],K_6,v2_1)) && b-event(Signed(s3[],K_6,v2_1)) && attacker_bitstring(K_6) && attacker_bitstring(v2_1) && b-event(Corrupt(s1[])) && b-event(Corrupt(s0[])) -> event(Accept(K_6,v2_1,s3[],s1[],s0[])) && event(Accept(K_6,v2_1,s2[],s3[],s0[]))
goal reachable: b-event(Signed(s2[],K_6,v2_1)) && b-event(Signed(s3[],K_6,v2_1)) && attacker_bitstring(K_6) && attacker_bitstring(v2_1) && b-event(Corrupt(s1[])) && b-event(Corrupt(s0[])) -> event(Accept(K_6,v2_1,s3[],s1[],s0[])) && event(Accept(K_6,v2_1,s2[],s1[],s3[]))
goal reachable: b-event(Signed(s3[],K_6,v1_1)) && attacker_bitstring(v1_1) && b-event(Signed(s2[],K_6,v2_1)) && attacker_bitstring(K_6) && attacker_bitstring(v2_1) && b-event(Corrupt(s1[])) && b-event(Corrupt(s0[])) -> event(Accept(K_6,v1_1,s3[],s1[],s0[])) && event(Accept(K_6,v2_1,s2[],s1[],s0[]))
goal reachable: b-event(Signed(s2[],K_6,v2_1)) && b-event(Signed(s3[],K_6,v2_1)) && attacker_bitstring(K_6) && attacker_bitstring(v2_1) && b-event(Corrupt(s1[])) && b-event(Corrupt(s0[])) -> event(Accept(K_6,v2_1,s3[],s1[],s0[])) && event(Accept(K_6,v2_1,s2[],s0[],s3[]))
goal reachable: b-event(Signed(s3[],K_6,v1_1)) && attacker_bitstring(v1_1) && b-event(Signed(s2[],K_6,v2_1)) && attacker_bitstring(K_6) && attacker_bitstring(v2_1) && b-event(Corrupt(s1[])) && b-event(Corrupt(s0[])) -> event(Accept(K_6,v1_1,s3[],s1[],s0[])) && event(Accept(K_6,v2_1,s2[],s0[],s1[]))
goal reachable: b-event(Signed(s3[],K_6,v2_1)) && b-event(Signed(s2[],K_6,v2_1)) && attacker_bitstring(K_6) && attacker_bitstring(v2_1) && b-event(Corrupt(s1[])) && b-event(Corrupt(s0[])) -> event(Accept(K_6,v2_1,s3[],s1[],s0[])) && event(Accept(K_6,v2_1,s1[],s3[],s2[]))
goal reachable: b-event(Signed(s3[],K_6,v2_1)) && attacker_bitstring(K_6) && attacker_bitstring(v2_1) && b-event(Corrupt(s1[])) && b-event(Corrupt(s0[])) -> event(Accept(K_6,v2_1,s3[],s1[],s0[])) && event(Accept(K_6,v2_1,s1[],s3[],s0[]))
goal reachable: b-event(Signed(s2[],K_6,v2_1)) && b-event(Signed(s3[],K_6,v2_1)) && attacker_bitstring(K_6) && attacker_bitstring(v2_1) && b-event(Corrupt(s1[])) && b-event(Corrupt(s0[])) -> event(Accept(K_6,v2_1,s3[],s1[],s0[])) && event(Accept(K_6,v2_1,s1[],s2[],s3[]))
goal reachable: b-event(Signed(s3[],K_6,v1_1)) && attacker_bitstring(v1_1) && b-event(Signed(s2[],K_6,v2_1)) && attacker_bitstring(K_6) && attacker_bitstring(v2_1) && b-event(Corrupt(s1[])) && b-event(Corrupt(s0[])) -> event(Accept(K_6,v1_1,s3[],s1[],s0[])) && event(Accept(K_6,v2_1,s1[],s2[],s0[]))
goal reachable: b-event(Signed(s3[],K_6,v2_1)) && attacker_bitstring(K_6) && attacker_bitstring(v2_1) && b-event(Corrupt(s1[])) && b-event(Corrupt(s0[])) -> event(Accept(K_6,v2_1,s3[],s1[],s0[])) && event(Accept(K_6,v2_1,s1[],s0[],s3[]))
goal reachable: b-event(Signed(s3[],K_6,v1_1)) && attacker_bitstring(v1_1) && b-event(Signed(s2[],K_6,v2_1)) && attacker_bitstring(K_6) && attacker_bitstring(v2_1) && b-event(Corrupt(s1[])) && b-event(Corrupt(s0[])) -> event(Accept(K_6,v1_1,s3[],s1[],s0[])) && event(Accept(K_6,v2_1,s1[],s0[],s2[]))
goal reachable: b-event(Signed(s3[],K_6,v2_1)) && b-event(Signed(s2[],K_6,v2_1)) && attacker_bitstring(K_6) && attacker_bitstring(v2_1) && b-event(Corrupt(s1[])) && b-event(Corrupt(s0[])) -> event(Accept(K_6,v2_1,s3[],s1[],s0[])) && event(Accept(K_6,v2_1,s0[],s3[],s2[]))
goal reachable: b-event(Signed(s3[],K_6,v2_1)) && attacker_bitstring(K_6) && attacker_bitstring(v2_1) && b-event(Corrupt(s1[])) && b-event(Corrupt(s0[])) -> event(Accept(K_6,v2_1,s3[],s1[],s0[])) && event(Accept(K_6,v2_1,s0[],s3[],s1[]))
goal reachable: b-event(Signed(s2[],K_6,v2_1)) && b-event(Signed(s3[],K_6,v2_1)) && attacker_bitstring(K_6) && attacker_bitstring(v2_1) && b-event(Corrupt(s1[])) && b-event(Corrupt(s0[])) -> event(Accept(K_6,v2_1,s3[],s1[],s0[])) && event(Accept(K_6,v2_1,s0[],s2[],s3[]))
goal reachable: b-event(Signed(s3[],K_6,v1_1)) && attacker_bitstring(v1_1) && b-event(Signed(s2[],K_6,v2_1)) && attacker_bitstring(K_6) && attacker_bitstring(v2_1) && b-event(Corrupt(s1[])) && b-event(Corrupt(s0[])) -> event(Accept(K_6,v1_1,s3[],s1[],s0[])) && event(Accept(K_6,v2_1,s0[],s2[],s1[]))
goal reachable: b-event(Signed(s3[],K_6,v2_1)) && attacker_bitstring(K_6) && attacker_bitstring(v2_1) && b-event(Corrupt(s1[])) && b-event(Corrupt(s0[])) -> event(Accept(K_6,v2_1,s3[],s1[],s0[])) && event(Accept(K_6,v2_1,s0[],s1[],s3[]))
goal reachable: b-event(Signed(s3[],K_6,v1_1)) && attacker_bitstring(v1_1) && b-event(Signed(s2[],K_6,v2_1)) && attacker_bitstring(K_6) && attacker_bitstring(v2_1) && b-event(Corrupt(s1[])) && b-event(Corrupt(s0[])) -> event(Accept(K_6,v1_1,s3[],s1[],s0[])) && event(Accept(K_6,v2_1,s0[],s1[],s2[]))
goal reachable: b-event(Signed(s3[],K_6,v2_1)) && b-event(Signed(s2[],K_6,v2_1)) && attacker_bitstring(K_6) && attacker_bitstring(v2_1) && b-event(Corrupt(s1[])) && b-event(Corrupt(s0[])) -> event(Accept(K_6,v2_1,s3[],s0[],s2[])) && event(Accept(K_6,v2_1,s3[],s2[],s1[]))
goal reachable: b-event(Signed(s3[],K_6,v2_1)) && b-event(Signed(s2[],K_6,v2_1)) && attacker_bitstring(K_6) && attacker_bitstring(v2_1) && b-event(Corrupt(s1[])) && b-event(Corrupt(s0[])) -> event(Accept(K_6,v2_1,s3[],s0[],s2[])) && event(Accept(K_6,v2_1,s3[],s2[],s0[]))
goal reachable: b-event(Signed(s3[],K_6,v2_1)) && b-event(Signed(s2[],K_6,v2_1)) && attacker_bitstring(K_6) && attacker_bitstring(v2_1) && b-event(Corrupt(s1[])) && b-event(Corrupt(s0[])) -> event(Accept(K_6,v2_1,s3[],s0[],s2[])) && event(Accept(K_6,v2_1,s3[],s1[],s2[]))
goal reachable: b-event(Signed(s2[],K_6,v2_1)) && b-event(Signed(s3[],K_6,v2_1)) && attacker_bitstring(K_6) && attacker_bitstring(v2_1) && b-event(Corrupt(s1[])) && b-event(Corrupt(s0[])) -> event(Accept(K_6,v2_1,s3[],s0[],s2[])) && event(Accept(K_6,v2_1,s3[],s1[],s0[]))
goal reachable: b-event(Signed(s3[],K_6,v2_1)) && b-event(Signed(s2[],K_6,v2_1)) && attacker_bitstring(K_6) && attacker_bitstring(v2_1) && b-event(Corrupt(s1[])) && b-event(Corrupt(s0[])) -> event(Accept(K_6,v2_1,s3[],s0[],s2[])) && event(Accept(K_6,v2_1,s3[],s0[],s2[]))
goal reachable: b-event(Signed(s2[],K_6,v2_1)) && b-event(Signed(s3[],K_6,v2_1)) && attacker_bitstring(K_6) && attacker_bitstring(v2_1) && b-event(Corrupt(s1[])) && b-event(Corrupt(s0[])) -> event(Accept(K_6,v2_1,s3[],s0[],s2[])) && event(Accept(K_6,v2_1,s3[],s0[],s1[]))
goal reachable: b-event(Signed(s2[],K_6,v2_1)) && b-event(Signed(s3[],K_6,v2_1)) && attacker_bitstring(K_6) && attacker_bitstring(v2_1) && b-event(Corrupt(s1[])) && b-event(Corrupt(s0[])) -> event(Accept(K_6,v2_1,s3[],s0[],s2[])) && event(Accept(K_6,v2_1,s2[],s3[],s1[]))
goal reachable: b-event(Signed(s2[],K_6,v2_1)) && b-event(Signed(s3[],K_6,v2_1)) && attacker_bitstring(K_6) && attacker_bitstring(v2_1) && b-event(Corrupt(s1[])) && b-event(Corrupt(s0[])) -> event(Accept(K_6,v2_1,s3[],s0[],s2[])) && event(Accept(K_6,v2_1,s2[],s3[],s0[]))
goal reachable: b-event(Signed(s2[],K_6,v2_1)) && b-event(Signed(s3[],K_6,v2_1)) && attacker_bitstring(K_6) && attacker_bitstring(v2_1) && b-event(Corrupt(s1[])) && b-event(Corrupt(s0[])) -> event(Accept(K_6,v2_1,s3[],s0[],s2[])) && event(Accept(K_6,v2_1,s2[],s1[],s3[]))
goal reachable: b-event(Signed(s3[],K_6,v2_1)) && b-event(Signed(s2[],K_6,v2_1)) && attacker_bitstring(K_6) && attacker_bitstring(v2_1) && b-event(Corrupt(s1[])) && b-event(Corrupt(s0[])) -> event(Accept(K_6,v2_1,s3[],s0[],s2[])) && event(Accept(K_6,v2_1,s2[],s1[],s0[]))
goal reachable: b-event(Signed(s2[],K_6,v2_1)) && b-event(Signed(s3[],K_6,v2_1)) && attacker_bitstring(K_6) && attacker_bitstring(v2_1) && b-event(Corrupt(s1[])) && b-event(Corrupt(s0[])) -> event(Accept(K_6,v2_1,s3[],s0[],s2[])) && event(Accept(K_6,v2_1,s2[],s0[],s3[]))
goal reachable: b-event(Signed(s3[],K_6,v2_1)) && b-event(Signed(s2[],K_6,v2_1)) && attacker_bitstring(K_6) && attacker_bitstring(v2_1) && b-event(Corrupt(s1[])) && b-event(Corrupt(s0[])) -> event(Accept(K_6,v2_1,s3[],s0[],s2[])) && event(Accept(K_6,v2_1,s2[],s0[],s1[]))
goal reachable: b-event(Signed(s3[],K_6,v2_1)) && b-event(Signed(s2[],K_6,v2_1)) && attacker_bitstring(K_6) && attacker_bitstring(v2_1) && b-event(Corrupt(s1[])) && b-event(Corrupt(s0[])) -> event(Accept(K_6,v2_1,s3[],s0[],s2[])) && event(Accept(K_6,v2_1,s1[],s3[],s2[]))
goal reachable: b-event(Signed(s2[],K_6,v2_1)) && b-event(Signed(s3[],K_6,v2_1)) && attacker_bitstring(K_6) && attacker_bitstring(v2_1) && b-event(Corrupt(s1[])) && b-event(Corrupt(s0[])) -> event(Accept(K_6,v2_1,s3[],s0[],s2[])) && event(Accept(K_6,v2_1,s1[],s3[],s0[]))
goal reachable: b-event(Signed(s2[],K_6,v2_1)) && b-event(Signed(s3[],K_6,v2_1)) && attacker_bitstring(K_6) && attacker_bitstring(v2_1) && b-event(Corrupt(s1[])) && b-event(Corrupt(s0[])) -> event(Accept(K_6,v2_1,s3[],s0[],s2[])) && event(Accept(K_6,v2_1,s1[],s2[],s3[]))
goal reachable: b-event(Signed(s3[],K_6,v2_1)) && b-event(Signed(s2[],K_6,v2_1)) && attacker_bitstring(K_6) && attacker_bitstring(v2_1) && b-event(Corrupt(s1[])) && b-event(Corrupt(s0[])) -> event(Accept(K_6,v2_1,s3[],s0[],s2[])) && event(Accept(K_6,v2_1,s1[],s2[],s0[]))
goal reachable: b-event(Signed(s2[],K_6,v2_1)) && b-event(Signed(s3[],K_6,v2_1)) && attacker_bitstring(K_6) && attacker_bitstring(v2_1) && b-event(Corrupt(s1[])) && b-event(Corrupt(s0[])) -> event(Accept(K_6,v2_1,s3[],s0[],s2[])) && event(Accept(K_6,v2_1,s1[],s0[],s3[]))
goal reachable: b-event(Signed(s3[],K_6,v2_1)) && b-event(Signed(s2[],K_6,v2_1)) && attacker_bitstring(K_6) && attacker_bitstring(v2_1) && b-event(Corrupt(s1[])) && b-event(Corrupt(s0[])) -> event(Accept(K_6,v2_1,s3[],s0[],s2[])) && event(Accept(K_6,v2_1,s1[],s0[],s2[]))
goal reachable: b-event(Signed(s3[],K_6,v2_1)) && b-event(Signed(s2[],K_6,v2_1)) && attacker_bitstring(K_6) && attacker_bitstring(v2_1) && b-event(Corrupt(s1[])) && b-event(Corrupt(s0[])) -> event(Accept(K_6,v2_1,s3[],s0[],s2[])) && event(Accept(K_6,v2_1,s0[],s3[],s2[]))
goal reachable: b-event(Signed(s2[],K_6,v2_1)) && b-event(Signed(s3[],K_6,v2_1)) && attacker_bitstring(K_6) && attacker_bitstring(v2_1) && b-event(Corrupt(s1[])) && b-event(Corrupt(s0[])) -> event(Accept(K_6,v2_1,s3[],s0[],s2[])) && event(Accept(K_6,v2_1,s0[],s3[],s1[]))
goal reachable: b-event(Signed(s2[],K_6,v2_1)) && b-event(Signed(s3[],K_6,v2_1)) && attacker_bitstring(K_6) && attacker_bitstring(v2_1) && b-event(Corrupt(s1[])) && b-event(Corrupt(s0[])) -> event(Accept(K_6,v2_1,s3[],s0[],s2[])) && event(Accept(K_6,v2_1,s0[],s2[],s3[]))
goal reachable: b-event(Signed(s3[],K_6,v2_1)) && b-event(Signed(s2[],K_6,v2_1)) && attacker_bitstring(K_6) && attacker_bitstring(v2_1) && b-event(Corrupt(s1[])) && b-event(Corrupt(s0[])) -> event(Accept(K_6,v2_1,s3[],s0[],s2[])) && event(Accept(K_6,v2_1,s0[],s2[],s1[]))
goal reachable: b-event(Signed(s2[],K_6,v2_1)) && b-event(Signed(s3[],K_6,v2_1)) && attacker_bitstring(K_6) && attacker_bitstring(v2_1) && b-event(Corrupt(s1[])) && b-event(Corrupt(s0[])) -> event(Accept(K_6,v2_1,s3[],s0[],s2[])) && event(Accept(K_6,v2_1,s0[],s1[],s3[]))
goal reachable: b-event(Signed(s3[],K_6,v2_1)) && b-event(Signed(s2[],K_6,v2_1)) && attacker_bitstring(K_6) && attacker_bitstring(v2_1) && b-event(Corrupt(s1[])) && b-event(Corrupt(s0[])) -> event(Accept(K_6,v2_1,s3[],s0[],s2[])) && event(Accept(K_6,v2_1,s0[],s1[],s2[]))
goal reachable: b-event(Signed(s3[],K_6,v2_1)) && b-event(Signed(s2[],K_6,v2_1)) && attacker_bitstring(K_6) && attacker_bitstring(v2_1) && b-event(Corrupt(s1[])) && b-event(Corrupt(s0[])) -> event(Accept(K_6,v2_1,s3[],s0[],s1[])) && event(Accept(K_6,v2_1,s3[],s2[],s1[]))
goal reachable: b-event(Signed(s3[],K_6,v2_1)) && b-event(Signed(s2[],K_6,v2_1)) && attacker_bitstring(K_6) && attacker_bitstring(v2_1) && b-event(Corrupt(s1[])) && b-event(Corrupt(s0[])) -> event(Accept(K_6,v2_1,s3[],s0[],s1[])) && event(Accept(K_6,v2_1,s3[],s2[],s0[]))
goal reachable: b-event(Signed(s3[],K_6,v2_1)) && b-event(Signed(s2[],K_6,v2_1)) && attacker_bitstring(K_6) && attacker_bitstring(v2_1) && b-event(Corrupt(s1[])) && b-event(Corrupt(s0[])) -> event(Accept(K_6,v2_1,s3[],s0[],s1[])) && event(Accept(K_6,v2_1,s3[],s1[],s2[]))
goal reachable: b-event(Signed(s3[],K_6,v2_1)) && attacker_bitstring(K_6) && attacker_bitstring(v2_1) && b-event(Corrupt(s1[])) && b-event(Corrupt(s0[])) -> event(Accept(K_6,v2_1,s3[],s0[],s1[])) && event(Accept(K_6,v2_1,s3[],s1[],s0[]))
goal reachable: b-event(Signed(s3[],K_6,v2_1)) && b-event(Signed(s2[],K_6,v2_1)) && attacker_bitstring(K_6) && attacker_bitstring(v2_1) && b-event(Corrupt(s1[])) && b-event(Corrupt(s0[])) -> event(Accept(K_6,v2_1,s3[],s0[],s1[])) && event(Accept(K_6,v2_1,s3[],s0[],s2[]))
goal reachable: b-event(Signed(s3[],K_6,v2_1)) && attacker_bitstring(K_6) && attacker_bitstring(v2_1) && b-event(Corrupt(s1[])) && b-event(Corrupt(s0[])) -> event(Accept(K_6,v2_1,s3[],s0[],s1[])) && event(Accept(K_6,v2_1,s3[],s0[],s1[]))
goal reachable: b-event(Signed(s2[],K_6,v2_1)) && b-event(Signed(s3[],K_6,v2_1)) && attacker_bitstring(K_6) && attacker_bitstring(v2_1) && b-event(Corrupt(s1[])) && b-event(Corrupt(s0[])) -> event(Accept(K_6,v2_1,s3[],s0[],s1[])) && event(Accept(K_6,v2_1,s2[],s3[],s1[]))
goal reachable: b-event(Signed(s2[],K_6,v2_1)) && b-event(Signed(s3[],K_6,v2_1)) && attacker_bitstring(K_6) && attacker_bitstring(v2_1) && b-event(Corrupt(s1[])) && b-event(Corrupt(s0[])) -> event(Accept(K_6,v2_1,s3[],s0[],s1[])) && event(Accept(K_6,v2_1,s2[],s3[],s0[]))
goal reachable: b-event(Signed(s2[],K_6,v2_1)) && b-event(Signed(s3[],K_6,v2_1)) && attacker_bitstring(K_6) && attacker_bitstring(v2_1) && b-event(Corrupt(s1[])) && b-event(Corrupt(s0[])) -> event(Accept(K_6,v2_1,s3[],s0[],s1[])) && event(Accept(K_6,v2_1,s2[],s1[],s3[]))
goal reachable: b-event(Signed(s3[],K_6,v1_1)) && attacker_bitstring(v1_1) && b-event(Signed(s2[],K_6,v2_1)) && attacker_bitstring(K_6) && attacker_bitstring(v2_1) && b-event(Corrupt(s1[])) && b-event(Corrupt(s0[])) -> event(Accept(K_6,v1_1,s3[],s0[],s1[])) && event(Accept(K_6,v2_1,s2[],s1[],s0[]))
goal reachable: b-event(Signed(s2[],K_6,v2_1)) && b-event(Signed(s3[],K_6,v2_1)) && attacker_bitstring(K_6) && attacker_bitstring(v2_1) && b-event(Corrupt(s1[])) && b-event(Corrupt(s0[])) -> event(Accept(K_6,v2_1,s3[],s0[],s1[])) && event(Accept(K_6,v2_1,s2[],s0[],s3[]))
goal reachable: b-event(Signed(s3[],K_6,v1_1)) && attacker_bitstring(v1_1) && b-event(Signed(s2[],K_6,v2_1)) && attacker_bitstring(K_6) && attacker_bitstring(v2_1) && b-event(Corrupt(s1[])) && b-event(Corrupt(s0[])) -> event(Accept(K_6,v1_1,s3[],s0[],s1[])) && event(Accept(K_6,v2_1,s2[],s0[],s1[]))
goal reachable: b-event(Signed(s3[],K_6,v2_1)) && b-event(Signed(s2[],K_6,v2_1)) && attacker_bitstring(K_6) && attacker_bitstring(v2_1) && b-event(Corrupt(s1[])) && b-event(Corrupt(s0[])) -> event(Accept(K_6,v2_1,s3[],s0[],s1[])) && event(Accept(K_6,v2_1,s1[],s3[],s2[]))
goal reachable: b-event(Signed(s3[],K_6,v2_1)) && attacker_bitstring(K_6) && attacker_bitstring(v2_1) && b-event(Corrupt(s1[])) && b-event(Corrupt(s0[])) -> event(Accept(K_6,v2_1,s3[],s0[],s1[])) && event(Accept(K_6,v2_1,s1[],s3[],s0[]))
goal reachable: b-event(Signed(s2[],K_6,v2_1)) && b-event(Signed(s3[],K_6,v2_1)) && attacker_bitstring(K_6) && attacker_bitstring(v2_1) && b-event(Corrupt(s1[])) && b-event(Corrupt(s0[])) -> event(Accept(K_6,v2_1,s3[],s0[],s1[])) && event(Accept(K_6,v2_1,s1[],s2[],s3[]))
goal reachable: b-event(Signed(s3[],K_6,v1_1)) && attacker_bitstring(v1_1) && b-event(Signed(s2[],K_6,v2_1)) && attacker_bitstring(K_6) && attacker_bitstring(v2_1) && b-event(Corrupt(s1[])) && b-event(Corrupt(s0[])) -> event(Accept(K_6,v1_1,s3[],s0[],s1[])) && event(Accept(K_6,v2_1,s1[],s2[],s0[]))
goal reachable: b-event(Signed(s3[],K_6,v2_1)) && attacker_bitstring(K_6) && attacker_bitstring(v2_1) && b-event(Corrupt(s1[])) && b-event(Corrupt(s0[])) -> event(Accept(K_6,v2_1,s3[],s0[],s1[])) && event(Accept(K_6,v2_1,s1[],s0[],s3[]))
goal reachable: b-event(Signed(s3[],K_6,v1_1)) && attacker_bitstring(v1_1) && b-event(Signed(s2[],K_6,v2_1)) && attacker_bitstring(K_6) && attacker_bitstring(v2_1) && b-event(Corrupt(s1[])) && b-event(Corrupt(s0[])) -> event(Accept(K_6,v1_1,s3[],s0[],s1[])) && event(Accept(K_6,v2_1,s1[],s0[],s2[]))
goal reachable: b-event(Signed(s3[],K_6,v2_1)) && b-event(Signed(s2[],K_6,v2_1)) && attacker_bitstring(K_6) && attacker_bitstring(v2_1) && b-event(Corrupt(s1[])) && b-event(Corrupt(s0[])) -> event(Accept(K_6,v2_1,s3[],s0[],s1[])) && event(Accept(K_6,v2_1,s0[],s3[],s2[]))
goal reachable: b-event(Signed(s3[],K_6,v2_1)) && attacker_bitstring(K_6) && attacker_bitstring(v2_1) && b-event(Corrupt(s1[])) && b-event(Corrupt(s0[])) -> event(Accept(K_6,v2_1,s3[],s0[],s1[])) && event(Accept(K_6,v2_1,s0[],s3[],s1[]))
goal reachable: b-event(Signed(s2[],K_6,v2_1)) && b-event(Signed(s3[],K_6,v2_1)) && attacker_bitstring(K_6) && attacker_bitstring(v2_1) && b-event(Corrupt(s1[])) && b-event(Corrupt(s0[])) -> event(Accept(K_6,v2_1,s3[],s0[],s1[])) && event(Accept(K_6,v2_1,s0[],s2[],s3[]))
goal reachable: b-event(Signed(s3[],K_6,v1_1)) && attacker_bitstring(v1_1) && b-event(Signed(s2[],K_6,v2_1)) && attacker_bitstring(K_6) && attacker_bitstring(v2_1) && b-event(Corrupt(s1[])) && b-event(Corrupt(s0[])) -> event(Accept(K_6,v1_1,s3[],s0[],s1[])) && event(Accept(K_6,v2_1,s0[],s2[],s1[]))
goal reachable: b-event(Signed(s3[],K_6,v2_1)) && attacker_bitstring(K_6) && attacker_bitstring(v2_1) && b-event(Corrupt(s1[])) && b-event(Corrupt(s0[])) -> event(Accept(K_6,v2_1,s3[],s0[],s1[])) && event(Accept(K_6,v2_1,s0[],s1[],s3[]))
goal reachable: b-event(Signed(s3[],K_6,v1_1)) && attacker_bitstring(v1_1) && b-event(Signed(s2[],K_6,v2_1)) && attacker_bitstring(K_6) && attacker_bitstring(v2_1) && b-event(Corrupt(s1[])) && b-event(Corrupt(s0[])) -> event(Accept(K_6,v1_1,s3[],s0[],s1[])) && event(Accept(K_6,v2_1,s0[],s1[],s2[]))
goal reachable: b-event(Signed(s3[],K_6,v2_1)) && b-event(Signed(s2[],K_6,v2_1)) && attacker_bitstring(K_6) && attacker_bitstring(v2_1) && b-event(Corrupt(s1[])) && b-event(Corrupt(s0[])) -> event(Accept(K_6,v2_1,s2[],s3[],s1[])) && event(Accept(K_6,v2_1,s3[],s2[],s1[]))
goal reachable: b-event(Signed(s3[],K_6,v2_1)) && b-event(Signed(s2[],K_6,v2_1)) && attacker_bitstring(K_6) && attacker_bitstring(v2_1) && b-event(Corrupt(s1[])) && b-event(Corrupt(s0[])) -> event(Accept(K_6,v2_1,s2[],s3[],s1[])) && event(Accept(K_6,v2_1,s3[],s2[],s0[]))
goal reachable: b-event(Signed(s3[],K_6,v2_1)) && b-event(Signed(s2[],K_6,v2_1)) && attacker_bitstring(K_6) && attacker_bitstring(v2_1) && b-event(Corrupt(s1[])) && b-event(Corrupt(s0[])) -> event(Accept(K_6,v2_1,s2[],s3[],s1[])) && event(Accept(K_6,v2_1,s3[],s1[],s2[]))
goal reachable: b-event(Signed(s2[],K_6,v2_1)) && b-event(Signed(s3[],K_6,v2_1)) && attacker_bitstring(K_6) && attacker_bitstring(v2_1) && b-event(Corrupt(s1[])) && b-event(Corrupt(s0[])) -> event(Accept(K_6,v2_1,s2[],s3[],s1[])) && event(Accept(K_6,v2_1,s3[],s1[],s0[]))
goal reachable: b-event(Signed(s3[],K_6,v2_1)) && b-event(Signed(s2[],K_6,v2_1)) && attacker_bitstring(K_6) && attacker_bitstring(v2_1) && b-event(Corrupt(s1[])) && b-event(Corrupt(s0[])) -> event(Accept(K_6,v2_1,s2[],s3[],s1[])) && event(Accept(K_6,v2_1,s3[],s0[],s2[]))
goal reachable: b-event(Signed(s2[],K_6,v2_1)) && b-event(Signed(s3[],K_6,v2_1)) && attacker_bitstring(K_6) && attacker_bitstring(v2_1) && b-event(Corrupt(s1[])) && b-event(Corrupt(s0[])) -> event(Accept(K_6,v2_1,s2[],s3[],s1[])) && event(Accept(K_6,v2_1,s3[],s0[],s1[]))
goal reachable: b-event(Signed(s2[],K_6,v2_1)) && b-event(Signed(s3[],K_6,v2_1)) && attacker_bitstring(K_6) && attacker_bitstring(v2_1) && b-event(Corrupt(s1[])) && b-event(Corrupt(s0[])) -> event(Accept(K_6,v2_1,s2[],s3[],s1[])) && event(Accept(K_6,v2_1,s2[],s3[],s1[]))
goal reachable: b-event(Signed(s2[],K_6,v2_1)) && b-event(Signed(s3[],K_6,v2_1)) && attacker_bitstring(K_6) && attacker_bitstring(v2_1) && b-event(Corrupt(s1[])) && b-event(Corrupt(s0[])) -> event(Accept(K_6,v2_1,s2[],s3[],s1[])) && event(Accept(K_6,v2_1,s2[],s3[],s0[]))
goal reachable: b-event(Signed(s2[],K_6,v2_1)) && b-event(Signed(s3[],K_6,v2_1)) && attacker_bitstring(K_6) && attacker_bitstring(v2_1) && b-event(Corrupt(s1[])) && b-event(Corrupt(s0[])) -> event(Accept(K_6,v2_1,s2[],s3[],s1[])) && event(Accept(K_6,v2_1,s2[],s1[],s3[]))
goal reachable: b-event(Signed(s3[],K_6,v2_1)) && b-event(Signed(s2[],K_6,v2_1)) && attacker_bitstring(K_6) && attacker_bitstring(v2_1) && b-event(Corrupt(s1[])) && b-event(Corrupt(s0[])) -> event(Accept(K_6,v2_1,s2[],s3[],s1[])) && event(Accept(K_6,v2_1,s2[],s1[],s0[]))
goal reachable: b-event(Signed(s2[],K_6,v2_1)) && b-event(Signed(s3[],K_6,v2_1)) && attacker_bitstring(K_6) && attacker_bitstring(v2_1) && b-event(Corrupt(s1[])) && b-event(Corrupt(s0[])) -> event(Accept(K_6,v2_1,s2[],s3[],s1[])) && event(Accept(K_6,v2_1,s2[],s0[],s3[]))
goal reachable: b-event(Signed(s3[],K_6,v2_1)) && b-event(Signed(s2[],K_6,v2_1)) && attacker_bitstring(K_6) && attacker_bitstring(v2_1) && b-event(Corrupt(s1[])) && b-event(Corrupt(s0[])) -> event(Accept(K_6,v2_1,s2[],s3[],s1[])) && event(Accept(K_6,v2_1,s2[],s0[],s1[]))
goal reachable: b-event(Signed(s3[],K_6,v2_1)) && b-event(Signed(s2[],K_6,v2_1)) && attacker_bitstring(K_6) && attacker_bitstring(v2_1) && b-event(Corrupt(s1[])) && b-event(Corrupt(s0[])) -> event(Accept(K_6,v2_1,s2[],s3[],s1[])) && event(Accept(K_6,v2_1,s1[],s3[],s2[]))
goal reachable: b-event(Signed(s2[],K_6,v2_1)) && b-event(Signed(s3[],K_6,v2_1)) && attacker_bitstring(K_6) && attacker_bitstring(v2_1) && b-event(Corrupt(s1[])) && b-event(Corrupt(s0[])) -> event(Accept(K_6,v2_1,s2[],s3[],s1[])) && event(Accept(K_6,v2_1,s1[],s3[],s0[]))
goal reachable: b-event(Signed(s2[],K_6,v2_1)) && b-event(Signed(s3[],K_6,v2_1)) && attacker_bitstring(K_6) && attacker_bitstring(v2_1) && b-event(Corrupt(s1[])) && b-event(Corrupt(s0[])) -> event(Accept(K_6,v2_1,s2[],s3[],s1[])) && event(Accept(K_6,v2_1,s1[],s2[],s3[]))
goal reachable: b-event(Signed(s3[],K_6,v2_1)) && b-event(Signed(s2[],K_6,v2_1)) && attacker_bitstring(K_6) && attacker_bitstring(v2_1) && b-event(Corrupt(s1[])) && b-event(Corrupt(s0[])) -> event(Accept(K_6,v2_1,s2[],s3[],s1[])) && event(Accept(K_6,v2_1,s1[],s2[],s0[]))
goal reachable: b-event(Signed(s2[],K_6,v2_1)) && b-event(Signed(s3[],K_6,v2_1)) && attacker_bitstring(K_6) && attacker_bitstring(v2_1) && b-event(Corrupt(s1[])) && b-event(Corrupt(s0[])) -> event(Accept(K_6,v2_1,s2[],s3[],s1[])) && event(Accept(K_6,v2_1,s1[],s0[],s3[]))
goal reachable: b-event(Signed(s3[],K_6,v2_1)) && b-event(Signed(s2[],K_6,v2_1)) && attacker_bitstring(K_6) && attacker_bitstring(v2_1) && b-event(Corrupt(s1[])) && b-event(Corrupt(s0[])) -> event(Accept(K_6,v2_1,s2[],s3[],s1[])) && event(Accept(K_6,v2_1,s1[],s0[],s2[]))
goal reachable: b-event(Signed(s3[],K_6,v2_1)) && b-event(Signed(s2[],K_6,v2_1)) && attacker_bitstring(K_6) && attacker_bitstring(v2_1) && b-event(Corrupt(s1[])) && b-event(Corrupt(s0[])) -> event(Accept(K_6,v2_1,s2[],s3[],s1[])) && event(Accept(K_6,v2_1,s0[],s3[],s2[]))
goal reachable: b-event(Signed(s2[],K_6,v2_1)) && b-event(Signed(s3[],K_6,v2_1)) && attacker_bitstring(K_6) && attacker_bitstring(v2_1) && b-event(Corrupt(s1[])) && b-event(Corrupt(s0[])) -> event(Accept(K_6,v2_1,s2[],s3[],s1[])) && event(Accept(K_6,v2_1,s0[],s3[],s1[]))
goal reachable: b-event(Signed(s2[],K_6,v2_1)) && b-event(Signed(s3[],K_6,v2_1)) && attacker_bitstring(K_6) && attacker_bitstring(v2_1) && b-event(Corrupt(s1[])) && b-event(Corrupt(s0[])) -> event(Accept(K_6,v2_1,s2[],s3[],s1[])) && event(Accept(K_6,v2_1,s0[],s2[],s3[]))
goal reachable: b-event(Signed(s3[],K_6,v2_1)) && b-event(Signed(s2[],K_6,v2_1)) && attacker_bitstring(K_6) && attacker_bitstring(v2_1) && b-event(Corrupt(s1[])) && b-event(Corrupt(s0[])) -> event(Accept(K_6,v2_1,s2[],s3[],s1[])) && event(Accept(K_6,v2_1,s0[],s2[],s1[]))
goal reachable: b-event(Signed(s2[],K_6,v2_1)) && b-event(Signed(s3[],K_6,v2_1)) && attacker_bitstring(K_6) && attacker_bitstring(v2_1) && b-event(Corrupt(s1[])) && b-event(Corrupt(s0[])) -> event(Accept(K_6,v2_1,s2[],s3[],s1[])) && event(Accept(K_6,v2_1,s0[],s1[],s3[]))
goal reachable: b-event(Signed(s3[],K_6,v2_1)) && b-event(Signed(s2[],K_6,v2_1)) && attacker_bitstring(K_6) && attacker_bitstring(v2_1) && b-event(Corrupt(s1[])) && b-event(Corrupt(s0[])) -> event(Accept(K_6,v2_1,s2[],s3[],s1[])) && event(Accept(K_6,v2_1,s0[],s1[],s2[]))
goal reachable: b-event(Signed(s3[],K_6,v2_1)) && b-event(Signed(s2[],K_6,v2_1)) && attacker_bitstring(K_6) && attacker_bitstring(v2_1) && b-event(Corrupt(s1[])) && b-event(Corrupt(s0[])) -> event(Accept(K_6,v2_1,s2[],s3[],s0[])) && event(Accept(K_6,v2_1,s3[],s2[],s1[]))
goal reachable: b-event(Signed(s3[],K_6,v2_1)) && b-event(Signed(s2[],K_6,v2_1)) && attacker_bitstring(K_6) && attacker_bitstring(v2_1) && b-event(Corrupt(s1[])) && b-event(Corrupt(s0[])) -> event(Accept(K_6,v2_1,s2[],s3[],s0[])) && event(Accept(K_6,v2_1,s3[],s2[],s0[]))
goal reachable: b-event(Signed(s3[],K_6,v2_1)) && b-event(Signed(s2[],K_6,v2_1)) && attacker_bitstring(K_6) && attacker_bitstring(v2_1) && b-event(Corrupt(s1[])) && b-event(Corrupt(s0[])) -> event(Accept(K_6,v2_1,s2[],s3[],s0[])) && event(Accept(K_6,v2_1,s3[],s1[],s2[]))
goal reachable: b-event(Signed(s2[],K_6,v2_1)) && b-event(Signed(s3[],K_6,v2_1)) && attacker_bitstring(K_6) && attacker_bitstring(v2_1) && b-event(Corrupt(s1[])) && b-event(Corrupt(s0[])) -> event(Accept(K_6,v2_1,s2[],s3[],s0[])) && event(Accept(K_6,v2_1,s3[],s1[],s0[]))
goal reachable: b-event(Signed(s3[],K_6,v2_1)) && b-event(Signed(s2[],K_6,v2_1)) && attacker_bitstring(K_6) && attacker_bitstring(v2_1) && b-event(Corrupt(s1[])) && b-event(Corrupt(s0[])) -> event(Accept(K_6,v2_1,s2[],s3[],s0[])) && event(Accept(K_6,v2_1,s3[],s0[],s2[]))
goal reachable: b-event(Signed(s2[],K_6,v2_1)) && b-event(Signed(s3[],K_6,v2_1)) && attacker_bitstring(K_6) && attacker_bitstring(v2_1) && b-event(Corrupt(s1[])) && b-event(Corrupt(s0[])) -> event(Accept(K_6,v2_1,s2[],s3[],s0[])) && event(Accept(K_6,v2_1,s3[],s0[],s1[]))
goal reachable: b-event(Signed(s2[],K_6,v2_1)) && b-event(Signed(s3[],K_6,v2_1)) && attacker_bitstring(K_6) && attacker_bitstring(v2_1) && b-event(Corrupt(s1[])) && b-event(Corrupt(s0[])) -> event(Accept(K_6,v2_1,s2[],s3[],s0[])) && event(Accept(K_6,v2_1,s2[],s3[],s1[]))
goal reachable: b-event(Signed(s2[],K_6,v2_1)) && b-event(Signed(s3[],K_6,v2_1)) && attacker_bitstring(K_6) && attacker_bitstring(v2_1) && b-event(Corrupt(s1[])) && b-event(Corrupt(s0[])) -> event(Accept(K_6,v2_1,s2[],s3[],s0[])) && event(Accept(K_6,v2_1,s2[],s3[],s0[]))
goal reachable: b-event(Signed(s2[],K_6,v2_1)) && b-event(Signed(s3[],K_6,v2_1)) && attacker_bitstring(K_6) && attacker_bitstring(v2_1) && b-event(Corrupt(s1[])) && b-event(Corrupt(s0[])) -> event(Accept(K_6,v2_1,s2[],s3[],s0[])) && event(Accept(K_6,v2_1,s2[],s1[],s3[]))
goal reachable: b-event(Signed(s3[],K_6,v2_1)) && b-event(Signed(s2[],K_6,v2_1)) && attacker_bitstring(K_6) && attacker_bitstring(v2_1) && b-event(Corrupt(s1[])) && b-event(Corrupt(s0[])) -> event(Accept(K_6,v2_1,s2[],s3[],s0[])) && event(Accept(K_6,v2_1,s2[],s1[],s0[]))
goal reachable: b-event(Signed(s2[],K_6,v2_1)) && b-event(Signed(s3[],K_6,v2_1)) && attacker_bitstring(K_6) && attacker_bitstring(v2_1) && b-event(Corrupt(s1[])) && b-event(Corrupt(s0[])) -> event(Accept(K_6,v2_1,s2[],s3[],s0[])) && event(Accept(K_6,v2_1,s2[],s0[],s3[]))
goal reachable: b-event(Signed(s3[],K_6,v2_1)) && b-event(Signed(s2[],K_6,v2_1)) && attacker_bitstring(K_6) && attacker_bitstring(v2_1) && b-event(Corrupt(s1[])) && b-event(Corrupt(s0[])) -> event(Accept(K_6,v2_1,s2[],s3[],s0[])) && event(Accept(K_6,v2_1,s2[],s0[],s1[]))
goal reachable: b-event(Signed(s3[],K_6,v2_1)) && b-event(Signed(s2[],K_6,v2_1)) && attacker_bitstring(K_6) && attacker_bitstring(v2_1) && b-event(Corrupt(s1[])) && b-event(Corrupt(s0[])) -> event(Accept(K_6,v2_1,s2[],s3[],s0[])) && event(Accept(K_6,v2_1,s1[],s3[],s2[]))
goal reachable: b-event(Signed(s2[],K_6,v2_1)) && b-event(Signed(s3[],K_6,v2_1)) && attacker_bitstring(K_6) && attacker_bitstring(v2_1) && b-event(Corrupt(s1[])) && b-event(Corrupt(s0[])) -> event(Accept(K_6,v2_1,s2[],s3[],s0[])) && event(Accept(K_6,v2_1,s1[],s3[],s0[]))
goal reachable: b-event(Signed(s2[],K_6,v2_1)) && b-event(Signed(s3[],K_6,v2_1)) && attacker_bitstring(K_6) && attacker_bitstring(v2_1) && b-event(Corrupt(s1[])) && b-event(Corrupt(s0[])) -> event(Accept(K_6,v2_1,s2[],s3[],s0[])) && event(Accept(K_6,v2_1,s1[],s2[],s3[]))
goal reachable: b-event(Signed(s3[],K_6,v2_1)) && b-event(Signed(s2[],K_6,v2_1)) && attacker_bitstring(K_6) && attacker_bitstring(v2_1) && b-event(Corrupt(s1[])) && b-event(Corrupt(s0[])) -> event(Accept(K_6,v2_1,s2[],s3[],s0[])) && event(Accept(K_6,v2_1,s1[],s2[],s0[]))
goal reachable: b-event(Signed(s2[],K_6,v2_1)) && b-event(Signed(s3[],K_6,v2_1)) && attacker_bitstring(K_6) && attacker_bitstring(v2_1) && b-event(Corrupt(s1[])) && b-event(Corrupt(s0[])) -> event(Accept(K_6,v2_1,s2[],s3[],s0[])) && event(Accept(K_6,v2_1,s1[],s0[],s3[]))
goal reachable: b-event(Signed(s3[],K_6,v2_1)) && b-event(Signed(s2[],K_6,v2_1)) && attacker_bitstring(K_6) && attacker_bitstring(v2_1) && b-event(Corrupt(s1[])) && b-event(Corrupt(s0[])) -> event(Accept(K_6,v2_1,s2[],s3[],s0[])) && event(Accept(K_6,v2_1,s1[],s0[],s2[]))
goal reachable: b-event(Signed(s3[],K_6,v2_1)) && b-event(Signed(s2[],K_6,v2_1)) && attacker_bitstring(K_6) && attacker_bitstring(v2_1) && b-event(Corrupt(s1[])) && b-event(Corrupt(s0[])) -> event(Accept(K_6,v2_1,s2[],s3[],s0[])) && event(Accept(K_6,v2_1,s0[],s3[],s2[]))
goal reachable: b-event(Signed(s2[],K_6,v2_1)) && b-event(Signed(s3[],K_6,v2_1)) && attacker_bitstring(K_6) && attacker_bitstring(v2_1) && b-event(Corrupt(s1[])) && b-event(Corrupt(s0[])) -> event(Accept(K_6,v2_1,s2[],s3[],s0[])) && event(Accept(K_6,v2_1,s0[],s3[],s1[]))
goal reachable: b-event(Signed(s2[],K_6,v2_1)) && b-event(Signed(s3[],K_6,v2_1)) && attacker_bitstring(K_6) && attacker_bitstring(v2_1) && b-event(Corrupt(s1[])) && b-event(Corrupt(s0[])) -> event(Accept(K_6,v2_1,s2[],s3[],s0[])) && event(Accept(K_6,v2_1,s0[],s2[],s3[]))
goal reachable: b-event(Signed(s3[],K_6,v2_1)) && b-event(Signed(s2[],K_6,v2_1)) && attacker_bitstring(K_6) && attacker_bitstring(v2_1) && b-event(Corrupt(s1[])) && b-event(Corrupt(s0[])) -> event(Accept(K_6,v2_1,s2[],s3[],s0[])) && event(Accept(K_6,v2_1,s0[],s2[],s1[]))
goal reachable: b-event(Signed(s2[],K_6,v2_1)) && b-event(Signed(s3[],K_6,v2_1)) && attacker_bitstring(K_6) && attacker_bitstring(v2_1) && b-event(Corrupt(s1[])) && b-event(Corrupt(s0[])) -> event(Accept(K_6,v2_1,s2[],s3[],s0[])) && event(Accept(K_6,v2_1,s0[],s1[],s3[]))
goal reachable: b-event(Signed(s3[],K_6,v2_1)) && b-event(Signed(s2[],K_6,v2_1)) && attacker_bitstring(K_6) && attacker_bitstring(v2_1) && b-event(Corrupt(s1[])) && b-event(Corrupt(s0[])) -> event(Accept(K_6,v2_1,s2[],s3[],s0[])) && event(Accept(K_6,v2_1,s0[],s1[],s2[]))
goal reachable: b-event(Signed(s3[],K_6,v2_1)) && b-event(Signed(s2[],K_6,v2_1)) && attacker_bitstring(K_6) && attacker_bitstring(v2_1) && b-event(Corrupt(s1[])) && b-event(Corrupt(s0[])) -> event(Accept(K_6,v2_1,s2[],s1[],s3[])) && event(Accept(K_6,v2_1,s3[],s2[],s1[]))
goal reachable: b-event(Signed(s3[],K_6,v2_1)) && b-event(Signed(s2[],K_6,v2_1)) && attacker_bitstring(K_6) && attacker_bitstring(v2_1) && b-event(Corrupt(s1[])) && b-event(Corrupt(s0[])) -> event(Accept(K_6,v2_1,s2[],s1[],s3[])) && event(Accept(K_6,v2_1,s3[],s2[],s0[]))
goal reachable: b-event(Signed(s3[],K_6,v2_1)) && b-event(Signed(s2[],K_6,v2_1)) && attacker_bitstring(K_6) && attacker_bitstring(v2_1) && b-event(Corrupt(s1[])) && b-event(Corrupt(s0[])) -> event(Accept(K_6,v2_1,s2[],s1[],s3[])) && event(Accept(K_6,v2_1,s3[],s1[],s2[]))
goal reachable: b-event(Signed(s2[],K_6,v2_1)) && b-event(Signed(s3[],K_6,v2_1)) && attacker_bitstring(K_6) && attacker_bitstring(v2_1) && b-event(Corrupt(s1[])) && b-event(Corrupt(s0[])) -> event(Accept(K_6,v2_1,s2[],s1[],s3[])) && event(Accept(K_6,v2_1,s3[],s1[],s0[]))
goal reachable: b-event(Signed(s3[],K_6,v2_1)) && b-event(Signed(s2[],K_6,v2_1)) && attacker_bitstring(K_6) && attacker_bitstring(v2_1) && b-event(Corrupt(s1[])) && b-event(Corrupt(s0[])) -> event(Accept(K_6,v2_1,s2[],s1[],s3[])) && event(Accept(K_6,v2_1,s3[],s0[],s2[]))
goal reachable: b-event(Signed(s2[],K_6,v2_1)) && b-event(Signed(s3[],K_6,v2_1)) && attacker_bitstring(K_6) && attacker_bitstring(v2_1) && b-event(Corrupt(s1[])) && b-event(Corrupt(s0[])) -> event(Accept(K_6,v2_1,s2[],s1[],s3[])) && event(Accept(K_6,v2_1,s3[],s0[],s1[]))
goal reachable: b-event(Signed(s2[],K_6,v2_1)) && b-event(Signed(s3[],K_6,v2_1)) && attacker_bitstring(K_6) && attacker_bitstring(v2_1) && b-event(Corrupt(s1[])) && b-event(Corrupt(s0[])) -> event(Accept(K_6,v2_1,s2[],s1[],s3[])) && event(Accept(K_6,v2_1,s2[],s3[],s1[]))
goal reachable: b-event(Signed(s2[],K_6,v2_1)) && b-event(Signed(s3[],K_6,v2_1)) && attacker_bitstring(K_6) && attacker_bitstring(v2_1) && b-event(Corrupt(s1[])) && b-event(Corrupt(s0[])) -> event(Accept(K_6,v2_1,s2[],s1[],s3[])) && event(Accept(K_6,v2_1,s2[],s3[],s0[]))
goal reachable: b-event(Signed(s2[],K_6,v2_1)) && b-event(Signed(s3[],K_6,v2_1)) && attacker_bitstring(K_6) && attacker_bitstring(v2_1) && b-event(Corrupt(s1[])) && b-event(Corrupt(s0[])) -> event(Accept(K_6,v2_1,s2[],s1[],s3[])) && event(Accept(K_6,v2_1,s2[],s1[],s3[]))
goal reachable: b-event(Signed(s3[],K_6,v2_1)) && b-event(Signed(s2[],K_6,v2_1)) && attacker_bitstring(K_6) && attacker_bitstring(v2_1) && b-event(Corrupt(s1[])) && b-event(Corrupt(s0[])) -> event(Accept(K_6,v2_1,s2[],s1[],s3[])) && event(Accept(K_6,v2_1,s2[],s1[],s0[]))
goal reachable: b-event(Signed(s2[],K_6,v2_1)) && b-event(Signed(s3[],K_6,v2_1)) && attacker_bitstring(K_6) && attacker_bitstring(v2_1) && b-event(Corrupt(s1[])) && b-event(Corrupt(s0[])) -> event(Accept(K_6,v2_1,s2[],s1[],s3[])) && event(Accept(K_6,v2_1,s2[],s0[],s3[]))
goal reachable: b-event(Signed(s3[],K_6,v2_1)) && b-event(Signed(s2[],K_6,v2_1)) && attacker_bitstring(K_6) && attacker_bitstring(v2_1) && b-event(Corrupt(s1[])) && b-event(Corrupt(s0[])) -> event(Accept(K_6,v2_1,s2[],s1[],s3[])) && event(Accept(K_6,v2_1,s2[],s0[],s1[]))
goal reachable: b-event(Signed(s3[],K_6,v2_1)) && b-event(Signed(s2[],K_6,v2_1)) && attacker_bitstring(K_6) && attacker_bitstring(v2_1) && b-event(Corrupt(s1[])) && b-event(Corrupt(s0[])) -> event(Accept(K_6,v2_1,s2[],s1[],s3[])) && event(Accept(K_6,v2_1,s1[],s3[],s2[]))
goal reachable: b-event(Signed(s2[],K_6,v2_1)) && b-event(Signed(s3[],K_6,v2_1)) && attacker_bitstring(K_6) && attacker_bitstring(v2_1) && b-event(Corrupt(s1[])) && b-event(Corrupt(s0[])) -> event(Accept(K_6,v2_1,s2[],s1[],s3[])) && event(Accept(K_6,v2_1,s1[],s3[],s0[]))
goal reachable: b-event(Signed(s2[],K_6,v2_1)) && b-event(Signed(s3[],K_6,v2_1)) && attacker_bitstring(K_6) && attacker_bitstring(v2_1) && b-event(Corrupt(s1[])) && b-event(Corrupt(s0[])) -> event(Accept(K_6,v2_1,s2[],s1[],s3[])) && event(Accept(K_6,v2_1,s1[],s2[],s3[]))
goal reachable: b-event(Signed(s3[],K_6,v2_1)) && b-event(Signed(s2[],K_6,v2_1)) && attacker_bitstring(K_6) && attacker_bitstring(v2_1) && b-event(Corrupt(s1[])) && b-event(Corrupt(s0[])) -> event(Accept(K_6,v2_1,s2[],s1[],s3[])) && event(Accept(K_6,v2_1,s1[],s2[],s0[]))
goal reachable: b-event(Signed(s2[],K_6,v2_1)) && b-event(Signed(s3[],K_6,v2_1)) && attacker_bitstring(K_6) && attacker_bitstring(v2_1) && b-event(Corrupt(s1[])) && b-event(Corrupt(s0[])) -> event(Accept(K_6,v2_1,s2[],s1[],s3[])) && event(Accept(K_6,v2_1,s1[],s0[],s3[]))
goal reachable: b-event(Signed(s3[],K_6,v2_1)) && b-event(Signed(s2[],K_6,v2_1)) && attacker_bitstring(K_6) && attacker_bitstring(v2_1) && b-event(Corrupt(s1[])) && b-event(Corrupt(s0[])) -> event(Accept(K_6,v2_1,s2[],s1[],s3[])) && event(Accept(K_6,v2_1,s1[],s0[],s2[]))
goal reachable: b-event(Signed(s3[],K_6,v2_1)) && b-event(Signed(s2[],K_6,v2_1)) && attacker_bitstring(K_6) && attacker_bitstring(v2_1) && b-event(Corrupt(s1[])) && b-event(Corrupt(s0[])) -> event(Accept(K_6,v2_1,s2[],s1[],s3[])) && event(Accept(K_6,v2_1,s0[],s3[],s2[]))
goal reachable: b-event(Signed(s2[],K_6,v2_1)) && b-event(Signed(s3[],K_6,v2_1)) && attacker_bitstring(K_6) && attacker_bitstring(v2_1) && b-event(Corrupt(s1[])) && b-event(Corrupt(s0[])) -> event(Accept(K_6,v2_1,s2[],s1[],s3[])) && event(Accept(K_6,v2_1,s0[],s3[],s1[]))
goal reachable: b-event(Signed(s2[],K_6,v2_1)) && b-event(Signed(s3[],K_6,v2_1)) && attacker_bitstring(K_6) && attacker_bitstring(v2_1) && b-event(Corrupt(s1[])) && b-event(Corrupt(s0[])) -> event(Accept(K_6,v2_1,s2[],s1[],s3[])) && event(Accept(K_6,v2_1,s0[],s2[],s3[]))
goal reachable: b-event(Signed(s3[],K_6,v2_1)) && b-event(Signed(s2[],K_6,v2_1)) && attacker_bitstring(K_6) && attacker_bitstring(v2_1) && b-event(Corrupt(s1[])) && b-event(Corrupt(s0[])) -> event(Accept(K_6,v2_1,s2[],s1[],s3[])) && event(Accept(K_6,v2_1,s0[],s2[],s1[]))
goal reachable: b-event(Signed(s2[],K_6,v2_1)) && b-event(Signed(s3[],K_6,v2_1)) && attacker_bitstring(K_6) && attacker_bitstring(v2_1) && b-event(Corrupt(s1[])) && b-event(Corrupt(s0[])) -> event(Accept(K_6,v2_1,s2[],s1[],s3[])) && event(Accept(K_6,v2_1,s0[],s1[],s3[]))
goal reachable: b-event(Signed(s3[],K_6,v2_1)) && b-event(Signed(s2[],K_6,v2_1)) && attacker_bitstring(K_6) && attacker_bitstring(v2_1) && b-event(Corrupt(s1[])) && b-event(Corrupt(s0[])) -> event(Accept(K_6,v2_1,s2[],s1[],s3[])) && event(Accept(K_6,v2_1,s0[],s1[],s2[]))
goal reachable: b-event(Signed(s3[],K_6,v2_1)) && b-event(Signed(s2[],K_6,v2_1)) && attacker_bitstring(K_6) && attacker_bitstring(v2_1) && b-event(Corrupt(s1[])) && b-event(Corrupt(s0[])) -> event(Accept(K_6,v2_1,s2[],s1[],s0[])) && event(Accept(K_6,v2_1,s3[],s2[],s1[]))
goal reachable: b-event(Signed(s3[],K_6,v2_1)) && b-event(Signed(s2[],K_6,v2_1)) && attacker_bitstring(K_6) && attacker_bitstring(v2_1) && b-event(Corrupt(s1[])) && b-event(Corrupt(s0[])) -> event(Accept(K_6,v2_1,s2[],s1[],s0[])) && event(Accept(K_6,v2_1,s3[],s2[],s0[]))
goal reachable: b-event(Signed(s3[],K_6,v2_1)) && b-event(Signed(s2[],K_6,v2_1)) && attacker_bitstring(K_6) && attacker_bitstring(v2_1) && b-event(Corrupt(s1[])) && b-event(Corrupt(s0[])) -> event(Accept(K_6,v2_1,s2[],s1[],s0[])) && event(Accept(K_6,v2_1,s3[],s1[],s2[]))
goal reachable: b-event(Signed(s2[],K_6,v1_1)) && attacker_bitstring(v1_1) && b-event(Signed(s3[],K_6,v2_1)) && attacker_bitstring(K_6) && attacker_bitstring(v2_1) && b-event(Corrupt(s1[])) && b-event(Corrupt(s0[])) -> event(Accept(K_6,v1_1,s2[],s1[],s0[])) && event(Accept(K_6,v2_1,s3[],s1[],s0[]))
goal reachable: b-event(Signed(s3[],K_6,v2_1)) && b-event(Signed(s2[],K_6,v2_1)) && attacker_bitstring(K_6) && attacker_bitstring(v2_1) && b-event(Corrupt(s1[])) && b-event(Corrupt(s0[])) -> event(Accept(K_6,v2_1,s2[],s1[],s0[])) && event(Accept(K_6,v2_1,s3[],s0[],s2[]))
goal reachable: b-event(Signed(s2[],K_6,v1_1)) && attacker_bitstring(v1_1) && b-event(Signed(s3[],K_6,v2_1)) && attacker_bitstring(K_6) && attacker_bitstring(v2_1) && b-event(Corrupt(s1[])) && b-event(Corrupt(s0[])) -> event(Accept(K_6,v1_1,s2[],s1[],s0[])) && event(Accept(K_6,v2_1,s3[],s0[],s1[]))
goal reachable: b-event(Signed(s2[],K_6,v2_1)) && b-event(Signed(s3[],K_6,v2_1)) && attacker_bitstring(K_6) && attacker_bitstring(v2_1) && b-event(Corrupt(s1[])) && b-event(Corrupt(s0[])) -> event(Accept(K_6,v2_1,s2[],s1[],s0[])) && event(Accept(K_6,v2_1,s2[],s3[],s1[]))
goal reachable: b-event(Signed(s2[],K_6,v2_1)) && b-event(Signed(s3[],K_6,v2_1)) && attacker_bitstring(K_6) && attacker_bitstring(v2_1) && b-event(Corrupt(s1[])) && b-event(Corrupt(s0[])) -> event(Accept(K_6,v2_1,s2[],s1[],s0[])) && event(Accept(K_6,v2_1,s2[],s3[],s0[]))
goal reachable: b-event(Signed(s2[],K_6,v2_1)) && b-event(Signed(s3[],K_6,v2_1)) && attacker_bitstring(K_6) && attacker_bitstring(v2_1) && b-event(Corrupt(s1[])) && b-event(Corrupt(s0[])) -> event(Accept(K_6,v2_1,s2[],s1[],s0[])) && event(Accept(K_6,v2_1,s2[],s1[],s3[]))
goal reachable: b-event(Signed(s2[],K_6,v2_1)) && attacker_bitstring(K_6) && attacker_bitstring(v2_1) && b-event(Corrupt(s1[])) && b-event(Corrupt(s0[])) -> event(Accept(K_6,v2_1,s2[],s1[],s0[])) && event(Accept(K_6,v2_1,s2[],s1[],s0[]))
goal reachable: b-event(Signed(s2[],K_6,v2_1)) && b-event(Signed(s3[],K_6,v2_1)) && attacker_bitstring(K_6) && attacker_bitstring(v2_1) && b-event(Corrupt(s1[])) && b-event(Corrupt(s0[])) -> event(Accept(K_6,v2_1,s2[],s1[],s0[])) && event(Accept(K_6,v2_1,s2[],s0[],s3[]))
goal reachable: b-event(Signed(s2[],K_6,v2_1)) && attacker_bitstring(K_6) && attacker_bitstring(v2_1) && b-event(Corrupt(s1[])) && b-event(Corrupt(s0[])) -> event(Accept(K_6,v2_1,s2[],s1[],s0[])) && event(Accept(K_6,v2_1,s2[],s0[],s1[]))
goal reachable: b-event(Signed(s3[],K_6,v2_1)) && b-event(Signed(s2[],K_6,v2_1)) && attacker_bitstring(K_6) && attacker_bitstring(v2_1) && b-event(Corrupt(s1[])) && b-event(Corrupt(s0[])) -> event(Accept(K_6,v2_1,s2[],s1[],s0[])) && event(Accept(K_6,v2_1,s1[],s3[],s2[]))
goal reachable: b-event(Signed(s2[],K_6,v1_1)) && attacker_bitstring(v1_1) && b-event(Signed(s3[],K_6,v2_1)) && attacker_bitstring(K_6) && attacker_bitstring(v2_1) && b-event(Corrupt(s1[])) && b-event(Corrupt(s0[])) -> event(Accept(K_6,v1_1,s2[],s1[],s0[])) && event(Accept(K_6,v2_1,s1[],s3[],s0[]))
goal reachable: b-event(Signed(s2[],K_6,v2_1)) && b-event(Signed(s3[],K_6,v2_1)) && attacker_bitstring(K_6) && attacker_bitstring(v2_1) && b-event(Corrupt(s1[])) && b-event(Corrupt(s0[])) -> event(Accept(K_6,v2_1,s2[],s1[],s0[])) && event(Accept(K_6,v2_1,s1[],s2[],s3[]))
goal reachable: b-event(Signed(s2[],K_6,v2_1)) && attacker_bitstring(K_6) && attacker_bitstring(v2_1) && b-event(Corrupt(s1[])) && b-event(Corrupt(s0[])) -> event(Accept(K_6,v2_1,s2[],s1[],s0[])) && event(Accept(K_6,v2_1,s1[],s2[],s0[]))
goal reachable: b-event(Signed(s2[],K_6,v1_1)) && attacker_bitstring(v1_1) && b-event(Signed(s3[],K_6,v2_1)) && attacker_bitstring(K_6) && attacker_bitstring(v2_1) && b-event(Corrupt(s1[])) && b-event(Corrupt(s0[])) -> event(Accept(K_6,v1_1,s2[],s1[],s0[])) && event(Accept(K_6,v2_1,s1[],s0[],s3[]))
goal reachable: b-event(Signed(s2[],K_6,v2_1)) && attacker_bitstring(K_6) && attacker_bitstring(v2_1) && b-event(Corrupt(s1[])) && b-event(Corrupt(s0[])) -> event(Accept(K_6,v2_1,s2[],s1[],s0[])) && event(Accept(K_6,v2_1,s1[],s0[],s2[]))
goal reachable: b-event(Signed(s3[],K_6,v2_1)) && b-event(Signed(s2[],K_6,v2_1)) && attacker_bitstring(K_6) && attacker_bitstring(v2_1) && b-event(Corrupt(s1[])) && b-event(Corrupt(s0[])) -> event(Accept(K_6,v2_1,s2[],s1[],s0[])) && event(Accept(K_6,v2_1,s0[],s3[],s2[]))
goal reachable: b-event(Signed(s2[],K_6,v1_1)) && attacker_bitstring(v1_1) && b-event(Signed(s3[],K_6,v2_1)) && attacker_bitstring(K_6) && attacker_bitstring(v2_1) && b-event(Corrupt(s1[])) && b-event(Corrupt(s0[])) -> event(Accept(K_6,v1_1,s2[],s1[],s0[])) && event(Accept(K_6,v2_1,s0[],s3[],s1[]))
goal reachable: b-event(Signed(s2[],K_6,v2_1)) && b-event(Signed(s3[],K_6,v2_1)) && attacker_bitstring(K_6) && attacker_bitstring(v2_1) && b-event(Corrupt(s1[])) && b-event(Corrupt(s0[])) -> event(Accept(K_6,v2_1,s2[],s1[],s0[])) && event(Accept(K_6,v2_1,s0[],s2[],s3[]))
goal reachable: b-event(Signed(s2[],K_6,v2_1)) && attacker_bitstring(K_6) && attacker_bitstring(v2_1) && b-event(Corrupt(s1[])) && b-event(Corrupt(s0[])) -> event(Accept(K_6,v2_1,s2[],s1[],s0[])) && event(Accept(K_6,v2_1,s0[],s2[],s1[]))
goal reachable: b-event(Signed(s2[],K_6,v1_1)) && attacker_bitstring(v1_1) && b-event(Signed(s3[],K_6,v2_1)) && attacker_bitstring(K_6) && attacker_bitstring(v2_1) && b-event(Corrupt(s1[])) && b-event(Corrupt(s0[])) -> event(Accept(K_6,v1_1,s2[],s1[],s0[])) && event(Accept(K_6,v2_1,s0[],s1[],s3[]))
goal reachable: b-event(Signed(s2[],K_6,v2_1)) && attacker_bitstring(K_6) && attacker_bitstring(v2_1) && b-event(Corrupt(s1[])) && b-event(Corrupt(s0[])) -> event(Accept(K_6,v2_1,s2[],s1[],s0[])) && event(Accept(K_6,v2_1,s0[],s1[],s2[]))
goal reachable: b-event(Signed(s3[],K_6,v2_1)) && b-event(Signed(s2[],K_6,v2_1)) && attacker_bitstring(K_6) && attacker_bitstring(v2_1) && b-event(Corrupt(s1[])) && b-event(Corrupt(s0[])) -> event(Accept(K_6,v2_1,s2[],s0[],s3[])) && event(Accept(K_6,v2_1,s3[],s2[],s1[]))
goal reachable: b-event(Signed(s3[],K_6,v2_1)) && b-event(Signed(s2[],K_6,v2_1)) && attacker_bitstring(K_6) && attacker_bitstring(v2_1) && b-event(Corrupt(s1[])) && b-event(Corrupt(s0[])) -> event(Accept(K_6,v2_1,s2[],s0[],s3[])) && event(Accept(K_6,v2_1,s3[],s2[],s0[]))
goal reachable: b-event(Signed(s3[],K_6,v2_1)) && b-event(Signed(s2[],K_6,v2_1)) && attacker_bitstring(K_6) && attacker_bitstring(v2_1) && b-event(Corrupt(s1[])) && b-event(Corrupt(s0[])) -> event(Accept(K_6,v2_1,s2[],s0[],s3[])) && event(Accept(K_6,v2_1,s3[],s1[],s2[]))
goal reachable: b-event(Signed(s2[],K_6,v2_1)) && b-event(Signed(s3[],K_6,v2_1)) && attacker_bitstring(K_6) && attacker_bitstring(v2_1) && b-event(Corrupt(s1[])) && b-event(Corrupt(s0[])) -> event(Accept(K_6,v2_1,s2[],s0[],s3[])) && event(Accept(K_6,v2_1,s3[],s1[],s0[]))
goal reachable: b-event(Signed(s3[],K_6,v2_1)) && b-event(Signed(s2[],K_6,v2_1)) && attacker_bitstring(K_6) && attacker_bitstring(v2_1) && b-event(Corrupt(s1[])) && b-event(Corrupt(s0[])) -> event(Accept(K_6,v2_1,s2[],s0[],s3[])) && event(Accept(K_6,v2_1,s3[],s0[],s2[]))
goal reachable: b-event(Signed(s2[],K_6,v2_1)) && b-event(Signed(s3[],K_6,v2_1)) && attacker_bitstring(K_6) && attacker_bitstring(v2_1) && b-event(Corrupt(s1[])) && b-event(Corrupt(s0[])) -> event(Accept(K_6,v2_1,s2[],s0[],s3[])) && event(Accept(K_6,v2_1,s3[],s0[],s1[]))
goal reachable: b-event(Signed(s2[],K_6,v2_1)) && b-event(Signed(s3[],K_6,v2_1)) && attacker_bitstring(K_6) && attacker_bitstring(v2_1) && b-event(Corrupt(s1[])) && b-event(Corrupt(s0[])) -> event(Accept(K_6,v2_1,s2[],s0[],s3[])) && event(Accept(K_6,v2_1,s2[],s3[],s1[]))
goal reachable: b-event(Signed(s2[],K_6,v2_1)) && b-event(Signed(s3[],K_6,v2_1)) && attacker_bitstring(K_6) && attacker_bitstring(v2_1) && b-event(Corrupt(s1[])) && b-event(Corrupt(s0[])) -> event(Accept(K_6,v2_1,s2[],s0[],s3[])) && event(Accept(K_6,v2_1,s2[],s3[],s0[]))
goal reachable: b-event(Signed(s2[],K_6,v2_1)) && b-event(Signed(s3[],K_6,v2_1)) && attacker_bitstring(K_6) && attacker_bitstring(v2_1) && b-event(Corrupt(s1[])) && b-event(Corrupt(s0[])) -> event(Accept(K_6,v2_1,s2[],s0[],s3[])) && event(Accept(K_6,v2_1,s2[],s1[],s3[]))
goal reachable: b-event(Signed(s3[],K_6,v2_1)) && b-event(Signed(s2[],K_6,v2_1)) && attacker_bitstring(K_6) && attacker_bitstring(v2_1) && b-event(Corrupt(s1[])) && b-event(Corrupt(s0[])) -> event(Accept(K_6,v2_1,s2[],s0[],s3[])) && event(Accept(K_6,v2_1,s2[],s1[],s0[]))
goal reachable: b-event(Signed(s2[],K_6,v2_1)) && b-event(Signed(s3[],K_6,v2_1)) && attacker_bitstring(K_6) && attacker_bitstring(v2_1) && b-event(Corrupt(s1[])) && b-event(Corrupt(s0[])) -> event(Accept(K_6,v2_1,s2[],s0[],s3[])) && event(Accept(K_6,v2_1,s2[],s0[],s3[]))
goal reachable: b-event(Signed(s3[],K_6,v2_1)) && b-event(Signed(s2[],K_6,v2_1)) && attacker_bitstring(K_6) && attacker_bitstring(v2_1) && b-event(Corrupt(s1[])) && b-event(Corrupt(s0[])) -> event(Accept(K_6,v2_1,s2[],s0[],s3[])) && event(Accept(K_6,v2_1,s2[],s0[],s1[]))
goal reachable: b-event(Signed(s3[],K_6,v2_1)) && b-event(Signed(s2[],K_6,v2_1)) && attacker_bitstring(K_6) && attacker_bitstring(v2_1) && b-event(Corrupt(s1[])) && b-event(Corrupt(s0[])) -> event(Accept(K_6,v2_1,s2[],s0[],s3[])) && event(Accept(K_6,v2_1,s1[],s3[],s2[]))
goal reachable: b-event(Signed(s2[],K_6,v2_1)) && b-event(Signed(s3[],K_6,v2_1)) && attacker_bitstring(K_6) && attacker_bitstring(v2_1) && b-event(Corrupt(s1[])) && b-event(Corrupt(s0[])) -> event(Accept(K_6,v2_1,s2[],s0[],s3[])) && event(Accept(K_6,v2_1,s1[],s3[],s0[]))
goal reachable: b-event(Signed(s2[],K_6,v2_1)) && b-event(Signed(s3[],K_6,v2_1)) && attacker_bitstring(K_6) && attacker_bitstring(v2_1) && b-event(Corrupt(s1[])) && b-event(Corrupt(s0[])) -> event(Accept(K_6,v2_1,s2[],s0[],s3[])) && event(Accept(K_6,v2_1,s1[],s2[],s3[]))
goal reachable: b-event(Signed(s3[],K_6,v2_1)) && b-event(Signed(s2[],K_6,v2_1)) && attacker_bitstring(K_6) && attacker_bitstring(v2_1) && b-event(Corrupt(s1[])) && b-event(Corrupt(s0[])) -> event(Accept(K_6,v2_1,s2[],s0[],s3[])) && event(Accept(K_6,v2_1,s1[],s2[],s0[]))
goal reachable: b-event(Signed(s2[],K_6,v2_1)) && b-event(Signed(s3[],K_6,v2_1)) && attacker_bitstring(K_6) && attacker_bitstring(v2_1) && b-event(Corrupt(s1[])) && b-event(Corrupt(s0[])) -> event(Accept(K_6,v2_1,s2[],s0[],s3[])) && event(Accept(K_6,v2_1,s1[],s0[],s3[]))
goal reachable: b-event(Signed(s3[],K_6,v2_1)) && b-event(Signed(s2[],K_6,v2_1)) && attacker_bitstring(K_6) && attacker_bitstring(v2_1) && b-event(Corrupt(s1[])) && b-event(Corrupt(s0[])) -> event(Accept(K_6,v2_1,s2[],s0[],s3[])) && event(Accept(K_6,v2_1,s1[],s0[],s2[]))
goal reachable: b-event(Signed(s3[],K_6,v2_1)) && b-event(Signed(s2[],K_6,v2_1)) && attacker_bitstring(K_6) && attacker_bitstring(v2_1) && b-event(Corrupt(s1[])) && b-event(Corrupt(s0[])) -> event(Accept(K_6,v2_1,s2[],s0[],s3[])) && event(Accept(K_6,v2_1,s0[],s3[],s2[]))
goal reachable: b-event(Signed(s2[],K_6,v2_1)) && b-event(Signed(s3[],K_6,v2_1)) && attacker_bitstring(K_6) && attacker_bitstring(v2_1) && b-event(Corrupt(s1[])) && b-event(Corrupt(s0[])) -> event(Accept(K_6,v2_1,s2[],s0[],s3[])) && event(Accept(K_6,v2_1,s0[],s3[],s1[]))
goal reachable: b-event(Signed(s2[],K_6,v2_1)) && b-event(Signed(s3[],K_6,v2_1)) && attacker_bitstring(K_6) && attacker_bitstring(v2_1) && b-event(Corrupt(s1[])) && b-event(Corrupt(s0[])) -> event(Accept(K_6,v2_1,s2[],s0[],s3[])) && event(Accept(K_6,v2_1,s0[],s2[],s3[]))
goal reachable: b-event(Signed(s3[],K_6,v2_1)) && b-event(Signed(s2[],K_6,v2_1)) && attacker_bitstring(K_6) && attacker_bitstring(v2_1) && b-event(Corrupt(s1[])) && b-event(Corrupt(s0[])) -> event(Accept(K_6,v2_1,s2[],s0[],s3[])) && event(Accept(K_6,v2_1,s0[],s2[],s1[]))
goal reachable: b-event(Signed(s2[],K_6,v2_1)) && b-event(Signed(s3[],K_6,v2_1)) && attacker_bitstring(K_6) && attacker_bitstring(v2_1) && b-event(Corrupt(s1[])) && b-event(Corrupt(s0[])) -> event(Accept(K_6,v2_1,s2[],s0[],s3[])) && event(Accept(K_6,v2_1,s0[],s1[],s3[]))
goal reachable: b-event(Signed(s3[],K_6,v2_1)) && b-event(Signed(s2[],K_6,v2_1)) && attacker_bitstring(K_6) && attacker_bitstring(v2_1) && b-event(Corrupt(s1[])) && b-event(Corrupt(s0[])) -> event(Accept(K_6,v2_1,s2[],s0[],s3[])) && event(Accept(K_6,v2_1,s0[],s1[],s2[]))
goal reachable: b-event(Signed(s3[],K_6,v2_1)) && b-event(Signed(s2[],K_6,v2_1)) && attacker_bitstring(K_6) && attacker_bitstring(v2_1) && b-event(Corrupt(s1[])) && b-event(Corrupt(s0[])) -> event(Accept(K_6,v2_1,s2[],s0[],s1[])) && event(Accept(K_6,v2_1,s3[],s2[],s1[]))
goal reachable: b-event(Signed(s3[],K_6,v2_1)) && b-event(Signed(s2[],K_6,v2_1)) && attacker_bitstring(K_6) && attacker_bitstring(v2_1) && b-event(Corrupt(s1[])) && b-event(Corrupt(s0[])) -> event(Accept(K_6,v2_1,s2[],s0[],s1[])) && event(Accept(K_6,v2_1,s3[],s2[],s0[]))
goal reachable: b-event(Signed(s3[],K_6,v2_1)) && b-event(Signed(s2[],K_6,v2_1)) && attacker_bitstring(K_6) && attacker_bitstring(v2_1) && b-event(Corrupt(s1[])) && b-event(Corrupt(s0[])) -> event(Accept(K_6,v2_1,s2[],s0[],s1[])) && event(Accept(K_6,v2_1,s3[],s1[],s2[]))
goal reachable: b-event(Signed(s2[],K_6,v1_1)) && attacker_bitstring(v1_1) && b-event(Signed(s3[],K_6,v2_1)) && attacker_bitstring(K_6) && attacker_bitstring(v2_1) && b-event(Corrupt(s1[])) && b-event(Corrupt(s0[])) -> event(Accept(K_6,v1_1,s2[],s0[],s1[])) && event(Accept(K_6,v2_1,s3[],s1[],s0[]))
goal reachable: b-event(Signed(s3[],K_6,v2_1)) && b-event(Signed(s2[],K_6,v2_1)) && attacker_bitstring(K_6) && attacker_bitstring(v2_1) && b-event(Corrupt(s1[])) && b-event(Corrupt(s0[])) -> event(Accept(K_6,v2_1,s2[],s0[],s1[])) && event(Accept(K_6,v2_1,s3[],s0[],s2[]))
goal reachable: b-event(Signed(s2[],K_6,v1_1)) && attacker_bitstring(v1_1) && b-event(Signed(s3[],K_6,v2_1)) && attacker_bitstring(K_6) && attacker_bitstring(v2_1) && b-event(Corrupt(s1[])) && b-event(Corrupt(s0[])) -> event(Accept(K_6,v1_1,s2[],s0[],s1[])) && event(Accept(K_6,v2_1,s3[],s0[],s1[]))
goal reachable: b-event(Signed(s2[],K_6,v2_1)) && b-event(Signed(s3[],K_6,v2_1)) && attacker_bitstring(K_6) && attacker_bitstring(v2_1) && b-event(Corrupt(s1[])) && b-event(Corrupt(s0[])) -> event(Accept(K_6,v2_1,s2[],s0[],s1[])) && event(Accept(K_6,v2_1,s2[],s3[],s1[]))
goal reachable: b-event(Signed(s2[],K_6,v2_1)) && b-event(Signed(s3[],K_6,v2_1)) && attacker_bitstring(K_6) && attacker_bitstring(v2_1) && b-event(Corrupt(s1[])) && b-event(Corrupt(s0[])) -> event(Accept(K_6,v2_1,s2[],s0[],s1[])) && event(Accept(K_6,v2_1,s2[],s3[],s0[]))
goal reachable: b-event(Signed(s2[],K_6,v2_1)) && b-event(Signed(s3[],K_6,v2_1)) && attacker_bitstring(K_6) && attacker_bitstring(v2_1) && b-event(Corrupt(s1[])) && b-event(Corrupt(s0[])) -> event(Accept(K_6,v2_1,s2[],s0[],s1[])) && event(Accept(K_6,v2_1,s2[],s1[],s3[]))
goal reachable: b-event(Signed(s2[],K_6,v2_1)) && attacker_bitstring(K_6) && attacker_bitstring(v2_1) && b-event(Corrupt(s1[])) && b-event(Corrupt(s0[])) -> event(Accept(K_6,v2_1,s2[],s0[],s1[])) && event(Accept(K_6,v2_1,s2[],s1[],s0[]))
goal reachable: b-event(Signed(s2[],K_6,v2_1)) && b-event(Signed(s3[],K_6,v2_1)) && attacker_bitstring(K_6) && attacker_bitstring(v2_1) && b-event(Corrupt(s1[])) && b-event(Corrupt(s0[])) -> event(Accept(K_6,v2_1,s2[],s0[],s1[])) && event(Accept(K_6,v2_1,s2[],s0[],s3[]))
goal reachable: b-event(Signed(s2[],K_6,v2_1)) && attacker_bitstring(K_6) && attacker_bitstring(v2_1) && b-event(Corrupt(s1[])) && b-event(Corrupt(s0[])) -> event(Accept(K_6,v2_1,s2[],s0[],s1[])) && event(Accept(K_6,v2_1,s2[],s0[],s1[]))
goal reachable: b-event(Signed(s3[],K_6,v2_1)) && b-event(Signed(s2[],K_6,v2_1)) && attacker_bitstring(K_6) && attacker_bitstring(v2_1) && b-event(Corrupt(s1[])) && b-event(Corrupt(s0[])) -> event(Accept(K_6,v2_1,s2[],s0[],s1[])) && event(Accept(K_6,v2_1,s1[],s3[],s2[]))
goal reachable: b-event(Signed(s2[],K_6,v1_1)) && attacker_bitstring(v1_1) && b-event(Signed(s3[],K_6,v2_1)) && attacker_bitstring(K_6) && attacker_bitstring(v2_1) && b-event(Corrupt(s1[])) && b-event(Corrupt(s0[])) -> event(Accept(K_6,v1_1,s2[],s0[],s1[])) && event(Accept(K_6,v2_1,s1[],s3[],s0[]))
goal reachable: b-event(Signed(s2[],K_6,v2_1)) && b-event(Signed(s3[],K_6,v2_1)) && attacker_bitstring(K_6) && attacker_bitstring(v2_1) && b-event(Corrupt(s1[])) && b-event(Corrupt(s0[])) -> event(Accept(K_6,v2_1,s2[],s0[],s1[])) && event(Accept(K_6,v2_1,s1[],s2[],s3[]))
goal reachable: b-event(Signed(s2[],K_6,v2_1)) && attacker_bitstring(K_6) && attacker_bitstring(v2_1) && b-event(Corrupt(s1[])) && b-event(Corrupt(s0[])) -> event(Accept(K_6,v2_1,s2[],s0[],s1[])) && event(Accept(K_6,v2_1,s1[],s2[],s0[]))
goal reachable: b-event(Signed(s2[],K_6,v1_1)) && attacker_bitstring(v1_1) && b-event(Signed(s3[],K_6,v2_1)) && attacker_bitstring(K_6) && attacker_bitstring(v2_1) && b-event(Corrupt(s1[])) && b-event(Corrupt(s0[])) -> event(Accept(K_6,v1_1,s2[],s0[],s1[])) && event(Accept(K_6,v2_1,s1[],s0[],s3[]))
goal reachable: b-event(Signed(s2[],K_6,v2_1)) && attacker_bitstring(K_6) && attacker_bitstring(v2_1) && b-event(Corrupt(s1[])) && b-event(Corrupt(s0[])) -> event(Accept(K_6,v2_1,s2[],s0[],s1[])) && event(Accept(K_6,v2_1,s1[],s0[],s2[]))
goal reachable: b-event(Signed(s3[],K_6,v2_1)) && b-event(Signed(s2[],K_6,v2_1)) && attacker_bitstring(K_6) && attacker_bitstring(v2_1) && b-event(Corrupt(s1[])) && b-event(Corrupt(s0[])) -> event(Accept(K_6,v2_1,s2[],s0[],s1[])) && event(Accept(K_6,v2_1,s0[],s3[],s2[]))
goal reachable: b-event(Signed(s2[],K_6,v1_1)) && attacker_bitstring(v1_1) && b-event(Signed(s3[],K_6,v2_1)) && attacker_bitstring(K_6) && attacker_bitstring(v2_1) && b-event(Corrupt(s1[])) && b-event(Corrupt(s0[])) -> event(Accept(K_6,v1_1,s2[],s0[],s1[])) && event(Accept(K_6,v2_1,s0[],s3[],s1[]))
goal reachable: b-event(Signed(s2[],K_6,v2_1)) && b-event(Signed(s3[],K_6,v2_1)) && attacker_bitstring(K_6) && attacker_bitstring(v2_1) && b-event(Corrupt(s1[])) && b-event(Corrupt(s0[])) -> event(Accept(K_6,v2_1,s2[],s0[],s1[])) && event(Accept(K_6,v2_1,s0[],s2[],s3[]))
goal reachable: b-event(Signed(s2[],K_6,v2_1)) && attacker_bitstring(K_6) && attacker_bitstring(v2_1) && b-event(Corrupt(s1[])) && b-event(Corrupt(s0[])) -> event(Accept(K_6,v2_1,s2[],s0[],s1[])) && event(Accept(K_6,v2_1,s0[],s2[],s1[]))
goal reachable: b-event(Signed(s2[],K_6,v1_1)) && attacker_bitstring(v1_1) && b-event(Signed(s3[],K_6,v2_1)) && attacker_bitstring(K_6) && attacker_bitstring(v2_1) && b-event(Corrupt(s1[])) && b-event(Corrupt(s0[])) -> event(Accept(K_6,v1_1,s2[],s0[],s1[])) && event(Accept(K_6,v2_1,s0[],s1[],s3[]))
goal reachable: b-event(Signed(s2[],K_6,v2_1)) && attacker_bitstring(K_6) && attacker_bitstring(v2_1) && b-event(Corrupt(s1[])) && b-event(Corrupt(s0[])) -> event(Accept(K_6,v2_1,s2[],s0[],s1[])) && event(Accept(K_6,v2_1,s0[],s1[],s2[]))
goal reachable: b-event(Signed(s3[],K_6,v2_1)) && b-event(Signed(s2[],K_6,v2_1)) && attacker_bitstring(K_6) && attacker_bitstring(v2_1) && b-event(Corrupt(s1[])) && b-event(Corrupt(s0[])) -> event(Accept(K_6,v2_1,s1[],s3[],s2[])) && event(Accept(K_6,v2_1,s3[],s2[],s1[]))
goal reachable: b-event(Signed(s3[],K_6,v2_1)) && b-event(Signed(s2[],K_6,v2_1)) && attacker_bitstring(K_6) && attacker_bitstring(v2_1) && b-event(Corrupt(s1[])) && b-event(Corrupt(s0[])) -> event(Accept(K_6,v2_1,s1[],s3[],s2[])) && event(Accept(K_6,v2_1,s3[],s2[],s0[]))
goal reachable: b-event(Signed(s3[],K_6,v2_1)) && b-event(Signed(s2[],K_6,v2_1)) && attacker_bitstring(K_6) && attacker_bitstring(v2_1) && b-event(Corrupt(s1[])) && b-event(Corrupt(s0[])) -> event(Accept(K_6,v2_1,s1[],s3[],s2[])) && event(Accept(K_6,v2_1,s3[],s1[],s2[]))
goal reachable: b-event(Signed(s2[],K_6,v2_1)) && b-event(Signed(s3[],K_6,v2_1)) && attacker_bitstring(K_6) && attacker_bitstring(v2_1) && b-event(Corrupt(s1[])) && b-event(Corrupt(s0[])) -> event(Accept(K_6,v2_1,s1[],s3[],s2[])) && event(Accept(K_6,v2_1,s3[],s1[],s0[]))
goal reachable: b-event(Signed(s3[],K_6,v2_1)) && b-event(Signed(s2[],K_6,v2_1)) && attacker_bitstring(K_6) && attacker_bitstring(v2_1) && b-event(Corrupt(s1[])) && b-event(Corrupt(s0[])) -> event(Accept(K_6,v2_1,s1[],s3[],s2[])) && event(Accept(K_6,v2_1,s3[],s0[],s2[]))
goal reachable: b-event(Signed(s2[],K_6,v2_1)) && b-event(Signed(s3[],K_6,v2_1)) && attacker_bitstring(K_6) && attacker_bitstring(v2_1) && b-event(Corrupt(s1[])) && b-event(Corrupt(s0[])) -> event(Accept(K_6,v2_1,s1[],s3[],s2[])) && event(Accept(K_6,v2_1,s3[],s0[],s1[]))
goal reachable: b-event(Signed(s2[],K_6,v2_1)) && b-event(Signed(s3[],K_6,v2_1)) && attacker_bitstring(K_6) && attacker_bitstring(v2_1) && b-event(Corrupt(s1[])) && b-event(Corrupt(s0[])) -> event(Accept(K_6,v2_1,s1[],s3[],s2[])) && event(Accept(K_6,v2_1,s2[],s3[],s1[]))
goal reachable: b-event(Signed(s2[],K_6,v2_1)) && b-event(Signed(s3[],K_6,v2_1)) && attacker_bitstring(K_6) && attacker_bitstring(v2_1) && b-event(Corrupt(s1[])) && b-event(Corrupt(s0[])) -> event(Accept(K_6,v2_1,s1[],s3[],s2[])) && event(Accept(K_6,v2_1,s2[],s3[],s0[]))
goal reachable: b-event(Signed(s2[],K_6,v2_1)) && b-event(Signed(s3[],K_6,v2_1)) && attacker_bitstring(K_6) && attacker_bitstring(v2_1) && b-event(Corrupt(s1[])) && b-event(Corrupt(s0[])) -> event(Accept(K_6,v2_1,s1[],s3[],s2[])) && event(Accept(K_6,v2_1,s2[],s1[],s3[]))
goal reachable: b-event(Signed(s3[],K_6,v2_1)) && b-event(Signed(s2[],K_6,v2_1)) && attacker_bitstring(K_6) && attacker_bitstring(v2_1) && b-event(Corrupt(s1[])) && b-event(Corrupt(s0[])) -> event(Accept(K_6,v2_1,s1[],s3[],s2[])) && event(Accept(K_6,v2_1,s2[],s1[],s0[]))
goal reachable: b-event(Signed(s2[],K_6,v2_1)) && b-event(Signed(s3[],K_6,v2_1)) && attacker_bitstring(K_6) && attacker_bitstring(v2_1) && b-event(Corrupt(s1[])) && b-event(Corrupt(s0[])) -> event(Accept(K_6,v2_1,s1[],s3[],s2[])) && event(Accept(K_6,v2_1,s2[],s0[],s3[]))
goal reachable: b-event(Signed(s3[],K_6,v2_1)) && b-event(Signed(s2[],K_6,v2_1)) && attacker_bitstring(K_6) && attacker_bitstring(v2_1) && b-event(Corrupt(s1[])) && b-event(Corrupt(s0[])) -> event(Accept(K_6,v2_1,s1[],s3[],s2[])) && event(Accept(K_6,v2_1,s2[],s0[],s1[]))
goal reachable: b-event(Signed(s3[],K_6,v2_1)) && b-event(Signed(s2[],K_6,v2_1)) && attacker_bitstring(K_6) && attacker_bitstring(v2_1) && b-event(Corrupt(s1[])) && b-event(Corrupt(s0[])) -> event(Accept(K_6,v2_1,s1[],s3[],s2[])) && event(Accept(K_6,v2_1,s1[],s3[],s2[]))
goal reachable: b-event(Signed(s2[],K_6,v2_1)) && b-event(Signed(s3[],K_6,v2_1)) && attacker_bitstring(K_6) && attacker_bitstring(v2_1) && b-event(Corrupt(s1[])) && b-event(Corrupt(s0[])) -> event(Accept(K_6,v2_1,s1[],s3[],s2[])) && event(Accept(K_6,v2_1,s1[],s3[],s0[]))
goal reachable: b-event(Signed(s2[],K_6,v2_1)) && b-event(Signed(s3[],K_6,v2_1)) && attacker_bitstring(K_6) && attacker_bitstring(v2_1) && b-event(Corrupt(s1[])) && b-event(Corrupt(s0[])) -> event(Accept(K_6,v2_1,s1[],s3[],s2[])) && event(Accept(K_6,v2_1,s1[],s2[],s3[]))
goal reachable: b-event(Signed(s3[],K_6,v2_1)) && b-event(Signed(s2[],K_6,v2_1)) && attacker_bitstring(K_6) && attacker_bitstring(v2_1) && b-event(Corrupt(s1[])) && b-event(Corrupt(s0[])) -> event(Accept(K_6,v2_1,s1[],s3[],s2[])) && event(Accept(K_6,v2_1,s1[],s2[],s0[]))
goal reachable: b-event(Signed(s2[],K_6,v2_1)) && b-event(Signed(s3[],K_6,v2_1)) && attacker_bitstring(K_6) && attacker_bitstring(v2_1) && b-event(Corrupt(s1[])) && b-event(Corrupt(s0[])) -> event(Accept(K_6,v2_1,s1[],s3[],s2[])) && event(Accept(K_6,v2_1,s1[],s0[],s3[]))
goal reachable: b-event(Signed(s3[],K_6,v2_1)) && b-event(Signed(s2[],K_6,v2_1)) && attacker_bitstring(K_6) && attacker_bitstring(v2_1) && b-event(Corrupt(s1[])) && b-event(Corrupt(s0[])) -> event(Accept(K_6,v2_1,s1[],s3[],s2[])) && event(Accept(K_6,v2_1,s1[],s0[],s2[]))
goal reachable: b-event(Signed(s3[],K_6,v2_1)) && b-event(Signed(s2[],K_6,v2_1)) && attacker_bitstring(K_6) && attacker_bitstring(v2_1) && b-event(Corrupt(s1[])) && b-event(Corrupt(s0[])) -> event(Accept(K_6,v2_1,s1[],s3[],s2[])) && event(Accept(K_6,v2_1,s0[],s3[],s2[]))
goal reachable: b-event(Signed(s2[],K_6,v2_1)) && b-event(Signed(s3[],K_6,v2_1)) && attacker_bitstring(K_6) && attacker_bitstring(v2_1) && b-event(Corrupt(s1[])) && b-event(Corrupt(s0[])) -> event(Accept(K_6,v2_1,s1[],s3[],s2[])) && event(Accept(K_6,v2_1,s0[],s3[],s1[]))
goal reachable: b-event(Signed(s2[],K_6,v2_1)) && b-event(Signed(s3[],K_6,v2_1)) && attacker_bitstring(K_6) && attacker_bitstring(v2_1) && b-event(Corrupt(s1[])) && b-event(Corrupt(s0[])) -> event(Accept(K_6,v2_1,s1[],s3[],s2[])) && event(Accept(K_6,v2_1,s0[],s2[],s3[]))
goal reachable: b-event(Signed(s3[],K_6,v2_1)) && b-event(Signed(s2[],K_6,v2_1)) && attacker_bitstring(K_6) && attacker_bitstring(v2_1) && b-event(Corrupt(s1[])) && b-event(Corrupt(s0[])) -> event(Accept(K_6,v2_1,s1[],s3[],s2[])) && event(Accept(K_6,v2_1,s0[],s2[],s1[]))
goal reachable: b-event(Signed(s2[],K_6,v2_1)) && b-event(Signed(s3[],K_6,v2_1)) && attacker_bitstring(K_6) && attacker_bitstring(v2_1) && b-event(Corrupt(s1[])) && b-event(Corrupt(s0[])) -> event(Accept(K_6,v2_1,s1[],s3[],s2[])) && event(Accept(K_6,v2_1,s0[],s1[],s3[]))
goal reachable: b-event(Signed(s3[],K_6,v2_1)) && b-event(Signed(s2[],K_6,v2_1)) && attacker_bitstring(K_6) && attacker_bitstring(v2_1) && b-event(Corrupt(s1[])) && b-event(Corrupt(s0[])) -> event(Accept(K_6,v2_1,s1[],s3[],s2[])) && event(Accept(K_6,v2_1,s0[],s1[],s2[]))
goal reachable: b-event(Signed(s3[],K_6,v2_1)) && b-event(Signed(s2[],K_6,v2_1)) && attacker_bitstring(K_6) && attacker_bitstring(v2_1) && b-event(Corrupt(s1[])) && b-event(Corrupt(s0[])) -> event(Accept(K_6,v2_1,s1[],s3[],s0[])) && event(Accept(K_6,v2_1,s3[],s2[],s1[]))
goal reachable: b-event(Signed(s3[],K_6,v2_1)) && b-event(Signed(s2[],K_6,v2_1)) && attacker_bitstring(K_6) && attacker_bitstring(v2_1) && b-event(Corrupt(s1[])) && b-event(Corrupt(s0[])) -> event(Accept(K_6,v2_1,s1[],s3[],s0[])) && event(Accept(K_6,v2_1,s3[],s2[],s0[]))
goal reachable: b-event(Signed(s3[],K_6,v2_1)) && b-event(Signed(s2[],K_6,v2_1)) && attacker_bitstring(K_6) && attacker_bitstring(v2_1) && b-event(Corrupt(s1[])) && b-event(Corrupt(s0[])) -> event(Accept(K_6,v2_1,s1[],s3[],s0[])) && event(Accept(K_6,v2_1,s3[],s1[],s2[]))
goal reachable: b-event(Signed(s3[],K_6,v2_1)) && attacker_bitstring(K_6) && attacker_bitstring(v2_1) && b-event(Corrupt(s1[])) && b-event(Corrupt(s0[])) -> event(Accept(K_6,v2_1,s1[],s3[],s0[])) && event(Accept(K_6,v2_1,s3[],s1[],s0[]))
goal reachable: b-event(Signed(s3[],K_6,v2_1)) && b-event(Signed(s2[],K_6,v2_1)) && attacker_bitstring(K_6) && attacker_bitstring(v2_1) && b-event(Corrupt(s1[])) && b-event(Corrupt(s0[])) -> event(Accept(K_6,v2_1,s1[],s3[],s0[])) && event(Accept(K_6,v2_1,s3[],s0[],s2[]))
goal reachable: b-event(Signed(s3[],K_6,v2_1)) && attacker_bitstring(K_6) && attacker_bitstring(v2_1) && b-event(Corrupt(s1[])) && b-event(Corrupt(s0[])) -> event(Accept(K_6,v2_1,s1[],s3[],s0[])) && event(Accept(K_6,v2_1,s3[],s0[],s1[]))
goal reachable: b-event(Signed(s2[],K_6,v2_1)) && b-event(Signed(s3[],K_6,v2_1)) && attacker_bitstring(K_6) && attacker_bitstring(v2_1) && b-event(Corrupt(s1[])) && b-event(Corrupt(s0[])) -> event(Accept(K_6,v2_1,s1[],s3[],s0[])) && event(Accept(K_6,v2_1,s2[],s3[],s1[]))
goal reachable: b-event(Signed(s2[],K_6,v2_1)) && b-event(Signed(s3[],K_6,v2_1)) && attacker_bitstring(K_6) && attacker_bitstring(v2_1) && b-event(Corrupt(s1[])) && b-event(Corrupt(s0[])) -> event(Accept(K_6,v2_1,s1[],s3[],s0[])) && event(Accept(K_6,v2_1,s2[],s3[],s0[]))
goal reachable: b-event(Signed(s2[],K_6,v2_1)) && b-event(Signed(s3[],K_6,v2_1)) && attacker_bitstring(K_6) && attacker_bitstring(v2_1) && b-event(Corrupt(s1[])) && b-event(Corrupt(s0[])) -> event(Accept(K_6,v2_1,s1[],s3[],s0[])) && event(Accept(K_6,v2_1,s2[],s1[],s3[]))
goal reachable: b-event(Signed(s3[],K_6,v1_1)) && attacker_bitstring(v1_1) && b-event(Signed(s2[],K_6,v2_1)) && attacker_bitstring(K_6) && attacker_bitstring(v2_1) && b-event(Corrupt(s1[])) && b-event(Corrupt(s0[])) -> event(Accept(K_6,v1_1,s1[],s3[],s0[])) && event(Accept(K_6,v2_1,s2[],s1[],s0[]))
goal reachable: b-event(Signed(s2[],K_6,v2_1)) && b-event(Signed(s3[],K_6,v2_1)) && attacker_bitstring(K_6) && attacker_bitstring(v2_1) && b-event(Corrupt(s1[])) && b-event(Corrupt(s0[])) -> event(Accept(K_6,v2_1,s1[],s3[],s0[])) && event(Accept(K_6,v2_1,s2[],s0[],s3[]))
goal reachable: b-event(Signed(s3[],K_6,v1_1)) && attacker_bitstring(v1_1) && b-event(Signed(s2[],K_6,v2_1)) && attacker_bitstring(K_6) && attacker_bitstring(v2_1) && b-event(Corrupt(s1[])) && b-event(Corrupt(s0[])) -> event(Accept(K_6,v1_1,s1[],s3[],s0[])) && event(Accept(K_6,v2_1,s2[],s0[],s1[]))
goal reachable: b-event(Signed(s3[],K_6,v2_1)) && b-event(Signed(s2[],K_6,v2_1)) && attacker_bitstring(K_6) && attacker_bitstring(v2_1) && b-event(Corrupt(s1[])) && b-event(Corrupt(s0[])) -> event(Accept(K_6,v2_1,s1[],s3[],s0[])) && event(Accept(K_6,v2_1,s1[],s3[],s2[]))
goal reachable: b-event(Signed(s3[],K_6,v2_1)) && attacker_bitstring(K_6) && attacker_bitstring(v2_1) && b-event(Corrupt(s1[])) && b-event(Corrupt(s0[])) -> event(Accept(K_6,v2_1,s1[],s3[],s0[])) && event(Accept(K_6,v2_1,s1[],s3[],s0[]))
goal reachable: b-event(Signed(s2[],K_6,v2_1)) && b-event(Signed(s3[],K_6,v2_1)) && attacker_bitstring(K_6) && attacker_bitstring(v2_1) && b-event(Corrupt(s1[])) && b-event(Corrupt(s0[])) -> event(Accept(K_6,v2_1,s1[],s3[],s0[])) && event(Accept(K_6,v2_1,s1[],s2[],s3[]))
goal reachable: b-event(Signed(s3[],K_6,v1_1)) && attacker_bitstring(v1_1) && b-event(Signed(s2[],K_6,v2_1)) && attacker_bitstring(K_6) && attacker_bitstring(v2_1) && b-event(Corrupt(s1[])) && b-event(Corrupt(s0[])) -> event(Accept(K_6,v1_1,s1[],s3[],s0[])) && event(Accept(K_6,v2_1,s1[],s2[],s0[]))
goal reachable: b-event(Signed(s3[],K_6,v2_1)) && attacker_bitstring(K_6) && attacker_bitstring(v2_1) && b-event(Corrupt(s1[])) && b-event(Corrupt(s0[])) -> event(Accept(K_6,v2_1,s1[],s3[],s0[])) && event(Accept(K_6,v2_1,s1[],s0[],s3[]))
goal reachable: b-event(Signed(s3[],K_6,v1_1)) && attacker_bitstring(v1_1) && b-event(Signed(s2[],K_6,v2_1)) && attacker_bitstring(K_6) && attacker_bitstring(v2_1) && b-event(Corrupt(s1[])) && b-event(Corrupt(s0[])) -> event(Accept(K_6,v1_1,s1[],s3[],s0[])) && event(Accept(K_6,v2_1,s1[],s0[],s2[]))
goal reachable: b-event(Signed(s3[],K_6,v2_1)) && b-event(Signed(s2[],K_6,v2_1)) && attacker_bitstring(K_6) && attacker_bitstring(v2_1) && b-event(Corrupt(s1[])) && b-event(Corrupt(s0[])) -> event(Accept(K_6,v2_1,s1[],s3[],s0[])) && event(Accept(K_6,v2_1,s0[],s3[],s2[]))
goal reachable: b-event(Signed(s3[],K_6,v2_1)) && attacker_bitstring(K_6) && attacker_bitstring(v2_1) && b-event(Corrupt(s1[])) && b-event(Corrupt(s0[])) -> event(Accept(K_6,v2_1,s1[],s3[],s0[])) && event(Accept(K_6,v2_1,s0[],s3[],s1[]))
goal reachable: b-event(Signed(s2[],K_6,v2_1)) && b-event(Signed(s3[],K_6,v2_1)) && attacker_bitstring(K_6) && attacker_bitstring(v2_1) && b-event(Corrupt(s1[])) && b-event(Corrupt(s0[])) -> event(Accept(K_6,v2_1,s1[],s3[],s0[])) && event(Accept(K_6,v2_1,s0[],s2[],s3[]))
goal reachable: b-event(Signed(s3[],K_6,v1_1)) && attacker_bitstring(v1_1) && b-event(Signed(s2[],K_6,v2_1)) && attacker_bitstring(K_6) && attacker_bitstring(v2_1) && b-event(Corrupt(s1[])) && b-event(Corrupt(s0[])) -> event(Accept(K_6,v1_1,s1[],s3[],s0[])) && event(Accept(K_6,v2_1,s0[],s2[],s1[]))
goal reachable: b-event(Signed(s3[],K_6,v2_1)) && attacker_bitstring(K_6) && attacker_bitstring(v2_1) && b-event(Corrupt(s1[])) && b-event(Corrupt(s0[])) -> event(Accept(K_6,v2_1,s1[],s3[],s0[])) && event(Accept(K_6,v2_1,s0[],s1[],s3[]))
goal reachable: b-event(Signed(s3[],K_6,v1_1)) && attacker_bitstring(v1_1) && b-event(Signed(s2[],K_6,v2_1)) && attacker_bitstring(K_6) && attacker_bitstring(v2_1) && b-event(Corrupt(s1[])) && b-event(Corrupt(s0[])) -> event(Accept(K_6,v1_1,s1[],s3[],s0[])) && event(Accept(K_6,v2_1,s0[],s1[],s2[]))
goal reachable: b-event(Signed(s3[],K_6,v2_1)) && b-event(Signed(s2[],K_6,v2_1)) && attacker_bitstring(K_6) && attacker_bitstring(v2_1) && b-event(Corrupt(s1[])) && b-event(Corrupt(s0[])) -> event(Accept(K_6,v2_1,s1[],s2[],s3[])) && event(Accept(K_6,v2_1,s3[],s2[],s1[]))
goal reachable: b-event(Signed(s3[],K_6,v2_1)) && b-event(Signed(s2[],K_6,v2_1)) && attacker_bitstring(K_6) && attacker_bitstring(v2_1) && b-event(Corrupt(s1[])) && b-event(Corrupt(s0[])) -> event(Accept(K_6,v2_1,s1[],s2[],s3[])) && event(Accept(K_6,v2_1,s3[],s2[],s0[]))
goal reachable: b-event(Signed(s3[],K_6,v2_1)) && b-event(Signed(s2[],K_6,v2_1)) && attacker_bitstring(K_6) && attacker_bitstring(v2_1) && b-event(Corrupt(s1[])) && b-event(Corrupt(s0[])) -> event(Accept(K_6,v2_1,s1[],s2[],s3[])) && event(Accept(K_6,v2_1,s3[],s1[],s2[]))
goal reachable: b-event(Signed(s2[],K_6,v2_1)) && b-event(Signed(s3[],K_6,v2_1)) && attacker_bitstring(K_6) && attacker_bitstring(v2_1) && b-event(Corrupt(s1[])) && b-event(Corrupt(s0[])) -> event(Accept(K_6,v2_1,s1[],s2[],s3[])) && event(Accept(K_6,v2_1,s3[],s1[],s0[]))
goal reachable: b-event(Signed(s3[],K_6,v2_1)) && b-event(Signed(s2[],K_6,v2_1)) && attacker_bitstring(K_6) && attacker_bitstring(v2_1) && b-event(Corrupt(s1[])) && b-event(Corrupt(s0[])) -> event(Accept(K_6,v2_1,s1[],s2[],s3[])) && event(Accept(K_6,v2_1,s3[],s0[],s2[]))
goal reachable: b-event(Signed(s2[],K_6,v2_1)) && b-event(Signed(s3[],K_6,v2_1)) && attacker_bitstring(K_6) && attacker_bitstring(v2_1) && b-event(Corrupt(s1[])) && b-event(Corrupt(s0[])) -> event(Accept(K_6,v2_1,s1[],s2[],s3[])) && event(Accept(K_6,v2_1,s3[],s0[],s1[]))
goal reachable: b-event(Signed(s2[],K_6,v2_1)) && b-event(Signed(s3[],K_6,v2_1)) && attacker_bitstring(K_6) && attacker_bitstring(v2_1) && b-event(Corrupt(s1[])) && b-event(Corrupt(s0[])) -> event(Accept(K_6,v2_1,s1[],s2[],s3[])) && event(Accept(K_6,v2_1,s2[],s3[],s1[]))
goal reachable: b-event(Signed(s2[],K_6,v2_1)) && b-event(Signed(s3[],K_6,v2_1)) && attacker_bitstring(K_6) && attacker_bitstring(v2_1) && b-event(Corrupt(s1[])) && b-event(Corrupt(s0[])) -> event(Accept(K_6,v2_1,s1[],s2[],s3[])) && event(Accept(K_6,v2_1,s2[],s3[],s0[]))
goal reachable: b-event(Signed(s2[],K_6,v2_1)) && b-event(Signed(s3[],K_6,v2_1)) && attacker_bitstring(K_6) && attacker_bitstring(v2_1) && b-event(Corrupt(s1[])) && b-event(Corrupt(s0[])) -> event(Accept(K_6,v2_1,s1[],s2[],s3[])) && event(Accept(K_6,v2_1,s2[],s1[],s3[]))
goal reachable: b-event(Signed(s3[],K_6,v2_1)) && b-event(Signed(s2[],K_6,v2_1)) && attacker_bitstring(K_6) && attacker_bitstring(v2_1) && b-event(Corrupt(s1[])) && b-event(Corrupt(s0[])) -> event(Accept(K_6,v2_1,s1[],s2[],s3[])) && event(Accept(K_6,v2_1,s2[],s1[],s0[]))
goal reachable: b-event(Signed(s2[],K_6,v2_1)) && b-event(Signed(s3[],K_6,v2_1)) && attacker_bitstring(K_6) && attacker_bitstring(v2_1) && b-event(Corrupt(s1[])) && b-event(Corrupt(s0[])) -> event(Accept(K_6,v2_1,s1[],s2[],s3[])) && event(Accept(K_6,v2_1,s2[],s0[],s3[]))
goal reachable: b-event(Signed(s3[],K_6,v2_1)) && b-event(Signed(s2[],K_6,v2_1)) && attacker_bitstring(K_6) && attacker_bitstring(v2_1) && b-event(Corrupt(s1[])) && b-event(Corrupt(s0[])) -> event(Accept(K_6,v2_1,s1[],s2[],s3[])) && event(Accept(K_6,v2_1,s2[],s0[],s1[]))
goal reachable: b-event(Signed(s3[],K_6,v2_1)) && b-event(Signed(s2[],K_6,v2_1)) && attacker_bitstring(K_6) && attacker_bitstring(v2_1) && b-event(Corrupt(s1[])) && b-event(Corrupt(s0[])) -> event(Accept(K_6,v2_1,s1[],s2[],s3[])) && event(Accept(K_6,v2_1,s1[],s3[],s2[]))
goal reachable: b-event(Signed(s2[],K_6,v2_1)) && b-event(Signed(s3[],K_6,v2_1)) && attacker_bitstring(K_6) && attacker_bitstring(v2_1) && b-event(Corrupt(s1[])) && b-event(Corrupt(s0[])) -> event(Accept(K_6,v2_1,s1[],s2[],s3[])) && event(Accept(K_6,v2_1,s1[],s3[],s0[]))
goal reachable: b-event(Signed(s2[],K_6,v2_1)) && b-event(Signed(s3[],K_6,v2_1)) && attacker_bitstring(K_6) && attacker_bitstring(v2_1) && b-event(Corrupt(s1[])) && b-event(Corrupt(s0[])) -> event(Accept(K_6,v2_1,s1[],s2[],s3[])) && event(Accept(K_6,v2_1,s1[],s2[],s3[]))
goal reachable: b-event(Signed(s3[],K_6,v2_1)) && b-event(Signed(s2[],K_6,v2_1)) && attacker_bitstring(K_6) && attacker_bitstring(v2_1) && b-event(Corrupt(s1[])) && b-event(Corrupt(s0[])) -> event(Accept(K_6,v2_1,s1[],s2[],s3[])) && event(Accept(K_6,v2_1,s1[],s2[],s0[]))
goal reachable: b-event(Signed(s2[],K_6,v2_1)) && b-event(Signed(s3[],K_6,v2_1)) && attacker_bitstring(K_6) && attacker_bitstring(v2_1) && b-event(Corrupt(s1[])) && b-event(Corrupt(s0[])) -> event(Accept(K_6,v2_1,s1[],s2[],s3[])) && event(Accept(K_6,v2_1,s1[],s0[],s3[]))
goal reachable: b-event(Signed(s3[],K_6,v2_1)) && b-event(Signed(s2[],K_6,v2_1)) && attacker_bitstring(K_6) && attacker_bitstring(v2_1) && b-event(Corrupt(s1[])) && b-event(Corrupt(s0[])) -> event(Accept(K_6,v2_1,s1[],s2[],s3[])) && event(Accept(K_6,v2_1,s1[],s0[],s2[]))
goal reachable: b-event(Signed(s3[],K_6,v2_1)) && b-event(Signed(s2[],K_6,v2_1)) && attacker_bitstring(K_6) && attacker_bitstring(v2_1) && b-event(Corrupt(s1[])) && b-event(Corrupt(s0[])) -> event(Accept(K_6,v2_1,s1[],s2[],s3[])) && event(Accept(K_6,v2_1,s0[],s3[],s2[]))
goal reachable: b-event(Signed(s2[],K_6,v2_1)) && b-event(Signed(s3[],K_6,v2_1)) && attacker_bitstring(K_6) && attacker_bitstring(v2_1) && b-event(Corrupt(s1[])) && b-event(Corrupt(s0[])) -> event(Accept(K_6,v2_1,s1[],s2[],s3[])) && event(Accept(K_6,v2_1,s0[],s3[],s1[]))
goal reachable: b-event(Signed(s2[],K_6,v2_1)) && b-event(Signed(s3[],K_6,v2_1)) && attacker_bitstring(K_6) && attacker_bitstring(v2_1) && b-event(Corrupt(s1[])) && b-event(Corrupt(s0[])) -> event(Accept(K_6,v2_1,s1[],s2[],s3[])) && event(Accept(K_6,v2_1,s0[],s2[],s3[]))
goal reachable: b-event(Signed(s3[],K_6,v2_1)) && b-event(Signed(s2[],K_6,v2_1)) && attacker_bitstring(K_6) && attacker_bitstring(v2_1) && b-event(Corrupt(s1[])) && b-event(Corrupt(s0[])) -> event(Accept(K_6,v2_1,s1[],s2[],s3[])) && event(Accept(K_6,v2_1,s0[],s2[],s1[]))
goal reachable: b-event(Signed(s2[],K_6,v2_1)) && b-event(Signed(s3[],K_6,v2_1)) && attacker_bitstring(K_6) && attacker_bitstring(v2_1) && b-event(Corrupt(s1[])) && b-event(Corrupt(s0[])) -> event(Accept(K_6,v2_1,s1[],s2[],s3[])) && event(Accept(K_6,v2_1,s0[],s1[],s3[]))
goal reachable: b-event(Signed(s3[],K_6,v2_1)) && b-event(Signed(s2[],K_6,v2_1)) && attacker_bitstring(K_6) && attacker_bitstring(v2_1) && b-event(Corrupt(s1[])) && b-event(Corrupt(s0[])) -> event(Accept(K_6,v2_1,s1[],s2[],s3[])) && event(Accept(K_6,v2_1,s0[],s1[],s2[]))
goal reachable: b-event(Signed(s3[],K_6,v2_1)) && b-event(Signed(s2[],K_6,v2_1)) && attacker_bitstring(K_6) && attacker_bitstring(v2_1) && b-event(Corrupt(s1[])) && b-event(Corrupt(s0[])) -> event(Accept(K_6,v2_1,s1[],s2[],s0[])) && event(Accept(K_6,v2_1,s3[],s2[],s1[]))
goal reachable: b-event(Signed(s3[],K_6,v2_1)) && b-event(Signed(s2[],K_6,v2_1)) && attacker_bitstring(K_6) && attacker_bitstring(v2_1) && b-event(Corrupt(s1[])) && b-event(Corrupt(s0[])) -> event(Accept(K_6,v2_1,s1[],s2[],s0[])) && event(Accept(K_6,v2_1,s3[],s2[],s0[]))
goal reachable: b-event(Signed(s3[],K_6,v2_1)) && b-event(Signed(s2[],K_6,v2_1)) && attacker_bitstring(K_6) && attacker_bitstring(v2_1) && b-event(Corrupt(s1[])) && b-event(Corrupt(s0[])) -> event(Accept(K_6,v2_1,s1[],s2[],s0[])) && event(Accept(K_6,v2_1,s3[],s1[],s2[]))
goal reachable: b-event(Signed(s2[],K_6,v1_1)) && attacker_bitstring(v1_1) && b-event(Signed(s3[],K_6,v2_1)) && attacker_bitstring(K_6) && attacker_bitstring(v2_1) && b-event(Corrupt(s1[])) && b-event(Corrupt(s0[])) -> event(Accept(K_6,v1_1,s1[],s2[],s0[])) && event(Accept(K_6,v2_1,s3[],s1[],s0[]))
goal reachable: b-event(Signed(s3[],K_6,v2_1)) && b-event(Signed(s2[],K_6,v2_1)) && attacker_bitstring(K_6) && attacker_bitstring(v2_1) && b-event(Corrupt(s1[])) && b-event(Corrupt(s0[])) -> event(Accept(K_6,v2_1,s1[],s2[],s0[])) && event(Accept(K_6,v2_1,s3[],s0[],s2[]))
goal reachable: b-event(Signed(s2[],K_6,v1_1)) && attacker_bitstring(v1_1) && b-event(Signed(s3[],K_6,v2_1)) && attacker_bitstring(K_6) && attacker_bitstring(v2_1) && b-event(Corrupt(s1[])) && b-event(Corrupt(s0[])) -> event(Accept(K_6,v1_1,s1[],s2[],s0[])) && event(Accept(K_6,v2_1,s3[],s0[],s1[]))
goal reachable: b-event(Signed(s2[],K_6,v2_1)) && b-event(Signed(s3[],K_6,v2_1)) && attacker_bitstring(K_6) && attacker_bitstring(v2_1) && b-event(Corrupt(s1[])) && b-event(Corrupt(s0[])) -> event(Accept(K_6,v2_1,s1[],s2[],s0[])) && event(Accept(K_6,v2_1,s2[],s3[],s1[]))
goal reachable: b-event(Signed(s2[],K_6,v2_1)) && b-event(Signed(s3[],K_6,v2_1)) && attacker_bitstring(K_6) && attacker_bitstring(v2_1) && b-event(Corrupt(s1[])) && b-event(Corrupt(s0[])) -> event(Accept(K_6,v2_1,s1[],s2[],s0[])) && event(Accept(K_6,v2_1,s2[],s3[],s0[]))
goal reachable: b-event(Signed(s2[],K_6,v2_1)) && b-event(Signed(s3[],K_6,v2_1)) && attacker_bitstring(K_6) && attacker_bitstring(v2_1) && b-event(Corrupt(s1[])) && b-event(Corrupt(s0[])) -> event(Accept(K_6,v2_1,s1[],s2[],s0[])) && event(Accept(K_6,v2_1,s2[],s1[],s3[]))
goal reachable: b-event(Signed(s2[],K_6,v2_1)) && attacker_bitstring(K_6) && attacker_bitstring(v2_1) && b-event(Corrupt(s1[])) && b-event(Corrupt(s0[])) -> event(Accept(K_6,v2_1,s1[],s2[],s0[])) && event(Accept(K_6,v2_1,s2[],s1[],s0[]))
goal reachable: b-event(Signed(s2[],K_6,v2_1)) && b-event(Signed(s3[],K_6,v2_1)) && attacker_bitstring(K_6) && attacker_bitstring(v2_1) && b-event(Corrupt(s1[])) && b-event(Corrupt(s0[])) -> event(Accept(K_6,v2_1,s1[],s2[],s0[])) && event(Accept(K_6,v2_1,s2[],s0[],s3[]))
goal reachable: b-event(Signed(s2[],K_6,v2_1)) && attacker_bitstring(K_6) && attacker_bitstring(v2_1) && b-event(Corrupt(s1[])) && b-event(Corrupt(s0[])) -> event(Accept(K_6,v2_1,s1[],s2[],s0[])) && event(Accept(K_6,v2_1,s2[],s0[],s1[]))
goal reachable: b-event(Signed(s3[],K_6,v2_1)) && b-event(Signed(s2[],K_6,v2_1)) && attacker_bitstring(K_6) && attacker_bitstring(v2_1) && b-event(Corrupt(s1[])) && b-event(Corrupt(s0[])) -> event(Accept(K_6,v2_1,s1[],s2[],s0[])) && event(Accept(K_6,v2_1,s1[],s3[],s2[]))
goal reachable: b-event(Signed(s2[],K_6,v1_1)) && attacker_bitstring(v1_1) && b-event(Signed(s3[],K_6,v2_1)) && attacker_bitstring(K_6) && attacker_bitstring(v2_1) && b-event(Corrupt(s1[])) && b-event(Corrupt(s0[])) -> event(Accept(K_6,v1_1,s1[],s2[],s0[])) && event(Accept(K_6,v2_1,s1[],s3[],s0[]))
goal reachable: b-event(Signed(s2[],K_6,v2_1)) && b-event(Signed(s3[],K_6,v2_1)) && attacker_bitstring(K_6) && attacker_bitstring(v2_1) && b-event(Corrupt(s1[])) && b-event(Corrupt(s0[])) -> event(Accept(K_6,v2_1,s1[],s2[],s0[])) && event(Accept(K_6,v2_1,s1[],s2[],s3[]))
goal reachable: b-event(Signed(s2[],K_6,v2_1)) && attacker_bitstring(K_6) && attacker_bitstring(v2_1) && b-event(Corrupt(s1[])) && b-event(Corrupt(s0[])) -> event(Accept(K_6,v2_1,s1[],s2[],s0[])) && event(Accept(K_6,v2_1,s1[],s2[],s0[]))
goal reachable: b-event(Signed(s2[],K_6,v1_1)) && attacker_bitstring(v1_1) && b-event(Signed(s3[],K_6,v2_1)) && attacker_bitstring(K_6) && attacker_bitstring(v2_1) && b-event(Corrupt(s1[])) && b-event(Corrupt(s0[])) -> event(Accept(K_6,v1_1,s1[],s2[],s0[])) && event(Accept(K_6,v2_1,s1[],s0[],s3[]))
goal reachable: b-event(Signed(s2[],K_6,v2_1)) && attacker_bitstring(K_6) && attacker_bitstring(v2_1) && b-event(Corrupt(s1[])) && b-event(Corrupt(s0[])) -> event(Accept(K_6,v2_1,s1[],s2[],s0[])) && event(Accept(K_6,v2_1,s1[],s0[],s2[]))
goal reachable: b-event(Signed(s3[],K_6,v2_1)) && b-event(Signed(s2[],K_6,v2_1)) && attacker_bitstring(K_6) && attacker_bitstring(v2_1) && b-event(Corrupt(s1[])) && b-event(Corrupt(s0[])) -> event(Accept(K_6,v2_1,s1[],s2[],s0[])) && event(Accept(K_6,v2_1,s0[],s3[],s2[]))
goal reachable: b-event(Signed(s2[],K_6,v1_1)) && attacker_bitstring(v1_1) && b-event(Signed(s3[],K_6,v2_1)) && attacker_bitstring(K_6) && attacker_bitstring(v2_1) && b-event(Corrupt(s1[])) && b-event(Corrupt(s0[])) -> event(Accept(K_6,v1_1,s1[],s2[],s0[])) && event(Accept(K_6,v2_1,s0[],s3[],s1[]))
goal reachable: b-event(Signed(s2[],K_6,v2_1)) && b-event(Signed(s3[],K_6,v2_1)) && attacker_bitstring(K_6) && attacker_bitstring(v2_1) && b-event(Corrupt(s1[])) && b-event(Corrupt(s0[])) -> event(Accept(K_6,v2_1,s1[],s2[],s0[])) && event(Accept(K_6,v2_1,s0[],s2[],s3[]))
goal reachable: b-event(Signed(s2[],K_6,v2_1)) && attacker_bitstring(K_6) && attacker_bitstring(v2_1) && b-event(Corrupt(s1[])) && b-event(Corrupt(s0[])) -> event(Accept(K_6,v2_1,s1[],s2[],s0[])) && event(Accept(K_6,v2_1,s0[],s2[],s1[]))
goal reachable: b-event(Signed(s2[],K_6,v1_1)) && attacker_bitstring(v1_1) && b-event(Signed(s3[],K_6,v2_1)) && attacker_bitstring(K_6) && attacker_bitstring(v2_1) && b-event(Corrupt(s1[])) && b-event(Corrupt(s0[])) -> event(Accept(K_6,v1_1,s1[],s2[],s0[])) && event(Accept(K_6,v2_1,s0[],s1[],s3[]))
goal reachable: b-event(Signed(s2[],K_6,v2_1)) && attacker_bitstring(K_6) && attacker_bitstring(v2_1) && b-event(Corrupt(s1[])) && b-event(Corrupt(s0[])) -> event(Accept(K_6,v2_1,s1[],s2[],s0[])) && event(Accept(K_6,v2_1,s0[],s1[],s2[]))
goal reachable: b-event(Signed(s3[],K_6,v2_1)) && b-event(Signed(s2[],K_6,v2_1)) && attacker_bitstring(K_6) && attacker_bitstring(v2_1) && b-event(Corrupt(s1[])) && b-event(Corrupt(s0[])) -> event(Accept(K_6,v2_1,s1[],s0[],s3[])) && event(Accept(K_6,v2_1,s3[],s2[],s1[]))
goal reachable: b-event(Signed(s3[],K_6,v2_1)) && b-event(Signed(s2[],K_6,v2_1)) && attacker_bitstring(K_6) && attacker_bitstring(v2_1) && b-event(Corrupt(s1[])) && b-event(Corrupt(s0[])) -> event(Accept(K_6,v2_1,s1[],s0[],s3[])) && event(Accept(K_6,v2_1,s3[],s2[],s0[]))
goal reachable: b-event(Signed(s3[],K_6,v2_1)) && b-event(Signed(s2[],K_6,v2_1)) && attacker_bitstring(K_6) && attacker_bitstring(v2_1) && b-event(Corrupt(s1[])) && b-event(Corrupt(s0[])) -> event(Accept(K_6,v2_1,s1[],s0[],s3[])) && event(Accept(K_6,v2_1,s3[],s1[],s2[]))
goal reachable: b-event(Signed(s3[],K_6,v2_1)) && attacker_bitstring(K_6) && attacker_bitstring(v2_1) && b-event(Corrupt(s1[])) && b-event(Corrupt(s0[])) -> event(Accept(K_6,v2_1,s1[],s0[],s3[])) && event(Accept(K_6,v2_1,s3[],s1[],s0[]))
goal reachable: b-event(Signed(s3[],K_6,v2_1)) && b-event(Signed(s2[],K_6,v2_1)) && attacker_bitstring(K_6) && attacker_bitstring(v2_1) && b-event(Corrupt(s1[])) && b-event(Corrupt(s0[])) -> event(Accept(K_6,v2_1,s1[],s0[],s3[])) && event(Accept(K_6,v2_1,s3[],s0[],s2[]))
goal reachable: b-event(Signed(s3[],K_6,v2_1)) && attacker_bitstring(K_6) && attacker_bitstring(v2_1) && b-event(Corrupt(s1[])) && b-event(Corrupt(s0[])) -> event(Accept(K_6,v2_1,s1[],s0[],s3[])) && event(Accept(K_6,v2_1,s3[],s0[],s1[]))
goal reachable: b-event(Signed(s2[],K_6,v2_1)) && b-event(Signed(s3[],K_6,v2_1)) && attacker_bitstring(K_6) && attacker_bitstring(v2_1) && b-event(Corrupt(s1[])) && b-event(Corrupt(s0[])) -> event(Accept(K_6,v2_1,s1[],s0[],s3[])) && event(Accept(K_6,v2_1,s2[],s3[],s1[]))
goal reachable: b-event(Signed(s2[],K_6,v2_1)) && b-event(Signed(s3[],K_6,v2_1)) && attacker_bitstring(K_6) && attacker_bitstring(v2_1) && b-event(Corrupt(s1[])) && b-event(Corrupt(s0[])) -> event(Accept(K_6,v2_1,s1[],s0[],s3[])) && event(Accept(K_6,v2_1,s2[],s3[],s0[]))
goal reachable: b-event(Signed(s2[],K_6,v2_1)) && b-event(Signed(s3[],K_6,v2_1)) && attacker_bitstring(K_6) && attacker_bitstring(v2_1) && b-event(Corrupt(s1[])) && b-event(Corrupt(s0[])) -> event(Accept(K_6,v2_1,s1[],s0[],s3[])) && event(Accept(K_6,v2_1,s2[],s1[],s3[]))
goal reachable: b-event(Signed(s3[],K_6,v1_1)) && attacker_bitstring(v1_1) && b-event(Signed(s2[],K_6,v2_1)) && attacker_bitstring(K_6) && attacker_bitstring(v2_1) && b-event(Corrupt(s1[])) && b-event(Corrupt(s0[])) -> event(Accept(K_6,v1_1,s1[],s0[],s3[])) && event(Accept(K_6,v2_1,s2[],s1[],s0[]))
goal reachable: b-event(Signed(s2[],K_6,v2_1)) && b-event(Signed(s3[],K_6,v2_1)) && attacker_bitstring(K_6) && attacker_bitstring(v2_1) && b-event(Corrupt(s1[])) && b-event(Corrupt(s0[])) -> event(Accept(K_6,v2_1,s1[],s0[],s3[])) && event(Accept(K_6,v2_1,s2[],s0[],s3[]))
goal reachable: b-event(Signed(s3[],K_6,v1_1)) && attacker_bitstring(v1_1) && b-event(Signed(s2[],K_6,v2_1)) && attacker_bitstring(K_6) && attacker_bitstring(v2_1) && b-event(Corrupt(s1[])) && b-event(Corrupt(s0[])) -> event(Accept(K_6,v1_1,s1[],s0[],s3[])) && event(Accept(K_6,v2_1,s2[],s0[],s1[]))
goal reachable: b-event(Signed(s3[],K_6,v2_1)) && b-event(Signed(s2[],K_6,v2_1)) && attacker_bitstring(K_6) && attacker_bitstring(v2_1) && b-event(Corrupt(s1[])) && b-event(Corrupt(s0[])) -> event(Accept(K_6,v2_1,s1[],s0[],s3[])) && event(Accept(K_6,v2_1,s1[],s3[],s2[]))
goal reachable: b-event(Signed(s3[],K_6,v2_1)) && attacker_bitstring(K_6) && attacker_bitstring(v2_1) && b-event(Corrupt(s1[])) && b-event(Corrupt(s0[])) -> event(Accept(K_6,v2_1,s1[],s0[],s3[])) && event(Accept(K_6,v2_1,s1[],s3[],s0[]))
goal reachable: b-event(Signed(s2[],K_6,v2_1)) && b-event(Signed(s3[],K_6,v2_1)) && attacker_bitstring(K_6) && attacker_bitstring(v2_1) && b-event(Corrupt(s1[])) && b-event(Corrupt(s0[])) -> event(Accept(K_6,v2_1,s1[],s0[],s3[])) && event(Accept(K_6,v2_1,s1[],s2[],s3[]))
goal reachable: b-event(Signed(s3[],K_6,v1_1)) && attacker_bitstring(v1_1) && b-event(Signed(s2[],K_6,v2_1)) && attacker_bitstring(K_6) && attacker_bitstring(v2_1) && b-event(Corrupt(s1[])) && b-event(Corrupt(s0[])) -> event(Accept(K_6,v1_1,s1[],s0[],s3[])) && event(Accept(K_6,v2_1,s1[],s2[],s0[]))
goal reachable: b-event(Signed(s3[],K_6,v2_1)) && attacker_bitstring(K_6) && attacker_bitstring(v2_1) && b-event(Corrupt(s1[])) && b-event(Corrupt(s0[])) -> event(Accept(K_6,v2_1,s1[],s0[],s3[])) && event(Accept(K_6,v2_1,s1[],s0[],s3[]))
goal reachable: b-event(Signed(s3[],K_6,v1_1)) && attacker_bitstring(v1_1) && b-event(Signed(s2[],K_6,v2_1)) && attacker_bitstring(K_6) && attacker_bitstring(v2_1) && b-event(Corrupt(s1[])) && b-event(Corrupt(s0[])) -> event(Accept(K_6,v1_1,s1[],s0[],s3[])) && event(Accept(K_6,v2_1,s1[],s0[],s2[]))
goal reachable: b-event(Signed(s3[],K_6,v2_1)) && b-event(Signed(s2[],K_6,v2_1)) && attacker_bitstring(K_6) && attacker_bitstring(v2_1) && b-event(Corrupt(s1[])) && b-event(Corrupt(s0[])) -> event(Accept(K_6,v2_1,s1[],s0[],s3[])) && event(Accept(K_6,v2_1,s0[],s3[],s2[]))
goal reachable: b-event(Signed(s3[],K_6,v2_1)) && attacker_bitstring(K_6) && attacker_bitstring(v2_1) && b-event(Corrupt(s1[])) && b-event(Corrupt(s0[])) -> event(Accept(K_6,v2_1,s1[],s0[],s3[])) && event(Accept(K_6,v2_1,s0[],s3[],s1[]))
goal reachable: b-event(Signed(s2[],K_6,v2_1)) && b-event(Signed(s3[],K_6,v2_1)) && attacker_bitstring(K_6) && attacker_bitstring(v2_1) && b-event(Corrupt(s1[])) && b-event(Corrupt(s0[])) -> event(Accept(K_6,v2_1,s1[],s0[],s3[])) && event(Accept(K_6,v2_1,s0[],s2[],s3[]))
goal reachable: b-event(Signed(s3[],K_6,v1_1)) && attacker_bitstring(v1_1) && b-event(Signed(s2[],K_6,v2_1)) && attacker_bitstring(K_6) && attacker_bitstring(v2_1) && b-event(Corrupt(s1[])) && b-event(Corrupt(s0[])) -> event(Accept(K_6,v1_1,s1[],s0[],s3[])) && event(Accept(K_6,v2_1,s0[],s2[],s1[]))
goal reachable: b-event(Signed(s3[],K_6,v2_1)) && attacker_bitstring(K_6) && attacker_bitstring(v2_1) && b-event(Corrupt(s1[])) && b-event(Corrupt(s0[])) -> event(Accept(K_6,v2_1,s1[],s0[],s3[])) && event(Accept(K_6,v2_1,s0[],s1[],s3[]))
goal reachable: b-event(Signed(s3[],K_6,v1_1)) && attacker_bitstring(v1_1) && b-event(Signed(s2[],K_6,v2_1)) && attacker_bitstring(K_6) && attacker_bitstring(v2_1) && b-event(Corrupt(s1[])) && b-event(Corrupt(s0[])) -> event(Accept(K_6,v1_1,s1[],s0[],s3[])) && event(Accept(K_6,v2_1,s0[],s1[],s2[]))
goal reachable: b-event(Signed(s3[],K_6,v2_1)) && b-event(Signed(s2[],K_6,v2_1)) && attacker_bitstring(K_6) && attacker_bitstring(v2_1) && b-event(Corrupt(s1[])) && b-event(Corrupt(s0[])) -> event(Accept(K_6,v2_1,s1[],s0[],s2[])) && event(Accept(K_6,v2_1,s3[],s2[],s1[]))
goal reachable: b-event(Signed(s3[],K_6,v2_1)) && b-event(Signed(s2[],K_6,v2_1)) && attacker_bitstring(K_6) && attacker_bitstring(v2_1) && b-event(Corrupt(s1[])) && b-event(Corrupt(s0[])) -> event(Accept(K_6,v2_1,s1[],s0[],s2[])) && event(Accept(K_6,v2_1,s3[],s2[],s0[]))
goal reachable: b-event(Signed(s3[],K_6,v2_1)) && b-event(Signed(s2[],K_6,v2_1)) && attacker_bitstring(K_6) && attacker_bitstring(v2_1) && b-event(Corrupt(s1[])) && b-event(Corrupt(s0[])) -> event(Accept(K_6,v2_1,s1[],s0[],s2[])) && event(Accept(K_6,v2_1,s3[],s1[],s2[]))
goal reachable: b-event(Signed(s2[],K_6,v1_1)) && attacker_bitstring(v1_1) && b-event(Signed(s3[],K_6,v2_1)) && attacker_bitstring(K_6) && attacker_bitstring(v2_1) && b-event(Corrupt(s1[])) && b-event(Corrupt(s0[])) -> event(Accept(K_6,v1_1,s1[],s0[],s2[])) && event(Accept(K_6,v2_1,s3[],s1[],s0[]))
goal reachable: b-event(Signed(s3[],K_6,v2_1)) && b-event(Signed(s2[],K_6,v2_1)) && attacker_bitstring(K_6) && attacker_bitstring(v2_1) && b-event(Corrupt(s1[])) && b-event(Corrupt(s0[])) -> event(Accept(K_6,v2_1,s1[],s0[],s2[])) && event(Accept(K_6,v2_1,s3[],s0[],s2[]))
goal reachable: b-event(Signed(s2[],K_6,v1_1)) && attacker_bitstring(v1_1) && b-event(Signed(s3[],K_6,v2_1)) && attacker_bitstring(K_6) && attacker_bitstring(v2_1) && b-event(Corrupt(s1[])) && b-event(Corrupt(s0[])) -> event(Accept(K_6,v1_1,s1[],s0[],s2[])) && event(Accept(K_6,v2_1,s3[],s0[],s1[]))
goal reachable: b-event(Signed(s2[],K_6,v2_1)) && b-event(Signed(s3[],K_6,v2_1)) && attacker_bitstring(K_6) && attacker_bitstring(v2_1) && b-event(Corrupt(s1[])) && b-event(Corrupt(s0[])) -> event(Accept(K_6,v2_1,s1[],s0[],s2[])) && event(Accept(K_6,v2_1,s2[],s3[],s1[]))
goal reachable: b-event(Signed(s2[],K_6,v2_1)) && b-event(Signed(s3[],K_6,v2_1)) && attacker_bitstring(K_6) && attacker_bitstring(v2_1) && b-event(Corrupt(s1[])) && b-event(Corrupt(s0[])) -> event(Accept(K_6,v2_1,s1[],s0[],s2[])) && event(Accept(K_6,v2_1,s2[],s3[],s0[]))
goal reachable: b-event(Signed(s2[],K_6,v2_1)) && b-event(Signed(s3[],K_6,v2_1)) && attacker_bitstring(K_6) && attacker_bitstring(v2_1) && b-event(Corrupt(s1[])) && b-event(Corrupt(s0[])) -> event(Accept(K_6,v2_1,s1[],s0[],s2[])) && event(Accept(K_6,v2_1,s2[],s1[],s3[]))
goal reachable: b-event(Signed(s2[],K_6,v2_1)) && attacker_bitstring(K_6) && attacker_bitstring(v2_1) && b-event(Corrupt(s1[])) && b-event(Corrupt(s0[])) -> event(Accept(K_6,v2_1,s1[],s0[],s2[])) && event(Accept(K_6,v2_1,s2[],s1[],s0[]))
goal reachable: b-event(Signed(s2[],K_6,v2_1)) && b-event(Signed(s3[],K_6,v2_1)) && attacker_bitstring(K_6) && attacker_bitstring(v2_1) && b-event(Corrupt(s1[])) && b-event(Corrupt(s0[])) -> event(Accept(K_6,v2_1,s1[],s0[],s2[])) && event(Accept(K_6,v2_1,s2[],s0[],s3[]))
goal reachable: b-event(Signed(s2[],K_6,v2_1)) && attacker_bitstring(K_6) && attacker_bitstring(v2_1) && b-event(Corrupt(s1[])) && b-event(Corrupt(s0[])) -> event(Accept(K_6,v2_1,s1[],s0[],s2[])) && event(Accept(K_6,v2_1,s2[],s0[],s1[]))
goal reachable: b-event(Signed(s3[],K_6,v2_1)) && b-event(Signed(s2[],K_6,v2_1)) && attacker_bitstring(K_6) && attacker_bitstring(v2_1) && b-event(Corrupt(s1[])) && b-event(Corrupt(s0[])) -> event(Accept(K_6,v2_1,s1[],s0[],s2[])) && event(Accept(K_6,v2_1,s1[],s3[],s2[]))
goal reachable: b-event(Signed(s2[],K_6,v1_1)) && attacker_bitstring(v1_1) && b-event(Signed(s3[],K_6,v2_1)) && attacker_bitstring(K_6) && attacker_bitstring(v2_1) && b-event(Corrupt(s1[])) && b-event(Corrupt(s0[])) -> event(Accept(K_6,v1_1,s1[],s0[],s2[])) && event(Accept(K_6,v2_1,s1[],s3[],s0[]))
goal reachable: b-event(Signed(s2[],K_6,v2_1)) && b-event(Signed(s3[],K_6,v2_1)) && attacker_bitstring(K_6) && attacker_bitstring(v2_1) && b-event(Corrupt(s1[])) && b-event(Corrupt(s0[])) -> event(Accept(K_6,v2_1,s1[],s0[],s2[])) && event(Accept(K_6,v2_1,s1[],s2[],s3[]))
goal reachable: b-event(Signed(s2[],K_6,v2_1)) && attacker_bitstring(K_6) && attacker_bitstring(v2_1) && b-event(Corrupt(s1[])) && b-event(Corrupt(s0[])) -> event(Accept(K_6,v2_1,s1[],s0[],s2[])) && event(Accept(K_6,v2_1,s1[],s2[],s0[]))
goal reachable: b-event(Signed(s2[],K_6,v1_1)) && attacker_bitstring(v1_1) && b-event(Signed(s3[],K_6,v2_1)) && attacker_bitstring(K_6) && attacker_bitstring(v2_1) && b-event(Corrupt(s1[])) && b-event(Corrupt(s0[])) -> event(Accept(K_6,v1_1,s1[],s0[],s2[])) && event(Accept(K_6,v2_1,s1[],s0[],s3[]))
goal reachable: b-event(Signed(s2[],K_6,v2_1)) && attacker_bitstring(K_6) && attacker_bitstring(v2_1) && b-event(Corrupt(s1[])) && b-event(Corrupt(s0[])) -> event(Accept(K_6,v2_1,s1[],s0[],s2[])) && event(Accept(K_6,v2_1,s1[],s0[],s2[]))
goal reachable: b-event(Signed(s3[],K_6,v2_1)) && b-event(Signed(s2[],K_6,v2_1)) && attacker_bitstring(K_6) && attacker_bitstring(v2_1) && b-event(Corrupt(s1[])) && b-event(Corrupt(s0[])) -> event(Accept(K_6,v2_1,s1[],s0[],s2[])) && event(Accept(K_6,v2_1,s0[],s3[],s2[]))
goal reachable: b-event(Signed(s2[],K_6,v1_1)) && attacker_bitstring(v1_1) && b-event(Signed(s3[],K_6,v2_1)) && attacker_bitstring(K_6) && attacker_bitstring(v2_1) && b-event(Corrupt(s1[])) && b-event(Corrupt(s0[])) -> event(Accept(K_6,v1_1,s1[],s0[],s2[])) && event(Accept(K_6,v2_1,s0[],s3[],s1[]))
goal reachable: b-event(Signed(s2[],K_6,v2_1)) && b-event(Signed(s3[],K_6,v2_1)) && attacker_bitstring(K_6) && attacker_bitstring(v2_1) && b-event(Corrupt(s1[])) && b-event(Corrupt(s0[])) -> event(Accept(K_6,v2_1,s1[],s0[],s2[])) && event(Accept(K_6,v2_1,s0[],s2[],s3[]))
goal reachable: b-event(Signed(s2[],K_6,v2_1)) && attacker_bitstring(K_6) && attacker_bitstring(v2_1) && b-event(Corrupt(s1[])) && b-event(Corrupt(s0[])) -> event(Accept(K_6,v2_1,s1[],s0[],s2[])) && event(Accept(K_6,v2_1,s0[],s2[],s1[]))
goal reachable: b-event(Signed(s2[],K_6,v1_1)) && attacker_bitstring(v1_1) && b-event(Signed(s3[],K_6,v2_1)) && attacker_bitstring(K_6) && attacker_bitstring(v2_1) && b-event(Corrupt(s1[])) && b-event(Corrupt(s0[])) -> event(Accept(K_6,v1_1,s1[],s0[],s2[])) && event(Accept(K_6,v2_1,s0[],s1[],s3[]))
goal reachable: b-event(Signed(s2[],K_6,v2_1)) && attacker_bitstring(K_6) && attacker_bitstring(v2_1) && b-event(Corrupt(s1[])) && b-event(Corrupt(s0[])) -> event(Accept(K_6,v2_1,s1[],s0[],s2[])) && event(Accept(K_6,v2_1,s0[],s1[],s2[]))
goal reachable: b-event(Signed(s3[],K_6,v2_1)) && b-event(Signed(s2[],K_6,v2_1)) && attacker_bitstring(K_6) && attacker_bitstring(v2_1) && b-event(Corrupt(s1[])) && b-event(Corrupt(s0[])) -> event(Accept(K_6,v2_1,s0[],s3[],s2[])) && event(Accept(K_6,v2_1,s3[],s2[],s1[]))
goal reachable: b-event(Signed(s3[],K_6,v2_1)) && b-event(Signed(s2[],K_6,v2_1)) && attacker_bitstring(K_6) && attacker_bitstring(v2_1) && b-event(Corrupt(s1[])) && b-event(Corrupt(s0[])) -> event(Accept(K_6,v2_1,s0[],s3[],s2[])) && event(Accept(K_6,v2_1,s3[],s2[],s0[]))
goal reachable: b-event(Signed(s3[],K_6,v2_1)) && b-event(Signed(s2[],K_6,v2_1)) && attacker_bitstring(K_6) && attacker_bitstring(v2_1) && b-event(Corrupt(s1[])) && b-event(Corrupt(s0[])) -> event(Accept(K_6,v2_1,s0[],s3[],s2[])) && event(Accept(K_6,v2_1,s3[],s1[],s2[]))
goal reachable: b-event(Signed(s2[],K_6,v2_1)) && b-event(Signed(s3[],K_6,v2_1)) && attacker_bitstring(K_6) && attacker_bitstring(v2_1) && b-event(Corrupt(s1[])) && b-event(Corrupt(s0[])) -> event(Accept(K_6,v2_1,s0[],s3[],s2[])) && event(Accept(K_6,v2_1,s3[],s1[],s0[]))
goal reachable: b-event(Signed(s3[],K_6,v2_1)) && b-event(Signed(s2[],K_6,v2_1)) && attacker_bitstring(K_6) && attacker_bitstring(v2_1) && b-event(Corrupt(s1[])) && b-event(Corrupt(s0[])) -> event(Accept(K_6,v2_1,s0[],s3[],s2[])) && event(Accept(K_6,v2_1,s3[],s0[],s2[]))
goal reachable: b-event(Signed(s2[],K_6,v2_1)) && b-event(Signed(s3[],K_6,v2_1)) && attacker_bitstring(K_6) && attacker_bitstring(v2_1) && b-event(Corrupt(s1[])) && b-event(Corrupt(s0[])) -> event(Accept(K_6,v2_1,s0[],s3[],s2[])) && event(Accept(K_6,v2_1,s3[],s0[],s1[]))
goal reachable: b-event(Signed(s2[],K_6,v2_1)) && b-event(Signed(s3[],K_6,v2_1)) && attacker_bitstring(K_6) && attacker_bitstring(v2_1) && b-event(Corrupt(s1[])) && b-event(Corrupt(s0[])) -> event(Accept(K_6,v2_1,s0[],s3[],s2[])) && event(Accept(K_6,v2_1,s2[],s3[],s1[]))
goal reachable: b-event(Signed(s2[],K_6,v2_1)) && b-event(Signed(s3[],K_6,v2_1)) && attacker_bitstring(K_6) && attacker_bitstring(v2_1) && b-event(Corrupt(s1[])) && b-event(Corrupt(s0[])) -> event(Accept(K_6,v2_1,s0[],s3[],s2[])) && event(Accept(K_6,v2_1,s2[],s3[],s0[]))
goal reachable: b-event(Signed(s2[],K_6,v2_1)) && b-event(Signed(s3[],K_6,v2_1)) && attacker_bitstring(K_6) && attacker_bitstring(v2_1) && b-event(Corrupt(s1[])) && b-event(Corrupt(s0[])) -> event(Accept(K_6,v2_1,s0[],s3[],s2[])) && event(Accept(K_6,v2_1,s2[],s1[],s3[]))
goal reachable: b-event(Signed(s3[],K_6,v2_1)) && b-event(Signed(s2[],K_6,v2_1)) && attacker_bitstring(K_6) && attacker_bitstring(v2_1) && b-event(Corrupt(s1[])) && b-event(Corrupt(s0[])) -> event(Accept(K_6,v2_1,s0[],s3[],s2[])) && event(Accept(K_6,v2_1,s2[],s1[],s0[]))
goal reachable: b-event(Signed(s2[],K_6,v2_1)) && b-event(Signed(s3[],K_6,v2_1)) && attacker_bitstring(K_6) && attacker_bitstring(v2_1) && b-event(Corrupt(s1[])) && b-event(Corrupt(s0[])) -> event(Accept(K_6,v2_1,s0[],s3[],s2[])) && event(Accept(K_6,v2_1,s2[],s0[],s3[]))
goal reachable: b-event(Signed(s3[],K_6,v2_1)) && b-event(Signed(s2[],K_6,v2_1)) && attacker_bitstring(K_6) && attacker_bitstring(v2_1) && b-event(Corrupt(s1[])) && b-event(Corrupt(s0[])) -> event(Accept(K_6,v2_1,s0[],s3[],s2[])) && event(Accept(K_6,v2_1,s2[],s0[],s1[]))
goal reachable: b-event(Signed(s3[],K_6,v2_1)) && b-event(Signed(s2[],K_6,v2_1)) && attacker_bitstring(K_6) && attacker_bitstring(v2_1) && b-event(Corrupt(s1[])) && b-event(Corrupt(s0[])) -> event(Accept(K_6,v2_1,s0[],s3[],s2[])) && event(Accept(K_6,v2_1,s1[],s3[],s2[]))
goal reachable: b-event(Signed(s2[],K_6,v2_1)) && b-event(Signed(s3[],K_6,v2_1)) && attacker_bitstring(K_6) && attacker_bitstring(v2_1) && b-event(Corrupt(s1[])) && b-event(Corrupt(s0[])) -> event(Accept(K_6,v2_1,s0[],s3[],s2[])) && event(Accept(K_6,v2_1,s1[],s3[],s0[]))
goal reachable: b-event(Signed(s2[],K_6,v2_1)) && b-event(Signed(s3[],K_6,v2_1)) && attacker_bitstring(K_6) && attacker_bitstring(v2_1) && b-event(Corrupt(s1[])) && b-event(Corrupt(s0[])) -> event(Accept(K_6,v2_1,s0[],s3[],s2[])) && event(Accept(K_6,v2_1,s1[],s2[],s3[]))
goal reachable: b-event(Signed(s3[],K_6,v2_1)) && b-event(Signed(s2[],K_6,v2_1)) && attacker_bitstring(K_6) && attacker_bitstring(v2_1) && b-event(Corrupt(s1[])) && b-event(Corrupt(s0[])) -> event(Accept(K_6,v2_1,s0[],s3[],s2[])) && event(Accept(K_6,v2_1,s1[],s2[],s0[]))
goal reachable: b-event(Signed(s2[],K_6,v2_1)) && b-event(Signed(s3[],K_6,v2_1)) && attacker_bitstring(K_6) && attacker_bitstring(v2_1) && b-event(Corrupt(s1[])) && b-event(Corrupt(s0[])) -> event(Accept(K_6,v2_1,s0[],s3[],s2[])) && event(Accept(K_6,v2_1,s1[],s0[],s3[]))
goal reachable: b-event(Signed(s3[],K_6,v2_1)) && b-event(Signed(s2[],K_6,v2_1)) && attacker_bitstring(K_6) && attacker_bitstring(v2_1) && b-event(Corrupt(s1[])) && b-event(Corrupt(s0[])) -> event(Accept(K_6,v2_1,s0[],s3[],s2[])) && event(Accept(K_6,v2_1,s1[],s0[],s2[]))
goal reachable: b-event(Signed(s3[],K_6,v2_1)) && b-event(Signed(s2[],K_6,v2_1)) && attacker_bitstring(K_6) && attacker_bitstring(v2_1) && b-event(Corrupt(s1[])) && b-event(Corrupt(s0[])) -> event(Accept(K_6,v2_1,s0[],s3[],s2[])) && event(Accept(K_6,v2_1,s0[],s3[],s2[]))
goal reachable: b-event(Signed(s2[],K_6,v2_1)) && b-event(Signed(s3[],K_6,v2_1)) && attacker_bitstring(K_6) && attacker_bitstring(v2_1) && b-event(Corrupt(s1[])) && b-event(Corrupt(s0[])) -> event(Accept(K_6,v2_1,s0[],s3[],s2[])) && event(Accept(K_6,v2_1,s0[],s3[],s1[]))
goal reachable: b-event(Signed(s2[],K_6,v2_1)) && b-event(Signed(s3[],K_6,v2_1)) && attacker_bitstring(K_6) && attacker_bitstring(v2_1) && b-event(Corrupt(s1[])) && b-event(Corrupt(s0[])) -> event(Accept(K_6,v2_1,s0[],s3[],s2[])) && event(Accept(K_6,v2_1,s0[],s2[],s3[]))
goal reachable: b-event(Signed(s3[],K_6,v2_1)) && b-event(Signed(s2[],K_6,v2_1)) && attacker_bitstring(K_6) && attacker_bitstring(v2_1) && b-event(Corrupt(s1[])) && b-event(Corrupt(s0[])) -> event(Accept(K_6,v2_1,s0[],s3[],s2[])) && event(Accept(K_6,v2_1,s0[],s2[],s1[]))
goal reachable: b-event(Signed(s2[],K_6,v2_1)) && b-event(Signed(s3[],K_6,v2_1)) && attacker_bitstring(K_6) && attacker_bitstring(v2_1) && b-event(Corrupt(s1[])) && b-event(Corrupt(s0[])) -> event(Accept(K_6,v2_1,s0[],s3[],s2[])) && event(Accept(K_6,v2_1,s0[],s1[],s3[]))
goal reachable: b-event(Signed(s3[],K_6,v2_1)) && b-event(Signed(s2[],K_6,v2_1)) && attacker_bitstring(K_6) && attacker_bitstring(v2_1) && b-event(Corrupt(s1[])) && b-event(Corrupt(s0[])) -> event(Accept(K_6,v2_1,s0[],s3[],s2[])) && event(Accept(K_6,v2_1,s0[],s1[],s2[]))
goal reachable: b-event(Signed(s3[],K_6,v2_1)) && b-event(Signed(s2[],K_6,v2_1)) && attacker_bitstring(K_6) && attacker_bitstring(v2_1) && b-event(Corrupt(s1[])) && b-event(Corrupt(s0[])) -> event(Accept(K_6,v2_1,s0[],s3[],s1[])) && event(Accept(K_6,v2_1,s3[],s2[],s1[]))
goal reachable: b-event(Signed(s3[],K_6,v2_1)) && b-event(Signed(s2[],K_6,v2_1)) && attacker_bitstring(K_6) && attacker_bitstring(v2_1) && b-event(Corrupt(s1[])) && b-event(Corrupt(s0[])) -> event(Accept(K_6,v2_1,s0[],s3[],s1[])) && event(Accept(K_6,v2_1,s3[],s2[],s0[]))
goal reachable: b-event(Signed(s3[],K_6,v2_1)) && b-event(Signed(s2[],K_6,v2_1)) && attacker_bitstring(K_6) && attacker_bitstring(v2_1) && b-event(Corrupt(s1[])) && b-event(Corrupt(s0[])) -> event(Accept(K_6,v2_1,s0[],s3[],s1[])) && event(Accept(K_6,v2_1,s3[],s1[],s2[]))
goal reachable: b-event(Signed(s3[],K_6,v2_1)) && attacker_bitstring(K_6) && attacker_bitstring(v2_1) && b-event(Corrupt(s1[])) && b-event(Corrupt(s0[])) -> event(Accept(K_6,v2_1,s0[],s3[],s1[])) && event(Accept(K_6,v2_1,s3[],s1[],s0[]))
goal reachable: b-event(Signed(s3[],K_6,v2_1)) && b-event(Signed(s2[],K_6,v2_1)) && attacker_bitstring(K_6) && attacker_bitstring(v2_1) && b-event(Corrupt(s1[])) && b-event(Corrupt(s0[])) -> event(Accept(K_6,v2_1,s0[],s3[],s1[])) && event(Accept(K_6,v2_1,s3[],s0[],s2[]))
goal reachable: b-event(Signed(s3[],K_6,v2_1)) && attacker_bitstring(K_6) && attacker_bitstring(v2_1) && b-event(Corrupt(s1[])) && b-event(Corrupt(s0[])) -> event(Accept(K_6,v2_1,s0[],s3[],s1[])) && event(Accept(K_6,v2_1,s3[],s0[],s1[]))
goal reachable: b-event(Signed(s2[],K_6,v2_1)) && b-event(Signed(s3[],K_6,v2_1)) && attacker_bitstring(K_6) && attacker_bitstring(v2_1) && b-event(Corrupt(s1[])) && b-event(Corrupt(s0[])) -> event(Accept(K_6,v2_1,s0[],s3[],s1[])) && event(Accept(K_6,v2_1,s2[],s3[],s1[]))
goal reachable: b-event(Signed(s2[],K_6,v2_1)) && b-event(Signed(s3[],K_6,v2_1)) && attacker_bitstring(K_6) && attacker_bitstring(v2_1) && b-event(Corrupt(s1[])) && b-event(Corrupt(s0[])) -> event(Accept(K_6,v2_1,s0[],s3[],s1[])) && event(Accept(K_6,v2_1,s2[],s3[],s0[]))
goal reachable: b-event(Signed(s2[],K_6,v2_1)) && b-event(Signed(s3[],K_6,v2_1)) && attacker_bitstring(K_6) && attacker_bitstring(v2_1) && b-event(Corrupt(s1[])) && b-event(Corrupt(s0[])) -> event(Accept(K_6,v2_1,s0[],s3[],s1[])) && event(Accept(K_6,v2_1,s2[],s1[],s3[]))
goal reachable: b-event(Signed(s3[],K_6,v1_1)) && attacker_bitstring(v1_1) && b-event(Signed(s2[],K_6,v2_1)) && attacker_bitstring(K_6) && attacker_bitstring(v2_1) && b-event(Corrupt(s1[])) && b-event(Corrupt(s0[])) -> event(Accept(K_6,v1_1,s0[],s3[],s1[])) && event(Accept(K_6,v2_1,s2[],s1[],s0[]))
goal reachable: b-event(Signed(s2[],K_6,v2_1)) && b-event(Signed(s3[],K_6,v2_1)) && attacker_bitstring(K_6) && attacker_bitstring(v2_1) && b-event(Corrupt(s1[])) && b-event(Corrupt(s0[])) -> event(Accept(K_6,v2_1,s0[],s3[],s1[])) && event(Accept(K_6,v2_1,s2[],s0[],s3[]))
goal reachable: b-event(Signed(s3[],K_6,v1_1)) && attacker_bitstring(v1_1) && b-event(Signed(s2[],K_6,v2_1)) && attacker_bitstring(K_6) && attacker_bitstring(v2_1) && b-event(Corrupt(s1[])) && b-event(Corrupt(s0[])) -> event(Accept(K_6,v1_1,s0[],s3[],s1[])) && event(Accept(K_6,v2_1,s2[],s0[],s1[]))
goal reachable: b-event(Signed(s3[],K_6,v2_1)) && b-event(Signed(s2[],K_6,v2_1)) && attacker_bitstring(K_6) && attacker_bitstring(v2_1) && b-event(Corrupt(s1[])) && b-event(Corrupt(s0[])) -> event(Accept(K_6,v2_1,s0[],s3[],s1[])) && event(Accept(K_6,v2_1,s1[],s3[],s2[]))
goal reachable: b-event(Signed(s3[],K_6,v2_1)) && attacker_bitstring(K_6) && attacker_bitstring(v2_1) && b-event(Corrupt(s1[])) && b-event(Corrupt(s0[])) -> event(Accept(K_6,v2_1,s0[],s3[],s1[])) && event(Accept(K_6,v2_1,s1[],s3[],s0[]))
goal reachable: b-event(Signed(s2[],K_6,v2_1)) && b-event(Signed(s3[],K_6,v2_1)) && attacker_bitstring(K_6) && attacker_bitstring(v2_1) && b-event(Corrupt(s1[])) && b-event(Corrupt(s0[])) -> event(Accept(K_6,v2_1,s0[],s3[],s1[])) && event(Accept(K_6,v2_1,s1[],s2[],s3[]))
goal reachable: b-event(Signed(s3[],K_6,v1_1)) && attacker_bitstring(v1_1) && b-event(Signed(s2[],K_6,v2_1)) && attacker_bitstring(K_6) && attacker_bitstring(v2_1) && b-event(Corrupt(s1[])) && b-event(Corrupt(s0[])) -> event(Accept(K_6,v1_1,s0[],s3[],s1[])) && event(Accept(K_6,v2_1,s1[],s2[],s0[]))
goal reachable: b-event(Signed(s3[],K_6,v2_1)) && attacker_bitstring(K_6) && attacker_bitstring(v2_1) && b-event(Corrupt(s1[])) && b-event(Corrupt(s0[])) -> event(Accept(K_6,v2_1,s0[],s3[],s1[])) && event(Accept(K_6,v2_1,s1[],s0[],s3[]))
goal reachable: b-event(Signed(s3[],K_6,v1_1)) && attacker_bitstring(v1_1) && b-event(Signed(s2[],K_6,v2_1)) && attacker_bitstring(K_6) && attacker_bitstring(v2_1) && b-event(Corrupt(s1[])) && b-event(Corrupt(s0[])) -> event(Accept(K_6,v1_1,s0[],s3[],s1[])) && event(Accept(K_6,v2_1,s1[],s0[],s2[]))
goal reachable: b-event(Signed(s3[],K_6,v2_1)) && b-event(Signed(s2[],K_6,v2_1)) && attacker_bitstring(K_6) && attacker_bitstring(v2_1) && b-event(Corrupt(s1[])) && b-event(Corrupt(s0[])) -> event(Accept(K_6,v2_1,s0[],s3[],s1[])) && event(Accept(K_6,v2_1,s0[],s3[],s2[]))
goal reachable: b-event(Signed(s3[],K_6,v2_1)) && attacker_bitstring(K_6) && attacker_bitstring(v2_1) && b-event(Corrupt(s1[])) && b-event(Corrupt(s0[])) -> event(Accept(K_6,v2_1,s0[],s3[],s1[])) && event(Accept(K_6,v2_1,s0[],s3[],s1[]))
goal reachable: b-event(Signed(s2[],K_6,v2_1)) && b-event(Signed(s3[],K_6,v2_1)) && attacker_bitstring(K_6) && attacker_bitstring(v2_1) && b-event(Corrupt(s1[])) && b-event(Corrupt(s0[])) -> event(Accept(K_6,v2_1,s0[],s3[],s1[])) && event(Accept(K_6,v2_1,s0[],s2[],s3[]))
goal reachable: b-event(Signed(s3[],K_6,v1_1)) && attacker_bitstring(v1_1) && b-event(Signed(s2[],K_6,v2_1)) && attacker_bitstring(K_6) && attacker_bitstring(v2_1) && b-event(Corrupt(s1[])) && b-event(Corrupt(s0[])) -> event(Accept(K_6,v1_1,s0[],s3[],s1[])) && event(Accept(K_6,v2_1,s0[],s2[],s1[]))
goal reachable: b-event(Signed(s3[],K_6,v2_1)) && attacker_bitstring(K_6) && attacker_bitstring(v2_1) && b-event(Corrupt(s1[])) && b-event(Corrupt(s0[])) -> event(Accept(K_6,v2_1,s0[],s3[],s1[])) && event(Accept(K_6,v2_1,s0[],s1[],s3[]))
goal reachable: b-event(Signed(s3[],K_6,v1_1)) && attacker_bitstring(v1_1) && b-event(Signed(s2[],K_6,v2_1)) && attacker_bitstring(K_6) && attacker_bitstring(v2_1) && b-event(Corrupt(s1[])) && b-event(Corrupt(s0[])) -> event(Accept(K_6,v1_1,s0[],s3[],s1[])) && event(Accept(K_6,v2_1,s0[],s1[],s2[]))
goal reachable: b-event(Signed(s3[],K_6,v2_1)) && b-event(Signed(s2[],K_6,v2_1)) && attacker_bitstring(K_6) && attacker_bitstring(v2_1) && b-event(Corrupt(s1[])) && b-event(Corrupt(s0[])) -> event(Accept(K_6,v2_1,s0[],s2[],s3[])) && event(Accept(K_6,v2_1,s3[],s2[],s1[]))
goal reachable: b-event(Signed(s3[],K_6,v2_1)) && b-event(Signed(s2[],K_6,v2_1)) && attacker_bitstring(K_6) && attacker_bitstring(v2_1) && b-event(Corrupt(s1[])) && b-event(Corrupt(s0[])) -> event(Accept(K_6,v2_1,s0[],s2[],s3[])) && event(Accept(K_6,v2_1,s3[],s2[],s0[]))
goal reachable: b-event(Signed(s3[],K_6,v2_1)) && b-event(Signed(s2[],K_6,v2_1)) && attacker_bitstring(K_6) && attacker_bitstring(v2_1) && b-event(Corrupt(s1[])) && b-event(Corrupt(s0[])) -> event(Accept(K_6,v2_1,s0[],s2[],s3[])) && event(Accept(K_6,v2_1,s3[],s1[],s2[]))
goal reachable: b-event(Signed(s2[],K_6,v2_1)) && b-event(Signed(s3[],K_6,v2_1)) && attacker_bitstring(K_6) && attacker_bitstring(v2_1) && b-event(Corrupt(s1[])) && b-event(Corrupt(s0[])) -> event(Accept(K_6,v2_1,s0[],s2[],s3[])) && event(Accept(K_6,v2_1,s3[],s1[],s0[]))
goal reachable: b-event(Signed(s3[],K_6,v2_1)) && b-event(Signed(s2[],K_6,v2_1)) && attacker_bitstring(K_6) && attacker_bitstring(v2_1) && b-event(Corrupt(s1[])) && b-event(Corrupt(s0[])) -> event(Accept(K_6,v2_1,s0[],s2[],s3[])) && event(Accept(K_6,v2_1,s3[],s0[],s2[]))
goal reachable: b-event(Signed(s2[],K_6,v2_1)) && b-event(Signed(s3[],K_6,v2_1)) && attacker_bitstring(K_6) && attacker_bitstring(v2_1) && b-event(Corrupt(s1[])) && b-event(Corrupt(s0[])) -> event(Accept(K_6,v2_1,s0[],s2[],s3[])) && event(Accept(K_6,v2_1,s3[],s0[],s1[]))
goal reachable: b-event(Signed(s2[],K_6,v2_1)) && b-event(Signed(s3[],K_6,v2_1)) && attacker_bitstring(K_6) && attacker_bitstring(v2_1) && b-event(Corrupt(s1[])) && b-event(Corrupt(s0[])) -> event(Accept(K_6,v2_1,s0[],s2[],s3[])) && event(Accept(K_6,v2_1,s2[],s3[],s1[]))
goal reachable: b-event(Signed(s2[],K_6,v2_1)) && b-event(Signed(s3[],K_6,v2_1)) && attacker_bitstring(K_6) && attacker_bitstring(v2_1) && b-event(Corrupt(s1[])) && b-event(Corrupt(s0[])) -> event(Accept(K_6,v2_1,s0[],s2[],s3[])) && event(Accept(K_6,v2_1,s2[],s3[],s0[]))
goal reachable: b-event(Signed(s2[],K_6,v2_1)) && b-event(Signed(s3[],K_6,v2_1)) && attacker_bitstring(K_6) && attacker_bitstring(v2_1) && b-event(Corrupt(s1[])) && b-event(Corrupt(s0[])) -> event(Accept(K_6,v2_1,s0[],s2[],s3[])) && event(Accept(K_6,v2_1,s2[],s1[],s3[]))
goal reachable: b-event(Signed(s3[],K_6,v2_1)) && b-event(Signed(s2[],K_6,v2_1)) && attacker_bitstring(K_6) && attacker_bitstring(v2_1) && b-event(Corrupt(s1[])) && b-event(Corrupt(s0[])) -> event(Accept(K_6,v2_1,s0[],s2[],s3[])) && event(Accept(K_6,v2_1,s2[],s1[],s0[]))
goal reachable: b-event(Signed(s2[],K_6,v2_1)) && b-event(Signed(s3[],K_6,v2_1)) && attacker_bitstring(K_6) && attacker_bitstring(v2_1) && b-event(Corrupt(s1[])) && b-event(Corrupt(s0[])) -> event(Accept(K_6,v2_1,s0[],s2[],s3[])) && event(Accept(K_6,v2_1,s2[],s0[],s3[]))
goal reachable: b-event(Signed(s3[],K_6,v2_1)) && b-event(Signed(s2[],K_6,v2_1)) && attacker_bitstring(K_6) && attacker_bitstring(v2_1) && b-event(Corrupt(s1[])) && b-event(Corrupt(s0[])) -> event(Accept(K_6,v2_1,s0[],s2[],s3[])) && event(Accept(K_6,v2_1,s2[],s0[],s1[]))
goal reachable: b-event(Signed(s3[],K_6,v2_1)) && b-event(Signed(s2[],K_6,v2_1)) && attacker_bitstring(K_6) && attacker_bitstring(v2_1) && b-event(Corrupt(s1[])) && b-event(Corrupt(s0[])) -> event(Accept(K_6,v2_1,s0[],s2[],s3[])) && event(Accept(K_6,v2_1,s1[],s3[],s2[]))
goal reachable: b-event(Signed(s2[],K_6,v2_1)) && b-event(Signed(s3[],K_6,v2_1)) && attacker_bitstring(K_6) && attacker_bitstring(v2_1) && b-event(Corrupt(s1[])) && b-event(Corrupt(s0[])) -> event(Accept(K_6,v2_1,s0[],s2[],s3[])) && event(Accept(K_6,v2_1,s1[],s3[],s0[]))
goal reachable: b-event(Signed(s2[],K_6,v2_1)) && b-event(Signed(s3[],K_6,v2_1)) && attacker_bitstring(K_6) && attacker_bitstring(v2_1) && b-event(Corrupt(s1[])) && b-event(Corrupt(s0[])) -> event(Accept(K_6,v2_1,s0[],s2[],s3[])) && event(Accept(K_6,v2_1,s1[],s2[],s3[]))
goal reachable: b-event(Signed(s3[],K_6,v2_1)) && b-event(Signed(s2[],K_6,v2_1)) && attacker_bitstring(K_6) && attacker_bitstring(v2_1) && b-event(Corrupt(s1[])) && b-event(Corrupt(s0[])) -> event(Accept(K_6,v2_1,s0[],s2[],s3[])) && event(Accept(K_6,v2_1,s1[],s2[],s0[]))
goal reachable: b-event(Signed(s2[],K_6,v2_1)) && b-event(Signed(s3[],K_6,v2_1)) && attacker_bitstring(K_6) && attacker_bitstring(v2_1) && b-event(Corrupt(s1[])) && b-event(Corrupt(s0[])) -> event(Accept(K_6,v2_1,s0[],s2[],s3[])) && event(Accept(K_6,v2_1,s1[],s0[],s3[]))
goal reachable: b-event(Signed(s3[],K_6,v2_1)) && b-event(Signed(s2[],K_6,v2_1)) && attacker_bitstring(K_6) && attacker_bitstring(v2_1) && b-event(Corrupt(s1[])) && b-event(Corrupt(s0[])) -> event(Accept(K_6,v2_1,s0[],s2[],s3[])) && event(Accept(K_6,v2_1,s1[],s0[],s2[]))
goal reachable: b-event(Signed(s3[],K_6,v2_1)) && b-event(Signed(s2[],K_6,v2_1)) && attacker_bitstring(K_6) && attacker_bitstring(v2_1) && b-event(Corrupt(s1[])) && b-event(Corrupt(s0[])) -> event(Accept(K_6,v2_1,s0[],s2[],s3[])) && event(Accept(K_6,v2_1,s0[],s3[],s2[]))
goal reachable: b-event(Signed(s2[],K_6,v2_1)) && b-event(Signed(s3[],K_6,v2_1)) && attacker_bitstring(K_6) && attacker_bitstring(v2_1) && b-event(Corrupt(s1[])) && b-event(Corrupt(s0[])) -> event(Accept(K_6,v2_1,s0[],s2[],s3[])) && event(Accept(K_6,v2_1,s0[],s3[],s1[]))
goal reachable: b-event(Signed(s2[],K_6,v2_1)) && b-event(Signed(s3[],K_6,v2_1)) && attacker_bitstring(K_6) && attacker_bitstring(v2_1) && b-event(Corrupt(s1[])) && b-event(Corrupt(s0[])) -> event(Accept(K_6,v2_1,s0[],s2[],s3[])) && event(Accept(K_6,v2_1,s0[],s2[],s3[]))
goal reachable: b-event(Signed(s3[],K_6,v2_1)) && b-event(Signed(s2[],K_6,v2_1)) && attacker_bitstring(K_6) && attacker_bitstring(v2_1) && b-event(Corrupt(s1[])) && b-event(Corrupt(s0[])) -> event(Accept(K_6,v2_1,s0[],s2[],s3[])) && event(Accept(K_6,v2_1,s0[],s2[],s1[]))
goal reachable: b-event(Signed(s2[],K_6,v2_1)) && b-event(Signed(s3[],K_6,v2_1)) && attacker_bitstring(K_6) && attacker_bitstring(v2_1) && b-event(Corrupt(s1[])) && b-event(Corrupt(s0[])) -> event(Accept(K_6,v2_1,s0[],s2[],s3[])) && event(Accept(K_6,v2_1,s0[],s1[],s3[]))
goal reachable: b-event(Signed(s3[],K_6,v2_1)) && b-event(Signed(s2[],K_6,v2_1)) && attacker_bitstring(K_6) && attacker_bitstring(v2_1) && b-event(Corrupt(s1[])) && b-event(Corrupt(s0[])) -> event(Accept(K_6,v2_1,s0[],s2[],s3[])) && event(Accept(K_6,v2_1,s0[],s1[],s2[]))
goal reachable: b-event(Signed(s3[],K_6,v2_1)) && b-event(Signed(s2[],K_6,v2_1)) && attacker_bitstring(K_6) && attacker_bitstring(v2_1) && b-event(Corrupt(s1[])) && b-event(Corrupt(s0[])) -> event(Accept(K_6,v2_1,s0[],s2[],s1[])) && event(Accept(K_6,v2_1,s3[],s2[],s1[]))
goal reachable: b-event(Signed(s3[],K_6,v2_1)) && b-event(Signed(s2[],K_6,v2_1)) && attacker_bitstring(K_6) && attacker_bitstring(v2_1) && b-event(Corrupt(s1[])) && b-event(Corrupt(s0[])) -> event(Accept(K_6,v2_1,s0[],s2[],s1[])) && event(Accept(K_6,v2_1,s3[],s2[],s0[]))
goal reachable: b-event(Signed(s3[],K_6,v2_1)) && b-event(Signed(s2[],K_6,v2_1)) && attacker_bitstring(K_6) && attacker_bitstring(v2_1) && b-event(Corrupt(s1[])) && b-event(Corrupt(s0[])) -> event(Accept(K_6,v2_1,s0[],s2[],s1[])) && event(Accept(K_6,v2_1,s3[],s1[],s2[]))
goal reachable: b-event(Signed(s2[],K_6,v1_1)) && attacker_bitstring(v1_1) && b-event(Signed(s3[],K_6,v2_1)) && attacker_bitstring(K_6) && attacker_bitstring(v2_1) && b-event(Corrupt(s1[])) && b-event(Corrupt(s0[])) -> event(Accept(K_6,v1_1,s0[],s2[],s1[])) && event(Accept(K_6,v2_1,s3[],s1[],s0[]))
goal reachable: b-event(Signed(s3[],K_6,v2_1)) && b-event(Signed(s2[],K_6,v2_1)) && attacker_bitstring(K_6) && attacker_bitstring(v2_1) && b-event(Corrupt(s1[])) && b-event(Corrupt(s0[])) -> event(Accept(K_6,v2_1,s0[],s2[],s1[])) && event(Accept(K_6,v2_1,s3[],s0[],s2[]))
goal reachable: b-event(Signed(s2[],K_6,v1_1)) && attacker_bitstring(v1_1) && b-event(Signed(s3[],K_6,v2_1)) && attacker_bitstring(K_6) && attacker_bitstring(v2_1) && b-event(Corrupt(s1[])) && b-event(Corrupt(s0[])) -> event(Accept(K_6,v1_1,s0[],s2[],s1[])) && event(Accept(K_6,v2_1,s3[],s0[],s1[]))
goal reachable: b-event(Signed(s2[],K_6,v2_1)) && b-event(Signed(s3[],K_6,v2_1)) && attacker_bitstring(K_6) && attacker_bitstring(v2_1) && b-event(Corrupt(s1[])) && b-event(Corrupt(s0[])) -> event(Accept(K_6,v2_1,s0[],s2[],s1[])) && event(Accept(K_6,v2_1,s2[],s3[],s1[]))
goal reachable: b-event(Signed(s2[],K_6,v2_1)) && b-event(Signed(s3[],K_6,v2_1)) && attacker_bitstring(K_6) && attacker_bitstring(v2_1) && b-event(Corrupt(s1[])) && b-event(Corrupt(s0[])) -> event(Accept(K_6,v2_1,s0[],s2[],s1[])) && event(Accept(K_6,v2_1,s2[],s3[],s0[]))
goal reachable: b-event(Signed(s2[],K_6,v2_1)) && b-event(Signed(s3[],K_6,v2_1)) && attacker_bitstring(K_6) && attacker_bitstring(v2_1) && b-event(Corrupt(s1[])) && b-event(Corrupt(s0[])) -> event(Accept(K_6,v2_1,s0[],s2[],s1[])) && event(Accept(K_6,v2_1,s2[],s1[],s3[]))
goal reachable: b-event(Signed(s2[],K_6,v2_1)) && attacker_bitstring(K_6) && attacker_bitstring(v2_1) && b-event(Corrupt(s1[])) && b-event(Corrupt(s0[])) -> event(Accept(K_6,v2_1,s0[],s2[],s1[])) && event(Accept(K_6,v2_1,s2[],s1[],s0[]))
goal reachable: b-event(Signed(s2[],K_6,v2_1)) && b-event(Signed(s3[],K_6,v2_1)) && attacker_bitstring(K_6) && attacker_bitstring(v2_1) && b-event(Corrupt(s1[])) && b-event(Corrupt(s0[])) -> event(Accept(K_6,v2_1,s0[],s2[],s1[])) && event(Accept(K_6,v2_1,s2[],s0[],s3[]))
goal reachable: b-event(Signed(s2[],K_6,v2_1)) && attacker_bitstring(K_6) && attacker_bitstring(v2_1) && b-event(Corrupt(s1[])) && b-event(Corrupt(s0[])) -> event(Accept(K_6,v2_1,s0[],s2[],s1[])) && event(Accept(K_6,v2_1,s2[],s0[],s1[]))
goal reachable: b-event(Signed(s3[],K_6,v2_1)) && b-event(Signed(s2[],K_6,v2_1)) && attacker_bitstring(K_6) && attacker_bitstring(v2_1) && b-event(Corrupt(s1[])) && b-event(Corrupt(s0[])) -> event(Accept(K_6,v2_1,s0[],s2[],s1[])) && event(Accept(K_6,v2_1,s1[],s3[],s2[]))
goal reachable: b-event(Signed(s2[],K_6,v1_1)) && attacker_bitstring(v1_1) && b-event(Signed(s3[],K_6,v2_1)) && attacker_bitstring(K_6) && attacker_bitstring(v2_1) && b-event(Corrupt(s1[])) && b-event(Corrupt(s0[])) -> event(Accept(K_6,v1_1,s0[],s2[],s1[])) && event(Accept(K_6,v2_1,s1[],s3[],s0[]))
goal reachable: b-event(Signed(s2[],K_6,v2_1)) && b-event(Signed(s3[],K_6,v2_1)) && attacker_bitstring(K_6) && attacker_bitstring(v2_1) && b-event(Corrupt(s1[])) && b-event(Corrupt(s0[])) -> event(Accept(K_6,v2_1,s0[],s2[],s1[])) && event(Accept(K_6,v2_1,s1[],s2[],s3[]))
goal reachable: b-event(Signed(s2[],K_6,v2_1)) && attacker_bitstring(K_6) && attacker_bitstring(v2_1) && b-event(Corrupt(s1[])) && b-event(Corrupt(s0[])) -> event(Accept(K_6,v2_1,s0[],s2[],s1[])) && event(Accept(K_6,v2_1,s1[],s2[],s0[]))
goal reachable: b-event(Signed(s2[],K_6,v1_1)) && attacker_bitstring(v1_1) && b-event(Signed(s3[],K_6,v2_1)) && attacker_bitstring(K_6) && attacker_bitstring(v2_1) && b-event(Corrupt(s1[])) && b-event(Corrupt(s0[])) -> event(Accept(K_6,v1_1,s0[],s2[],s1[])) && event(Accept(K_6,v2_1,s1[],s0[],s3[]))
goal reachable: b-event(Signed(s2[],K_6,v2_1)) && attacker_bitstring(K_6) && attacker_bitstring(v2_1) && b-event(Corrupt(s1[])) && b-event(Corrupt(s0[])) -> event(Accept(K_6,v2_1,s0[],s2[],s1[])) && event(Accept(K_6,v2_1,s1[],s0[],s2[]))
goal reachable: b-event(Signed(s3[],K_6,v2_1)) && b-event(Signed(s2[],K_6,v2_1)) && attacker_bitstring(K_6) && attacker_bitstring(v2_1) && b-event(Corrupt(s1[])) && b-event(Corrupt(s0[])) -> event(Accept(K_6,v2_1,s0[],s2[],s1[])) && event(Accept(K_6,v2_1,s0[],s3[],s2[]))
goal reachable: b-event(Signed(s2[],K_6,v1_1)) && attacker_bitstring(v1_1) && b-event(Signed(s3[],K_6,v2_1)) && attacker_bitstring(K_6) && attacker_bitstring(v2_1) && b-event(Corrupt(s1[])) && b-event(Corrupt(s0[])) -> event(Accept(K_6,v1_1,s0[],s2[],s1[])) && event(Accept(K_6,v2_1,s0[],s3[],s1[]))
goal reachable: b-event(Signed(s2[],K_6,v2_1)) && b-event(Signed(s3[],K_6,v2_1)) && attacker_bitstring(K_6) && attacker_bitstring(v2_1) && b-event(Corrupt(s1[])) && b-event(Corrupt(s0[])) -> event(Accept(K_6,v2_1,s0[],s2[],s1[])) && event(Accept(K_6,v2_1,s0[],s2[],s3[]))
goal reachable: b-event(Signed(s2[],K_6,v2_1)) && attacker_bitstring(K_6) && attacker_bitstring(v2_1) && b-event(Corrupt(s1[])) && b-event(Corrupt(s0[])) -> event(Accept(K_6,v2_1,s0[],s2[],s1[])) && event(Accept(K_6,v2_1,s0[],s2[],s1[]))
goal reachable: b-event(Signed(s2[],K_6,v1_1)) && attacker_bitstring(v1_1) && b-event(Signed(s3[],K_6,v2_1)) && attacker_bitstring(K_6) && attacker_bitstring(v2_1) && b-event(Corrupt(s1[])) && b-event(Corrupt(s0[])) -> event(Accept(K_6,v1_1,s0[],s2[],s1[])) && event(Accept(K_6,v2_1,s0[],s1[],s3[]))
goal reachable: b-event(Signed(s2[],K_6,v2_1)) && attacker_bitstring(K_6) && attacker_bitstring(v2_1) && b-event(Corrupt(s1[])) && b-event(Corrupt(s0[])) -> event(Accept(K_6,v2_1,s0[],s2[],s1[])) && event(Accept(K_6,v2_1,s0[],s1[],s2[]))
goal reachable: b-event(Signed(s3[],K_6,v2_1)) && b-event(Signed(s2[],K_6,v2_1)) && attacker_bitstring(K_6) && attacker_bitstring(v2_1) && b-event(Corrupt(s1[])) && b-event(Corrupt(s0[])) -> event(Accept(K_6,v2_1,s0[],s1[],s3[])) && event(Accept(K_6,v2_1,s3[],s2[],s1[]))
goal reachable: b-event(Signed(s3[],K_6,v2_1)) && b-event(Signed(s2[],K_6,v2_1)) && attacker_bitstring(K_6) && attacker_bitstring(v2_1) && b-event(Corrupt(s1[])) && b-event(Corrupt(s0[])) -> event(Accept(K_6,v2_1,s0[],s1[],s3[])) && event(Accept(K_6,v2_1,s3[],s2[],s0[]))
goal reachable: b-event(Signed(s3[],K_6,v2_1)) && b-event(Signed(s2[],K_6,v2_1)) && attacker_bitstring(K_6) && attacker_bitstring(v2_1) && b-event(Corrupt(s1[])) && b-event(Corrupt(s0[])) -> event(Accept(K_6,v2_1,s0[],s1[],s3[])) && event(Accept(K_6,v2_1,s3[],s1[],s2[]))
goal reachable: b-event(Signed(s3[],K_6,v2_1)) && attacker_bitstring(K_6) && attacker_bitstring(v2_1) && b-event(Corrupt(s1[])) && b-event(Corrupt(s0[])) -> event(Accept(K_6,v2_1,s0[],s1[],s3[])) && event(Accept(K_6,v2_1,s3[],s1[],s0[]))
goal reachable: b-event(Signed(s3[],K_6,v2_1)) && b-event(Signed(s2[],K_6,v2_1)) && attacker_bitstring(K_6) && attacker_bitstring(v2_1) && b-event(Corrupt(s1[])) && b-event(Corrupt(s0[])) -> event(Accept(K_6,v2_1,s0[],s1[],s3[])) && event(Accept(K_6,v2_1,s3[],s0[],s2[]))
goal reachable: b-event(Signed(s3[],K_6,v2_1)) && attacker_bitstring(K_6) && attacker_bitstring(v2_1) && b-event(Corrupt(s1[])) && b-event(Corrupt(s0[])) -> event(Accept(K_6,v2_1,s0[],s1[],s3[])) && event(Accept(K_6,v2_1,s3[],s0[],s1[]))
goal reachable: b-event(Signed(s2[],K_6,v2_1)) && b-event(Signed(s3[],K_6,v2_1)) && attacker_bitstring(K_6) && attacker_bitstring(v2_1) && b-event(Corrupt(s1[])) && b-event(Corrupt(s0[])) -> event(Accept(K_6,v2_1,s0[],s1[],s3[])) && event(Accept(K_6,v2_1,s2[],s3[],s1[]))
goal reachable: b-event(Signed(s2[],K_6,v2_1)) && b-event(Signed(s3[],K_6,v2_1)) && attacker_bitstring(K_6) && attacker_bitstring(v2_1) && b-event(Corrupt(s1[])) && b-event(Corrupt(s0[])) -> event(Accept(K_6,v2_1,s0[],s1[],s3[])) && event(Accept(K_6,v2_1,s2[],s3[],s0[]))
goal reachable: b-event(Signed(s2[],K_6,v2_1)) && b-event(Signed(s3[],K_6,v2_1)) && attacker_bitstring(K_6) && attacker_bitstring(v2_1) && b-event(Corrupt(s1[])) && b-event(Corrupt(s0[])) -> event(Accept(K_6,v2_1,s0[],s1[],s3[])) && event(Accept(K_6,v2_1,s2[],s1[],s3[]))
goal reachable: b-event(Signed(s3[],K_6,v1_1)) && attacker_bitstring(v1_1) && b-event(Signed(s2[],K_6,v2_1)) && attacker_bitstring(K_6) && attacker_bitstring(v2_1) && b-event(Corrupt(s1[])) && b-event(Corrupt(s0[])) -> event(Accept(K_6,v1_1,s0[],s1[],s3[])) && event(Accept(K_6,v2_1,s2[],s1[],s0[]))
goal reachable: b-event(Signed(s2[],K_6,v2_1)) && b-event(Signed(s3[],K_6,v2_1)) && attacker_bitstring(K_6) && attacker_bitstring(v2_1) && b-event(Corrupt(s1[])) && b-event(Corrupt(s0[])) -> event(Accept(K_6,v2_1,s0[],s1[],s3[])) && event(Accept(K_6,v2_1,s2[],s0[],s3[]))
goal reachable: b-event(Signed(s3[],K_6,v1_1)) && attacker_bitstring(v1_1) && b-event(Signed(s2[],K_6,v2_1)) && attacker_bitstring(K_6) && attacker_bitstring(v2_1) && b-event(Corrupt(s1[])) && b-event(Corrupt(s0[])) -> event(Accept(K_6,v1_1,s0[],s1[],s3[])) && event(Accept(K_6,v2_1,s2[],s0[],s1[]))
goal reachable: b-event(Signed(s3[],K_6,v2_1)) && b-event(Signed(s2[],K_6,v2_1)) && attacker_bitstring(K_6) && attacker_bitstring(v2_1) && b-event(Corrupt(s1[])) && b-event(Corrupt(s0[])) -> event(Accept(K_6,v2_1,s0[],s1[],s3[])) && event(Accept(K_6,v2_1,s1[],s3[],s2[]))
goal reachable: b-event(Signed(s3[],K_6,v2_1)) && attacker_bitstring(K_6) && attacker_bitstring(v2_1) && b-event(Corrupt(s1[])) && b-event(Corrupt(s0[])) -> event(Accept(K_6,v2_1,s0[],s1[],s3[])) && event(Accept(K_6,v2_1,s1[],s3[],s0[]))
goal reachable: b-event(Signed(s2[],K_6,v2_1)) && b-event(Signed(s3[],K_6,v2_1)) && attacker_bitstring(K_6) && attacker_bitstring(v2_1) && b-event(Corrupt(s1[])) && b-event(Corrupt(s0[])) -> event(Accept(K_6,v2_1,s0[],s1[],s3[])) && event(Accept(K_6,v2_1,s1[],s2[],s3[]))
goal reachable: b-event(Signed(s3[],K_6,v1_1)) && attacker_bitstring(v1_1) && b-event(Signed(s2[],K_6,v2_1)) && attacker_bitstring(K_6) && attacker_bitstring(v2_1) && b-event(Corrupt(s1[])) && b-event(Corrupt(s0[])) -> event(Accept(K_6,v1_1,s0[],s1[],s3[])) && event(Accept(K_6,v2_1,s1[],s2[],s0[]))
goal reachable: b-event(Signed(s3[],K_6,v2_1)) && attacker_bitstring(K_6) && attacker_bitstring(v2_1) && b-event(Corrupt(s1[])) && b-event(Corrupt(s0[])) -> event(Accept(K_6,v2_1,s0[],s1[],s3[])) && event(Accept(K_6,v2_1,s1[],s0[],s3[]))
goal reachable: b-event(Signed(s3[],K_6,v1_1)) && attacker_bitstring(v1_1) && b-event(Signed(s2[],K_6,v2_1)) && attacker_bitstring(K_6) && attacker_bitstring(v2_1) && b-event(Corrupt(s1[])) && b-event(Corrupt(s0[])) -> event(Accept(K_6,v1_1,s0[],s1[],s3[])) && event(Accept(K_6,v2_1,s1[],s0[],s2[]))
goal reachable: b-event(Signed(s3[],K_6,v2_1)) && b-event(Signed(s2[],K_6,v2_1)) && attacker_bitstring(K_6) && attacker_bitstring(v2_1) && b-event(Corrupt(s1[])) && b-event(Corrupt(s0[])) -> event(Accept(K_6,v2_1,s0[],s1[],s3[])) && event(Accept(K_6,v2_1,s0[],s3[],s2[]))
goal reachable: b-event(Signed(s3[],K_6,v2_1)) && attacker_bitstring(K_6) && attacker_bitstring(v2_1) && b-event(Corrupt(s1[])) && b-event(Corrupt(s0[])) -> event(Accept(K_6,v2_1,s0[],s1[],s3[])) && event(Accept(K_6,v2_1,s0[],s3[],s1[]))
goal reachable: b-event(Signed(s2[],K_6,v2_1)) && b-event(Signed(s3[],K_6,v2_1)) && attacker_bitstring(K_6) && attacker_bitstring(v2_1) && b-event(Corrupt(s1[])) && b-event(Corrupt(s0[])) -> event(Accept(K_6,v2_1,s0[],s1[],s3[])) && event(Accept(K_6,v2_1,s0[],s2[],s3[]))
goal reachable: b-event(Signed(s3[],K_6,v1_1)) && attacker_bitstring(v1_1) && b-event(Signed(s2[],K_6,v2_1)) && attacker_bitstring(K_6) && attacker_bitstring(v2_1) && b-event(Corrupt(s1[])) && b-event(Corrupt(s0[])) -> event(Accept(K_6,v1_1,s0[],s1[],s3[])) && event(Accept(K_6,v2_1,s0[],s2[],s1[]))
goal reachable: b-event(Signed(s3[],K_6,v2_1)) && attacker_bitstring(K_6) && attacker_bitstring(v2_1) && b-event(Corrupt(s1[])) && b-event(Corrupt(s0[])) -> event(Accept(K_6,v2_1,s0[],s1[],s3[])) && event(Accept(K_6,v2_1,s0[],s1[],s3[]))
goal reachable: b-event(Signed(s3[],K_6,v1_1)) && attacker_bitstring(v1_1) && b-event(Signed(s2[],K_6,v2_1)) && attacker_bitstring(K_6) && attacker_bitstring(v2_1) && b-event(Corrupt(s1[])) && b-event(Corrupt(s0[])) -> event(Accept(K_6,v1_1,s0[],s1[],s3[])) && event(Accept(K_6,v2_1,s0[],s1[],s2[]))
goal reachable: b-event(Signed(s3[],K_6,v2_1)) && b-event(Signed(s2[],K_6,v2_1)) && attacker_bitstring(K_6) && attacker_bitstring(v2_1) && b-event(Corrupt(s1[])) && b-event(Corrupt(s0[])) -> event(Accept(K_6,v2_1,s0[],s1[],s2[])) && event(Accept(K_6,v2_1,s3[],s2[],s1[]))
goal reachable: b-event(Signed(s3[],K_6,v2_1)) && b-event(Signed(s2[],K_6,v2_1)) && attacker_bitstring(K_6) && attacker_bitstring(v2_1) && b-event(Corrupt(s1[])) && b-event(Corrupt(s0[])) -> event(Accept(K_6,v2_1,s0[],s1[],s2[])) && event(Accept(K_6,v2_1,s3[],s2[],s0[]))
goal reachable: b-event(Signed(s3[],K_6,v2_1)) && b-event(Signed(s2[],K_6,v2_1)) && attacker_bitstring(K_6) && attacker_bitstring(v2_1) && b-event(Corrupt(s1[])) && b-event(Corrupt(s0[])) -> event(Accept(K_6,v2_1,s0[],s1[],s2[])) && event(Accept(K_6,v2_1,s3[],s1[],s2[]))
goal reachable: b-event(Signed(s2[],K_6,v1_1)) && attacker_bitstring(v1_1) && b-event(Signed(s3[],K_6,v2_1)) && attacker_bitstring(K_6) && attacker_bitstring(v2_1) && b-event(Corrupt(s1[])) && b-event(Corrupt(s0[])) -> event(Accept(K_6,v1_1,s0[],s1[],s2[])) && event(Accept(K_6,v2_1,s3[],s1[],s0[]))
goal reachable: b-event(Signed(s3[],K_6,v2_1)) && b-event(Signed(s2[],K_6,v2_1)) && attacker_bitstring(K_6) && attacker_bitstring(v2_1) && b-event(Corrupt(s1[])) && b-event(Corrupt(s0[])) -> event(Accept(K_6,v2_1,s0[],s1[],s2[])) && event(Accept(K_6,v2_1,s3[],s0[],s2[]))
goal reachable: b-event(Signed(s2[],K_6,v1_1)) && attacker_bitstring(v1_1) && b-event(Signed(s3[],K_6,v2_1)) && attacker_bitstring(K_6) && attacker_bitstring(v2_1) && b-event(Corrupt(s1[])) && b-event(Corrupt(s0[])) -> event(Accept(K_6,v1_1,s0[],s1[],s2[])) && event(Accept(K_6,v2_1,s3[],s0[],s1[]))
goal reachable: b-event(Signed(s2[],K_6,v2_1)) && b-event(Signed(s3[],K_6,v2_1)) && attacker_bitstring(K_6) && attacker_bitstring(v2_1) && b-event(Corrupt(s1[])) && b-event(Corrupt(s0[])) -> event(Accept(K_6,v2_1,s0[],s1[],s2[])) && event(Accept(K_6,v2_1,s2[],s3[],s1[]))
goal reachable: b-event(Signed(s2[],K_6,v2_1)) && b-event(Signed(s3[],K_6,v2_1)) && attacker_bitstring(K_6) && attacker_bitstring(v2_1) && b-event(Corrupt(s1[])) && b-event(Corrupt(s0[])) -> event(Accept(K_6,v2_1,s0[],s1[],s2[])) && event(Accept(K_6,v2_1,s2[],s3[],s0[]))
goal reachable: b-event(Signed(s2[],K_6,v2_1)) && b-event(Signed(s3[],K_6,v2_1)) && attacker_bitstring(K_6) && attacker_bitstring(v2_1) && b-event(Corrupt(s1[])) && b-event(Corrupt(s0[])) -> event(Accept(K_6,v2_1,s0[],s1[],s2[])) && event(Accept(K_6,v2_1,s2[],s1[],s3[]))
goal reachable: b-event(Signed(s2[],K_6,v2_1)) && attacker_bitstring(K_6) && attacker_bitstring(v2_1) && b-event(Corrupt(s1[])) && b-event(Corrupt(s0[])) -> event(Accept(K_6,v2_1,s0[],s1[],s2[])) && event(Accept(K_6,v2_1,s2[],s1[],s0[]))
goal reachable: b-event(Signed(s2[],K_6,v2_1)) && b-event(Signed(s3[],K_6,v2_1)) && attacker_bitstring(K_6) && attacker_bitstring(v2_1) && b-event(Corrupt(s1[])) && b-event(Corrupt(s0[])) -> event(Accept(K_6,v2_1,s0[],s1[],s2[])) && event(Accept(K_6,v2_1,s2[],s0[],s3[]))
goal reachable: b-event(Signed(s2[],K_6,v2_1)) && attacker_bitstring(K_6) && attacker_bitstring(v2_1) && b-event(Corrupt(s1[])) && b-event(Corrupt(s0[])) -> event(Accept(K_6,v2_1,s0[],s1[],s2[])) && event(Accept(K_6,v2_1,s2[],s0[],s1[]))
goal reachable: b-event(Signed(s3[],K_6,v2_1)) && b-event(Signed(s2[],K_6,v2_1)) && attacker_bitstring(K_6) && attacker_bitstring(v2_1) && b-event(Corrupt(s1[])) && b-event(Corrupt(s0[])) -> event(Accept(K_6,v2_1,s0[],s1[],s2[])) && event(Accept(K_6,v2_1,s1[],s3[],s2[]))
goal reachable: b-event(Signed(s2[],K_6,v1_1)) && attacker_bitstring(v1_1) && b-event(Signed(s3[],K_6,v2_1)) && attacker_bitstring(K_6) && attacker_bitstring(v2_1) && b-event(Corrupt(s1[])) && b-event(Corrupt(s0[])) -> event(Accept(K_6,v1_1,s0[],s1[],s2[])) && event(Accept(K_6,v2_1,s1[],s3[],s0[]))
goal reachable: b-event(Signed(s2[],K_6,v2_1)) && b-event(Signed(s3[],K_6,v2_1)) && attacker_bitstring(K_6) && attacker_bitstring(v2_1) && b-event(Corrupt(s1[])) && b-event(Corrupt(s0[])) -> event(Accept(K_6,v2_1,s0[],s1[],s2[])) && event(Accept(K_6,v2_1,s1[],s2[],s3[]))
goal reachable: b-event(Signed(s2[],K_6,v2_1)) && attacker_bitstring(K_6) && attacker_bitstring(v2_1) && b-event(Corrupt(s1[])) && b-event(Corrupt(s0[])) -> event(Accept(K_6,v2_1,s0[],s1[],s2[])) && event(Accept(K_6,v2_1,s1[],s2[],s0[]))
goal reachable: b-event(Signed(s2[],K_6,v1_1)) && attacker_bitstring(v1_1) && b-event(Signed(s3[],K_6,v2_1)) && attacker_bitstring(K_6) && attacker_bitstring(v2_1) && b-event(Corrupt(s1[])) && b-event(Corrupt(s0[])) -> event(Accept(K_6,v1_1,s0[],s1[],s2[])) && event(Accept(K_6,v2_1,s1[],s0[],s3[]))
goal reachable: b-event(Signed(s2[],K_6,v2_1)) && attacker_bitstring(K_6) && attacker_bitstring(v2_1) && b-event(Corrupt(s1[])) && b-event(Corrupt(s0[])) -> event(Accept(K_6,v2_1,s0[],s1[],s2[])) && event(Accept(K_6,v2_1,s1[],s0[],s2[]))
goal reachable: b-event(Signed(s3[],K_6,v2_1)) && b-event(Signed(s2[],K_6,v2_1)) && attacker_bitstring(K_6) && attacker_bitstring(v2_1) && b-event(Corrupt(s1[])) && b-event(Corrupt(s0[])) -> event(Accept(K_6,v2_1,s0[],s1[],s2[])) && event(Accept(K_6,v2_1,s0[],s3[],s2[]))
goal reachable: b-event(Signed(s2[],K_6,v1_1)) && attacker_bitstring(v1_1) && b-event(Signed(s3[],K_6,v2_1)) && attacker_bitstring(K_6) && attacker_bitstring(v2_1) && b-event(Corrupt(s1[])) && b-event(Corrupt(s0[])) -> event(Accept(K_6,v1_1,s0[],s1[],s2[])) && event(Accept(K_6,v2_1,s0[],s3[],s1[]))
goal reachable: b-event(Signed(s2[],K_6,v2_1)) && b-event(Signed(s3[],K_6,v2_1)) && attacker_bitstring(K_6) && attacker_bitstring(v2_1) && b-event(Corrupt(s1[])) && b-event(Corrupt(s0[])) -> event(Accept(K_6,v2_1,s0[],s1[],s2[])) && event(Accept(K_6,v2_1,s0[],s2[],s3[]))
goal reachable: b-event(Signed(s2[],K_6,v2_1)) && attacker_bitstring(K_6) && attacker_bitstring(v2_1) && b-event(Corrupt(s1[])) && b-event(Corrupt(s0[])) -> event(Accept(K_6,v2_1,s0[],s1[],s2[])) && event(Accept(K_6,v2_1,s0[],s2[],s1[]))
goal reachable: b-event(Signed(s2[],K_6,v1_1)) && attacker_bitstring(v1_1) && b-event(Signed(s3[],K_6,v2_1)) && attacker_bitstring(K_6) && attacker_bitstring(v2_1) && b-event(Corrupt(s1[])) && b-event(Corrupt(s0[])) -> event(Accept(K_6,v1_1,s0[],s1[],s2[])) && event(Accept(K_6,v2_1,s0[],s1[],s3[]))
goal reachable: b-event(Signed(s2[],K_6,v2_1)) && attacker_bitstring(K_6) && attacker_bitstring(v2_1) && b-event(Corrupt(s1[])) && b-event(Corrupt(s0[])) -> event(Accept(K_6,v2_1,s0[],s1[],s2[])) && event(Accept(K_6,v2_1,s0[],s1[],s2[]))
RESULT event(Accept(K_6,v1_1,a1_1,a2_1,a3_1)) && event(Accept(K_6,v2_1,b1,b2,b3)) ==> v1_1 = v2_1 || (event(Corrupt(s0[])) && event(Corrupt(s1[]))) is true.
-- Query event(Accept(K_6,v1_1,a1_1,a2_1,a3_1)) && event(Accept(K_6,v2_1,b1,b2,b3)) ==> v1_1 = v2_1 || a1_1 = b1 || a1_1 = b2 || a1_1 = b3 || a2_1 = b1 || a2_1 = b2 || a2_1 = b3 || a3_1 = b1 || a3_1 = b2 || a3_1 = b3 in process 1.
Translating the process into Horn clauses...
Completing...
200 rules inserted. Base: 198 rules (58 with conclusion selected). Queue: 72 rules.
Starting query event(Accept(K_6,v1_1,a1_1,a2_1,a3_1)) && event(Accept(K_6,v2_1,b1,b2,b3)) ==> v1_1 = v2_1 || a1_1 = b1 || a1_1 = b2 || a1_1 = b3 || a2_1 = b1 || a2_1 = b2 || a2_1 = b3 || a3_1 = b1 || a3_1 = b2 || a3_1 = b3
200 rules inserted. Base: 200 rules (175 with conclusion selected). Queue: 401 rules.
400 rules inserted. Base: 400 rules (375 with conclusion selected). Queue: 201 rules.
600 rules inserted. Base: 600 rules (575 with conclusion selected). Queue: 1 rules.
goal reachable: b-event(Signed(s3[],K_6,v2_1)) && b-event(Signed(s2[],K_6,v2_1)) && attacker_bitstring(K_6) && attacker_bitstring(v2_1) -> event(Accept(K_6,v2_1,s3[],s2[],s1[])) && event(Accept(K_6,v2_1,s3[],s2[],s1[]))
goal reachable: b-event(Signed(s3[],K_6,v2_1)) && b-event(Signed(s2[],K_6,v2_1)) && attacker_bitstring(K_6) && attacker_bitstring(v2_1) -> event(Accept(K_6,v2_1,s3[],s2[],s1[])) && event(Accept(K_6,v2_1,s3[],s2[],s0[]))
goal reachable: b-event(Signed(s3[],K_6,v2_1)) && b-event(Signed(s2[],K_6,v2_1)) && attacker_bitstring(K_6) && attacker_bitstring(v2_1) -> event(Accept(K_6,v2_1,s3[],s2[],s1[])) && event(Accept(K_6,v2_1,s3[],s1[],s2[]))
goal reachable: b-event(Signed(s2[],K_6,v2_1)) && b-event(Signed(s3[],K_6,v2_1)) && attacker_bitstring(K_6) && attacker_bitstring(v2_1) -> event(Accept(K_6,v2_1,s3[],s2[],s1[])) && event(Accept(K_6,v2_1,s3[],s1[],s0[]))
goal reachable: b-event(Signed(s3[],K_6,v2_1)) && b-event(Signed(s2[],K_6,v2_1)) && attacker_bitstring(K_6) && attacker_bitstring(v2_1) -> event(Accept(K_6,v2_1,s3[],s2[],s1[])) && event(Accept(K_6,v2_1,s3[],s0[],s2[]))
goal reachable: b-event(Signed(s2[],K_6,v2_1)) && b-event(Signed(s3[],K_6,v2_1)) && attacker_bitstring(K_6) && attacker_bitstring(v2_1) -> event(Accept(K_6,v2_1,s3[],s2[],s1[])) && event(Accept(K_6,v2_1,s3[],s0[],s1[]))
goal reachable: b-event(Signed(s2[],K_6,v2_1)) && b-event(Signed(s3[],K_6,v2_1)) && attacker_bitstring(K_6) && attacker_bitstring(v2_1) -> event(Accept(K_6,v2_1,s3[],s2[],s1[])) && event(Accept(K_6,v2_1,s2[],s3[],s1[]))
goal reachable: b-event(Signed(s2[],K_6,v2_1)) && b-event(Signed(s3[],K_6,v2_1)) && attacker_bitstring(K_6) && attacker_bitstring(v2_1) -> event(Accept(K_6,v2_1,s3[],s2[],s1[])) && event(Accept(K_6,v2_1,s2[],s3[],s0[]))
goal reachable: b-event(Signed(s2[],K_6,v2_1)) && b-event(Signed(s3[],K_6,v2_1)) && attacker_bitstring(K_6) && attacker_bitstring(v2_1) -> event(Accept(K_6,v2_1,s3[],s2[],s1[])) && event(Accept(K_6,v2_1,s2[],s1[],s3[]))
goal reachable: b-event(Signed(s3[],K_6,v2_1)) && b-event(Signed(s2[],K_6,v2_1)) && attacker_bitstring(K_6) && attacker_bitstring(v2_1) -> event(Accept(K_6,v2_1,s3[],s2[],s1[])) && event(Accept(K_6,v2_1,s2[],s1[],s0[]))
goal reachable: b-event(Signed(s2[],K_6,v2_1)) && b-event(Signed(s3[],K_6,v2_1)) && attacker_bitstring(K_6) && attacker_bitstring(v2_1) -> event(Accept(K_6,v2_1,s3[],s2[],s1[])) && event(Accept(K_6,v2_1,s2[],s0[],s3[]))
goal reachable: b-event(Signed(s3[],K_6,v2_1)) && b-event(Signed(s2[],K_6,v2_1)) && attacker_bitstring(K_6) && attacker_bitstring(v2_1) -> event(Accept(K_6,v2_1,s3[],s2[],s1[])) && event(Accept(K_6,v2_1,s2[],s0[],s1[]))
goal reachable: b-event(Signed(s3[],K_6,v2_1)) && b-event(Signed(s2[],K_6,v2_1)) && attacker_bitstring(K_6) && attacker_bitstring(v2_1) -> event(Accept(K_6,v2_1,s3[],s2[],s1[])) && event(Accept(K_6,v2_1,s1[],s3[],s2[]))
goal reachable: b-event(Signed(s2[],K_6,v2_1)) && b-event(Signed(s3[],K_6,v2_1)) && attacker_bitstring(K_6) && attacker_bitstring(v2_1) -> event(Accept(K_6,v2_1,s3[],s2[],s1[])) && event(Accept(K_6,v2_1,s1[],s3[],s0[]))
goal reachable: b-event(Signed(s2[],K_6,v2_1)) && b-event(Signed(s3[],K_6,v2_1)) && attacker_bitstring(K_6) && attacker_bitstring(v2_1) -> event(Accept(K_6,v2_1,s3[],s2[],s1[])) && event(Accept(K_6,v2_1,s1[],s2[],s3[]))
goal reachable: b-event(Signed(s3[],K_6,v2_1)) && b-event(Signed(s2[],K_6,v2_1)) && attacker_bitstring(K_6) && attacker_bitstring(v2_1) -> event(Accept(K_6,v2_1,s3[],s2[],s1[])) && event(Accept(K_6,v2_1,s1[],s2[],s0[]))
goal reachable: b-event(Signed(s2[],K_6,v2_1)) && b-event(Signed(s3[],K_6,v2_1)) && attacker_bitstring(K_6) && attacker_bitstring(v2_1) -> event(Accept(K_6,v2_1,s3[],s2[],s1[])) && event(Accept(K_6,v2_1,s1[],s0[],s3[]))
goal reachable: b-event(Signed(s3[],K_6,v2_1)) && b-event(Signed(s2[],K_6,v2_1)) && attacker_bitstring(K_6) && attacker_bitstring(v2_1) -> event(Accept(K_6,v2_1,s3[],s2[],s1[])) && event(Accept(K_6,v2_1,s1[],s0[],s2[]))
goal reachable: b-event(Signed(s3[],K_6,v2_1)) && b-event(Signed(s2[],K_6,v2_1)) && attacker_bitstring(K_6) && attacker_bitstring(v2_1) -> event(Accept(K_6,v2_1,s3[],s2[],s1[])) && event(Accept(K_6,v2_1,s0[],s3[],s2[]))
goal reachable: b-event(Signed(s2[],K_6,v2_1)) && b-event(Signed(s3[],K_6,v2_1)) && attacker_bitstring(K_6) && attacker_bitstring(v2_1) -> event(Accept(K_6,v2_1,s3[],s2[],s1[])) && event(Accept(K_6,v2_1,s0[],s3[],s1[]))
goal reachable: b-event(Signed(s2[],K_6,v2_1)) && b-event(Signed(s3[],K_6,v2_1)) && attacker_bitstring(K_6) && attacker_bitstring(v2_1) -> event(Accept(K_6,v2_1,s3[],s2[],s1[])) && event(Accept(K_6,v2_1,s0[],s2[],s3[]))
goal reachable: b-event(Signed(s3[],K_6,v2_1)) && b-event(Signed(s2[],K_6,v2_1)) && attacker_bitstring(K_6) && attacker_bitstring(v2_1) -> event(Accept(K_6,v2_1,s3[],s2[],s1[])) && event(Accept(K_6,v2_1,s0[],s2[],s1[]))
goal reachable: b-event(Signed(s2[],K_6,v2_1)) && b-event(Signed(s3[],K_6,v2_1)) && attacker_bitstring(K_6) && attacker_bitstring(v2_1) -> event(Accept(K_6,v2_1,s3[],s2[],s1[])) && event(Accept(K_6,v2_1,s0[],s1[],s3[]))
goal reachable: b-event(Signed(s3[],K_6,v2_1)) && b-event(Signed(s2[],K_6,v2_1)) && attacker_bitstring(K_6) && attacker_bitstring(v2_1) -> event(Accept(K_6,v2_1,s3[],s2[],s1[])) && event(Accept(K_6,v2_1,s0[],s1[],s2[]))
goal reachable: b-event(Signed(s3[],K_6,v2_1)) && b-event(Signed(s2[],K_6,v2_1)) && attacker_bitstring(K_6) && attacker_bitstring(v2_1) -> event(Accept(K_6,v2_1,s3[],s2[],s0[])) && event(Accept(K_6,v2_1,s3[],s2[],s1[]))
goal reachable: b-event(Signed(s3[],K_6,v2_1)) && b-event(Signed(s2[],K_6,v2_1)) && attacker_bitstring(K_6) && attacker_bitstring(v2_1) -> event(Accept(K_6,v2_1,s3[],s2[],s0[])) && event(Accept(K_6,v2_1,s3[],s2[],s0[]))
goal reachable: b-event(Signed(s3[],K_6,v2_1)) && b-event(Signed(s2[],K_6,v2_1)) && attacker_bitstring(K_6) && attacker_bitstring(v2_1) -> event(Accept(K_6,v2_1,s3[],s2[],s0[])) && event(Accept(K_6,v2_1,s3[],s1[],s2[]))
goal reachable: b-event(Signed(s2[],K_6,v2_1)) && b-event(Signed(s3[],K_6,v2_1)) && attacker_bitstring(K_6) && attacker_bitstring(v2_1) -> event(Accept(K_6,v2_1,s3[],s2[],s0[])) && event(Accept(K_6,v2_1,s3[],s1[],s0[]))
goal reachable: b-event(Signed(s3[],K_6,v2_1)) && b-event(Signed(s2[],K_6,v2_1)) && attacker_bitstring(K_6) && attacker_bitstring(v2_1) -> event(Accept(K_6,v2_1,s3[],s2[],s0[])) && event(Accept(K_6,v2_1,s3[],s0[],s2[]))
goal reachable: b-event(Signed(s2[],K_6,v2_1)) && b-event(Signed(s3[],K_6,v2_1)) && attacker_bitstring(K_6) && attacker_bitstring(v2_1) -> event(Accept(K_6,v2_1,s3[],s2[],s0[])) && event(Accept(K_6,v2_1,s3[],s0[],s1[]))
goal reachable: b-event(Signed(s2[],K_6,v2_1)) && b-event(Signed(s3[],K_6,v2_1)) && attacker_bitstring(K_6) && attacker_bitstring(v2_1) -> event(Accept(K_6,v2_1,s3[],s2[],s0[])) && event(Accept(K_6,v2_1,s2[],s3[],s1[]))
goal reachable: b-event(Signed(s2[],K_6,v2_1)) && b-event(Signed(s3[],K_6,v2_1)) && attacker_bitstring(K_6) && attacker_bitstring(v2_1) -> event(Accept(K_6,v2_1,s3[],s2[],s0[])) && event(Accept(K_6,v2_1,s2[],s3[],s0[]))
goal reachable: b-event(Signed(s2[],K_6,v2_1)) && b-event(Signed(s3[],K_6,v2_1)) && attacker_bitstring(K_6) && attacker_bitstring(v2_1) -> event(Accept(K_6,v2_1,s3[],s2[],s0[])) && event(Accept(K_6,v2_1,s2[],s1[],s3[]))
goal reachable: b-event(Signed(s3[],K_6,v2_1)) && b-event(Signed(s2[],K_6,v2_1)) && attacker_bitstring(K_6) && attacker_bitstring(v2_1) -> event(Accept(K_6,v2_1,s3[],s2[],s0[])) && event(Accept(K_6,v2_1,s2[],s1[],s0[]))
goal reachable: b-event(Signed(s2[],K_6,v2_1)) && b-event(Signed(s3[],K_6,v2_1)) && attacker_bitstring(K_6) && attacker_bitstring(v2_1) -> event(Accept(K_6,v2_1,s3[],s2[],s0[])) && event(Accept(K_6,v2_1,s2[],s0[],s3[]))
goal reachable: b-event(Signed(s3[],K_6,v2_1)) && b-event(Signed(s2[],K_6,v2_1)) && attacker_bitstring(K_6) && attacker_bitstring(v2_1) -> event(Accept(K_6,v2_1,s3[],s2[],s0[])) && event(Accept(K_6,v2_1,s2[],s0[],s1[]))
goal reachable: b-event(Signed(s3[],K_6,v2_1)) && b-event(Signed(s2[],K_6,v2_1)) && attacker_bitstring(K_6) && attacker_bitstring(v2_1) -> event(Accept(K_6,v2_1,s3[],s2[],s0[])) && event(Accept(K_6,v2_1,s1[],s3[],s2[]))
goal reachable: b-event(Signed(s2[],K_6,v2_1)) && b-event(Signed(s3[],K_6,v2_1)) && attacker_bitstring(K_6) && attacker_bitstring(v2_1) -> event(Accept(K_6,v2_1,s3[],s2[],s0[])) && event(Accept(K_6,v2_1,s1[],s3[],s0[]))
goal reachable: b-event(Signed(s2[],K_6,v2_1)) && b-event(Signed(s3[],K_6,v2_1)) && attacker_bitstring(K_6) && attacker_bitstring(v2_1) -> event(Accept(K_6,v2_1,s3[],s2[],s0[])) && event(Accept(K_6,v2_1,s1[],s2[],s3[]))
goal reachable: b-event(Signed(s3[],K_6,v2_1)) && b-event(Signed(s2[],K_6,v2_1)) && attacker_bitstring(K_6) && attacker_bitstring(v2_1) -> event(Accept(K_6,v2_1,s3[],s2[],s0[])) && event(Accept(K_6,v2_1,s1[],s2[],s0[]))
goal reachable: b-event(Signed(s2[],K_6,v2_1)) && b-event(Signed(s3[],K_6,v2_1)) && attacker_bitstring(K_6) && attacker_bitstring(v2_1) -> event(Accept(K_6,v2_1,s3[],s2[],s0[])) && event(Accept(K_6,v2_1,s1[],s0[],s3[]))
goal reachable: b-event(Signed(s3[],K_6,v2_1)) && b-event(Signed(s2[],K_6,v2_1)) && attacker_bitstring(K_6) && attacker_bitstring(v2_1) -> event(Accept(K_6,v2_1,s3[],s2[],s0[])) && event(Accept(K_6,v2_1,s1[],s0[],s2[]))
goal reachable: b-event(Signed(s3[],K_6,v2_1)) && b-event(Signed(s2[],K_6,v2_1)) && attacker_bitstring(K_6) && attacker_bitstring(v2_1) -> event(Accept(K_6,v2_1,s3[],s2[],s0[])) && event(Accept(K_6,v2_1,s0[],s3[],s2[]))
goal reachable: b-event(Signed(s2[],K_6,v2_1)) && b-event(Signed(s3[],K_6,v2_1)) && attacker_bitstring(K_6) && attacker_bitstring(v2_1) -> event(Accept(K_6,v2_1,s3[],s2[],s0[])) && event(Accept(K_6,v2_1,s0[],s3[],s1[]))
goal reachable: b-event(Signed(s2[],K_6,v2_1)) && b-event(Signed(s3[],K_6,v2_1)) && attacker_bitstring(K_6) && attacker_bitstring(v2_1) -> event(Accept(K_6,v2_1,s3[],s2[],s0[])) && event(Accept(K_6,v2_1,s0[],s2[],s3[]))
goal reachable: b-event(Signed(s3[],K_6,v2_1)) && b-event(Signed(s2[],K_6,v2_1)) && attacker_bitstring(K_6) && attacker_bitstring(v2_1) -> event(Accept(K_6,v2_1,s3[],s2[],s0[])) && event(Accept(K_6,v2_1,s0[],s2[],s1[]))
goal reachable: b-event(Signed(s2[],K_6,v2_1)) && b-event(Signed(s3[],K_6,v2_1)) && attacker_bitstring(K_6) && attacker_bitstring(v2_1) -> event(Accept(K_6,v2_1,s3[],s2[],s0[])) && event(Accept(K_6,v2_1,s0[],s1[],s3[]))
goal reachable: b-event(Signed(s3[],K_6,v2_1)) && b-event(Signed(s2[],K_6,v2_1)) && attacker_bitstring(K_6) && attacker_bitstring(v2_1) -> event(Accept(K_6,v2_1,s3[],s2[],s0[])) && event(Accept(K_6,v2_1,s0[],s1[],s2[]))
goal reachable: b-event(Signed(s3[],K_6,v2_1)) && b-event(Signed(s2[],K_6,v2_1)) && attacker_bitstring(K_6) && attacker_bitstring(v2_1) -> event(Accept(K_6,v2_1,s3[],s1[],s2[])) && event(Accept(K_6,v2_1,s3[],s2[],s1[]))
goal reachable: b-event(Signed(s3[],K_6,v2_1)) && b-event(Signed(s2[],K_6,v2_1)) && attacker_bitstring(K_6) && attacker_bitstring(v2_1) -> event(Accept(K_6,v2_1,s3[],s1[],s2[])) && event(Accept(K_6,v2_1,s3[],s2[],s0[]))
goal reachable: b-event(Signed(s3[],K_6,v2_1)) && b-event(Signed(s2[],K_6,v2_1)) && attacker_bitstring(K_6) && attacker_bitstring(v2_1) -> event(Accept(K_6,v2_1,s3[],s1[],s2[])) && event(Accept(K_6,v2_1,s3[],s1[],s2[]))
goal reachable: b-event(Signed(s2[],K_6,v2_1)) && b-event(Signed(s3[],K_6,v2_1)) && attacker_bitstring(K_6) && attacker_bitstring(v2_1) -> event(Accept(K_6,v2_1,s3[],s1[],s2[])) && event(Accept(K_6,v2_1,s3[],s1[],s0[]))
goal reachable: b-event(Signed(s3[],K_6,v2_1)) && b-event(Signed(s2[],K_6,v2_1)) && attacker_bitstring(K_6) && attacker_bitstring(v2_1) -> event(Accept(K_6,v2_1,s3[],s1[],s2[])) && event(Accept(K_6,v2_1,s3[],s0[],s2[]))
goal reachable: b-event(Signed(s2[],K_6,v2_1)) && b-event(Signed(s3[],K_6,v2_1)) && attacker_bitstring(K_6) && attacker_bitstring(v2_1) -> event(Accept(K_6,v2_1,s3[],s1[],s2[])) && event(Accept(K_6,v2_1,s3[],s0[],s1[]))
goal reachable: b-event(Signed(s2[],K_6,v2_1)) && b-event(Signed(s3[],K_6,v2_1)) && attacker_bitstring(K_6) && attacker_bitstring(v2_1) -> event(Accept(K_6,v2_1,s3[],s1[],s2[])) && event(Accept(K_6,v2_1,s2[],s3[],s1[]))
goal reachable: b-event(Signed(s2[],K_6,v2_1)) && b-event(Signed(s3[],K_6,v2_1)) && attacker_bitstring(K_6) && attacker_bitstring(v2_1) -> event(Accept(K_6,v2_1,s3[],s1[],s2[])) && event(Accept(K_6,v2_1,s2[],s3[],s0[]))
goal reachable: b-event(Signed(s2[],K_6,v2_1)) && b-event(Signed(s3[],K_6,v2_1)) && attacker_bitstring(K_6) && attacker_bitstring(v2_1) -> event(Accept(K_6,v2_1,s3[],s1[],s2[])) && event(Accept(K_6,v2_1,s2[],s1[],s3[]))
goal reachable: b-event(Signed(s3[],K_6,v2_1)) && b-event(Signed(s2[],K_6,v2_1)) && attacker_bitstring(K_6) && attacker_bitstring(v2_1) -> event(Accept(K_6,v2_1,s3[],s1[],s2[])) && event(Accept(K_6,v2_1,s2[],s1[],s0[]))
goal reachable: b-event(Signed(s2[],K_6,v2_1)) && b-event(Signed(s3[],K_6,v2_1)) && attacker_bitstring(K_6) && attacker_bitstring(v2_1) -> event(Accept(K_6,v2_1,s3[],s1[],s2[])) && event(Accept(K_6,v2_1,s2[],s0[],s3[]))
goal reachable: b-event(Signed(s3[],K_6,v2_1)) && b-event(Signed(s2[],K_6,v2_1)) && attacker_bitstring(K_6) && attacker_bitstring(v2_1) -> event(Accept(K_6,v2_1,s3[],s1[],s2[])) && event(Accept(K_6,v2_1,s2[],s0[],s1[]))
goal reachable: b-event(Signed(s3[],K_6,v2_1)) && b-event(Signed(s2[],K_6,v2_1)) && attacker_bitstring(K_6) && attacker_bitstring(v2_1) -> event(Accept(K_6,v2_1,s3[],s1[],s2[])) && event(Accept(K_6,v2_1,s1[],s3[],s2[]))
goal reachable: b-event(Signed(s2[],K_6,v2_1)) && b-event(Signed(s3[],K_6,v2_1)) && attacker_bitstring(K_6) && attacker_bitstring(v2_1) -> event(Accept(K_6,v2_1,s3[],s1[],s2[])) && event(Accept(K_6,v2_1,s1[],s3[],s0[]))
goal reachable: b-event(Signed(s2[],K_6,v2_1)) && b-event(Signed(s3[],K_6,v2_1)) && attacker_bitstring(K_6) && attacker_bitstring(v2_1) -> event(Accept(K_6,v2_1,s3[],s1[],s2[])) && event(Accept(K_6,v2_1,s1[],s2[],s3[]))
goal reachable: b-event(Signed(s3[],K_6,v2_1)) && b-event(Signed(s2[],K_6,v2_1)) && attacker_bitstring(K_6) && attacker_bitstring(v2_1) -> event(Accept(K_6,v2_1,s3[],s1[],s2[])) && event(Accept(K_6,v2_1,s1[],s2[],s0[]))
goal reachable: b-event(Signed(s2[],K_6,v2_1)) && b-event(Signed(s3[],K_6,v2_1)) && attacker_bitstring(K_6) && attacker_bitstring(v2_1) -> event(Accept(K_6,v2_1,s3[],s1[],s2[])) && event(Accept(K_6,v2_1,s1[],s0[],s3[]))
goal reachable: b-event(Signed(s3[],K_6,v2_1)) && b-event(Signed(s2[],K_6,v2_1)) && attacker_bitstring(K_6) && attacker_bitstring(v2_1) -> event(Accept(K_6,v2_1,s3[],s1[],s2[])) && event(Accept(K_6,v2_1,s1[],s0[],s2[]))
goal reachable: b-event(Signed(s3[],K_6,v2_1)) && b-event(Signed(s2[],K_6,v2_1)) && attacker_bitstring(K_6) && attacker_bitstring(v2_1) -> event(Accept(K_6,v2_1,s3[],s1[],s2[])) && event(Accept(K_6,v2_1,s0[],s3[],s2[]))
goal reachable: b-event(Signed(s2[],K_6,v2_1)) && b-event(Signed(s3[],K_6,v2_1)) && attacker_bitstring(K_6) && attacker_bitstring(v2_1) -> event(Accept(K_6,v2_1,s3[],s1[],s2[])) && event(Accept(K_6,v2_1,s0[],s3[],s1[]))
goal reachable: b-event(Signed(s2[],K_6,v2_1)) && b-event(Signed(s3[],K_6,v2_1)) && attacker_bitstring(K_6) && attacker_bitstring(v2_1) -> event(Accept(K_6,v2_1,s3[],s1[],s2[])) && event(Accept(K_6,v2_1,s0[],s2[],s3[]))
goal reachable: b-event(Signed(s3[],K_6,v2_1)) && b-event(Signed(s2[],K_6,v2_1)) && attacker_bitstring(K_6) && attacker_bitstring(v2_1) -> event(Accept(K_6,v2_1,s3[],s1[],s2[])) && event(Accept(K_6,v2_1,s0[],s2[],s1[]))
goal reachable: b-event(Signed(s2[],K_6,v2_1)) && b-event(Signed(s3[],K_6,v2_1)) && attacker_bitstring(K_6) && attacker_bitstring(v2_1) -> event(Accept(K_6,v2_1,s3[],s1[],s2[])) && event(Accept(K_6,v2_1,s0[],s1[],s3[]))
goal reachable: b-event(Signed(s3[],K_6,v2_1)) && b-event(Signed(s2[],K_6,v2_1)) && attacker_bitstring(K_6) && attacker_bitstring(v2_1) -> event(Accept(K_6,v2_1,s3[],s1[],s2[])) && event(Accept(K_6,v2_1,s0[],s1[],s2[]))
goal reachable: b-event(Signed(s3[],K_6,v2_1)) && b-event(Signed(s2[],K_6,v2_1)) && attacker_bitstring(K_6) && attacker_bitstring(v2_1) -> event(Accept(K_6,v2_1,s3[],s1[],s0[])) && event(Accept(K_6,v2_1,s3[],s2[],s1[]))
goal reachable: b-event(Signed(s3[],K_6,v2_1)) && b-event(Signed(s2[],K_6,v2_1)) && attacker_bitstring(K_6) && attacker_bitstring(v2_1) -> event(Accept(K_6,v2_1,s3[],s1[],s0[])) && event(Accept(K_6,v2_1,s3[],s2[],s0[]))
goal reachable: b-event(Signed(s3[],K_6,v2_1)) && b-event(Signed(s2[],K_6,v2_1)) && attacker_bitstring(K_6) && attacker_bitstring(v2_1) -> event(Accept(K_6,v2_1,s3[],s1[],s0[])) && event(Accept(K_6,v2_1,s3[],s1[],s2[]))
goal reachable: b-event(Signed(s3[],K_6,v2_1)) && attacker_bitstring(K_6) && attacker_bitstring(v2_1) -> event(Accept(K_6,v2_1,s3[],s1[],s0[])) && event(Accept(K_6,v2_1,s3[],s1[],s0[]))
goal reachable: b-event(Signed(s3[],K_6,v2_1)) && b-event(Signed(s2[],K_6,v2_1)) && attacker_bitstring(K_6) && attacker_bitstring(v2_1) -> event(Accept(K_6,v2_1,s3[],s1[],s0[])) && event(Accept(K_6,v2_1,s3[],s0[],s2[]))
goal reachable: b-event(Signed(s3[],K_6,v2_1)) && attacker_bitstring(K_6) && attacker_bitstring(v2_1) -> event(Accept(K_6,v2_1,s3[],s1[],s0[])) && event(Accept(K_6,v2_1,s3[],s0[],s1[]))
goal reachable: b-event(Signed(s2[],K_6,v2_1)) && b-event(Signed(s3[],K_6,v2_1)) && attacker_bitstring(K_6) && attacker_bitstring(v2_1) -> event(Accept(K_6,v2_1,s3[],s1[],s0[])) && event(Accept(K_6,v2_1,s2[],s3[],s1[]))
goal reachable: b-event(Signed(s2[],K_6,v2_1)) && b-event(Signed(s3[],K_6,v2_1)) && attacker_bitstring(K_6) && attacker_bitstring(v2_1) -> event(Accept(K_6,v2_1,s3[],s1[],s0[])) && event(Accept(K_6,v2_1,s2[],s3[],s0[]))
goal reachable: b-event(Signed(s2[],K_6,v2_1)) && b-event(Signed(s3[],K_6,v2_1)) && attacker_bitstring(K_6) && attacker_bitstring(v2_1) -> event(Accept(K_6,v2_1,s3[],s1[],s0[])) && event(Accept(K_6,v2_1,s2[],s1[],s3[]))
goal reachable: b-event(Signed(s3[],K_6,v1_1)) && attacker_bitstring(v1_1) && b-event(Signed(s2[],K_6,v2_1)) && attacker_bitstring(K_6) && attacker_bitstring(v2_1) -> event(Accept(K_6,v1_1,s3[],s1[],s0[])) && event(Accept(K_6,v2_1,s2[],s1[],s0[]))
goal reachable: b-event(Signed(s2[],K_6,v2_1)) && b-event(Signed(s3[],K_6,v2_1)) && attacker_bitstring(K_6) && attacker_bitstring(v2_1) -> event(Accept(K_6,v2_1,s3[],s1[],s0[])) && event(Accept(K_6,v2_1,s2[],s0[],s3[]))
goal reachable: b-event(Signed(s3[],K_6,v1_1)) && attacker_bitstring(v1_1) && b-event(Signed(s2[],K_6,v2_1)) && attacker_bitstring(K_6) && attacker_bitstring(v2_1) -> event(Accept(K_6,v1_1,s3[],s1[],s0[])) && event(Accept(K_6,v2_1,s2[],s0[],s1[]))
goal reachable: b-event(Signed(s3[],K_6,v2_1)) && b-event(Signed(s2[],K_6,v2_1)) && attacker_bitstring(K_6) && attacker_bitstring(v2_1) -> event(Accept(K_6,v2_1,s3[],s1[],s0[])) && event(Accept(K_6,v2_1,s1[],s3[],s2[]))
goal reachable: b-event(Signed(s3[],K_6,v2_1)) && attacker_bitstring(K_6) && attacker_bitstring(v2_1) -> event(Accept(K_6,v2_1,s3[],s1[],s0[])) && event(Accept(K_6,v2_1,s1[],s3[],s0[]))
goal reachable: b-event(Signed(s2[],K_6,v2_1)) && b-event(Signed(s3[],K_6,v2_1)) && attacker_bitstring(K_6) && attacker_bitstring(v2_1) -> event(Accept(K_6,v2_1,s3[],s1[],s0[])) && event(Accept(K_6,v2_1,s1[],s2[],s3[]))
goal reachable: b-event(Signed(s3[],K_6,v1_1)) && attacker_bitstring(v1_1) && b-event(Signed(s2[],K_6,v2_1)) && attacker_bitstring(K_6) && attacker_bitstring(v2_1) -> event(Accept(K_6,v1_1,s3[],s1[],s0[])) && event(Accept(K_6,v2_1,s1[],s2[],s0[]))
goal reachable: b-event(Signed(s3[],K_6,v2_1)) && attacker_bitstring(K_6) && attacker_bitstring(v2_1) -> event(Accept(K_6,v2_1,s3[],s1[],s0[])) && event(Accept(K_6,v2_1,s1[],s0[],s3[]))
goal reachable: b-event(Signed(s3[],K_6,v1_1)) && attacker_bitstring(v1_1) && b-event(Signed(s2[],K_6,v2_1)) && attacker_bitstring(K_6) && attacker_bitstring(v2_1) -> event(Accept(K_6,v1_1,s3[],s1[],s0[])) && event(Accept(K_6,v2_1,s1[],s0[],s2[]))
goal reachable: b-event(Signed(s3[],K_6,v2_1)) && b-event(Signed(s2[],K_6,v2_1)) && attacker_bitstring(K_6) && attacker_bitstring(v2_1) -> event(Accept(K_6,v2_1,s3[],s1[],s0[])) && event(Accept(K_6,v2_1,s0[],s3[],s2[]))
goal reachable: b-event(Signed(s3[],K_6,v2_1)) && attacker_bitstring(K_6) && attacker_bitstring(v2_1) -> event(Accept(K_6,v2_1,s3[],s1[],s0[])) && event(Accept(K_6,v2_1,s0[],s3[],s1[]))
goal reachable: b-event(Signed(s2[],K_6,v2_1)) && b-event(Signed(s3[],K_6,v2_1)) && attacker_bitstring(K_6) && attacker_bitstring(v2_1) -> event(Accept(K_6,v2_1,s3[],s1[],s0[])) && event(Accept(K_6,v2_1,s0[],s2[],s3[]))
goal reachable: b-event(Signed(s3[],K_6,v1_1)) && attacker_bitstring(v1_1) && b-event(Signed(s2[],K_6,v2_1)) && attacker_bitstring(K_6) && attacker_bitstring(v2_1) -> event(Accept(K_6,v1_1,s3[],s1[],s0[])) && event(Accept(K_6,v2_1,s0[],s2[],s1[]))
goal reachable: b-event(Signed(s3[],K_6,v2_1)) && attacker_bitstring(K_6) && attacker_bitstring(v2_1) -> event(Accept(K_6,v2_1,s3[],s1[],s0[])) && event(Accept(K_6,v2_1,s0[],s1[],s3[]))
goal reachable: b-event(Signed(s3[],K_6,v1_1)) && attacker_bitstring(v1_1) && b-event(Signed(s2[],K_6,v2_1)) && attacker_bitstring(K_6) && attacker_bitstring(v2_1) -> event(Accept(K_6,v1_1,s3[],s1[],s0[])) && event(Accept(K_6,v2_1,s0[],s1[],s2[]))
goal reachable: b-event(Signed(s3[],K_6,v2_1)) && b-event(Signed(s2[],K_6,v2_1)) && attacker_bitstring(K_6) && attacker_bitstring(v2_1) -> event(Accept(K_6,v2_1,s3[],s0[],s2[])) && event(Accept(K_6,v2_1,s3[],s2[],s1[]))
goal reachable: b-event(Signed(s3[],K_6,v2_1)) && b-event(Signed(s2[],K_6,v2_1)) && attacker_bitstring(K_6) && attacker_bitstring(v2_1) -> event(Accept(K_6,v2_1,s3[],s0[],s2[])) && event(Accept(K_6,v2_1,s3[],s2[],s0[]))
goal reachable: b-event(Signed(s3[],K_6,v2_1)) && b-event(Signed(s2[],K_6,v2_1)) && attacker_bitstring(K_6) && attacker_bitstring(v2_1) -> event(Accept(K_6,v2_1,s3[],s0[],s2[])) && event(Accept(K_6,v2_1,s3[],s1[],s2[]))
goal reachable: b-event(Signed(s2[],K_6,v2_1)) && b-event(Signed(s3[],K_6,v2_1)) && attacker_bitstring(K_6) && attacker_bitstring(v2_1) -> event(Accept(K_6,v2_1,s3[],s0[],s2[])) && event(Accept(K_6,v2_1,s3[],s1[],s0[]))
goal reachable: b-event(Signed(s3[],K_6,v2_1)) && b-event(Signed(s2[],K_6,v2_1)) && attacker_bitstring(K_6) && attacker_bitstring(v2_1) -> event(Accept(K_6,v2_1,s3[],s0[],s2[])) && event(Accept(K_6,v2_1,s3[],s0[],s2[]))
goal reachable: b-event(Signed(s2[],K_6,v2_1)) && b-event(Signed(s3[],K_6,v2_1)) && attacker_bitstring(K_6) && attacker_bitstring(v2_1) -> event(Accept(K_6,v2_1,s3[],s0[],s2[])) && event(Accept(K_6,v2_1,s3[],s0[],s1[]))
goal reachable: b-event(Signed(s2[],K_6,v2_1)) && b-event(Signed(s3[],K_6,v2_1)) && attacker_bitstring(K_6) && attacker_bitstring(v2_1) -> event(Accept(K_6,v2_1,s3[],s0[],s2[])) && event(Accept(K_6,v2_1,s2[],s3[],s1[]))
goal reachable: b-event(Signed(s2[],K_6,v2_1)) && b-event(Signed(s3[],K_6,v2_1)) && attacker_bitstring(K_6) && attacker_bitstring(v2_1) -> event(Accept(K_6,v2_1,s3[],s0[],s2[])) && event(Accept(K_6,v2_1,s2[],s3[],s0[]))
goal reachable: b-event(Signed(s2[],K_6,v2_1)) && b-event(Signed(s3[],K_6,v2_1)) && attacker_bitstring(K_6) && attacker_bitstring(v2_1) -> event(Accept(K_6,v2_1,s3[],s0[],s2[])) && event(Accept(K_6,v2_1,s2[],s1[],s3[]))
goal reachable: b-event(Signed(s3[],K_6,v2_1)) && b-event(Signed(s2[],K_6,v2_1)) && attacker_bitstring(K_6) && attacker_bitstring(v2_1) -> event(Accept(K_6,v2_1,s3[],s0[],s2[])) && event(Accept(K_6,v2_1,s2[],s1[],s0[]))
goal reachable: b-event(Signed(s2[],K_6,v2_1)) && b-event(Signed(s3[],K_6,v2_1)) && attacker_bitstring(K_6) && attacker_bitstring(v2_1) -> event(Accept(K_6,v2_1,s3[],s0[],s2[])) && event(Accept(K_6,v2_1,s2[],s0[],s3[]))
goal reachable: b-event(Signed(s3[],K_6,v2_1)) && b-event(Signed(s2[],K_6,v2_1)) && attacker_bitstring(K_6) && attacker_bitstring(v2_1) -> event(Accept(K_6,v2_1,s3[],s0[],s2[])) && event(Accept(K_6,v2_1,s2[],s0[],s1[]))
goal reachable: b-event(Signed(s3[],K_6,v2_1)) && b-event(Signed(s2[],K_6,v2_1)) && attacker_bitstring(K_6) && attacker_bitstring(v2_1) -> event(Accept(K_6,v2_1,s3[],s0[],s2[])) && event(Accept(K_6,v2_1,s1[],s3[],s2[]))
goal reachable: b-event(Signed(s2[],K_6,v2_1)) && b-event(Signed(s3[],K_6,v2_1)) && attacker_bitstring(K_6) && attacker_bitstring(v2_1) -> event(Accept(K_6,v2_1,s3[],s0[],s2[])) && event(Accept(K_6,v2_1,s1[],s3[],s0[]))
goal reachable: b-event(Signed(s2[],K_6,v2_1)) && b-event(Signed(s3[],K_6,v2_1)) && attacker_bitstring(K_6) && attacker_bitstring(v2_1) -> event(Accept(K_6,v2_1,s3[],s0[],s2[])) && event(Accept(K_6,v2_1,s1[],s2[],s3[]))
goal reachable: b-event(Signed(s3[],K_6,v2_1)) && b-event(Signed(s2[],K_6,v2_1)) && attacker_bitstring(K_6) && attacker_bitstring(v2_1) -> event(Accept(K_6,v2_1,s3[],s0[],s2[])) && event(Accept(K_6,v2_1,s1[],s2[],s0[]))
goal reachable: b-event(Signed(s2[],K_6,v2_1)) && b-event(Signed(s3[],K_6,v2_1)) && attacker_bitstring(K_6) && attacker_bitstring(v2_1) -> event(Accept(K_6,v2_1,s3[],s0[],s2[])) && event(Accept(K_6,v2_1,s1[],s0[],s3[]))
goal reachable: b-event(Signed(s3[],K_6,v2_1)) && b-event(Signed(s2[],K_6,v2_1)) && attacker_bitstring(K_6) && attacker_bitstring(v2_1) -> event(Accept(K_6,v2_1,s3[],s0[],s2[])) && event(Accept(K_6,v2_1,s1[],s0[],s2[]))
goal reachable: b-event(Signed(s3[],K_6,v2_1)) && b-event(Signed(s2[],K_6,v2_1)) && attacker_bitstring(K_6) && attacker_bitstring(v2_1) -> event(Accept(K_6,v2_1,s3[],s0[],s2[])) && event(Accept(K_6,v2_1,s0[],s3[],s2[]))
goal reachable: b-event(Signed(s2[],K_6,v2_1)) && b-event(Signed(s3[],K_6,v2_1)) && attacker_bitstring(K_6) && attacker_bitstring(v2_1) -> event(Accept(K_6,v2_1,s3[],s0[],s2[])) && event(Accept(K_6,v2_1,s0[],s3[],s1[]))
goal reachable: b-event(Signed(s2[],K_6,v2_1)) && b-event(Signed(s3[],K_6,v2_1)) && attacker_bitstring(K_6) && attacker_bitstring(v2_1) -> event(Accept(K_6,v2_1,s3[],s0[],s2[])) && event(Accept(K_6,v2_1,s0[],s2[],s3[]))
goal reachable: b-event(Signed(s3[],K_6,v2_1)) && b-event(Signed(s2[],K_6,v2_1)) && attacker_bitstring(K_6) && attacker_bitstring(v2_1) -> event(Accept(K_6,v2_1,s3[],s0[],s2[])) && event(Accept(K_6,v2_1,s0[],s2[],s1[]))
goal reachable: b-event(Signed(s2[],K_6,v2_1)) && b-event(Signed(s3[],K_6,v2_1)) && attacker_bitstring(K_6) && attacker_bitstring(v2_1) -> event(Accept(K_6,v2_1,s3[],s0[],s2[])) && event(Accept(K_6,v2_1,s0[],s1[],s3[]))
goal reachable: b-event(Signed(s3[],K_6,v2_1)) && b-event(Signed(s2[],K_6,v2_1)) && attacker_bitstring(K_6) && attacker_bitstring(v2_1) -> event(Accept(K_6,v2_1,s3[],s0[],s2[])) && event(Accept(K_6,v2_1,s0[],s1[],s2[]))
goal reachable: b-event(Signed(s3[],K_6,v2_1)) && b-event(Signed(s2[],K_6,v2_1)) && attacker_bitstring(K_6) && attacker_bitstring(v2_1) -> event(Accept(K_6,v2_1,s3[],s0[],s1[])) && event(Accept(K_6,v2_1,s3[],s2[],s1[]))
goal reachable: b-event(Signed(s3[],K_6,v2_1)) && b-event(Signed(s2[],K_6,v2_1)) && attacker_bitstring(K_6) && attacker_bitstring(v2_1) -> event(Accept(K_6,v2_1,s3[],s0[],s1[])) && event(Accept(K_6,v2_1,s3[],s2[],s0[]))
goal reachable: b-event(Signed(s3[],K_6,v2_1)) && b-event(Signed(s2[],K_6,v2_1)) && attacker_bitstring(K_6) && attacker_bitstring(v2_1) -> event(Accept(K_6,v2_1,s3[],s0[],s1[])) && event(Accept(K_6,v2_1,s3[],s1[],s2[]))
goal reachable: b-event(Signed(s3[],K_6,v2_1)) && attacker_bitstring(K_6) && attacker_bitstring(v2_1) -> event(Accept(K_6,v2_1,s3[],s0[],s1[])) && event(Accept(K_6,v2_1,s3[],s1[],s0[]))
goal reachable: b-event(Signed(s3[],K_6,v2_1)) && b-event(Signed(s2[],K_6,v2_1)) && attacker_bitstring(K_6) && attacker_bitstring(v2_1) -> event(Accept(K_6,v2_1,s3[],s0[],s1[])) && event(Accept(K_6,v2_1,s3[],s0[],s2[]))
goal reachable: b-event(Signed(s3[],K_6,v2_1)) && attacker_bitstring(K_6) && attacker_bitstring(v2_1) -> event(Accept(K_6,v2_1,s3[],s0[],s1[])) && event(Accept(K_6,v2_1,s3[],s0[],s1[]))
goal reachable: b-event(Signed(s2[],K_6,v2_1)) && b-event(Signed(s3[],K_6,v2_1)) && attacker_bitstring(K_6) && attacker_bitstring(v2_1) -> event(Accept(K_6,v2_1,s3[],s0[],s1[])) && event(Accept(K_6,v2_1,s2[],s3[],s1[]))
goal reachable: b-event(Signed(s2[],K_6,v2_1)) && b-event(Signed(s3[],K_6,v2_1)) && attacker_bitstring(K_6) && attacker_bitstring(v2_1) -> event(Accept(K_6,v2_1,s3[],s0[],s1[])) && event(Accept(K_6,v2_1,s2[],s3[],s0[]))
goal reachable: b-event(Signed(s2[],K_6,v2_1)) && b-event(Signed(s3[],K_6,v2_1)) && attacker_bitstring(K_6) && attacker_bitstring(v2_1) -> event(Accept(K_6,v2_1,s3[],s0[],s1[])) && event(Accept(K_6,v2_1,s2[],s1[],s3[]))
goal reachable: b-event(Signed(s3[],K_6,v1_1)) && attacker_bitstring(v1_1) && b-event(Signed(s2[],K_6,v2_1)) && attacker_bitstring(K_6) && attacker_bitstring(v2_1) -> event(Accept(K_6,v1_1,s3[],s0[],s1[])) && event(Accept(K_6,v2_1,s2[],s1[],s0[]))
goal reachable: b-event(Signed(s2[],K_6,v2_1)) && b-event(Signed(s3[],K_6,v2_1)) && attacker_bitstring(K_6) && attacker_bitstring(v2_1) -> event(Accept(K_6,v2_1,s3[],s0[],s1[])) && event(Accept(K_6,v2_1,s2[],s0[],s3[]))
goal reachable: b-event(Signed(s3[],K_6,v1_1)) && attacker_bitstring(v1_1) && b-event(Signed(s2[],K_6,v2_1)) && attacker_bitstring(K_6) && attacker_bitstring(v2_1) -> event(Accept(K_6,v1_1,s3[],s0[],s1[])) && event(Accept(K_6,v2_1,s2[],s0[],s1[]))
goal reachable: b-event(Signed(s3[],K_6,v2_1)) && b-event(Signed(s2[],K_6,v2_1)) && attacker_bitstring(K_6) && attacker_bitstring(v2_1) -> event(Accept(K_6,v2_1,s3[],s0[],s1[])) && event(Accept(K_6,v2_1,s1[],s3[],s2[]))
goal reachable: b-event(Signed(s3[],K_6,v2_1)) && attacker_bitstring(K_6) && attacker_bitstring(v2_1) -> event(Accept(K_6,v2_1,s3[],s0[],s1[])) && event(Accept(K_6,v2_1,s1[],s3[],s0[]))
goal reachable: b-event(Signed(s2[],K_6,v2_1)) && b-event(Signed(s3[],K_6,v2_1)) && attacker_bitstring(K_6) && attacker_bitstring(v2_1) -> event(Accept(K_6,v2_1,s3[],s0[],s1[])) && event(Accept(K_6,v2_1,s1[],s2[],s3[]))
goal reachable: b-event(Signed(s3[],K_6,v1_1)) && attacker_bitstring(v1_1) && b-event(Signed(s2[],K_6,v2_1)) && attacker_bitstring(K_6) && attacker_bitstring(v2_1) -> event(Accept(K_6,v1_1,s3[],s0[],s1[])) && event(Accept(K_6,v2_1,s1[],s2[],s0[]))
goal reachable: b-event(Signed(s3[],K_6,v2_1)) && attacker_bitstring(K_6) && attacker_bitstring(v2_1) -> event(Accept(K_6,v2_1,s3[],s0[],s1[])) && event(Accept(K_6,v2_1,s1[],s0[],s3[]))
goal reachable: b-event(Signed(s3[],K_6,v1_1)) && attacker_bitstring(v1_1) && b-event(Signed(s2[],K_6,v2_1)) && attacker_bitstring(K_6) && attacker_bitstring(v2_1) -> event(Accept(K_6,v1_1,s3[],s0[],s1[])) && event(Accept(K_6,v2_1,s1[],s0[],s2[]))
goal reachable: b-event(Signed(s3[],K_6,v2_1)) && b-event(Signed(s2[],K_6,v2_1)) && attacker_bitstring(K_6) && attacker_bitstring(v2_1) -> event(Accept(K_6,v2_1,s3[],s0[],s1[])) && event(Accept(K_6,v2_1,s0[],s3[],s2[]))
goal reachable: b-event(Signed(s3[],K_6,v2_1)) && attacker_bitstring(K_6) && attacker_bitstring(v2_1) -> event(Accept(K_6,v2_1,s3[],s0[],s1[])) && event(Accept(K_6,v2_1,s0[],s3[],s1[]))
goal reachable: b-event(Signed(s2[],K_6,v2_1)) && b-event(Signed(s3[],K_6,v2_1)) && attacker_bitstring(K_6) && attacker_bitstring(v2_1) -> event(Accept(K_6,v2_1,s3[],s0[],s1[])) && event(Accept(K_6,v2_1,s0[],s2[],s3[]))
goal reachable: b-event(Signed(s3[],K_6,v1_1)) && attacker_bitstring(v1_1) && b-event(Signed(s2[],K_6,v2_1)) && attacker_bitstring(K_6) && attacker_bitstring(v2_1) -> event(Accept(K_6,v1_1,s3[],s0[],s1[])) && event(Accept(K_6,v2_1,s0[],s2[],s1[]))
goal reachable: b-event(Signed(s3[],K_6,v2_1)) && attacker_bitstring(K_6) && attacker_bitstring(v2_1) -> event(Accept(K_6,v2_1,s3[],s0[],s1[])) && event(Accept(K_6,v2_1,s0[],s1[],s3[]))
goal reachable: b-event(Signed(s3[],K_6,v1_1)) && attacker_bitstring(v1_1) && b-event(Signed(s2[],K_6,v2_1)) && attacker_bitstring(K_6) && attacker_bitstring(v2_1) -> event(Accept(K_6,v1_1,s3[],s0[],s1[])) && event(Accept(K_6,v2_1,s0[],s1[],s2[]))
goal reachable: b-event(Signed(s3[],K_6,v2_1)) && b-event(Signed(s2[],K_6,v2_1)) && attacker_bitstring(K_6) && attacker_bitstring(v2_1) -> event(Accept(K_6,v2_1,s2[],s3[],s1[])) && event(Accept(K_6,v2_1,s3[],s2[],s1[]))
goal reachable: b-event(Signed(s3[],K_6,v2_1)) && b-event(Signed(s2[],K_6,v2_1)) && attacker_bitstring(K_6) && attacker_bitstring(v2_1) -> event(Accept(K_6,v2_1,s2[],s3[],s1[])) && event(Accept(K_6,v2_1,s3[],s2[],s0[]))
goal reachable: b-event(Signed(s3[],K_6,v2_1)) && b-event(Signed(s2[],K_6,v2_1)) && attacker_bitstring(K_6) && attacker_bitstring(v2_1) -> event(Accept(K_6,v2_1,s2[],s3[],s1[])) && event(Accept(K_6,v2_1,s3[],s1[],s2[]))
goal reachable: b-event(Signed(s2[],K_6,v2_1)) && b-event(Signed(s3[],K_6,v2_1)) && attacker_bitstring(K_6) && attacker_bitstring(v2_1) -> event(Accept(K_6,v2_1,s2[],s3[],s1[])) && event(Accept(K_6,v2_1,s3[],s1[],s0[]))
goal reachable: b-event(Signed(s3[],K_6,v2_1)) && b-event(Signed(s2[],K_6,v2_1)) && attacker_bitstring(K_6) && attacker_bitstring(v2_1) -> event(Accept(K_6,v2_1,s2[],s3[],s1[])) && event(Accept(K_6,v2_1,s3[],s0[],s2[]))
goal reachable: b-event(Signed(s2[],K_6,v2_1)) && b-event(Signed(s3[],K_6,v2_1)) && attacker_bitstring(K_6) && attacker_bitstring(v2_1) -> event(Accept(K_6,v2_1,s2[],s3[],s1[])) && event(Accept(K_6,v2_1,s3[],s0[],s1[]))
goal reachable: b-event(Signed(s2[],K_6,v2_1)) && b-event(Signed(s3[],K_6,v2_1)) && attacker_bitstring(K_6) && attacker_bitstring(v2_1) -> event(Accept(K_6,v2_1,s2[],s3[],s1[])) && event(Accept(K_6,v2_1,s2[],s3[],s1[]))
goal reachable: b-event(Signed(s2[],K_6,v2_1)) && b-event(Signed(s3[],K_6,v2_1)) && attacker_bitstring(K_6) && attacker_bitstring(v2_1) -> event(Accept(K_6,v2_1,s2[],s3[],s1[])) && event(Accept(K_6,v2_1,s2[],s3[],s0[]))
goal reachable: b-event(Signed(s2[],K_6,v2_1)) && b-event(Signed(s3[],K_6,v2_1)) && attacker_bitstring(K_6) && attacker_bitstring(v2_1) -> event(Accept(K_6,v2_1,s2[],s3[],s1[])) && event(Accept(K_6,v2_1,s2[],s1[],s3[]))
goal reachable: b-event(Signed(s3[],K_6,v2_1)) && b-event(Signed(s2[],K_6,v2_1)) && attacker_bitstring(K_6) && attacker_bitstring(v2_1) -> event(Accept(K_6,v2_1,s2[],s3[],s1[])) && event(Accept(K_6,v2_1,s2[],s1[],s0[]))
goal reachable: b-event(Signed(s2[],K_6,v2_1)) && b-event(Signed(s3[],K_6,v2_1)) && attacker_bitstring(K_6) && attacker_bitstring(v2_1) -> event(Accept(K_6,v2_1,s2[],s3[],s1[])) && event(Accept(K_6,v2_1,s2[],s0[],s3[]))
goal reachable: b-event(Signed(s3[],K_6,v2_1)) && b-event(Signed(s2[],K_6,v2_1)) && attacker_bitstring(K_6) && attacker_bitstring(v2_1) -> event(Accept(K_6,v2_1,s2[],s3[],s1[])) && event(Accept(K_6,v2_1,s2[],s0[],s1[]))
goal reachable: b-event(Signed(s3[],K_6,v2_1)) && b-event(Signed(s2[],K_6,v2_1)) && attacker_bitstring(K_6) && attacker_bitstring(v2_1) -> event(Accept(K_6,v2_1,s2[],s3[],s1[])) && event(Accept(K_6,v2_1,s1[],s3[],s2[]))
goal reachable: b-event(Signed(s2[],K_6,v2_1)) && b-event(Signed(s3[],K_6,v2_1)) && attacker_bitstring(K_6) && attacker_bitstring(v2_1) -> event(Accept(K_6,v2_1,s2[],s3[],s1[])) && event(Accept(K_6,v2_1,s1[],s3[],s0[]))
goal reachable: b-event(Signed(s2[],K_6,v2_1)) && b-event(Signed(s3[],K_6,v2_1)) && attacker_bitstring(K_6) && attacker_bitstring(v2_1) -> event(Accept(K_6,v2_1,s2[],s3[],s1[])) && event(Accept(K_6,v2_1,s1[],s2[],s3[]))
goal reachable: b-event(Signed(s3[],K_6,v2_1)) && b-event(Signed(s2[],K_6,v2_1)) && attacker_bitstring(K_6) && attacker_bitstring(v2_1) -> event(Accept(K_6,v2_1,s2[],s3[],s1[])) && event(Accept(K_6,v2_1,s1[],s2[],s0[]))
goal reachable: b-event(Signed(s2[],K_6,v2_1)) && b-event(Signed(s3[],K_6,v2_1)) && attacker_bitstring(K_6) && attacker_bitstring(v2_1) -> event(Accept(K_6,v2_1,s2[],s3[],s1[])) && event(Accept(K_6,v2_1,s1[],s0[],s3[]))
goal reachable: b-event(Signed(s3[],K_6,v2_1)) && b-event(Signed(s2[],K_6,v2_1)) && attacker_bitstring(K_6) && attacker_bitstring(v2_1) -> event(Accept(K_6,v2_1,s2[],s3[],s1[])) && event(Accept(K_6,v2_1,s1[],s0[],s2[]))
goal reachable: b-event(Signed(s3[],K_6,v2_1)) && b-event(Signed(s2[],K_6,v2_1)) && attacker_bitstring(K_6) && attacker_bitstring(v2_1) -> event(Accept(K_6,v2_1,s2[],s3[],s1[])) && event(Accept(K_6,v2_1,s0[],s3[],s2[]))
goal reachable: b-event(Signed(s2[],K_6,v2_1)) && b-event(Signed(s3[],K_6,v2_1)) && attacker_bitstring(K_6) && attacker_bitstring(v2_1) -> event(Accept(K_6,v2_1,s2[],s3[],s1[])) && event(Accept(K_6,v2_1,s0[],s3[],s1[]))
goal reachable: b-event(Signed(s2[],K_6,v2_1)) && b-event(Signed(s3[],K_6,v2_1)) && attacker_bitstring(K_6) && attacker_bitstring(v2_1) -> event(Accept(K_6,v2_1,s2[],s3[],s1[])) && event(Accept(K_6,v2_1,s0[],s2[],s3[]))
goal reachable: b-event(Signed(s3[],K_6,v2_1)) && b-event(Signed(s2[],K_6,v2_1)) && attacker_bitstring(K_6) && attacker_bitstring(v2_1) -> event(Accept(K_6,v2_1,s2[],s3[],s1[])) && event(Accept(K_6,v2_1,s0[],s2[],s1[]))
goal reachable: b-event(Signed(s2[],K_6,v2_1)) && b-event(Signed(s3[],K_6,v2_1)) && attacker_bitstring(K_6) && attacker_bitstring(v2_1) -> event(Accept(K_6,v2_1,s2[],s3[],s1[])) && event(Accept(K_6,v2_1,s0[],s1[],s3[]))
goal reachable: b-event(Signed(s3[],K_6,v2_1)) && b-event(Signed(s2[],K_6,v2_1)) && attacker_bitstring(K_6) && attacker_bitstring(v2_1) -> event(Accept(K_6,v2_1,s2[],s3[],s1[])) && event(Accept(K_6,v2_1,s0[],s1[],s2[]))
goal reachable: b-event(Signed(s3[],K_6,v2_1)) && b-event(Signed(s2[],K_6,v2_1)) && attacker_bitstring(K_6) && attacker_bitstring(v2_1) -> event(Accept(K_6,v2_1,s2[],s3[],s0[])) && event(Accept(K_6,v2_1,s3[],s2[],s1[]))
goal reachable: b-event(Signed(s3[],K_6,v2_1)) && b-event(Signed(s2[],K_6,v2_1)) && attacker_bitstring(K_6) && attacker_bitstring(v2_1) -> event(Accept(K_6,v2_1,s2[],s3[],s0[])) && event(Accept(K_6,v2_1,s3[],s2[],s0[]))
goal reachable: b-event(Signed(s3[],K_6,v2_1)) && b-event(Signed(s2[],K_6,v2_1)) && attacker_bitstring(K_6) && attacker_bitstring(v2_1) -> event(Accept(K_6,v2_1,s2[],s3[],s0[])) && event(Accept(K_6,v2_1,s3[],s1[],s2[]))
goal reachable: b-event(Signed(s2[],K_6,v2_1)) && b-event(Signed(s3[],K_6,v2_1)) && attacker_bitstring(K_6) && attacker_bitstring(v2_1) -> event(Accept(K_6,v2_1,s2[],s3[],s0[])) && event(Accept(K_6,v2_1,s3[],s1[],s0[]))
goal reachable: b-event(Signed(s3[],K_6,v2_1)) && b-event(Signed(s2[],K_6,v2_1)) && attacker_bitstring(K_6) && attacker_bitstring(v2_1) -> event(Accept(K_6,v2_1,s2[],s3[],s0[])) && event(Accept(K_6,v2_1,s3[],s0[],s2[]))
goal reachable: b-event(Signed(s2[],K_6,v2_1)) && b-event(Signed(s3[],K_6,v2_1)) && attacker_bitstring(K_6) && attacker_bitstring(v2_1) -> event(Accept(K_6,v2_1,s2[],s3[],s0[])) && event(Accept(K_6,v2_1,s3[],s0[],s1[]))
goal reachable: b-event(Signed(s2[],K_6,v2_1)) && b-event(Signed(s3[],K_6,v2_1)) && attacker_bitstring(K_6) && attacker_bitstring(v2_1) -> event(Accept(K_6,v2_1,s2[],s3[],s0[])) && event(Accept(K_6,v2_1,s2[],s3[],s1[]))
goal reachable: b-event(Signed(s2[],K_6,v2_1)) && b-event(Signed(s3[],K_6,v2_1)) && attacker_bitstring(K_6) && attacker_bitstring(v2_1) -> event(Accept(K_6,v2_1,s2[],s3[],s0[])) && event(Accept(K_6,v2_1,s2[],s3[],s0[]))
goal reachable: b-event(Signed(s2[],K_6,v2_1)) && b-event(Signed(s3[],K_6,v2_1)) && attacker_bitstring(K_6) && attacker_bitstring(v2_1) -> event(Accept(K_6,v2_1,s2[],s3[],s0[])) && event(Accept(K_6,v2_1,s2[],s1[],s3[]))
goal reachable: b-event(Signed(s3[],K_6,v2_1)) && b-event(Signed(s2[],K_6,v2_1)) && attacker_bitstring(K_6) && attacker_bitstring(v2_1) -> event(Accept(K_6,v2_1,s2[],s3[],s0[])) && event(Accept(K_6,v2_1,s2[],s1[],s0[]))
goal reachable: b-event(Signed(s2[],K_6,v2_1)) && b-event(Signed(s3[],K_6,v2_1)) && attacker_bitstring(K_6) && attacker_bitstring(v2_1) -> event(Accept(K_6,v2_1,s2[],s3[],s0[])) && event(Accept(K_6,v2_1,s2[],s0[],s3[]))
goal reachable: b-event(Signed(s3[],K_6,v2_1)) && b-event(Signed(s2[],K_6,v2_1)) && attacker_bitstring(K_6) && attacker_bitstring(v2_1) -> event(Accept(K_6,v2_1,s2[],s3[],s0[])) && event(Accept(K_6,v2_1,s2[],s0[],s1[]))
goal reachable: b-event(Signed(s3[],K_6,v2_1)) && b-event(Signed(s2[],K_6,v2_1)) && attacker_bitstring(K_6) && attacker_bitstring(v2_1) -> event(Accept(K_6,v2_1,s2[],s3[],s0[])) && event(Accept(K_6,v2_1,s1[],s3[],s2[]))
goal reachable: b-event(Signed(s2[],K_6,v2_1)) && b-event(Signed(s3[],K_6,v2_1)) && attacker_bitstring(K_6) && attacker_bitstring(v2_1) -> event(Accept(K_6,v2_1,s2[],s3[],s0[])) && event(Accept(K_6,v2_1,s1[],s3[],s0[]))
goal reachable: b-event(Signed(s2[],K_6,v2_1)) && b-event(Signed(s3[],K_6,v2_1)) && attacker_bitstring(K_6) && attacker_bitstring(v2_1) -> event(Accept(K_6,v2_1,s2[],s3[],s0[])) && event(Accept(K_6,v2_1,s1[],s2[],s3[]))
goal reachable: b-event(Signed(s3[],K_6,v2_1)) && b-event(Signed(s2[],K_6,v2_1)) && attacker_bitstring(K_6) && attacker_bitstring(v2_1) -> event(Accept(K_6,v2_1,s2[],s3[],s0[])) && event(Accept(K_6,v2_1,s1[],s2[],s0[]))
goal reachable: b-event(Signed(s2[],K_6,v2_1)) && b-event(Signed(s3[],K_6,v2_1)) && attacker_bitstring(K_6) && attacker_bitstring(v2_1) -> event(Accept(K_6,v2_1,s2[],s3[],s0[])) && event(Accept(K_6,v2_1,s1[],s0[],s3[]))
goal reachable: b-event(Signed(s3[],K_6,v2_1)) && b-event(Signed(s2[],K_6,v2_1)) && attacker_bitstring(K_6) && attacker_bitstring(v2_1) -> event(Accept(K_6,v2_1,s2[],s3[],s0[])) && event(Accept(K_6,v2_1,s1[],s0[],s2[]))
goal reachable: b-event(Signed(s3[],K_6,v2_1)) && b-event(Signed(s2[],K_6,v2_1)) && attacker_bitstring(K_6) && attacker_bitstring(v2_1) -> event(Accept(K_6,v2_1,s2[],s3[],s0[])) && event(Accept(K_6,v2_1,s0[],s3[],s2[]))
goal reachable: b-event(Signed(s2[],K_6,v2_1)) && b-event(Signed(s3[],K_6,v2_1)) && attacker_bitstring(K_6) && attacker_bitstring(v2_1) -> event(Accept(K_6,v2_1,s2[],s3[],s0[])) && event(Accept(K_6,v2_1,s0[],s3[],s1[]))
goal reachable: b-event(Signed(s2[],K_6,v2_1)) && b-event(Signed(s3[],K_6,v2_1)) && attacker_bitstring(K_6) && attacker_bitstring(v2_1) -> event(Accept(K_6,v2_1,s2[],s3[],s0[])) && event(Accept(K_6,v2_1,s0[],s2[],s3[]))
goal reachable: b-event(Signed(s3[],K_6,v2_1)) && b-event(Signed(s2[],K_6,v2_1)) && attacker_bitstring(K_6) && attacker_bitstring(v2_1) -> event(Accept(K_6,v2_1,s2[],s3[],s0[])) && event(Accept(K_6,v2_1,s0[],s2[],s1[]))
goal reachable: b-event(Signed(s2[],K_6,v2_1)) && b-event(Signed(s3[],K_6,v2_1)) && attacker_bitstring(K_6) && attacker_bitstring(v2_1) -> event(Accept(K_6,v2_1,s2[],s3[],s0[])) && event(Accept(K_6,v2_1,s0[],s1[],s3[]))
goal reachable: b-event(Signed(s3[],K_6,v2_1)) && b-event(Signed(s2[],K_6,v2_1)) && attacker_bitstring(K_6) && attacker_bitstring(v2_1) -> event(Accept(K_6,v2_1,s2[],s3[],s0[])) && event(Accept(K_6,v2_1,s0[],s1[],s2[]))
goal reachable: b-event(Signed(s3[],K_6,v2_1)) && b-event(Signed(s2[],K_6,v2_1)) && attacker_bitstring(K_6) && attacker_bitstring(v2_1) -> event(Accept(K_6,v2_1,s2[],s1[],s3[])) && event(Accept(K_6,v2_1,s3[],s2[],s1[]))
goal reachable: b-event(Signed(s3[],K_6,v2_1)) && b-event(Signed(s2[],K_6,v2_1)) && attacker_bitstring(K_6) && attacker_bitstring(v2_1) -> event(Accept(K_6,v2_1,s2[],s1[],s3[])) && event(Accept(K_6,v2_1,s3[],s2[],s0[]))
goal reachable: b-event(Signed(s3[],K_6,v2_1)) && b-event(Signed(s2[],K_6,v2_1)) && attacker_bitstring(K_6) && attacker_bitstring(v2_1) -> event(Accept(K_6,v2_1,s2[],s1[],s3[])) && event(Accept(K_6,v2_1,s3[],s1[],s2[]))
goal reachable: b-event(Signed(s2[],K_6,v2_1)) && b-event(Signed(s3[],K_6,v2_1)) && attacker_bitstring(K_6) && attacker_bitstring(v2_1) -> event(Accept(K_6,v2_1,s2[],s1[],s3[])) && event(Accept(K_6,v2_1,s3[],s1[],s0[]))
goal reachable: b-event(Signed(s3[],K_6,v2_1)) && b-event(Signed(s2[],K_6,v2_1)) && attacker_bitstring(K_6) && attacker_bitstring(v2_1) -> event(Accept(K_6,v2_1,s2[],s1[],s3[])) && event(Accept(K_6,v2_1,s3[],s0[],s2[]))
goal reachable: b-event(Signed(s2[],K_6,v2_1)) && b-event(Signed(s3[],K_6,v2_1)) && attacker_bitstring(K_6) && attacker_bitstring(v2_1) -> event(Accept(K_6,v2_1,s2[],s1[],s3[])) && event(Accept(K_6,v2_1,s3[],s0[],s1[]))
goal reachable: b-event(Signed(s2[],K_6,v2_1)) && b-event(Signed(s3[],K_6,v2_1)) && attacker_bitstring(K_6) && attacker_bitstring(v2_1) -> event(Accept(K_6,v2_1,s2[],s1[],s3[])) && event(Accept(K_6,v2_1,s2[],s3[],s1[]))
goal reachable: b-event(Signed(s2[],K_6,v2_1)) && b-event(Signed(s3[],K_6,v2_1)) && attacker_bitstring(K_6) && attacker_bitstring(v2_1) -> event(Accept(K_6,v2_1,s2[],s1[],s3[])) && event(Accept(K_6,v2_1,s2[],s3[],s0[]))
goal reachable: b-event(Signed(s2[],K_6,v2_1)) && b-event(Signed(s3[],K_6,v2_1)) && attacker_bitstring(K_6) && attacker_bitstring(v2_1) -> event(Accept(K_6,v2_1,s2[],s1[],s3[])) && event(Accept(K_6,v2_1,s2[],s1[],s3[]))
goal reachable: b-event(Signed(s3[],K_6,v2_1)) && b-event(Signed(s2[],K_6,v2_1)) && attacker_bitstring(K_6) && attacker_bitstring(v2_1) -> event(Accept(K_6,v2_1,s2[],s1[],s3[])) && event(Accept(K_6,v2_1,s2[],s1[],s0[]))
goal reachable: b-event(Signed(s2[],K_6,v2_1)) && b-event(Signed(s3[],K_6,v2_1)) && attacker_bitstring(K_6) && attacker_bitstring(v2_1) -> event(Accept(K_6,v2_1,s2[],s1[],s3[])) && event(Accept(K_6,v2_1,s2[],s0[],s3[]))
goal reachable: b-event(Signed(s3[],K_6,v2_1)) && b-event(Signed(s2[],K_6,v2_1)) && attacker_bitstring(K_6) && attacker_bitstring(v2_1) -> event(Accept(K_6,v2_1,s2[],s1[],s3[])) && event(Accept(K_6,v2_1,s2[],s0[],s1[]))
goal reachable: b-event(Signed(s3[],K_6,v2_1)) && b-event(Signed(s2[],K_6,v2_1)) && attacker_bitstring(K_6) && attacker_bitstring(v2_1) -> event(Accept(K_6,v2_1,s2[],s1[],s3[])) && event(Accept(K_6,v2_1,s1[],s3[],s2[]))
goal reachable: b-event(Signed(s2[],K_6,v2_1)) && b-event(Signed(s3[],K_6,v2_1)) && attacker_bitstring(K_6) && attacker_bitstring(v2_1) -> event(Accept(K_6,v2_1,s2[],s1[],s3[])) && event(Accept(K_6,v2_1,s1[],s3[],s0[]))
goal reachable: b-event(Signed(s2[],K_6,v2_1)) && b-event(Signed(s3[],K_6,v2_1)) && attacker_bitstring(K_6) && attacker_bitstring(v2_1) -> event(Accept(K_6,v2_1,s2[],s1[],s3[])) && event(Accept(K_6,v2_1,s1[],s2[],s3[]))
goal reachable: b-event(Signed(s3[],K_6,v2_1)) && b-event(Signed(s2[],K_6,v2_1)) && attacker_bitstring(K_6) && attacker_bitstring(v2_1) -> event(Accept(K_6,v2_1,s2[],s1[],s3[])) && event(Accept(K_6,v2_1,s1[],s2[],s0[]))
goal reachable: b-event(Signed(s2[],K_6,v2_1)) && b-event(Signed(s3[],K_6,v2_1)) && attacker_bitstring(K_6) && attacker_bitstring(v2_1) -> event(Accept(K_6,v2_1,s2[],s1[],s3[])) && event(Accept(K_6,v2_1,s1[],s0[],s3[]))
goal reachable: b-event(Signed(s3[],K_6,v2_1)) && b-event(Signed(s2[],K_6,v2_1)) && attacker_bitstring(K_6) && attacker_bitstring(v2_1) -> event(Accept(K_6,v2_1,s2[],s1[],s3[])) && event(Accept(K_6,v2_1,s1[],s0[],s2[]))
goal reachable: b-event(Signed(s3[],K_6,v2_1)) && b-event(Signed(s2[],K_6,v2_1)) && attacker_bitstring(K_6) && attacker_bitstring(v2_1) -> event(Accept(K_6,v2_1,s2[],s1[],s3[])) && event(Accept(K_6,v2_1,s0[],s3[],s2[]))
goal reachable: b-event(Signed(s2[],K_6,v2_1)) && b-event(Signed(s3[],K_6,v2_1)) && attacker_bitstring(K_6) && attacker_bitstring(v2_1) -> event(Accept(K_6,v2_1,s2[],s1[],s3[])) && event(Accept(K_6,v2_1,s0[],s3[],s1[]))
goal reachable: b-event(Signed(s2[],K_6,v2_1)) && b-event(Signed(s3[],K_6,v2_1)) && attacker_bitstring(K_6) && attacker_bitstring(v2_1) -> event(Accept(K_6,v2_1,s2[],s1[],s3[])) && event(Accept(K_6,v2_1,s0[],s2[],s3[]))
goal reachable: b-event(Signed(s3[],K_6,v2_1)) && b-event(Signed(s2[],K_6,v2_1)) && attacker_bitstring(K_6) && attacker_bitstring(v2_1) -> event(Accept(K_6,v2_1,s2[],s1[],s3[])) && event(Accept(K_6,v2_1,s0[],s2[],s1[]))
goal reachable: b-event(Signed(s2[],K_6,v2_1)) && b-event(Signed(s3[],K_6,v2_1)) && attacker_bitstring(K_6) && attacker_bitstring(v2_1) -> event(Accept(K_6,v2_1,s2[],s1[],s3[])) && event(Accept(K_6,v2_1,s0[],s1[],s3[]))
goal reachable: b-event(Signed(s3[],K_6,v2_1)) && b-event(Signed(s2[],K_6,v2_1)) && attacker_bitstring(K_6) && attacker_bitstring(v2_1) -> event(Accept(K_6,v2_1,s2[],s1[],s3[])) && event(Accept(K_6,v2_1,s0[],s1[],s2[]))
goal reachable: b-event(Signed(s3[],K_6,v2_1)) && b-event(Signed(s2[],K_6,v2_1)) && attacker_bitstring(K_6) && attacker_bitstring(v2_1) -> event(Accept(K_6,v2_1,s2[],s1[],s0[])) && event(Accept(K_6,v2_1,s3[],s2[],s1[]))
goal reachable: b-event(Signed(s3[],K_6,v2_1)) && b-event(Signed(s2[],K_6,v2_1)) && attacker_bitstring(K_6) && attacker_bitstring(v2_1) -> event(Accept(K_6,v2_1,s2[],s1[],s0[])) && event(Accept(K_6,v2_1,s3[],s2[],s0[]))
goal reachable: b-event(Signed(s3[],K_6,v2_1)) && b-event(Signed(s2[],K_6,v2_1)) && attacker_bitstring(K_6) && attacker_bitstring(v2_1) -> event(Accept(K_6,v2_1,s2[],s1[],s0[])) && event(Accept(K_6,v2_1,s3[],s1[],s2[]))
goal reachable: b-event(Signed(s2[],K_6,v1_1)) && attacker_bitstring(v1_1) && b-event(Signed(s3[],K_6,v2_1)) && attacker_bitstring(K_6) && attacker_bitstring(v2_1) -> event(Accept(K_6,v1_1,s2[],s1[],s0[])) && event(Accept(K_6,v2_1,s3[],s1[],s0[]))
goal reachable: b-event(Signed(s3[],K_6,v2_1)) && b-event(Signed(s2[],K_6,v2_1)) && attacker_bitstring(K_6) && attacker_bitstring(v2_1) -> event(Accept(K_6,v2_1,s2[],s1[],s0[])) && event(Accept(K_6,v2_1,s3[],s0[],s2[]))
goal reachable: b-event(Signed(s2[],K_6,v1_1)) && attacker_bitstring(v1_1) && b-event(Signed(s3[],K_6,v2_1)) && attacker_bitstring(K_6) && attacker_bitstring(v2_1) -> event(Accept(K_6,v1_1,s2[],s1[],s0[])) && event(Accept(K_6,v2_1,s3[],s0[],s1[]))
goal reachable: b-event(Signed(s2[],K_6,v2_1)) && b-event(Signed(s3[],K_6,v2_1)) && attacker_bitstring(K_6) && attacker_bitstring(v2_1) -> event(Accept(K_6,v2_1,s2[],s1[],s0[])) && event(Accept(K_6,v2_1,s2[],s3[],s1[]))
goal reachable: b-event(Signed(s2[],K_6,v2_1)) && b-event(Signed(s3[],K_6,v2_1)) && attacker_bitstring(K_6) && attacker_bitstring(v2_1) -> event(Accept(K_6,v2_1,s2[],s1[],s0[])) && event(Accept(K_6,v2_1,s2[],s3[],s0[]))
goal reachable: b-event(Signed(s2[],K_6,v2_1)) && b-event(Signed(s3[],K_6,v2_1)) && attacker_bitstring(K_6) && attacker_bitstring(v2_1) -> event(Accept(K_6,v2_1,s2[],s1[],s0[])) && event(Accept(K_6,v2_1,s2[],s1[],s3[]))
goal reachable: b-event(Signed(s2[],K_6,v2_1)) && attacker_bitstring(K_6) && attacker_bitstring(v2_1) -> event(Accept(K_6,v2_1,s2[],s1[],s0[])) && event(Accept(K_6,v2_1,s2[],s1[],s0[]))
goal reachable: b-event(Signed(s2[],K_6,v2_1)) && b-event(Signed(s3[],K_6,v2_1)) && attacker_bitstring(K_6) && attacker_bitstring(v2_1) -> event(Accept(K_6,v2_1,s2[],s1[],s0[])) && event(Accept(K_6,v2_1,s2[],s0[],s3[]))
goal reachable: b-event(Signed(s2[],K_6,v2_1)) && attacker_bitstring(K_6) && attacker_bitstring(v2_1) -> event(Accept(K_6,v2_1,s2[],s1[],s0[])) && event(Accept(K_6,v2_1,s2[],s0[],s1[]))
goal reachable: b-event(Signed(s3[],K_6,v2_1)) && b-event(Signed(s2[],K_6,v2_1)) && attacker_bitstring(K_6) && attacker_bitstring(v2_1) -> event(Accept(K_6,v2_1,s2[],s1[],s0[])) && event(Accept(K_6,v2_1,s1[],s3[],s2[]))
goal reachable: b-event(Signed(s2[],K_6,v1_1)) && attacker_bitstring(v1_1) && b-event(Signed(s3[],K_6,v2_1)) && attacker_bitstring(K_6) && attacker_bitstring(v2_1) -> event(Accept(K_6,v1_1,s2[],s1[],s0[])) && event(Accept(K_6,v2_1,s1[],s3[],s0[]))
goal reachable: b-event(Signed(s2[],K_6,v2_1)) && b-event(Signed(s3[],K_6,v2_1)) && attacker_bitstring(K_6) && attacker_bitstring(v2_1) -> event(Accept(K_6,v2_1,s2[],s1[],s0[])) && event(Accept(K_6,v2_1,s1[],s2[],s3[]))
goal reachable: b-event(Signed(s2[],K_6,v2_1)) && attacker_bitstring(K_6) && attacker_bitstring(v2_1) -> event(Accept(K_6,v2_1,s2[],s1[],s0[])) && event(Accept(K_6,v2_1,s1[],s2[],s0[]))
goal reachable: b-event(Signed(s2[],K_6,v1_1)) && attacker_bitstring(v1_1) && b-event(Signed(s3[],K_6,v2_1)) && attacker_bitstring(K_6) && attacker_bitstring(v2_1) -> event(Accept(K_6,v1_1,s2[],s1[],s0[])) && event(Accept(K_6,v2_1,s1[],s0[],s3[]))
goal reachable: b-event(Signed(s2[],K_6,v2_1)) && attacker_bitstring(K_6) && attacker_bitstring(v2_1) -> event(Accept(K_6,v2_1,s2[],s1[],s0[])) && event(Accept(K_6,v2_1,s1[],s0[],s2[]))
goal reachable: b-event(Signed(s3[],K_6,v2_1)) && b-event(Signed(s2[],K_6,v2_1)) && attacker_bitstring(K_6) && attacker_bitstring(v2_1) -> event(Accept(K_6,v2_1,s2[],s1[],s0[])) && event(Accept(K_6,v2_1,s0[],s3[],s2[]))
goal reachable: b-event(Signed(s2[],K_6,v1_1)) && attacker_bitstring(v1_1) && b-event(Signed(s3[],K_6,v2_1)) && attacker_bitstring(K_6) && attacker_bitstring(v2_1) -> event(Accept(K_6,v1_1,s2[],s1[],s0[])) && event(Accept(K_6,v2_1,s0[],s3[],s1[]))
goal reachable: b-event(Signed(s2[],K_6,v2_1)) && b-event(Signed(s3[],K_6,v2_1)) && attacker_bitstring(K_6) && attacker_bitstring(v2_1) -> event(Accept(K_6,v2_1,s2[],s1[],s0[])) && event(Accept(K_6,v2_1,s0[],s2[],s3[]))
goal reachable: b-event(Signed(s2[],K_6,v2_1)) && attacker_bitstring(K_6) && attacker_bitstring(v2_1) -> event(Accept(K_6,v2_1,s2[],s1[],s0[])) && event(Accept(K_6,v2_1,s0[],s2[],s1[]))
goal reachable: b-event(Signed(s2[],K_6,v1_1)) && attacker_bitstring(v1_1) && b-event(Signed(s3[],K_6,v2_1)) && attacker_bitstring(K_6) && attacker_bitstring(v2_1) -> event(Accept(K_6,v1_1,s2[],s1[],s0[])) && event(Accept(K_6,v2_1,s0[],s1[],s3[]))
goal reachable: b-event(Signed(s2[],K_6,v2_1)) && attacker_bitstring(K_6) && attacker_bitstring(v2_1) -> event(Accept(K_6,v2_1,s2[],s1[],s0[])) && event(Accept(K_6,v2_1,s0[],s1[],s2[]))
goal reachable: b-event(Signed(s3[],K_6,v2_1)) && b-event(Signed(s2[],K_6,v2_1)) && attacker_bitstring(K_6) && attacker_bitstring(v2_1) -> event(Accept(K_6,v2_1,s2[],s0[],s3[])) && event(Accept(K_6,v2_1,s3[],s2[],s1[]))
goal reachable: b-event(Signed(s3[],K_6,v2_1)) && b-event(Signed(s2[],K_6,v2_1)) && attacker_bitstring(K_6) && attacker_bitstring(v2_1) -> event(Accept(K_6,v2_1,s2[],s0[],s3[])) && event(Accept(K_6,v2_1,s3[],s2[],s0[]))
goal reachable: b-event(Signed(s3[],K_6,v2_1)) && b-event(Signed(s2[],K_6,v2_1)) && attacker_bitstring(K_6) && attacker_bitstring(v2_1) -> event(Accept(K_6,v2_1,s2[],s0[],s3[])) && event(Accept(K_6,v2_1,s3[],s1[],s2[]))
goal reachable: b-event(Signed(s2[],K_6,v2_1)) && b-event(Signed(s3[],K_6,v2_1)) && attacker_bitstring(K_6) && attacker_bitstring(v2_1) -> event(Accept(K_6,v2_1,s2[],s0[],s3[])) && event(Accept(K_6,v2_1,s3[],s1[],s0[]))
goal reachable: b-event(Signed(s3[],K_6,v2_1)) && b-event(Signed(s2[],K_6,v2_1)) && attacker_bitstring(K_6) && attacker_bitstring(v2_1) -> event(Accept(K_6,v2_1,s2[],s0[],s3[])) && event(Accept(K_6,v2_1,s3[],s0[],s2[]))
goal reachable: b-event(Signed(s2[],K_6,v2_1)) && b-event(Signed(s3[],K_6,v2_1)) && attacker_bitstring(K_6) && attacker_bitstring(v2_1) -> event(Accept(K_6,v2_1,s2[],s0[],s3[])) && event(Accept(K_6,v2_1,s3[],s0[],s1[]))
goal reachable: b-event(Signed(s2[],K_6,v2_1)) && b-event(Signed(s3[],K_6,v2_1)) && attacker_bitstring(K_6) && attacker_bitstring(v2_1) -> event(Accept(K_6,v2_1,s2[],s0[],s3[])) && event(Accept(K_6,v2_1,s2[],s3[],s1[]))
goal reachable: b-event(Signed(s2[],K_6,v2_1)) && b-event(Signed(s3[],K_6,v2_1)) && attacker_bitstring(K_6) && attacker_bitstring(v2_1) -> event(Accept(K_6,v2_1,s2[],s0[],s3[])) && event(Accept(K_6,v2_1,s2[],s3[],s0[]))
goal reachable: b-event(Signed(s2[],K_6,v2_1)) && b-event(Signed(s3[],K_6,v2_1)) && attacker_bitstring(K_6) && attacker_bitstring(v2_1) -> event(Accept(K_6,v2_1,s2[],s0[],s3[])) && event(Accept(K_6,v2_1,s2[],s1[],s3[]))
goal reachable: b-event(Signed(s3[],K_6,v2_1)) && b-event(Signed(s2[],K_6,v2_1)) && attacker_bitstring(K_6) && attacker_bitstring(v2_1) -> event(Accept(K_6,v2_1,s2[],s0[],s3[])) && event(Accept(K_6,v2_1,s2[],s1[],s0[]))
goal reachable: b-event(Signed(s2[],K_6,v2_1)) && b-event(Signed(s3[],K_6,v2_1)) && attacker_bitstring(K_6) && attacker_bitstring(v2_1) -> event(Accept(K_6,v2_1,s2[],s0[],s3[])) && event(Accept(K_6,v2_1,s2[],s0[],s3[]))
goal reachable: b-event(Signed(s3[],K_6,v2_1)) && b-event(Signed(s2[],K_6,v2_1)) && attacker_bitstring(K_6) && attacker_bitstring(v2_1) -> event(Accept(K_6,v2_1,s2[],s0[],s3[])) && event(Accept(K_6,v2_1,s2[],s0[],s1[]))
goal reachable: b-event(Signed(s3[],K_6,v2_1)) && b-event(Signed(s2[],K_6,v2_1)) && attacker_bitstring(K_6) && attacker_bitstring(v2_1) -> event(Accept(K_6,v2_1,s2[],s0[],s3[])) && event(Accept(K_6,v2_1,s1[],s3[],s2[]))
goal reachable: b-event(Signed(s2[],K_6,v2_1)) && b-event(Signed(s3[],K_6,v2_1)) && attacker_bitstring(K_6) && attacker_bitstring(v2_1) -> event(Accept(K_6,v2_1,s2[],s0[],s3[])) && event(Accept(K_6,v2_1,s1[],s3[],s0[]))
goal reachable: b-event(Signed(s2[],K_6,v2_1)) && b-event(Signed(s3[],K_6,v2_1)) && attacker_bitstring(K_6) && attacker_bitstring(v2_1) -> event(Accept(K_6,v2_1,s2[],s0[],s3[])) && event(Accept(K_6,v2_1,s1[],s2[],s3[]))
goal reachable: b-event(Signed(s3[],K_6,v2_1)) && b-event(Signed(s2[],K_6,v2_1)) && attacker_bitstring(K_6) && attacker_bitstring(v2_1) -> event(Accept(K_6,v2_1,s2[],s0[],s3[])) && event(Accept(K_6,v2_1,s1[],s2[],s0[]))
goal reachable: b-event(Signed(s2[],K_6,v2_1)) && b-event(Signed(s3[],K_6,v2_1)) && attacker_bitstring(K_6) && attacker_bitstring(v2_1) -> event(Accept(K_6,v2_1,s2[],s0[],s3[])) && event(Accept(K_6,v2_1,s1[],s0[],s3[]))
goal reachable: b-event(Signed(s3[],K_6,v2_1)) && b-event(Signed(s2[],K_6,v2_1)) && attacker_bitstring(K_6) && attacker_bitstring(v2_1) -> event(Accept(K_6,v2_1,s2[],s0[],s3[])) && event(Accept(K_6,v2_1,s1[],s0[],s2[]))
goal reachable: b-event(Signed(s3[],K_6,v2_1)) && b-event(Signed(s2[],K_6,v2_1)) && attacker_bitstring(K_6) && attacker_bitstring(v2_1) -> event(Accept(K_6,v2_1,s2[],s0[],s3[])) && event(Accept(K_6,v2_1,s0[],s3[],s2[]))
goal reachable: b-event(Signed(s2[],K_6,v2_1)) && b-event(Signed(s3[],K_6,v2_1)) && attacker_bitstring(K_6) && attacker_bitstring(v2_1) -> event(Accept(K_6,v2_1,s2[],s0[],s3[])) && event(Accept(K_6,v2_1,s0[],s3[],s1[]))
goal reachable: b-event(Signed(s2[],K_6,v2_1)) && b-event(Signed(s3[],K_6,v2_1)) && attacker_bitstring(K_6) && attacker_bitstring(v2_1) -> event(Accept(K_6,v2_1,s2[],s0[],s3[])) && event(Accept(K_6,v2_1,s0[],s2[],s3[]))
goal reachable: b-event(Signed(s3[],K_6,v2_1)) && b-event(Signed(s2[],K_6,v2_1)) && attacker_bitstring(K_6) && attacker_bitstring(v2_1) -> event(Accept(K_6,v2_1,s2[],s0[],s3[])) && event(Accept(K_6,v2_1,s0[],s2[],s1[]))
goal reachable: b-event(Signed(s2[],K_6,v2_1)) && b-event(Signed(s3[],K_6,v2_1)) && attacker_bitstring(K_6) && attacker_bitstring(v2_1) -> event(Accept(K_6,v2_1,s2[],s0[],s3[])) && event(Accept(K_6,v2_1,s0[],s1[],s3[]))
goal reachable: b-event(Signed(s3[],K_6,v2_1)) && b-event(Signed(s2[],K_6,v2_1)) && attacker_bitstring(K_6) && attacker_bitstring(v2_1) -> event(Accept(K_6,v2_1,s2[],s0[],s3[])) && event(Accept(K_6,v2_1,s0[],s1[],s2[]))
goal reachable: b-event(Signed(s3[],K_6,v2_1)) && b-event(Signed(s2[],K_6,v2_1)) && attacker_bitstring(K_6) && attacker_bitstring(v2_1) -> event(Accept(K_6,v2_1,s2[],s0[],s1[])) && event(Accept(K_6,v2_1,s3[],s2[],s1[]))
goal reachable: b-event(Signed(s3[],K_6,v2_1)) && b-event(Signed(s2[],K_6,v2_1)) && attacker_bitstring(K_6) && attacker_bitstring(v2_1) -> event(Accept(K_6,v2_1,s2[],s0[],s1[])) && event(Accept(K_6,v2_1,s3[],s2[],s0[]))
goal reachable: b-event(Signed(s3[],K_6,v2_1)) && b-event(Signed(s2[],K_6,v2_1)) && attacker_bitstring(K_6) && attacker_bitstring(v2_1) -> event(Accept(K_6,v2_1,s2[],s0[],s1[])) && event(Accept(K_6,v2_1,s3[],s1[],s2[]))
goal reachable: b-event(Signed(s2[],K_6,v1_1)) && attacker_bitstring(v1_1) && b-event(Signed(s3[],K_6,v2_1)) && attacker_bitstring(K_6) && attacker_bitstring(v2_1) -> event(Accept(K_6,v1_1,s2[],s0[],s1[])) && event(Accept(K_6,v2_1,s3[],s1[],s0[]))
goal reachable: b-event(Signed(s3[],K_6,v2_1)) && b-event(Signed(s2[],K_6,v2_1)) && attacker_bitstring(K_6) && attacker_bitstring(v2_1) -> event(Accept(K_6,v2_1,s2[],s0[],s1[])) && event(Accept(K_6,v2_1,s3[],s0[],s2[]))
goal reachable: b-event(Signed(s2[],K_6,v1_1)) && attacker_bitstring(v1_1) && b-event(Signed(s3[],K_6,v2_1)) && attacker_bitstring(K_6) && attacker_bitstring(v2_1) -> event(Accept(K_6,v1_1,s2[],s0[],s1[])) && event(Accept(K_6,v2_1,s3[],s0[],s1[]))
goal reachable: b-event(Signed(s2[],K_6,v2_1)) && b-event(Signed(s3[],K_6,v2_1)) && attacker_bitstring(K_6) && attacker_bitstring(v2_1) -> event(Accept(K_6,v2_1,s2[],s0[],s1[])) && event(Accept(K_6,v2_1,s2[],s3[],s1[]))
goal reachable: b-event(Signed(s2[],K_6,v2_1)) && b-event(Signed(s3[],K_6,v2_1)) && attacker_bitstring(K_6) && attacker_bitstring(v2_1) -> event(Accept(K_6,v2_1,s2[],s0[],s1[])) && event(Accept(K_6,v2_1,s2[],s3[],s0[]))
goal reachable: b-event(Signed(s2[],K_6,v2_1)) && b-event(Signed(s3[],K_6,v2_1)) && attacker_bitstring(K_6) && attacker_bitstring(v2_1) -> event(Accept(K_6,v2_1,s2[],s0[],s1[])) && event(Accept(K_6,v2_1,s2[],s1[],s3[]))
goal reachable: b-event(Signed(s2[],K_6,v2_1)) && attacker_bitstring(K_6) && attacker_bitstring(v2_1) -> event(Accept(K_6,v2_1,s2[],s0[],s1[])) && event(Accept(K_6,v2_1,s2[],s1[],s0[]))
goal reachable: b-event(Signed(s2[],K_6,v2_1)) && b-event(Signed(s3[],K_6,v2_1)) && attacker_bitstring(K_6) && attacker_bitstring(v2_1) -> event(Accept(K_6,v2_1,s2[],s0[],s1[])) && event(Accept(K_6,v2_1,s2[],s0[],s3[]))
goal reachable: b-event(Signed(s2[],K_6,v2_1)) && attacker_bitstring(K_6) && attacker_bitstring(v2_1) -> event(Accept(K_6,v2_1,s2[],s0[],s1[])) && event(Accept(K_6,v2_1,s2[],s0[],s1[]))
goal reachable: b-event(Signed(s3[],K_6,v2_1)) && b-event(Signed(s2[],K_6,v2_1)) && attacker_bitstring(K_6) && attacker_bitstring(v2_1) -> event(Accept(K_6,v2_1,s2[],s0[],s1[])) && event(Accept(K_6,v2_1,s1[],s3[],s2[]))
goal reachable: b-event(Signed(s2[],K_6,v1_1)) && attacker_bitstring(v1_1) && b-event(Signed(s3[],K_6,v2_1)) && attacker_bitstring(K_6) && attacker_bitstring(v2_1) -> event(Accept(K_6,v1_1,s2[],s0[],s1[])) && event(Accept(K_6,v2_1,s1[],s3[],s0[]))
goal reachable: b-event(Signed(s2[],K_6,v2_1)) && b-event(Signed(s3[],K_6,v2_1)) && attacker_bitstring(K_6) && attacker_bitstring(v2_1) -> event(Accept(K_6,v2_1,s2[],s0[],s1[])) && event(Accept(K_6,v2_1,s1[],s2[],s3[]))
goal reachable: b-event(Signed(s2[],K_6,v2_1)) && attacker_bitstring(K_6) && attacker_bitstring(v2_1) -> event(Accept(K_6,v2_1,s2[],s0[],s1[])) && event(Accept(K_6,v2_1,s1[],s2[],s0[]))
goal reachable: b-event(Signed(s2[],K_6,v1_1)) && attacker_bitstring(v1_1) && b-event(Signed(s3[],K_6,v2_1)) && attacker_bitstring(K_6) && attacker_bitstring(v2_1) -> event(Accept(K_6,v1_1,s2[],s0[],s1[])) && event(Accept(K_6,v2_1,s1[],s0[],s3[]))
goal reachable: b-event(Signed(s2[],K_6,v2_1)) && attacker_bitstring(K_6) && attacker_bitstring(v2_1) -> event(Accept(K_6,v2_1,s2[],s0[],s1[])) && event(Accept(K_6,v2_1,s1[],s0[],s2[]))
goal reachable: b-event(Signed(s3[],K_6,v2_1)) && b-event(Signed(s2[],K_6,v2_1)) && attacker_bitstring(K_6) && attacker_bitstring(v2_1) -> event(Accept(K_6,v2_1,s2[],s0[],s1[])) && event(Accept(K_6,v2_1,s0[],s3[],s2[]))
goal reachable: b-event(Signed(s2[],K_6,v1_1)) && attacker_bitstring(v1_1) && b-event(Signed(s3[],K_6,v2_1)) && attacker_bitstring(K_6) && attacker_bitstring(v2_1) -> event(Accept(K_6,v1_1,s2[],s0[],s1[])) && event(Accept(K_6,v2_1,s0[],s3[],s1[]))
goal reachable: b-event(Signed(s2[],K_6,v2_1)) && b-event(Signed(s3[],K_6,v2_1)) && attacker_bitstring(K_6) && attacker_bitstring(v2_1) -> event(Accept(K_6,v2_1,s2[],s0[],s1[])) && event(Accept(K_6,v2_1,s0[],s2[],s3[]))
goal reachable: b-event(Signed(s2[],K_6,v2_1)) && attacker_bitstring(K_6) && attacker_bitstring(v2_1) -> event(Accept(K_6,v2_1,s2[],s0[],s1[])) && event(Accept(K_6,v2_1,s0[],s2[],s1[]))
goal reachable: b-event(Signed(s2[],K_6,v1_1)) && attacker_bitstring(v1_1) && b-event(Signed(s3[],K_6,v2_1)) && attacker_bitstring(K_6) && attacker_bitstring(v2_1) -> event(Accept(K_6,v1_1,s2[],s0[],s1[])) && event(Accept(K_6,v2_1,s0[],s1[],s3[]))
goal reachable: b-event(Signed(s2[],K_6,v2_1)) && attacker_bitstring(K_6) && attacker_bitstring(v2_1) -> event(Accept(K_6,v2_1,s2[],s0[],s1[])) && event(Accept(K_6,v2_1,s0[],s1[],s2[]))
goal reachable: b-event(Signed(s3[],K_6,v2_1)) && b-event(Signed(s2[],K_6,v2_1)) && attacker_bitstring(K_6) && attacker_bitstring(v2_1) -> event(Accept(K_6,v2_1,s1[],s3[],s2[])) && event(Accept(K_6,v2_1,s3[],s2[],s1[]))
goal reachable: b-event(Signed(s3[],K_6,v2_1)) && b-event(Signed(s2[],K_6,v2_1)) && attacker_bitstring(K_6) && attacker_bitstring(v2_1) -> event(Accept(K_6,v2_1,s1[],s3[],s2[])) && event(Accept(K_6,v2_1,s3[],s2[],s0[]))
goal reachable: b-event(Signed(s3[],K_6,v2_1)) && b-event(Signed(s2[],K_6,v2_1)) && attacker_bitstring(K_6) && attacker_bitstring(v2_1) -> event(Accept(K_6,v2_1,s1[],s3[],s2[])) && event(Accept(K_6,v2_1,s3[],s1[],s2[]))
goal reachable: b-event(Signed(s2[],K_6,v2_1)) && b-event(Signed(s3[],K_6,v2_1)) && attacker_bitstring(K_6) && attacker_bitstring(v2_1) -> event(Accept(K_6,v2_1,s1[],s3[],s2[])) && event(Accept(K_6,v2_1,s3[],s1[],s0[]))
goal reachable: b-event(Signed(s3[],K_6,v2_1)) && b-event(Signed(s2[],K_6,v2_1)) && attacker_bitstring(K_6) && attacker_bitstring(v2_1) -> event(Accept(K_6,v2_1,s1[],s3[],s2[])) && event(Accept(K_6,v2_1,s3[],s0[],s2[]))
goal reachable: b-event(Signed(s2[],K_6,v2_1)) && b-event(Signed(s3[],K_6,v2_1)) && attacker_bitstring(K_6) && attacker_bitstring(v2_1) -> event(Accept(K_6,v2_1,s1[],s3[],s2[])) && event(Accept(K_6,v2_1,s3[],s0[],s1[]))
goal reachable: b-event(Signed(s2[],K_6,v2_1)) && b-event(Signed(s3[],K_6,v2_1)) && attacker_bitstring(K_6) && attacker_bitstring(v2_1) -> event(Accept(K_6,v2_1,s1[],s3[],s2[])) && event(Accept(K_6,v2_1,s2[],s3[],s1[]))
goal reachable: b-event(Signed(s2[],K_6,v2_1)) && b-event(Signed(s3[],K_6,v2_1)) && attacker_bitstring(K_6) && attacker_bitstring(v2_1) -> event(Accept(K_6,v2_1,s1[],s3[],s2[])) && event(Accept(K_6,v2_1,s2[],s3[],s0[]))
goal reachable: b-event(Signed(s2[],K_6,v2_1)) && b-event(Signed(s3[],K_6,v2_1)) && attacker_bitstring(K_6) && attacker_bitstring(v2_1) -> event(Accept(K_6,v2_1,s1[],s3[],s2[])) && event(Accept(K_6,v2_1,s2[],s1[],s3[]))
goal reachable: b-event(Signed(s3[],K_6,v2_1)) && b-event(Signed(s2[],K_6,v2_1)) && attacker_bitstring(K_6) && attacker_bitstring(v2_1) -> event(Accept(K_6,v2_1,s1[],s3[],s2[])) && event(Accept(K_6,v2_1,s2[],s1[],s0[]))
goal reachable: b-event(Signed(s2[],K_6,v2_1)) && b-event(Signed(s3[],K_6,v2_1)) && attacker_bitstring(K_6) && attacker_bitstring(v2_1) -> event(Accept(K_6,v2_1,s1[],s3[],s2[])) && event(Accept(K_6,v2_1,s2[],s0[],s3[]))
goal reachable: b-event(Signed(s3[],K_6,v2_1)) && b-event(Signed(s2[],K_6,v2_1)) && attacker_bitstring(K_6) && attacker_bitstring(v2_1) -> event(Accept(K_6,v2_1,s1[],s3[],s2[])) && event(Accept(K_6,v2_1,s2[],s0[],s1[]))
goal reachable: b-event(Signed(s3[],K_6,v2_1)) && b-event(Signed(s2[],K_6,v2_1)) && attacker_bitstring(K_6) && attacker_bitstring(v2_1) -> event(Accept(K_6,v2_1,s1[],s3[],s2[])) && event(Accept(K_6,v2_1,s1[],s3[],s2[]))
goal reachable: b-event(Signed(s2[],K_6,v2_1)) && b-event(Signed(s3[],K_6,v2_1)) && attacker_bitstring(K_6) && attacker_bitstring(v2_1) -> event(Accept(K_6,v2_1,s1[],s3[],s2[])) && event(Accept(K_6,v2_1,s1[],s3[],s0[]))
goal reachable: b-event(Signed(s2[],K_6,v2_1)) && b-event(Signed(s3[],K_6,v2_1)) && attacker_bitstring(K_6) && attacker_bitstring(v2_1) -> event(Accept(K_6,v2_1,s1[],s3[],s2[])) && event(Accept(K_6,v2_1,s1[],s2[],s3[]))
goal reachable: b-event(Signed(s3[],K_6,v2_1)) && b-event(Signed(s2[],K_6,v2_1)) && attacker_bitstring(K_6) && attacker_bitstring(v2_1) -> event(Accept(K_6,v2_1,s1[],s3[],s2[])) && event(Accept(K_6,v2_1,s1[],s2[],s0[]))
goal reachable: b-event(Signed(s2[],K_6,v2_1)) && b-event(Signed(s3[],K_6,v2_1)) && attacker_bitstring(K_6) && attacker_bitstring(v2_1) -> event(Accept(K_6,v2_1,s1[],s3[],s2[])) && event(Accept(K_6,v2_1,s1[],s0[],s3[]))
goal reachable: b-event(Signed(s3[],K_6,v2_1)) && b-event(Signed(s2[],K_6,v2_1)) && attacker_bitstring(K_6) && attacker_bitstring(v2_1) -> event(Accept(K_6,v2_1,s1[],s3[],s2[])) && event(Accept(K_6,v2_1,s1[],s0[],s2[]))
goal reachable: b-event(Signed(s3[],K_6,v2_1)) && b-event(Signed(s2[],K_6,v2_1)) && attacker_bitstring(K_6) && attacker_bitstring(v2_1) -> event(Accept(K_6,v2_1,s1[],s3[],s2[])) && event(Accept(K_6,v2_1,s0[],s3[],s2[]))
goal reachable: b-event(Signed(s2[],K_6,v2_1)) && b-event(Signed(s3[],K_6,v2_1)) && attacker_bitstring(K_6) && attacker_bitstring(v2_1) -> event(Accept(K_6,v2_1,s1[],s3[],s2[])) && event(Accept(K_6,v2_1,s0[],s3[],s1[]))
goal reachable: b-event(Signed(s2[],K_6,v2_1)) && b-event(Signed(s3[],K_6,v2_1)) && attacker_bitstring(K_6) && attacker_bitstring(v2_1) -> event(Accept(K_6,v2_1,s1[],s3[],s2[])) && event(Accept(K_6,v2_1,s0[],s2[],s3[]))
goal reachable: b-event(Signed(s3[],K_6,v2_1)) && b-event(Signed(s2[],K_6,v2_1)) && attacker_bitstring(K_6) && attacker_bitstring(v2_1) -> event(Accept(K_6,v2_1,s1[],s3[],s2[])) && event(Accept(K_6,v2_1,s0[],s2[],s1[]))
goal reachable: b-event(Signed(s2[],K_6,v2_1)) && b-event(Signed(s3[],K_6,v2_1)) && attacker_bitstring(K_6) && attacker_bitstring(v2_1) -> event(Accept(K_6,v2_1,s1[],s3[],s2[])) && event(Accept(K_6,v2_1,s0[],s1[],s3[]))
goal reachable: b-event(Signed(s3[],K_6,v2_1)) && b-event(Signed(s2[],K_6,v2_1)) && attacker_bitstring(K_6) && attacker_bitstring(v2_1) -> event(Accept(K_6,v2_1,s1[],s3[],s2[])) && event(Accept(K_6,v2_1,s0[],s1[],s2[]))
goal reachable: b-event(Signed(s3[],K_6,v2_1)) && b-event(Signed(s2[],K_6,v2_1)) && attacker_bitstring(K_6) && attacker_bitstring(v2_1) -> event(Accept(K_6,v2_1,s1[],s3[],s0[])) && event(Accept(K_6,v2_1,s3[],s2[],s1[]))
goal reachable: b-event(Signed(s3[],K_6,v2_1)) && b-event(Signed(s2[],K_6,v2_1)) && attacker_bitstring(K_6) && attacker_bitstring(v2_1) -> event(Accept(K_6,v2_1,s1[],s3[],s0[])) && event(Accept(K_6,v2_1,s3[],s2[],s0[]))
goal reachable: b-event(Signed(s3[],K_6,v2_1)) && b-event(Signed(s2[],K_6,v2_1)) && attacker_bitstring(K_6) && attacker_bitstring(v2_1) -> event(Accept(K_6,v2_1,s1[],s3[],s0[])) && event(Accept(K_6,v2_1,s3[],s1[],s2[]))
goal reachable: b-event(Signed(s3[],K_6,v2_1)) && attacker_bitstring(K_6) && attacker_bitstring(v2_1) -> event(Accept(K_6,v2_1,s1[],s3[],s0[])) && event(Accept(K_6,v2_1,s3[],s1[],s0[]))
goal reachable: b-event(Signed(s3[],K_6,v2_1)) && b-event(Signed(s2[],K_6,v2_1)) && attacker_bitstring(K_6) && attacker_bitstring(v2_1) -> event(Accept(K_6,v2_1,s1[],s3[],s0[])) && event(Accept(K_6,v2_1,s3[],s0[],s2[]))
goal reachable: b-event(Signed(s3[],K_6,v2_1)) && attacker_bitstring(K_6) && attacker_bitstring(v2_1) -> event(Accept(K_6,v2_1,s1[],s3[],s0[])) && event(Accept(K_6,v2_1,s3[],s0[],s1[]))
goal reachable: b-event(Signed(s2[],K_6,v2_1)) && b-event(Signed(s3[],K_6,v2_1)) && attacker_bitstring(K_6) && attacker_bitstring(v2_1) -> event(Accept(K_6,v2_1,s1[],s3[],s0[])) && event(Accept(K_6,v2_1,s2[],s3[],s1[]))
goal reachable: b-event(Signed(s2[],K_6,v2_1)) && b-event(Signed(s3[],K_6,v2_1)) && attacker_bitstring(K_6) && attacker_bitstring(v2_1) -> event(Accept(K_6,v2_1,s1[],s3[],s0[])) && event(Accept(K_6,v2_1,s2[],s3[],s0[]))
goal reachable: b-event(Signed(s2[],K_6,v2_1)) && b-event(Signed(s3[],K_6,v2_1)) && attacker_bitstring(K_6) && attacker_bitstring(v2_1) -> event(Accept(K_6,v2_1,s1[],s3[],s0[])) && event(Accept(K_6,v2_1,s2[],s1[],s3[]))
goal reachable: b-event(Signed(s3[],K_6,v1_1)) && attacker_bitstring(v1_1) && b-event(Signed(s2[],K_6,v2_1)) && attacker_bitstring(K_6) && attacker_bitstring(v2_1) -> event(Accept(K_6,v1_1,s1[],s3[],s0[])) && event(Accept(K_6,v2_1,s2[],s1[],s0[]))
goal reachable: b-event(Signed(s2[],K_6,v2_1)) && b-event(Signed(s3[],K_6,v2_1)) && attacker_bitstring(K_6) && attacker_bitstring(v2_1) -> event(Accept(K_6,v2_1,s1[],s3[],s0[])) && event(Accept(K_6,v2_1,s2[],s0[],s3[]))
goal reachable: b-event(Signed(s3[],K_6,v1_1)) && attacker_bitstring(v1_1) && b-event(Signed(s2[],K_6,v2_1)) && attacker_bitstring(K_6) && attacker_bitstring(v2_1) -> event(Accept(K_6,v1_1,s1[],s3[],s0[])) && event(Accept(K_6,v2_1,s2[],s0[],s1[]))
goal reachable: b-event(Signed(s3[],K_6,v2_1)) && b-event(Signed(s2[],K_6,v2_1)) && attacker_bitstring(K_6) && attacker_bitstring(v2_1) -> event(Accept(K_6,v2_1,s1[],s3[],s0[])) && event(Accept(K_6,v2_1,s1[],s3[],s2[]))
goal reachable: b-event(Signed(s3[],K_6,v2_1)) && attacker_bitstring(K_6) && attacker_bitstring(v2_1) -> event(Accept(K_6,v2_1,s1[],s3[],s0[])) && event(Accept(K_6,v2_1,s1[],s3[],s0[]))
goal reachable: b-event(Signed(s2[],K_6,v2_1)) && b-event(Signed(s3[],K_6,v2_1)) && attacker_bitstring(K_6) && attacker_bitstring(v2_1) -> event(Accept(K_6,v2_1,s1[],s3[],s0[])) && event(Accept(K_6,v2_1,s1[],s2[],s3[]))
goal reachable: b-event(Signed(s3[],K_6,v1_1)) && attacker_bitstring(v1_1) && b-event(Signed(s2[],K_6,v2_1)) && attacker_bitstring(K_6) && attacker_bitstring(v2_1) -> event(Accept(K_6,v1_1,s1[],s3[],s0[])) && event(Accept(K_6,v2_1,s1[],s2[],s0[]))
goal reachable: b-event(Signed(s3[],K_6,v2_1)) && attacker_bitstring(K_6) && attacker_bitstring(v2_1) -> event(Accept(K_6,v2_1,s1[],s3[],s0[])) && event(Accept(K_6,v2_1,s1[],s0[],s3[]))
goal reachable: b-event(Signed(s3[],K_6,v1_1)) && attacker_bitstring(v1_1) && b-event(Signed(s2[],K_6,v2_1)) && attacker_bitstring(K_6) && attacker_bitstring(v2_1) -> event(Accept(K_6,v1_1,s1[],s3[],s0[])) && event(Accept(K_6,v2_1,s1[],s0[],s2[]))
goal reachable: b-event(Signed(s3[],K_6,v2_1)) && b-event(Signed(s2[],K_6,v2_1)) && attacker_bitstring(K_6) && attacker_bitstring(v2_1) -> event(Accept(K_6,v2_1,s1[],s3[],s0[])) && event(Accept(K_6,v2_1,s0[],s3[],s2[]))
goal reachable: b-event(Signed(s3[],K_6,v2_1)) && attacker_bitstring(K_6) && attacker_bitstring(v2_1) -> event(Accept(K_6,v2_1,s1[],s3[],s0[])) && event(Accept(K_6,v2_1,s0[],s3[],s1[]))
goal reachable: b-event(Signed(s2[],K_6,v2_1)) && b-event(Signed(s3[],K_6,v2_1)) && attacker_bitstring(K_6) && attacker_bitstring(v2_1) -> event(Accept(K_6,v2_1,s1[],s3[],s0[])) && event(Accept(K_6,v2_1,s0[],s2[],s3[]))
goal reachable: b-event(Signed(s3[],K_6,v1_1)) && attacker_bitstring(v1_1) && b-event(Signed(s2[],K_6,v2_1)) && attacker_bitstring(K_6) && attacker_bitstring(v2_1) -> event(Accept(K_6,v1_1,s1[],s3[],s0[])) && event(Accept(K_6,v2_1,s0[],s2[],s1[]))
goal reachable: b-event(Signed(s3[],K_6,v2_1)) && attacker_bitstring(K_6) && attacker_bitstring(v2_1) -> event(Accept(K_6,v2_1,s1[],s3[],s0[])) && event(Accept(K_6,v2_1,s0[],s1[],s3[]))
goal reachable: b-event(Signed(s3[],K_6,v1_1)) && attacker_bitstring(v1_1) && b-event(Signed(s2[],K_6,v2_1)) && attacker_bitstring(K_6) && attacker_bitstring(v2_1) -> event(Accept(K_6,v1_1,s1[],s3[],s0[])) && event(Accept(K_6,v2_1,s0[],s1[],s2[]))
goal reachable: b-event(Signed(s3[],K_6,v2_1)) && b-event(Signed(s2[],K_6,v2_1)) && attacker_bitstring(K_6) && attacker_bitstring(v2_1) -> event(Accept(K_6,v2_1,s1[],s2[],s3[])) && event(Accept(K_6,v2_1,s3[],s2[],s1[]))
goal reachable: b-event(Signed(s3[],K_6,v2_1)) && b-event(Signed(s2[],K_6,v2_1)) && attacker_bitstring(K_6) && attacker_bitstring(v2_1) -> event(Accept(K_6,v2_1,s1[],s2[],s3[])) && event(Accept(K_6,v2_1,s3[],s2[],s0[]))
goal reachable: b-event(Signed(s3[],K_6,v2_1)) && b-event(Signed(s2[],K_6,v2_1)) && attacker_bitstring(K_6) && attacker_bitstring(v2_1) -> event(Accept(K_6,v2_1,s1[],s2[],s3[])) && event(Accept(K_6,v2_1,s3[],s1[],s2[]))
goal reachable: b-event(Signed(s2[],K_6,v2_1)) && b-event(Signed(s3[],K_6,v2_1)) && attacker_bitstring(K_6) && attacker_bitstring(v2_1) -> event(Accept(K_6,v2_1,s1[],s2[],s3[])) && event(Accept(K_6,v2_1,s3[],s1[],s0[]))
goal reachable: b-event(Signed(s3[],K_6,v2_1)) && b-event(Signed(s2[],K_6,v2_1)) && attacker_bitstring(K_6) && attacker_bitstring(v2_1) -> event(Accept(K_6,v2_1,s1[],s2[],s3[])) && event(Accept(K_6,v2_1,s3[],s0[],s2[]))
goal reachable: b-event(Signed(s2[],K_6,v2_1)) && b-event(Signed(s3[],K_6,v2_1)) && attacker_bitstring(K_6) && attacker_bitstring(v2_1) -> event(Accept(K_6,v2_1,s1[],s2[],s3[])) && event(Accept(K_6,v2_1,s3[],s0[],s1[]))
goal reachable: b-event(Signed(s2[],K_6,v2_1)) && b-event(Signed(s3[],K_6,v2_1)) && attacker_bitstring(K_6) && attacker_bitstring(v2_1) -> event(Accept(K_6,v2_1,s1[],s2[],s3[])) && event(Accept(K_6,v2_1,s2[],s3[],s1[]))
goal reachable: b-event(Signed(s2[],K_6,v2_1)) && b-event(Signed(s3[],K_6,v2_1)) && attacker_bitstring(K_6) && attacker_bitstring(v2_1) -> event(Accept(K_6,v2_1,s1[],s2[],s3[])) && event(Accept(K_6,v2_1,s2[],s3[],s0[]))
goal reachable: b-event(Signed(s2[],K_6,v2_1)) && b-event(Signed(s3[],K_6,v2_1)) && attacker_bitstring(K_6) && attacker_bitstring(v2_1) -> event(Accept(K_6,v2_1,s1[],s2[],s3[])) && event(Accept(K_6,v2_1,s2[],s1[],s3[]))
goal reachable: b-event(Signed(s3[],K_6,v2_1)) && b-event(Signed(s2[],K_6,v2_1)) && attacker_bitstring(K_6) && attacker_bitstring(v2_1) -> event(Accept(K_6,v2_1,s1[],s2[],s3[])) && event(Accept(K_6,v2_1,s2[],s1[],s0[]))
goal reachable: b-event(Signed(s2[],K_6,v2_1)) && b-event(Signed(s3[],K_6,v2_1)) && attacker_bitstring(K_6) && attacker_bitstring(v2_1) -> event(Accept(K_6,v2_1,s1[],s2[],s3[])) && event(Accept(K_6,v2_1,s2[],s0[],s3[]))
goal reachable: b-event(Signed(s3[],K_6,v2_1)) && b-event(Signed(s2[],K_6,v2_1)) && attacker_bitstring(K_6) && attacker_bitstring(v2_1) -> event(Accept(K_6,v2_1,s1[],s2[],s3[])) && event(Accept(K_6,v2_1,s2[],s0[],s1[]))
goal reachable: b-event(Signed(s3[],K_6,v2_1)) && b-event(Signed(s2[],K_6,v2_1)) && attacker_bitstring(K_6) && attacker_bitstring(v2_1) -> event(Accept(K_6,v2_1,s1[],s2[],s3[])) && event(Accept(K_6,v2_1,s1[],s3[],s2[]))
goal reachable: b-event(Signed(s2[],K_6,v2_1)) && b-event(Signed(s3[],K_6,v2_1)) && attacker_bitstring(K_6) && attacker_bitstring(v2_1) -> event(Accept(K_6,v2_1,s1[],s2[],s3[])) && event(Accept(K_6,v2_1,s1[],s3[],s0[]))
goal reachable: b-event(Signed(s2[],K_6,v2_1)) && b-event(Signed(s3[],K_6,v2_1)) && attacker_bitstring(K_6) && attacker_bitstring(v2_1) -> event(Accept(K_6,v2_1,s1[],s2[],s3[])) && event(Accept(K_6,v2_1,s1[],s2[],s3[]))
goal reachable: b-event(Signed(s3[],K_6,v2_1)) && b-event(Signed(s2[],K_6,v2_1)) && attacker_bitstring(K_6) && attacker_bitstring(v2_1) -> event(Accept(K_6,v2_1,s1[],s2[],s3[])) && event(Accept(K_6,v2_1,s1[],s2[],s0[]))
goal reachable: b-event(Signed(s2[],K_6,v2_1)) && b-event(Signed(s3[],K_6,v2_1)) && attacker_bitstring(K_6) && attacker_bitstring(v2_1) -> event(Accept(K_6,v2_1,s1[],s2[],s3[])) && event(Accept(K_6,v2_1,s1[],s0[],s3[]))
goal reachable: b-event(Signed(s3[],K_6,v2_1)) && b-event(Signed(s2[],K_6,v2_1)) && attacker_bitstring(K_6) && attacker_bitstring(v2_1) -> event(Accept(K_6,v2_1,s1[],s2[],s3[])) && event(Accept(K_6,v2_1,s1[],s0[],s2[]))
goal reachable: b-event(Signed(s3[],K_6,v2_1)) && b-event(Signed(s2[],K_6,v2_1)) && attacker_bitstring(K_6) && attacker_bitstring(v2_1) -> event(Accept(K_6,v2_1,s1[],s2[],s3[])) && event(Accept(K_6,v2_1,s0[],s3[],s2[]))
goal reachable: b-event(Signed(s2[],K_6,v2_1)) && b-event(Signed(s3[],K_6,v2_1)) && attacker_bitstring(K_6) && attacker_bitstring(v2_1) -> event(Accept(K_6,v2_1,s1[],s2[],s3[])) && event(Accept(K_6,v2_1,s0[],s3[],s1[]))
goal reachable: b-event(Signed(s2[],K_6,v2_1)) && b-event(Signed(s3[],K_6,v2_1)) && attacker_bitstring(K_6) && attacker_bitstring(v2_1) -> event(Accept(K_6,v2_1,s1[],s2[],s3[])) && event(Accept(K_6,v2_1,s0[],s2[],s3[]))
goal reachable: b-event(Signed(s3[],K_6,v2_1)) && b-event(Signed(s2[],K_6,v2_1)) && attacker_bitstring(K_6) && attacker_bitstring(v2_1) -> event(Accept(K_6,v2_1,s1[],s2[],s3[])) && event(Accept(K_6,v2_1,s0[],s2[],s1[]))
goal reachable: b-event(Signed(s2[],K_6,v2_1)) && b-event(Signed(s3[],K_6,v2_1)) && attacker_bitstring(K_6) && attacker_bitstring(v2_1) -> event(Accept(K_6,v2_1,s1[],s2[],s3[])) && event(Accept(K_6,v2_1,s0[],s1[],s3[]))
goal reachable: b-event(Signed(s3[],K_6,v2_1)) && b-event(Signed(s2[],K_6,v2_1)) && attacker_bitstring(K_6) && attacker_bitstring(v2_1) -> event(Accept(K_6,v2_1,s1[],s2[],s3[])) && event(Accept(K_6,v2_1,s0[],s1[],s2[]))
goal reachable: b-event(Signed(s3[],K_6,v2_1)) && b-event(Signed(s2[],K_6,v2_1)) && attacker_bitstring(K_6) && attacker_bitstring(v2_1) -> event(Accept(K_6,v2_1,s1[],s2[],s0[])) && event(Accept(K_6,v2_1,s3[],s2[],s1[]))
goal reachable: b-event(Signed(s3[],K_6,v2_1)) && b-event(Signed(s2[],K_6,v2_1)) && attacker_bitstring(K_6) && attacker_bitstring(v2_1) -> event(Accept(K_6,v2_1,s1[],s2[],s0[])) && event(Accept(K_6,v2_1,s3[],s2[],s0[]))
goal reachable: b-event(Signed(s3[],K_6,v2_1)) && b-event(Signed(s2[],K_6,v2_1)) && attacker_bitstring(K_6) && attacker_bitstring(v2_1) -> event(Accept(K_6,v2_1,s1[],s2[],s0[])) && event(Accept(K_6,v2_1,s3[],s1[],s2[]))
goal reachable: b-event(Signed(s2[],K_6,v1_1)) && attacker_bitstring(v1_1) && b-event(Signed(s3[],K_6,v2_1)) && attacker_bitstring(K_6) && attacker_bitstring(v2_1) -> event(Accept(K_6,v1_1,s1[],s2[],s0[])) && event(Accept(K_6,v2_1,s3[],s1[],s0[]))
goal reachable: b-event(Signed(s3[],K_6,v2_1)) && b-event(Signed(s2[],K_6,v2_1)) && attacker_bitstring(K_6) && attacker_bitstring(v2_1) -> event(Accept(K_6,v2_1,s1[],s2[],s0[])) && event(Accept(K_6,v2_1,s3[],s0[],s2[]))
goal reachable: b-event(Signed(s2[],K_6,v1_1)) && attacker_bitstring(v1_1) && b-event(Signed(s3[],K_6,v2_1)) && attacker_bitstring(K_6) && attacker_bitstring(v2_1) -> event(Accept(K_6,v1_1,s1[],s2[],s0[])) && event(Accept(K_6,v2_1,s3[],s0[],s1[]))
goal reachable: b-event(Signed(s2[],K_6,v2_1)) && b-event(Signed(s3[],K_6,v2_1)) && attacker_bitstring(K_6) && attacker_bitstring(v2_1) -> event(Accept(K_6,v2_1,s1[],s2[],s0[])) && event(Accept(K_6,v2_1,s2[],s3[],s1[]))
goal reachable: b-event(Signed(s2[],K_6,v2_1)) && b-event(Signed(s3[],K_6,v2_1)) && attacker_bitstring(K_6) && attacker_bitstring(v2_1) -> event(Accept(K_6,v2_1,s1[],s2[],s0[])) && event(Accept(K_6,v2_1,s2[],s3[],s0[]))
goal reachable: b-event(Signed(s2[],K_6,v2_1)) && b-event(Signed(s3[],K_6,v2_1)) && attacker_bitstring(K_6) && attacker_bitstring(v2_1) -> event(Accept(K_6,v2_1,s1[],s2[],s0[])) && event(Accept(K_6,v2_1,s2[],s1[],s3[]))
goal reachable: b-event(Signed(s2[],K_6,v2_1)) && attacker_bitstring(K_6) && attacker_bitstring(v2_1) -> event(Accept(K_6,v2_1,s1[],s2[],s0[])) && event(Accept(K_6,v2_1,s2[],s1[],s0[]))
goal reachable: b-event(Signed(s2[],K_6,v2_1)) && b-event(Signed(s3[],K_6,v2_1)) && attacker_bitstring(K_6) && attacker_bitstring(v2_1) -> event(Accept(K_6,v2_1,s1[],s2[],s0[])) && event(Accept(K_6,v2_1,s2[],s0[],s3[]))
goal reachable: b-event(Signed(s2[],K_6,v2_1)) && attacker_bitstring(K_6) && attacker_bitstring(v2_1) -> event(Accept(K_6,v2_1,s1[],s2[],s0[])) && event(Accept(K_6,v2_1,s2[],s0[],s1[]))
goal reachable: b-event(Signed(s3[],K_6,v2_1)) && b-event(Signed(s2[],K_6,v2_1)) && attacker_bitstring(K_6) && attacker_bitstring(v2_1) -> event(Accept(K_6,v2_1,s1[],s2[],s0[])) && event(Accept(K_6,v2_1,s1[],s3[],s2[]))
goal reachable: b-event(Signed(s2[],K_6,v1_1)) && attacker_bitstring(v1_1) && b-event(Signed(s3[],K_6,v2_1)) && attacker_bitstring(K_6) && attacker_bitstring(v2_1) -> event(Accept(K_6,v1_1,s1[],s2[],s0[])) && event(Accept(K_6,v2_1,s1[],s3[],s0[]))
goal reachable: b-event(Signed(s2[],K_6,v2_1)) && b-event(Signed(s3[],K_6,v2_1)) && attacker_bitstring(K_6) && attacker_bitstring(v2_1) -> event(Accept(K_6,v2_1,s1[],s2[],s0[])) && event(Accept(K_6,v2_1,s1[],s2[],s3[]))
goal reachable: b-event(Signed(s2[],K_6,v2_1)) && attacker_bitstring(K_6) && attacker_bitstring(v2_1) -> event(Accept(K_6,v2_1,s1[],s2[],s0[])) && event(Accept(K_6,v2_1,s1[],s2[],s0[]))
goal reachable: b-event(Signed(s2[],K_6,v1_1)) && attacker_bitstring(v1_1) && b-event(Signed(s3[],K_6,v2_1)) && attacker_bitstring(K_6) && attacker_bitstring(v2_1) -> event(Accept(K_6,v1_1,s1[],s2[],s0[])) && event(Accept(K_6,v2_1,s1[],s0[],s3[]))
goal reachable: b-event(Signed(s2[],K_6,v2_1)) && attacker_bitstring(K_6) && attacker_bitstring(v2_1) -> event(Accept(K_6,v2_1,s1[],s2[],s0[])) && event(Accept(K_6,v2_1,s1[],s0[],s2[]))
goal reachable: b-event(Signed(s3[],K_6,v2_1)) && b-event(Signed(s2[],K_6,v2_1)) && attacker_bitstring(K_6) && attacker_bitstring(v2_1) -> event(Accept(K_6,v2_1,s1[],s2[],s0[])) && event(Accept(K_6,v2_1,s0[],s3[],s2[]))
goal reachable: b-event(Signed(s2[],K_6,v1_1)) && attacker_bitstring(v1_1) && b-event(Signed(s3[],K_6,v2_1)) && attacker_bitstring(K_6) && attacker_bitstring(v2_1) -> event(Accept(K_6,v1_1,s1[],s2[],s0[])) && event(Accept(K_6,v2_1,s0[],s3[],s1[]))
goal reachable: b-event(Signed(s2[],K_6,v2_1)) && b-event(Signed(s3[],K_6,v2_1)) && attacker_bitstring(K_6) && attacker_bitstring(v2_1) -> event(Accept(K_6,v2_1,s1[],s2[],s0[])) && event(Accept(K_6,v2_1,s0[],s2[],s3[]))
goal reachable: b-event(Signed(s2[],K_6,v2_1)) && attacker_bitstring(K_6) && attacker_bitstring(v2_1) -> event(Accept(K_6,v2_1,s1[],s2[],s0[])) && event(Accept(K_6,v2_1,s0[],s2[],s1[]))
goal reachable: b-event(Signed(s2[],K_6,v1_1)) && attacker_bitstring(v1_1) && b-event(Signed(s3[],K_6,v2_1)) && attacker_bitstring(K_6) && attacker_bitstring(v2_1) -> event(Accept(K_6,v1_1,s1[],s2[],s0[])) && event(Accept(K_6,v2_1,s0[],s1[],s3[]))
goal reachable: b-event(Signed(s2[],K_6,v2_1)) && attacker_bitstring(K_6) && attacker_bitstring(v2_1) -> event(Accept(K_6,v2_1,s1[],s2[],s0[])) && event(Accept(K_6,v2_1,s0[],s1[],s2[]))
goal reachable: b-event(Signed(s3[],K_6,v2_1)) && b-event(Signed(s2[],K_6,v2_1)) && attacker_bitstring(K_6) && attacker_bitstring(v2_1) -> event(Accept(K_6,v2_1,s1[],s0[],s3[])) && event(Accept(K_6,v2_1,s3[],s2[],s1[]))
goal reachable: b-event(Signed(s3[],K_6,v2_1)) && b-event(Signed(s2[],K_6,v2_1)) && attacker_bitstring(K_6) && attacker_bitstring(v2_1) -> event(Accept(K_6,v2_1,s1[],s0[],s3[])) && event(Accept(K_6,v2_1,s3[],s2[],s0[]))
goal reachable: b-event(Signed(s3[],K_6,v2_1)) && b-event(Signed(s2[],K_6,v2_1)) && attacker_bitstring(K_6) && attacker_bitstring(v2_1) -> event(Accept(K_6,v2_1,s1[],s0[],s3[])) && event(Accept(K_6,v2_1,s3[],s1[],s2[]))
goal reachable: b-event(Signed(s3[],K_6,v2_1)) && attacker_bitstring(K_6) && attacker_bitstring(v2_1) -> event(Accept(K_6,v2_1,s1[],s0[],s3[])) && event(Accept(K_6,v2_1,s3[],s1[],s0[]))
goal reachable: b-event(Signed(s3[],K_6,v2_1)) && b-event(Signed(s2[],K_6,v2_1)) && attacker_bitstring(K_6) && attacker_bitstring(v2_1) -> event(Accept(K_6,v2_1,s1[],s0[],s3[])) && event(Accept(K_6,v2_1,s3[],s0[],s2[]))
goal reachable: b-event(Signed(s3[],K_6,v2_1)) && attacker_bitstring(K_6) && attacker_bitstring(v2_1) -> event(Accept(K_6,v2_1,s1[],s0[],s3[])) && event(Accept(K_6,v2_1,s3[],s0[],s1[]))
goal reachable: b-event(Signed(s2[],K_6,v2_1)) && b-event(Signed(s3[],K_6,v2_1)) && attacker_bitstring(K_6) && attacker_bitstring(v2_1) -> event(Accept(K_6,v2_1,s1[],s0[],s3[])) && event(Accept(K_6,v2_1,s2[],s3[],s1[]))
goal reachable: b-event(Signed(s2[],K_6,v2_1)) && b-event(Signed(s3[],K_6,v2_1)) && attacker_bitstring(K_6) && attacker_bitstring(v2_1) -> event(Accept(K_6,v2_1,s1[],s0[],s3[])) && event(Accept(K_6,v2_1,s2[],s3[],s0[]))
goal reachable: b-event(Signed(s2[],K_6,v2_1)) && b-event(Signed(s3[],K_6,v2_1)) && attacker_bitstring(K_6) && attacker_bitstring(v2_1) -> event(Accept(K_6,v2_1,s1[],s0[],s3[])) && event(Accept(K_6,v2_1,s2[],s1[],s3[]))
goal reachable: b-event(Signed(s3[],K_6,v1_1)) && attacker_bitstring(v1_1) && b-event(Signed(s2[],K_6,v2_1)) && attacker_bitstring(K_6) && attacker_bitstring(v2_1) -> event(Accept(K_6,v1_1,s1[],s0[],s3[])) && event(Accept(K_6,v2_1,s2[],s1[],s0[]))
goal reachable: b-event(Signed(s2[],K_6,v2_1)) && b-event(Signed(s3[],K_6,v2_1)) && attacker_bitstring(K_6) && attacker_bitstring(v2_1) -> event(Accept(K_6,v2_1,s1[],s0[],s3[])) && event(Accept(K_6,v2_1,s2[],s0[],s3[]))
goal reachable: b-event(Signed(s3[],K_6,v1_1)) && attacker_bitstring(v1_1) && b-event(Signed(s2[],K_6,v2_1)) && attacker_bitstring(K_6) && attacker_bitstring(v2_1) -> event(Accept(K_6,v1_1,s1[],s0[],s3[])) && event(Accept(K_6,v2_1,s2[],s0[],s1[]))
goal reachable: b-event(Signed(s3[],K_6,v2_1)) && b-event(Signed(s2[],K_6,v2_1)) && attacker_bitstring(K_6) && attacker_bitstring(v2_1) -> event(Accept(K_6,v2_1,s1[],s0[],s3[])) && event(Accept(K_6,v2_1,s1[],s3[],s2[]))
goal reachable: b-event(Signed(s3[],K_6,v2_1)) && attacker_bitstring(K_6) && attacker_bitstring(v2_1) -> event(Accept(K_6,v2_1,s1[],s0[],s3[])) && event(Accept(K_6,v2_1,s1[],s3[],s0[]))
goal reachable: b-event(Signed(s2[],K_6,v2_1)) && b-event(Signed(s3[],K_6,v2_1)) && attacker_bitstring(K_6) && attacker_bitstring(v2_1) -> event(Accept(K_6,v2_1,s1[],s0[],s3[])) && event(Accept(K_6,v2_1,s1[],s2[],s3[]))
goal reachable: b-event(Signed(s3[],K_6,v1_1)) && attacker_bitstring(v1_1) && b-event(Signed(s2[],K_6,v2_1)) && attacker_bitstring(K_6) && attacker_bitstring(v2_1) -> event(Accept(K_6,v1_1,s1[],s0[],s3[])) && event(Accept(K_6,v2_1,s1[],s2[],s0[]))
goal reachable: b-event(Signed(s3[],K_6,v2_1)) && attacker_bitstring(K_6) && attacker_bitstring(v2_1) -> event(Accept(K_6,v2_1,s1[],s0[],s3[])) && event(Accept(K_6,v2_1,s1[],s0[],s3[]))
goal reachable: b-event(Signed(s3[],K_6,v1_1)) && attacker_bitstring(v1_1) && b-event(Signed(s2[],K_6,v2_1)) && attacker_bitstring(K_6) && attacker_bitstring(v2_1) -> event(Accept(K_6,v1_1,s1[],s0[],s3[])) && event(Accept(K_6,v2_1,s1[],s0[],s2[]))
goal reachable: b-event(Signed(s3[],K_6,v2_1)) && b-event(Signed(s2[],K_6,v2_1)) && attacker_bitstring(K_6) && attacker_bitstring(v2_1) -> event(Accept(K_6,v2_1,s1[],s0[],s3[])) && event(Accept(K_6,v2_1,s0[],s3[],s2[]))
goal reachable: b-event(Signed(s3[],K_6,v2_1)) && attacker_bitstring(K_6) && attacker_bitstring(v2_1) -> event(Accept(K_6,v2_1,s1[],s0[],s3[])) && event(Accept(K_6,v2_1,s0[],s3[],s1[]))
goal reachable: b-event(Signed(s2[],K_6,v2_1)) && b-event(Signed(s3[],K_6,v2_1)) && attacker_bitstring(K_6) && attacker_bitstring(v2_1) -> event(Accept(K_6,v2_1,s1[],s0[],s3[])) && event(Accept(K_6,v2_1,s0[],s2[],s3[]))
goal reachable: b-event(Signed(s3[],K_6,v1_1)) && attacker_bitstring(v1_1) && b-event(Signed(s2[],K_6,v2_1)) && attacker_bitstring(K_6) && attacker_bitstring(v2_1) -> event(Accept(K_6,v1_1,s1[],s0[],s3[])) && event(Accept(K_6,v2_1,s0[],s2[],s1[]))
goal reachable: b-event(Signed(s3[],K_6,v2_1)) && attacker_bitstring(K_6) && attacker_bitstring(v2_1) -> event(Accept(K_6,v2_1,s1[],s0[],s3[])) && event(Accept(K_6,v2_1,s0[],s1[],s3[]))
goal reachable: b-event(Signed(s3[],K_6,v1_1)) && attacker_bitstring(v1_1) && b-event(Signed(s2[],K_6,v2_1)) && attacker_bitstring(K_6) && attacker_bitstring(v2_1) -> event(Accept(K_6,v1_1,s1[],s0[],s3[])) && event(Accept(K_6,v2_1,s0[],s1[],s2[]))
goal reachable: b-event(Signed(s3[],K_6,v2_1)) && b-event(Signed(s2[],K_6,v2_1)) && attacker_bitstring(K_6) && attacker_bitstring(v2_1) -> event(Accept(K_6,v2_1,s1[],s0[],s2[])) && event(Accept(K_6,v2_1,s3[],s2[],s1[]))
goal reachable: b-event(Signed(s3[],K_6,v2_1)) && b-event(Signed(s2[],K_6,v2_1)) && attacker_bitstring(K_6) && attacker_bitstring(v2_1) -> event(Accept(K_6,v2_1,s1[],s0[],s2[])) && event(Accept(K_6,v2_1,s3[],s2[],s0[]))
goal reachable: b-event(Signed(s3[],K_6,v2_1)) && b-event(Signed(s2[],K_6,v2_1)) && attacker_bitstring(K_6) && attacker_bitstring(v2_1) -> event(Accept(K_6,v2_1,s1[],s0[],s2[])) && event(Accept(K_6,v2_1,s3[],s1[],s2[]))
goal reachable: b-event(Signed(s2[],K_6,v1_1)) && attacker_bitstring(v1_1) && b-event(Signed(s3[],K_6,v2_1)) && attacker_bitstring(K_6) && attacker_bitstring(v2_1) -> event(Accept(K_6,v1_1,s1[],s0[],s2[])) && event(Accept(K_6,v2_1,s3[],s1[],s0[]))
goal reachable: b-event(Signed(s3[],K_6,v2_1)) && b-event(Signed(s2[],K_6,v2_1)) && attacker_bitstring(K_6) && attacker_bitstring(v2_1) -> event(Accept(K_6,v2_1,s1[],s0[],s2[])) && event(Accept(K_6,v2_1,s3[],s0[],s2[]))
goal reachable: b-event(Signed(s2[],K_6,v1_1)) && attacker_bitstring(v1_1) && b-event(Signed(s3[],K_6,v2_1)) && attacker_bitstring(K_6) && attacker_bitstring(v2_1) -> event(Accept(K_6,v1_1,s1[],s0[],s2[])) && event(Accept(K_6,v2_1,s3[],s0[],s1[]))
goal reachable: b-event(Signed(s2[],K_6,v2_1)) && b-event(Signed(s3[],K_6,v2_1)) && attacker_bitstring(K_6) && attacker_bitstring(v2_1) -> event(Accept(K_6,v2_1,s1[],s0[],s2[])) && event(Accept(K_6,v2_1,s2[],s3[],s1[]))
goal reachable: b-event(Signed(s2[],K_6,v2_1)) && b-event(Signed(s3[],K_6,v2_1)) && attacker_bitstring(K_6) && attacker_bitstring(v2_1) -> event(Accept(K_6,v2_1,s1[],s0[],s2[])) && event(Accept(K_6,v2_1,s2[],s3[],s0[]))
goal reachable: b-event(Signed(s2[],K_6,v2_1)) && b-event(Signed(s3[],K_6,v2_1)) && attacker_bitstring(K_6) && attacker_bitstring(v2_1) -> event(Accept(K_6,v2_1,s1[],s0[],s2[])) && event(Accept(K_6,v2_1,s2[],s1[],s3[]))
goal reachable: b-event(Signed(s2[],K_6,v2_1)) && attacker_bitstring(K_6) && attacker_bitstring(v2_1) -> event(Accept(K_6,v2_1,s1[],s0[],s2[])) && event(Accept(K_6,v2_1,s2[],s1[],s0[]))
goal reachable: b-event(Signed(s2[],K_6,v2_1)) && b-event(Signed(s3[],K_6,v2_1)) && attacker_bitstring(K_6) && attacker_bitstring(v2_1) -> event(Accept(K_6,v2_1,s1[],s0[],s2[])) && event(Accept(K_6,v2_1,s2[],s0[],s3[]))
goal reachable: b-event(Signed(s2[],K_6,v2_1)) && attacker_bitstring(K_6) && attacker_bitstring(v2_1) -> event(Accept(K_6,v2_1,s1[],s0[],s2[])) && event(Accept(K_6,v2_1,s2[],s0[],s1[]))
goal reachable: b-event(Signed(s3[],K_6,v2_1)) && b-event(Signed(s2[],K_6,v2_1)) && attacker_bitstring(K_6) && attacker_bitstring(v2_1) -> event(Accept(K_6,v2_1,s1[],s0[],s2[])) && event(Accept(K_6,v2_1,s1[],s3[],s2[]))
goal reachable: b-event(Signed(s2[],K_6,v1_1)) && attacker_bitstring(v1_1) && b-event(Signed(s3[],K_6,v2_1)) && attacker_bitstring(K_6) && attacker_bitstring(v2_1) -> event(Accept(K_6,v1_1,s1[],s0[],s2[])) && event(Accept(K_6,v2_1,s1[],s3[],s0[]))
goal reachable: b-event(Signed(s2[],K_6,v2_1)) && b-event(Signed(s3[],K_6,v2_1)) && attacker_bitstring(K_6) && attacker_bitstring(v2_1) -> event(Accept(K_6,v2_1,s1[],s0[],s2[])) && event(Accept(K_6,v2_1,s1[],s2[],s3[]))
goal reachable: b-event(Signed(s2[],K_6,v2_1)) && attacker_bitstring(K_6) && attacker_bitstring(v2_1) -> event(Accept(K_6,v2_1,s1[],s0[],s2[])) && event(Accept(K_6,v2_1,s1[],s2[],s0[]))
goal reachable: b-event(Signed(s2[],K_6,v1_1)) && attacker_bitstring(v1_1) && b-event(Signed(s3[],K_6,v2_1)) && attacker_bitstring(K_6) && attacker_bitstring(v2_1) -> event(Accept(K_6,v1_1,s1[],s0[],s2[])) && event(Accept(K_6,v2_1,s1[],s0[],s3[]))
goal reachable: b-event(Signed(s2[],K_6,v2_1)) && attacker_bitstring(K_6) && attacker_bitstring(v2_1) -> event(Accept(K_6,v2_1,s1[],s0[],s2[])) && event(Accept(K_6,v2_1,s1[],s0[],s2[]))
goal reachable: b-event(Signed(s3[],K_6,v2_1)) && b-event(Signed(s2[],K_6,v2_1)) && attacker_bitstring(K_6) && attacker_bitstring(v2_1) -> event(Accept(K_6,v2_1,s1[],s0[],s2[])) && event(Accept(K_6,v2_1,s0[],s3[],s2[]))
goal reachable: b-event(Signed(s2[],K_6,v1_1)) && attacker_bitstring(v1_1) && b-event(Signed(s3[],K_6,v2_1)) && attacker_bitstring(K_6) && attacker_bitstring(v2_1) -> event(Accept(K_6,v1_1,s1[],s0[],s2[])) && event(Accept(K_6,v2_1,s0[],s3[],s1[]))
goal reachable: b-event(Signed(s2[],K_6,v2_1)) && b-event(Signed(s3[],K_6,v2_1)) && attacker_bitstring(K_6) && attacker_bitstring(v2_1) -> event(Accept(K_6,v2_1,s1[],s0[],s2[])) && event(Accept(K_6,v2_1,s0[],s2[],s3[]))
goal reachable: b-event(Signed(s2[],K_6,v2_1)) && attacker_bitstring(K_6) && attacker_bitstring(v2_1) -> event(Accept(K_6,v2_1,s1[],s0[],s2[])) && event(Accept(K_6,v2_1,s0[],s2[],s1[]))
goal reachable: b-event(Signed(s2[],K_6,v1_1)) && attacker_bitstring(v1_1) && b-event(Signed(s3[],K_6,v2_1)) && attacker_bitstring(K_6) && attacker_bitstring(v2_1) -> event(Accept(K_6,v1_1,s1[],s0[],s2[])) && event(Accept(K_6,v2_1,s0[],s1[],s3[]))
goal reachable: b-event(Signed(s2[],K_6,v2_1)) && attacker_bitstring(K_6) && attacker_bitstring(v2_1) -> event(Accept(K_6,v2_1,s1[],s0[],s2[])) && event(Accept(K_6,v2_1,s0[],s1[],s2[]))
goal reachable: b-event(Signed(s3[],K_6,v2_1)) && b-event(Signed(s2[],K_6,v2_1)) && attacker_bitstring(K_6) && attacker_bitstring(v2_1) -> event(Accept(K_6,v2_1,s0[],s3[],s2[])) && event(Accept(K_6,v2_1,s3[],s2[],s1[]))
goal reachable: b-event(Signed(s3[],K_6,v2_1)) && b-event(Signed(s2[],K_6,v2_1)) && attacker_bitstring(K_6) && attacker_bitstring(v2_1) -> event(Accept(K_6,v2_1,s0[],s3[],s2[])) && event(Accept(K_6,v2_1,s3[],s2[],s0[]))
goal reachable: b-event(Signed(s3[],K_6,v2_1)) && b-event(Signed(s2[],K_6,v2_1)) && attacker_bitstring(K_6) && attacker_bitstring(v2_1) -> event(Accept(K_6,v2_1,s0[],s3[],s2[])) && event(Accept(K_6,v2_1,s3[],s1[],s2[]))
goal reachable: b-event(Signed(s2[],K_6,v2_1)) && b-event(Signed(s3[],K_6,v2_1)) && attacker_bitstring(K_6) && attacker_bitstring(v2_1) -> event(Accept(K_6,v2_1,s0[],s3[],s2[])) && event(Accept(K_6,v2_1,s3[],s1[],s0[]))
goal reachable: b-event(Signed(s3[],K_6,v2_1)) && b-event(Signed(s2[],K_6,v2_1)) && attacker_bitstring(K_6) && attacker_bitstring(v2_1) -> event(Accept(K_6,v2_1,s0[],s3[],s2[])) && event(Accept(K_6,v2_1,s3[],s0[],s2[]))
goal reachable: b-event(Signed(s2[],K_6,v2_1)) && b-event(Signed(s3[],K_6,v2_1)) && attacker_bitstring(K_6) && attacker_bitstring(v2_1) -> event(Accept(K_6,v2_1,s0[],s3[],s2[])) && event(Accept(K_6,v2_1,s3[],s0[],s1[]))
goal reachable: b-event(Signed(s2[],K_6,v2_1)) && b-event(Signed(s3[],K_6,v2_1)) && attacker_bitstring(K_6) && attacker_bitstring(v2_1) -> event(Accept(K_6,v2_1,s0[],s3[],s2[])) && event(Accept(K_6,v2_1,s2[],s3[],s1[]))
goal reachable: b-event(Signed(s2[],K_6,v2_1)) && b-event(Signed(s3[],K_6,v2_1)) && attacker_bitstring(K_6) && attacker_bitstring(v2_1) -> event(Accept(K_6,v2_1,s0[],s3[],s2[])) && event(Accept(K_6,v2_1,s2[],s3[],s0[]))
goal reachable: b-event(Signed(s2[],K_6,v2_1)) && b-event(Signed(s3[],K_6,v2_1)) && attacker_bitstring(K_6) && attacker_bitstring(v2_1) -> event(Accept(K_6,v2_1,s0[],s3[],s2[])) && event(Accept(K_6,v2_1,s2[],s1[],s3[]))
goal reachable: b-event(Signed(s3[],K_6,v2_1)) && b-event(Signed(s2[],K_6,v2_1)) && attacker_bitstring(K_6) && attacker_bitstring(v2_1) -> event(Accept(K_6,v2_1,s0[],s3[],s2[])) && event(Accept(K_6,v2_1,s2[],s1[],s0[]))
goal reachable: b-event(Signed(s2[],K_6,v2_1)) && b-event(Signed(s3[],K_6,v2_1)) && attacker_bitstring(K_6) && attacker_bitstring(v2_1) -> event(Accept(K_6,v2_1,s0[],s3[],s2[])) && event(Accept(K_6,v2_1,s2[],s0[],s3[]))
goal reachable: b-event(Signed(s3[],K_6,v2_1)) && b-event(Signed(s2[],K_6,v2_1)) && attacker_bitstring(K_6) && attacker_bitstring(v2_1) -> event(Accept(K_6,v2_1,s0[],s3[],s2[])) && event(Accept(K_6,v2_1,s2[],s0[],s1[]))
goal reachable: b-event(Signed(s3[],K_6,v2_1)) && b-event(Signed(s2[],K_6,v2_1)) && attacker_bitstring(K_6) && attacker_bitstring(v2_1) -> event(Accept(K_6,v2_1,s0[],s3[],s2[])) && event(Accept(K_6,v2_1,s1[],s3[],s2[]))
goal reachable: b-event(Signed(s2[],K_6,v2_1)) && b-event(Signed(s3[],K_6,v2_1)) && attacker_bitstring(K_6) && attacker_bitstring(v2_1) -> event(Accept(K_6,v2_1,s0[],s3[],s2[])) && event(Accept(K_6,v2_1,s1[],s3[],s0[]))
goal reachable: b-event(Signed(s2[],K_6,v2_1)) && b-event(Signed(s3[],K_6,v2_1)) && attacker_bitstring(K_6) && attacker_bitstring(v2_1) -> event(Accept(K_6,v2_1,s0[],s3[],s2[])) && event(Accept(K_6,v2_1,s1[],s2[],s3[]))
goal reachable: b-event(Signed(s3[],K_6,v2_1)) && b-event(Signed(s2[],K_6,v2_1)) && attacker_bitstring(K_6) && attacker_bitstring(v2_1) -> event(Accept(K_6,v2_1,s0[],s3[],s2[])) && event(Accept(K_6,v2_1,s1[],s2[],s0[]))
goal reachable: b-event(Signed(s2[],K_6,v2_1)) && b-event(Signed(s3[],K_6,v2_1)) && attacker_bitstring(K_6) && attacker_bitstring(v2_1) -> event(Accept(K_6,v2_1,s0[],s3[],s2[])) && event(Accept(K_6,v2_1,s1[],s0[],s3[]))
goal reachable: b-event(Signed(s3[],K_6,v2_1)) && b-event(Signed(s2[],K_6,v2_1)) && attacker_bitstring(K_6) && attacker_bitstring(v2_1) -> event(Accept(K_6,v2_1,s0[],s3[],s2[])) && event(Accept(K_6,v2_1,s1[],s0[],s2[]))
goal reachable: b-event(Signed(s3[],K_6,v2_1)) && b-event(Signed(s2[],K_6,v2_1)) && attacker_bitstring(K_6) && attacker_bitstring(v2_1) -> event(Accept(K_6,v2_1,s0[],s3[],s2[])) && event(Accept(K_6,v2_1,s0[],s3[],s2[]))
goal reachable: b-event(Signed(s2[],K_6,v2_1)) && b-event(Signed(s3[],K_6,v2_1)) && attacker_bitstring(K_6) && attacker_bitstring(v2_1) -> event(Accept(K_6,v2_1,s0[],s3[],s2[])) && event(Accept(K_6,v2_1,s0[],s3[],s1[]))
goal reachable: b-event(Signed(s2[],K_6,v2_1)) && b-event(Signed(s3[],K_6,v2_1)) && attacker_bitstring(K_6) && attacker_bitstring(v2_1) -> event(Accept(K_6,v2_1,s0[],s3[],s2[])) && event(Accept(K_6,v2_1,s0[],s2[],s3[]))
goal reachable: b-event(Signed(s3[],K_6,v2_1)) && b-event(Signed(s2[],K_6,v2_1)) && attacker_bitstring(K_6) && attacker_bitstring(v2_1) -> event(Accept(K_6,v2_1,s0[],s3[],s2[])) && event(Accept(K_6,v2_1,s0[],s2[],s1[]))
goal reachable: b-event(Signed(s2[],K_6,v2_1)) && b-event(Signed(s3[],K_6,v2_1)) && attacker_bitstring(K_6) && attacker_bitstring(v2_1) -> event(Accept(K_6,v2_1,s0[],s3[],s2[])) && event(Accept(K_6,v2_1,s0[],s1[],s3[]))
goal reachable: b-event(Signed(s3[],K_6,v2_1)) && b-event(Signed(s2[],K_6,v2_1)) && attacker_bitstring(K_6) && attacker_bitstring(v2_1) -> event(Accept(K_6,v2_1,s0[],s3[],s2[])) && event(Accept(K_6,v2_1,s0[],s1[],s2[]))
goal reachable: b-event(Signed(s3[],K_6,v2_1)) && b-event(Signed(s2[],K_6,v2_1)) && attacker_bitstring(K_6) && attacker_bitstring(v2_1) -> event(Accept(K_6,v2_1,s0[],s3[],s1[])) && event(Accept(K_6,v2_1,s3[],s2[],s1[]))
goal reachable: b-event(Signed(s3[],K_6,v2_1)) && b-event(Signed(s2[],K_6,v2_1)) && attacker_bitstring(K_6) && attacker_bitstring(v2_1) -> event(Accept(K_6,v2_1,s0[],s3[],s1[])) && event(Accept(K_6,v2_1,s3[],s2[],s0[]))
goal reachable: b-event(Signed(s3[],K_6,v2_1)) && b-event(Signed(s2[],K_6,v2_1)) && attacker_bitstring(K_6) && attacker_bitstring(v2_1) -> event(Accept(K_6,v2_1,s0[],s3[],s1[])) && event(Accept(K_6,v2_1,s3[],s1[],s2[]))
goal reachable: b-event(Signed(s3[],K_6,v2_1)) && attacker_bitstring(K_6) && attacker_bitstring(v2_1) -> event(Accept(K_6,v2_1,s0[],s3[],s1[])) && event(Accept(K_6,v2_1,s3[],s1[],s0[]))
goal reachable: b-event(Signed(s3[],K_6,v2_1)) && b-event(Signed(s2[],K_6,v2_1)) && attacker_bitstring(K_6) && attacker_bitstring(v2_1) -> event(Accept(K_6,v2_1,s0[],s3[],s1[])) && event(Accept(K_6,v2_1,s3[],s0[],s2[]))
goal reachable: b-event(Signed(s3[],K_6,v2_1)) && attacker_bitstring(K_6) && attacker_bitstring(v2_1) -> event(Accept(K_6,v2_1,s0[],s3[],s1[])) && event(Accept(K_6,v2_1,s3[],s0[],s1[]))
goal reachable: b-event(Signed(s2[],K_6,v2_1)) && b-event(Signed(s3[],K_6,v2_1)) && attacker_bitstring(K_6) && attacker_bitstring(v2_1) -> event(Accept(K_6,v2_1,s0[],s3[],s1[])) && event(Accept(K_6,v2_1,s2[],s3[],s1[]))
goal reachable: b-event(Signed(s2[],K_6,v2_1)) && b-event(Signed(s3[],K_6,v2_1)) && attacker_bitstring(K_6) && attacker_bitstring(v2_1) -> event(Accept(K_6,v2_1,s0[],s3[],s1[])) && event(Accept(K_6,v2_1,s2[],s3[],s0[]))
goal reachable: b-event(Signed(s2[],K_6,v2_1)) && b-event(Signed(s3[],K_6,v2_1)) && attacker_bitstring(K_6) && attacker_bitstring(v2_1) -> event(Accept(K_6,v2_1,s0[],s3[],s1[])) && event(Accept(K_6,v2_1,s2[],s1[],s3[]))
goal reachable: b-event(Signed(s3[],K_6,v1_1)) && attacker_bitstring(v1_1) && b-event(Signed(s2[],K_6,v2_1)) && attacker_bitstring(K_6) && attacker_bitstring(v2_1) -> event(Accept(K_6,v1_1,s0[],s3[],s1[])) && event(Accept(K_6,v2_1,s2[],s1[],s0[]))
goal reachable: b-event(Signed(s2[],K_6,v2_1)) && b-event(Signed(s3[],K_6,v2_1)) && attacker_bitstring(K_6) && attacker_bitstring(v2_1) -> event(Accept(K_6,v2_1,s0[],s3[],s1[])) && event(Accept(K_6,v2_1,s2[],s0[],s3[]))
goal reachable: b-event(Signed(s3[],K_6,v1_1)) && attacker_bitstring(v1_1) && b-event(Signed(s2[],K_6,v2_1)) && attacker_bitstring(K_6) && attacker_bitstring(v2_1) -> event(Accept(K_6,v1_1,s0[],s3[],s1[])) && event(Accept(K_6,v2_1,s2[],s0[],s1[]))
goal reachable: b-event(Signed(s3[],K_6,v2_1)) && b-event(Signed(s2[],K_6,v2_1)) && attacker_bitstring(K_6) && attacker_bitstring(v2_1) -> event(Accept(K_6,v2_1,s0[],s3[],s1[])) && event(Accept(K_6,v2_1,s1[],s3[],s2[]))
goal reachable: b-event(Signed(s3[],K_6,v2_1)) && attacker_bitstring(K_6) && attacker_bitstring(v2_1) -> event(Accept(K_6,v2_1,s0[],s3[],s1[])) && event(Accept(K_6,v2_1,s1[],s3[],s0[]))
goal reachable: b-event(Signed(s2[],K_6,v2_1)) && b-event(Signed(s3[],K_6,v2_1)) && attacker_bitstring(K_6) && attacker_bitstring(v2_1) -> event(Accept(K_6,v2_1,s0[],s3[],s1[])) && event(Accept(K_6,v2_1,s1[],s2[],s3[]))
goal reachable: b-event(Signed(s3[],K_6,v1_1)) && attacker_bitstring(v1_1) && b-event(Signed(s2[],K_6,v2_1)) && attacker_bitstring(K_6) && attacker_bitstring(v2_1) -> event(Accept(K_6,v1_1,s0[],s3[],s1[])) && event(Accept(K_6,v2_1,s1[],s2[],s0[]))
goal reachable: b-event(Signed(s3[],K_6,v2_1)) && attacker_bitstring(K_6) && attacker_bitstring(v2_1) -> event(Accept(K_6,v2_1,s0[],s3[],s1[])) && event(Accept(K_6,v2_1,s1[],s0[],s3[]))
goal reachable: b-event(Signed(s3[],K_6,v1_1)) && attacker_bitstring(v1_1) && b-event(Signed(s2[],K_6,v2_1)) && attacker_bitstring(K_6) && attacker_bitstring(v2_1) -> event(Accept(K_6,v1_1,s0[],s3[],s1[])) && event(Accept(K_6,v2_1,s1[],s0[],s2[]))
goal reachable: b-event(Signed(s3[],K_6,v2_1)) && b-event(Signed(s2[],K_6,v2_1)) && attacker_bitstring(K_6) && attacker_bitstring(v2_1) -> event(Accept(K_6,v2_1,s0[],s3[],s1[])) && event(Accept(K_6,v2_1,s0[],s3[],s2[]))
goal reachable: b-event(Signed(s3[],K_6,v2_1)) && attacker_bitstring(K_6) && attacker_bitstring(v2_1) -> event(Accept(K_6,v2_1,s0[],s3[],s1[])) && event(Accept(K_6,v2_1,s0[],s3[],s1[]))
goal reachable: b-event(Signed(s2[],K_6,v2_1)) && b-event(Signed(s3[],K_6,v2_1)) && attacker_bitstring(K_6) && attacker_bitstring(v2_1) -> event(Accept(K_6,v2_1,s0[],s3[],s1[])) && event(Accept(K_6,v2_1,s0[],s2[],s3[]))
goal reachable: b-event(Signed(s3[],K_6,v1_1)) && attacker_bitstring(v1_1) && b-event(Signed(s2[],K_6,v2_1)) && attacker_bitstring(K_6) && attacker_bitstring(v2_1) -> event(Accept(K_6,v1_1,s0[],s3[],s1[])) && event(Accept(K_6,v2_1,s0[],s2[],s1[]))
goal reachable: b-event(Signed(s3[],K_6,v2_1)) && attacker_bitstring(K_6) && attacker_bitstring(v2_1) -> event(Accept(K_6,v2_1,s0[],s3[],s1[])) && event(Accept(K_6,v2_1,s0[],s1[],s3[]))
goal reachable: b-event(Signed(s3[],K_6,v1_1)) && attacker_bitstring(v1_1) && b-event(Signed(s2[],K_6,v2_1)) && attacker_bitstring(K_6) && attacker_bitstring(v2_1) -> event(Accept(K_6,v1_1,s0[],s3[],s1[])) && event(Accept(K_6,v2_1,s0[],s1[],s2[]))
goal reachable: b-event(Signed(s3[],K_6,v2_1)) && b-event(Signed(s2[],K_6,v2_1)) && attacker_bitstring(K_6) && attacker_bitstring(v2_1) -> event(Accept(K_6,v2_1,s0[],s2[],s3[])) && event(Accept(K_6,v2_1,s3[],s2[],s1[]))
goal reachable: b-event(Signed(s3[],K_6,v2_1)) && b-event(Signed(s2[],K_6,v2_1)) && attacker_bitstring(K_6) && attacker_bitstring(v2_1) -> event(Accept(K_6,v2_1,s0[],s2[],s3[])) && event(Accept(K_6,v2_1,s3[],s2[],s0[]))
goal reachable: b-event(Signed(s3[],K_6,v2_1)) && b-event(Signed(s2[],K_6,v2_1)) && attacker_bitstring(K_6) && attacker_bitstring(v2_1) -> event(Accept(K_6,v2_1,s0[],s2[],s3[])) && event(Accept(K_6,v2_1,s3[],s1[],s2[]))
goal reachable: b-event(Signed(s2[],K_6,v2_1)) && b-event(Signed(s3[],K_6,v2_1)) && attacker_bitstring(K_6) && attacker_bitstring(v2_1) -> event(Accept(K_6,v2_1,s0[],s2[],s3[])) && event(Accept(K_6,v2_1,s3[],s1[],s0[]))
goal reachable: b-event(Signed(s3[],K_6,v2_1)) && b-event(Signed(s2[],K_6,v2_1)) && attacker_bitstring(K_6) && attacker_bitstring(v2_1) -> event(Accept(K_6,v2_1,s0[],s2[],s3[])) && event(Accept(K_6,v2_1,s3[],s0[],s2[]))
goal reachable: b-event(Signed(s2[],K_6,v2_1)) && b-event(Signed(s3[],K_6,v2_1)) && attacker_bitstring(K_6) && attacker_bitstring(v2_1) -> event(Accept(K_6,v2_1,s0[],s2[],s3[])) && event(Accept(K_6,v2_1,s3[],s0[],s1[]))
goal reachable: b-event(Signed(s2[],K_6,v2_1)) && b-event(Signed(s3[],K_6,v2_1)) && attacker_bitstring(K_6) && attacker_bitstring(v2_1) -> event(Accept(K_6,v2_1,s0[],s2[],s3[])) && event(Accept(K_6,v2_1,s2[],s3[],s1[]))
goal reachable: b-event(Signed(s2[],K_6,v2_1)) && b-event(Signed(s3[],K_6,v2_1)) && attacker_bitstring(K_6) && attacker_bitstring(v2_1) -> event(Accept(K_6,v2_1,s0[],s2[],s3[])) && event(Accept(K_6,v2_1,s2[],s3[],s0[]))
goal reachable: b-event(Signed(s2[],K_6,v2_1)) && b-event(Signed(s3[],K_6,v2_1)) && attacker_bitstring(K_6) && attacker_bitstring(v2_1) -> event(Accept(K_6,v2_1,s0[],s2[],s3[])) && event(Accept(K_6,v2_1,s2[],s1[],s3[]))
goal reachable: b-event(Signed(s3[],K_6,v2_1)) && b-event(Signed(s2[],K_6,v2_1)) && attacker_bitstring(K_6) && attacker_bitstring(v2_1) -> event(Accept(K_6,v2_1,s0[],s2[],s3[])) && event(Accept(K_6,v2_1,s2[],s1[],s0[]))
goal reachable: b-event(Signed(s2[],K_6,v2_1)) && b-event(Signed(s3[],K_6,v2_1)) && attacker_bitstring(K_6) && attacker_bitstring(v2_1) -> event(Accept(K_6,v2_1,s0[],s2[],s3[])) && event(Accept(K_6,v2_1,s2[],s0[],s3[]))
goal reachable: b-event(Signed(s3[],K_6,v2_1)) && b-event(Signed(s2[],K_6,v2_1)) && attacker_bitstring(K_6) && attacker_bitstring(v2_1) -> event(Accept(K_6,v2_1,s0[],s2[],s3[])) && event(Accept(K_6,v2_1,s2[],s0[],s1[]))
goal reachable: b-event(Signed(s3[],K_6,v2_1)) && b-event(Signed(s2[],K_6,v2_1)) && attacker_bitstring(K_6) && attacker_bitstring(v2_1) -> event(Accept(K_6,v2_1,s0[],s2[],s3[])) && event(Accept(K_6,v2_1,s1[],s3[],s2[]))
goal reachable: b-event(Signed(s2[],K_6,v2_1)) && b-event(Signed(s3[],K_6,v2_1)) && attacker_bitstring(K_6) && attacker_bitstring(v2_1) -> event(Accept(K_6,v2_1,s0[],s2[],s3[])) && event(Accept(K_6,v2_1,s1[],s3[],s0[]))
goal reachable: b-event(Signed(s2[],K_6,v2_1)) && b-event(Signed(s3[],K_6,v2_1)) && attacker_bitstring(K_6) && attacker_bitstring(v2_1) -> event(Accept(K_6,v2_1,s0[],s2[],s3[])) && event(Accept(K_6,v2_1,s1[],s2[],s3[]))
goal reachable: b-event(Signed(s3[],K_6,v2_1)) && b-event(Signed(s2[],K_6,v2_1)) && attacker_bitstring(K_6) && attacker_bitstring(v2_1) -> event(Accept(K_6,v2_1,s0[],s2[],s3[])) && event(Accept(K_6,v2_1,s1[],s2[],s0[]))
goal reachable: b-event(Signed(s2[],K_6,v2_1)) && b-event(Signed(s3[],K_6,v2_1)) && attacker_bitstring(K_6) && attacker_bitstring(v2_1) -> event(Accept(K_6,v2_1,s0[],s2[],s3[])) && event(Accept(K_6,v2_1,s1[],s0[],s3[]))
goal reachable: b-event(Signed(s3[],K_6,v2_1)) && b-event(Signed(s2[],K_6,v2_1)) && attacker_bitstring(K_6) && attacker_bitstring(v2_1) -> event(Accept(K_6,v2_1,s0[],s2[],s3[])) && event(Accept(K_6,v2_1,s1[],s0[],s2[]))
goal reachable: b-event(Signed(s3[],K_6,v2_1)) && b-event(Signed(s2[],K_6,v2_1)) && attacker_bitstring(K_6) && attacker_bitstring(v2_1) -> event(Accept(K_6,v2_1,s0[],s2[],s3[])) && event(Accept(K_6,v2_1,s0[],s3[],s2[]))
goal reachable: b-event(Signed(s2[],K_6,v2_1)) && b-event(Signed(s3[],K_6,v2_1)) && attacker_bitstring(K_6) && attacker_bitstring(v2_1) -> event(Accept(K_6,v2_1,s0[],s2[],s3[])) && event(Accept(K_6,v2_1,s0[],s3[],s1[]))
goal reachable: b-event(Signed(s2[],K_6,v2_1)) && b-event(Signed(s3[],K_6,v2_1)) && attacker_bitstring(K_6) && attacker_bitstring(v2_1) -> event(Accept(K_6,v2_1,s0[],s2[],s3[])) && event(Accept(K_6,v2_1,s0[],s2[],s3[]))
goal reachable: b-event(Signed(s3[],K_6,v2_1)) && b-event(Signed(s2[],K_6,v2_1)) && attacker_bitstring(K_6) && attacker_bitstring(v2_1) -> event(Accept(K_6,v2_1,s0[],s2[],s3[])) && event(Accept(K_6,v2_1,s0[],s2[],s1[]))
goal reachable: b-event(Signed(s2[],K_6,v2_1)) && b-event(Signed(s3[],K_6,v2_1)) && attacker_bitstring(K_6) && attacker_bitstring(v2_1) -> event(Accept(K_6,v2_1,s0[],s2[],s3[])) && event(Accept(K_6,v2_1,s0[],s1[],s3[]))
goal reachable: b-event(Signed(s3[],K_6,v2_1)) && b-event(Signed(s2[],K_6,v2_1)) && attacker_bitstring(K_6) && attacker_bitstring(v2_1) -> event(Accept(K_6,v2_1,s0[],s2[],s3[])) && event(Accept(K_6,v2_1,s0[],s1[],s2[]))
goal reachable: b-event(Signed(s3[],K_6,v2_1)) && b-event(Signed(s2[],K_6,v2_1)) && attacker_bitstring(K_6) && attacker_bitstring(v2_1) -> event(Accept(K_6,v2_1,s0[],s2[],s1[])) && event(Accept(K_6,v2_1,s3[],s2[],s1[]))
goal reachable: b-event(Signed(s3[],K_6,v2_1)) && b-event(Signed(s2[],K_6,v2_1)) && attacker_bitstring(K_6) && attacker_bitstring(v2_1) -> event(Accept(K_6,v2_1,s0[],s2[],s1[])) && event(Accept(K_6,v2_1,s3[],s2[],s0[]))
goal reachable: b-event(Signed(s3[],K_6,v2_1)) && b-event(Signed(s2[],K_6,v2_1)) && attacker_bitstring(K_6) && attacker_bitstring(v2_1) -> event(Accept(K_6,v2_1,s0[],s2[],s1[])) && event(Accept(K_6,v2_1,s3[],s1[],s2[]))
goal reachable: b-event(Signed(s2[],K_6,v1_1)) && attacker_bitstring(v1_1) && b-event(Signed(s3[],K_6,v2_1)) && attacker_bitstring(K_6) && attacker_bitstring(v2_1) -> event(Accept(K_6,v1_1,s0[],s2[],s1[])) && event(Accept(K_6,v2_1,s3[],s1[],s0[]))
goal reachable: b-event(Signed(s3[],K_6,v2_1)) && b-event(Signed(s2[],K_6,v2_1)) && attacker_bitstring(K_6) && attacker_bitstring(v2_1) -> event(Accept(K_6,v2_1,s0[],s2[],s1[])) && event(Accept(K_6,v2_1,s3[],s0[],s2[]))
goal reachable: b-event(Signed(s2[],K_6,v1_1)) && attacker_bitstring(v1_1) && b-event(Signed(s3[],K_6,v2_1)) && attacker_bitstring(K_6) && attacker_bitstring(v2_1) -> event(Accept(K_6,v1_1,s0[],s2[],s1[])) && event(Accept(K_6,v2_1,s3[],s0[],s1[]))
goal reachable: b-event(Signed(s2[],K_6,v2_1)) && b-event(Signed(s3[],K_6,v2_1)) && attacker_bitstring(K_6) && attacker_bitstring(v2_1) -> event(Accept(K_6,v2_1,s0[],s2[],s1[])) && event(Accept(K_6,v2_1,s2[],s3[],s1[]))
goal reachable: b-event(Signed(s2[],K_6,v2_1)) && b-event(Signed(s3[],K_6,v2_1)) && attacker_bitstring(K_6) && attacker_bitstring(v2_1) -> event(Accept(K_6,v2_1,s0[],s2[],s1[])) && event(Accept(K_6,v2_1,s2[],s3[],s0[]))
goal reachable: b-event(Signed(s2[],K_6,v2_1)) && b-event(Signed(s3[],K_6,v2_1)) && attacker_bitstring(K_6) && attacker_bitstring(v2_1) -> event(Accept(K_6,v2_1,s0[],s2[],s1[])) && event(Accept(K_6,v2_1,s2[],s1[],s3[]))
goal reachable: b-event(Signed(s2[],K_6,v2_1)) && attacker_bitstring(K_6) && attacker_bitstring(v2_1) -> event(Accept(K_6,v2_1,s0[],s2[],s1[])) && event(Accept(K_6,v2_1,s2[],s1[],s0[]))
goal reachable: b-event(Signed(s2[],K_6,v2_1)) && b-event(Signed(s3[],K_6,v2_1)) && attacker_bitstring(K_6) && attacker_bitstring(v2_1) -> event(Accept(K_6,v2_1,s0[],s2[],s1[])) && event(Accept(K_6,v2_1,s2[],s0[],s3[]))
goal reachable: b-event(Signed(s2[],K_6,v2_1)) && attacker_bitstring(K_6) && attacker_bitstring(v2_1) -> event(Accept(K_6,v2_1,s0[],s2[],s1[])) && event(Accept(K_6,v2_1,s2[],s0[],s1[]))
goal reachable: b-event(Signed(s3[],K_6,v2_1)) && b-event(Signed(s2[],K_6,v2_1)) && attacker_bitstring(K_6) && attacker_bitstring(v2_1) -> event(Accept(K_6,v2_1,s0[],s2[],s1[])) && event(Accept(K_6,v2_1,s1[],s3[],s2[]))
goal reachable: b-event(Signed(s2[],K_6,v1_1)) && attacker_bitstring(v1_1) && b-event(Signed(s3[],K_6,v2_1)) && attacker_bitstring(K_6) && attacker_bitstring(v2_1) -> event(Accept(K_6,v1_1,s0[],s2[],s1[])) && event(Accept(K_6,v2_1,s1[],s3[],s0[]))
goal reachable: b-event(Signed(s2[],K_6,v2_1)) && b-event(Signed(s3[],K_6,v2_1)) && attacker_bitstring(K_6) && attacker_bitstring(v2_1) -> event(Accept(K_6,v2_1,s0[],s2[],s1[])) && event(Accept(K_6,v2_1,s1[],s2[],s3[]))
goal reachable: b-event(Signed(s2[],K_6,v2_1)) && attacker_bitstring(K_6) && attacker_bitstring(v2_1) -> event(Accept(K_6,v2_1,s0[],s2[],s1[])) && event(Accept(K_6,v2_1,s1[],s2[],s0[]))
goal reachable: b-event(Signed(s2[],K_6,v1_1)) && attacker_bitstring(v1_1) && b-event(Signed(s3[],K_6,v2_1)) && attacker_bitstring(K_6) && attacker_bitstring(v2_1) -> event(Accept(K_6,v1_1,s0[],s2[],s1[])) && event(Accept(K_6,v2_1,s1[],s0[],s3[]))
goal reachable: b-event(Signed(s2[],K_6,v2_1)) && attacker_bitstring(K_6) && attacker_bitstring(v2_1) -> event(Accept(K_6,v2_1,s0[],s2[],s1[])) && event(Accept(K_6,v2_1,s1[],s0[],s2[]))
goal reachable: b-event(Signed(s3[],K_6,v2_1)) && b-event(Signed(s2[],K_6,v2_1)) && attacker_bitstring(K_6) && attacker_bitstring(v2_1) -> event(Accept(K_6,v2_1,s0[],s2[],s1[])) && event(Accept(K_6,v2_1,s0[],s3[],s2[]))
goal reachable: b-event(Signed(s2[],K_6,v1_1)) && attacker_bitstring(v1_1) && b-event(Signed(s3[],K_6,v2_1)) && attacker_bitstring(K_6) && attacker_bitstring(v2_1) -> event(Accept(K_6,v1_1,s0[],s2[],s1[])) && event(Accept(K_6,v2_1,s0[],s3[],s1[]))
goal reachable: b-event(Signed(s2[],K_6,v2_1)) && b-event(Signed(s3[],K_6,v2_1)) && attacker_bitstring(K_6) && attacker_bitstring(v2_1) -> event(Accept(K_6,v2_1,s0[],s2[],s1[])) && event(Accept(K_6,v2_1,s0[],s2[],s3[]))
goal reachable: b-event(Signed(s2[],K_6,v2_1)) && attacker_bitstring(K_6) && attacker_bitstring(v2_1) -> event(Accept(K_6,v2_1,s0[],s2[],s1[])) && event(Accept(K_6,v2_1,s0[],s2[],s1[]))
goal reachable: b-event(Signed(s2[],K_6,v1_1)) && attacker_bitstring(v1_1) && b-event(Signed(s3[],K_6,v2_1)) && attacker_bitstring(K_6) && attacker_bitstring(v2_1) -> event(Accept(K_6,v1_1,s0[],s2[],s1[])) && event(Accept(K_6,v2_1,s0[],s1[],s3[]))
goal reachable: b-event(Signed(s2[],K_6,v2_1)) && attacker_bitstring(K_6) && attacker_bitstring(v2_1) -> event(Accept(K_6,v2_1,s0[],s2[],s1[])) && event(Accept(K_6,v2_1,s0[],s1[],s2[]))
goal reachable: b-event(Signed(s3[],K_6,v2_1)) && b-event(Signed(s2[],K_6,v2_1)) && attacker_bitstring(K_6) && attacker_bitstring(v2_1) -> event(Accept(K_6,v2_1,s0[],s1[],s3[])) && event(Accept(K_6,v2_1,s3[],s2[],s1[]))
goal reachable: b-event(Signed(s3[],K_6,v2_1)) && b-event(Signed(s2[],K_6,v2_1)) && attacker_bitstring(K_6) && attacker_bitstring(v2_1) -> event(Accept(K_6,v2_1,s0[],s1[],s3[])) && event(Accept(K_6,v2_1,s3[],s2[],s0[]))
goal reachable: b-event(Signed(s3[],K_6,v2_1)) && b-event(Signed(s2[],K_6,v2_1)) && attacker_bitstring(K_6) && attacker_bitstring(v2_1) -> event(Accept(K_6,v2_1,s0[],s1[],s3[])) && event(Accept(K_6,v2_1,s3[],s1[],s2[]))
goal reachable: b-event(Signed(s3[],K_6,v2_1)) && attacker_bitstring(K_6) && attacker_bitstring(v2_1) -> event(Accept(K_6,v2_1,s0[],s1[],s3[])) && event(Accept(K_6,v2_1,s3[],s1[],s0[]))
goal reachable: b-event(Signed(s3[],K_6,v2_1)) && b-event(Signed(s2[],K_6,v2_1)) && attacker_bitstring(K_6) && attacker_bitstring(v2_1) -> event(Accept(K_6,v2_1,s0[],s1[],s3[])) && event(Accept(K_6,v2_1,s3[],s0[],s2[]))
goal reachable: b-event(Signed(s3[],K_6,v2_1)) && attacker_bitstring(K_6) && attacker_bitstring(v2_1) -> event(Accept(K_6,v2_1,s0[],s1[],s3[])) && event(Accept(K_6,v2_1,s3[],s0[],s1[]))
goal reachable: b-event(Signed(s2[],K_6,v2_1)) && b-event(Signed(s3[],K_6,v2_1)) && attacker_bitstring(K_6) && attacker_bitstring(v2_1) -> event(Accept(K_6,v2_1,s0[],s1[],s3[])) && event(Accept(K_6,v2_1,s2[],s3[],s1[]))
goal reachable: b-event(Signed(s2[],K_6,v2_1)) && b-event(Signed(s3[],K_6,v2_1)) && attacker_bitstring(K_6) && attacker_bitstring(v2_1) -> event(Accept(K_6,v2_1,s0[],s1[],s3[])) && event(Accept(K_6,v2_1,s2[],s3[],s0[]))
goal reachable: b-event(Signed(s2[],K_6,v2_1)) && b-event(Signed(s3[],K_6,v2_1)) && attacker_bitstring(K_6) && attacker_bitstring(v2_1) -> event(Accept(K_6,v2_1,s0[],s1[],s3[])) && event(Accept(K_6,v2_1,s2[],s1[],s3[]))
goal reachable: b-event(Signed(s3[],K_6,v1_1)) && attacker_bitstring(v1_1) && b-event(Signed(s2[],K_6,v2_1)) && attacker_bitstring(K_6) && attacker_bitstring(v2_1) -> event(Accept(K_6,v1_1,s0[],s1[],s3[])) && event(Accept(K_6,v2_1,s2[],s1[],s0[]))
goal reachable: b-event(Signed(s2[],K_6,v2_1)) && b-event(Signed(s3[],K_6,v2_1)) && attacker_bitstring(K_6) && attacker_bitstring(v2_1) -> event(Accept(K_6,v2_1,s0[],s1[],s3[])) && event(Accept(K_6,v2_1,s2[],s0[],s3[]))
goal reachable: b-event(Signed(s3[],K_6,v1_1)) && attacker_bitstring(v1_1) && b-event(Signed(s2[],K_6,v2_1)) && attacker_bitstring(K_6) && attacker_bitstring(v2_1) -> event(Accept(K_6,v1_1,s0[],s1[],s3[])) && event(Accept(K_6,v2_1,s2[],s0[],s1[]))
goal reachable: b-event(Signed(s3[],K_6,v2_1)) && b-event(Signed(s2[],K_6,v2_1)) && attacker_bitstring(K_6) && attacker_bitstring(v2_1) -> event(Accept(K_6,v2_1,s0[],s1[],s3[])) && event(Accept(K_6,v2_1,s1[],s3[],s2[]))
goal reachable: b-event(Signed(s3[],K_6,v2_1)) && attacker_bitstring(K_6) && attacker_bitstring(v2_1) -> event(Accept(K_6,v2_1,s0[],s1[],s3[])) && event(Accept(K_6,v2_1,s1[],s3[],s0[]))
goal reachable: b-event(Signed(s2[],K_6,v2_1)) && b-event(Signed(s3[],K_6,v2_1)) && attacker_bitstring(K_6) && attacker_bitstring(v2_1) -> event(Accept(K_6,v2_1,s0[],s1[],s3[])) && event(Accept(K_6,v2_1,s1[],s2[],s3[]))
goal reachable: b-event(Signed(s3[],K_6,v1_1)) && attacker_bitstring(v1_1) && b-event(Signed(s2[],K_6,v2_1)) && attacker_bitstring(K_6) && attacker_bitstring(v2_1) -> event(Accept(K_6,v1_1,s0[],s1[],s3[])) && event(Accept(K_6,v2_1,s1[],s2[],s0[]))
goal reachable: b-event(Signed(s3[],K_6,v2_1)) && attacker_bitstring(K_6) && attacker_bitstring(v2_1) -> event(Accept(K_6,v2_1,s0[],s1[],s3[])) && event(Accept(K_6,v2_1,s1[],s0[],s3[]))
goal reachable: b-event(Signed(s3[],K_6,v1_1)) && attacker_bitstring(v1_1) && b-event(Signed(s2[],K_6,v2_1)) && attacker_bitstring(K_6) && attacker_bitstring(v2_1) -> event(Accept(K_6,v1_1,s0[],s1[],s3[])) && event(Accept(K_6,v2_1,s1[],s0[],s2[]))
goal reachable: b-event(Signed(s3[],K_6,v2_1)) && b-event(Signed(s2[],K_6,v2_1)) && attacker_bitstring(K_6) && attacker_bitstring(v2_1) -> event(Accept(K_6,v2_1,s0[],s1[],s3[])) && event(Accept(K_6,v2_1,s0[],s3[],s2[]))
goal reachable: b-event(Signed(s3[],K_6,v2_1)) && attacker_bitstring(K_6) && attacker_bitstring(v2_1) -> event(Accept(K_6,v2_1,s0[],s1[],s3[])) && event(Accept(K_6,v2_1,s0[],s3[],s1[]))
goal reachable: b-event(Signed(s2[],K_6,v2_1)) && b-event(Signed(s3[],K_6,v2_1)) && attacker_bitstring(K_6) && attacker_bitstring(v2_1) -> event(Accept(K_6,v2_1,s0[],s1[],s3[])) && event(Accept(K_6,v2_1,s0[],s2[],s3[]))
goal reachable: b-event(Signed(s3[],K_6,v1_1)) && attacker_bitstring(v1_1) && b-event(Signed(s2[],K_6,v2_1)) && attacker_bitstring(K_6) && attacker_bitstring(v2_1) -> event(Accept(K_6,v1_1,s0[],s1[],s3[])) && event(Accept(K_6,v2_1,s0[],s2[],s1[]))
goal reachable: b-event(Signed(s3[],K_6,v2_1)) && attacker_bitstring(K_6) && attacker_bitstring(v2_1) -> event(Accept(K_6,v2_1,s0[],s1[],s3[])) && event(Accept(K_6,v2_1,s0[],s1[],s3[]))
goal reachable: b-event(Signed(s3[],K_6,v1_1)) && attacker_bitstring(v1_1) && b-event(Signed(s2[],K_6,v2_1)) && attacker_bitstring(K_6) && attacker_bitstring(v2_1) -> event(Accept(K_6,v1_1,s0[],s1[],s3[])) && event(Accept(K_6,v2_1,s0[],s1[],s2[]))
goal reachable: b-event(Signed(s3[],K_6,v2_1)) && b-event(Signed(s2[],K_6,v2_1)) && attacker_bitstring(K_6) && attacker_bitstring(v2_1) -> event(Accept(K_6,v2_1,s0[],s1[],s2[])) && event(Accept(K_6,v2_1,s3[],s2[],s1[]))
goal reachable: b-event(Signed(s3[],K_6,v2_1)) && b-event(Signed(s2[],K_6,v2_1)) && attacker_bitstring(K_6) && attacker_bitstring(v2_1) -> event(Accept(K_6,v2_1,s0[],s1[],s2[])) && event(Accept(K_6,v2_1,s3[],s2[],s0[]))
goal reachable: b-event(Signed(s3[],K_6,v2_1)) && b-event(Signed(s2[],K_6,v2_1)) && attacker_bitstring(K_6) && attacker_bitstring(v2_1) -> event(Accept(K_6,v2_1,s0[],s1[],s2[])) && event(Accept(K_6,v2_1,s3[],s1[],s2[]))
goal reachable: b-event(Signed(s2[],K_6,v1_1)) && attacker_bitstring(v1_1) && b-event(Signed(s3[],K_6,v2_1)) && attacker_bitstring(K_6) && attacker_bitstring(v2_1) -> event(Accept(K_6,v1_1,s0[],s1[],s2[])) && event(Accept(K_6,v2_1,s3[],s1[],s0[]))
goal reachable: b-event(Signed(s3[],K_6,v2_1)) && b-event(Signed(s2[],K_6,v2_1)) && attacker_bitstring(K_6) && attacker_bitstring(v2_1) -> event(Accept(K_6,v2_1,s0[],s1[],s2[])) && event(Accept(K_6,v2_1,s3[],s0[],s2[]))
goal reachable: b-event(Signed(s2[],K_6,v1_1)) && attacker_bitstring(v1_1) && b-event(Signed(s3[],K_6,v2_1)) && attacker_bitstring(K_6) && attacker_bitstring(v2_1) -> event(Accept(K_6,v1_1,s0[],s1[],s2[])) && event(Accept(K_6,v2_1,s3[],s0[],s1[]))
goal reachable: b-event(Signed(s2[],K_6,v2_1)) && b-event(Signed(s3[],K_6,v2_1)) && attacker_bitstring(K_6) && attacker_bitstring(v2_1) -> event(Accept(K_6,v2_1,s0[],s1[],s2[])) && event(Accept(K_6,v2_1,s2[],s3[],s1[]))
goal reachable: b-event(Signed(s2[],K_6,v2_1)) && b-event(Signed(s3[],K_6,v2_1)) && attacker_bitstring(K_6) && attacker_bitstring(v2_1) -> event(Accept(K_6,v2_1,s0[],s1[],s2[])) && event(Accept(K_6,v2_1,s2[],s3[],s0[]))
goal reachable: b-event(Signed(s2[],K_6,v2_1)) && b-event(Signed(s3[],K_6,v2_1)) && attacker_bitstring(K_6) && attacker_bitstring(v2_1) -> event(Accept(K_6,v2_1,s0[],s1[],s2[])) && event(Accept(K_6,v2_1,s2[],s1[],s3[]))
goal reachable: b-event(Signed(s2[],K_6,v2_1)) && attacker_bitstring(K_6) && attacker_bitstring(v2_1) -> event(Accept(K_6,v2_1,s0[],s1[],s2[])) && event(Accept(K_6,v2_1,s2[],s1[],s0[]))
goal reachable: b-event(Signed(s2[],K_6,v2_1)) && b-event(Signed(s3[],K_6,v2_1)) && attacker_bitstring(K_6) && attacker_bitstring(v2_1) -> event(Accept(K_6,v2_1,s0[],s1[],s2[])) && event(Accept(K_6,v2_1,s2[],s0[],s3[]))
goal reachable: b-event(Signed(s2[],K_6,v2_1)) && attacker_bitstring(K_6) && attacker_bitstring(v2_1) -> event(Accept(K_6,v2_1,s0[],s1[],s2[])) && event(Accept(K_6,v2_1,s2[],s0[],s1[]))
goal reachable: b-event(Signed(s3[],K_6,v2_1)) && b-event(Signed(s2[],K_6,v2_1)) && attacker_bitstring(K_6) && attacker_bitstring(v2_1) -> event(Accept(K_6,v2_1,s0[],s1[],s2[])) && event(Accept(K_6,v2_1,s1[],s3[],s2[]))
goal reachable: b-event(Signed(s2[],K_6,v1_1)) && attacker_bitstring(v1_1) && b-event(Signed(s3[],K_6,v2_1)) && attacker_bitstring(K_6) && attacker_bitstring(v2_1) -> event(Accept(K_6,v1_1,s0[],s1[],s2[])) && event(Accept(K_6,v2_1,s1[],s3[],s0[]))
goal reachable: b-event(Signed(s2[],K_6,v2_1)) && b-event(Signed(s3[],K_6,v2_1)) && attacker_bitstring(K_6) && attacker_bitstring(v2_1) -> event(Accept(K_6,v2_1,s0[],s1[],s2[])) && event(Accept(K_6,v2_1,s1[],s2[],s3[]))
goal reachable: b-event(Signed(s2[],K_6,v2_1)) && attacker_bitstring(K_6) && attacker_bitstring(v2_1) -> event(Accept(K_6,v2_1,s0[],s1[],s2[])) && event(Accept(K_6,v2_1,s1[],s2[],s0[]))
goal reachable: b-event(Signed(s2[],K_6,v1_1)) && attacker_bitstring(v1_1) && b-event(Signed(s3[],K_6,v2_1)) && attacker_bitstring(K_6) && attacker_bitstring(v2_1) -> event(Accept(K_6,v1_1,s0[],s1[],s2[])) && event(Accept(K_6,v2_1,s1[],s0[],s3[]))
goal reachable: b-event(Signed(s2[],K_6,v2_1)) && attacker_bitstring(K_6) && attacker_bitstring(v2_1) -> event(Accept(K_6,v2_1,s0[],s1[],s2[])) && event(Accept(K_6,v2_1,s1[],s0[],s2[]))
goal reachable: b-event(Signed(s3[],K_6,v2_1)) && b-event(Signed(s2[],K_6,v2_1)) && attacker_bitstring(K_6) && attacker_bitstring(v2_1) -> event(Accept(K_6,v2_1,s0[],s1[],s2[])) && event(Accept(K_6,v2_1,s0[],s3[],s2[]))
goal reachable: b-event(Signed(s2[],K_6,v1_1)) && attacker_bitstring(v1_1) && b-event(Signed(s3[],K_6,v2_1)) && attacker_bitstring(K_6) && attacker_bitstring(v2_1) -> event(Accept(K_6,v1_1,s0[],s1[],s2[])) && event(Accept(K_6,v2_1,s0[],s3[],s1[]))
goal reachable: b-event(Signed(s2[],K_6,v2_1)) && b-event(Signed(s3[],K_6,v2_1)) && attacker_bitstring(K_6) && attacker_bitstring(v2_1) -> event(Accept(K_6,v2_1,s0[],s1[],s2[])) && event(Accept(K_6,v2_1,s0[],s2[],s3[]))
goal reachable: b-event(Signed(s2[],K_6,v2_1)) && attacker_bitstring(K_6) && attacker_bitstring(v2_1) -> event(Accept(K_6,v2_1,s0[],s1[],s2[])) && event(Accept(K_6,v2_1,s0[],s2[],s1[]))
goal reachable: b-event(Signed(s2[],K_6,v1_1)) && attacker_bitstring(v1_1) && b-event(Signed(s3[],K_6,v2_1)) && attacker_bitstring(K_6) && attacker_bitstring(v2_1) -> event(Accept(K_6,v1_1,s0[],s1[],s2[])) && event(Accept(K_6,v2_1,s0[],s1[],s3[]))
goal reachable: b-event(Signed(s2[],K_6,v2_1)) && attacker_bitstring(K_6) && attacker_bitstring(v2_1) -> event(Accept(K_6,v2_1,s0[],s1[],s2[])) && event(Accept(K_6,v2_1,s0[],s1[],s2[]))
RESULT event(Accept(K_6,v1_1,a1_1,a2_1,a3_1)) && event(Accept(K_6,v2_1,b1,b2,b3)) ==> v1_1 = v2_1 || a1_1 = b1 || a1_1 = b2 || a1_1 = b3 || a2_1 = b1 || a2_1 = b2 || a2_1 = b3 || a3_1 = b1 || a3_1 = b2 || a3_1 = b3 is true.
-- Query event(Evidence(s_5,K_6,v1_1,v2_1)) ==> event(Corrupt(s_5)) in process 1.
Translating the process into Horn clauses...
Completing...
Starting query event(Evidence(s_5,K_6,v1_1,v2_1)) ==> event(Corrupt(s_5))
goal reachable: v1_1 ≠ v2_1 && attacker_bitstring(v1_1) && attacker_bitstring(K_6) && attacker_bitstring(v2_1) && b-event(Corrupt(s1[])) && b-event(Corrupt(s0[])) -> event(Evidence(s1[],K_6,v1_1,v2_1))
goal reachable: v1_1 ≠ v2_1 && attacker_bitstring(v1_1) && attacker_bitstring(K_6) && attacker_bitstring(v2_1) && b-event(Corrupt(s1[])) && b-event(Corrupt(s0[])) -> event(Evidence(s0[],K_6,v1_1,v2_1))
RESULT event(Evidence(s_5,K_6,v1_1,v2_1)) ==> event(Corrupt(s_5)) is true.
-- Query event(Verified(s_5,K_6,v1_1)) && event(Verified(s_5,K_6,v2_1)) ==> v1_1 = v2_1 || event(Corrupt(s_5)) in process 1.
Translating the process into Horn clauses...
Completing...
200 rules inserted. Base: 198 rules (58 with conclusion selected). Queue: 59 rules.
Starting query event(Verified(s_5,K_6,v1_1)) && event(Verified(s_5,K_6,v2_1)) ==> v1_1 = v2_1 || event(Corrupt(s_5))
goal reachable: b-event(Signed(s3[],K_6,v2_1)) && attacker_bitstring(K_6) && attacker_bitstring(v2_1) && b-event(Corrupt(s1[])) && b-event(Corrupt(s0[])) -> event(Verified(s3[],K_6,v2_1)) && event(Verified(s3[],K_6,v2_1))
goal reachable: b-event(Signed(s2[],K_6,v2_1)) && attacker_bitstring(K_6) && attacker_bitstring(v2_1) && b-event(Corrupt(s1[])) && b-event(Corrupt(s0[])) -> event(Verified(s2[],K_6,v2_1)) && event(Verified(s2[],K_6,v2_1))
goal reachable: b-event(Signed(s3[],K_6,v2_1)) && attacker_bitstring(K_6) && attacker_bitstring(v2_1) && b-event(Corrupt(s1[])) && b-event(Corrupt(s0[])) -> event(Verified(s1[],K_6,v2_1)) && event(Verified(s1[],K_6,v2_1))
goal reachable: b-event(Signed(s3[],K_6,v1_1)) && attacker_bitstring(v1_1) && b-event(Signed(s2[],K_6,v2_1)) && attacker_bitstring(K_6) && attacker_bitstring(v2_1) && b-event(Corrupt(s1[])) && b-event(Corrupt(s0[])) -> event(Verified(s1[],K_6,v1_1)) && event(Verified(s1[],K_6,v2_1))
goal reachable: b-event(Signed(s2[],K_6,v1_1)) && attacker_bitstring(v1_1) && b-event(Signed(s3[],K_6,v2_1)) && attacker_bitstring(K_6) && attacker_bitstring(v2_1) && b-event(Corrupt(s1[])) && b-event(Corrupt(s0[])) -> event(Verified(s1[],K_6,v1_1)) && event(Verified(s1[],K_6,v2_1))
goal reachable: b-event(Signed(s2[],K_6,v2_1)) && attacker_bitstring(K_6) && attacker_bitstring(v2_1) && b-event(Corrupt(s1[])) && b-event(Corrupt(s0[])) -> event(Verified(s1[],K_6,v2_1)) && event(Verified(s1[],K_6,v2_1))
goal reachable: b-event(Signed(s3[],K_6,v2_1)) && attacker_bitstring(K_6) && attacker_bitstring(v2_1) && b-event(Corrupt(s1[])) && b-event(Corrupt(s0[])) -> event(Verified(s0[],K_6,v2_1)) && event(Verified(s0[],K_6,v2_1))
goal reachable: b-event(Signed(s3[],K_6,v1_1)) && attacker_bitstring(v1_1) && b-event(Signed(s2[],K_6,v2_1)) && attacker_bitstring(K_6) && attacker_bitstring(v2_1) && b-event(Corrupt(s1[])) && b-event(Corrupt(s0[])) -> event(Verified(s0[],K_6,v1_1)) && event(Verified(s0[],K_6,v2_1))
goal reachable: b-event(Signed(s2[],K_6,v1_1)) && attacker_bitstring(v1_1) && b-event(Signed(s3[],K_6,v2_1)) && attacker_bitstring(K_6) && attacker_bitstring(v2_1) && b-event(Corrupt(s1[])) && b-event(Corrupt(s0[])) -> event(Verified(s0[],K_6,v1_1)) && event(Verified(s0[],K_6,v2_1))
goal reachable: b-event(Signed(s2[],K_6,v2_1)) && attacker_bitstring(K_6) && attacker_bitstring(v2_1) && b-event(Corrupt(s1[])) && b-event(Corrupt(s0[])) -> event(Verified(s0[],K_6,v2_1)) && event(Verified(s0[],K_6,v2_1))
RESULT event(Verified(s_5,K_6,v1_1)) && event(Verified(s_5,K_6,v2_1)) ==> v1_1 = v2_1 || event(Corrupt(s_5)) is true.
-- Query event(Accept(K_6,v1_1,a1_1,a2_1,a3_1)) && event(Accept(K_6,v2_1,b1,b2,b3)) ==> v1_1 = v2_1 in process 1.
Translating the process into Horn clauses...
Completing...
200 rules inserted. Base: 198 rules (58 with conclusion selected). Queue: 72 rules.
Starting query event(Accept(K_6,v1_1,a1_1,a2_1,a3_1)) && event(Accept(K_6,v2_1,b1,b2,b3)) ==> v1_1 = v2_1
200 rules inserted. Base: 200 rules (175 with conclusion selected). Queue: 401 rules.
400 rules inserted. Base: 400 rules (375 with conclusion selected). Queue: 201 rules.
600 rules inserted. Base: 600 rules (575 with conclusion selected). Queue: 1 rules.
goal reachable: b-event(Signed(s3[],K_6,v1_1)) && attacker_bitstring(v1_1) && b-event(Signed(s2[],K_6,v2_1)) && attacker_bitstring(K_6) && attacker_bitstring(v2_1) -> event(Accept(K_6,v1_1,s3[],s1[],s0[])) && event(Accept(K_6,v2_1,s2[],s1[],s0[]))

Derivation:

1. The message sk0[] may be sent to the attacker at output {11}.
attacker_skey(sk0[]).

2. The attacker initially knows s0[].
attacker_seat(s0[]).

3. We assume as hypothesis that
attacker_bitstring(v2_1).

4. We assume as hypothesis that
attacker_bitstring(K_6).

5. By 4, the attacker may know K_6.
By 3, the attacker may know v2_1.
By 2, the attacker may know s0[].
Using the function bitstring-bitstring-seat-tuple the attacker may obtain (K_6,v2_1,s0[]).
attacker_bitstring((K_6,v2_1,s0[])).

6. By 5, the attacker may know (K_6,v2_1,s0[]).
By 1, the attacker may know sk0[].
Using the function sign the attacker may obtain sign((K_6,v2_1,s0[]),sk0[]).
attacker_bitstring(sign((K_6,v2_1,s0[]),sk0[])).

7. The message sk1[] may be sent to the attacker at output {13}.
attacker_skey(sk1[]).

8. The attacker initially knows s1[].
attacker_seat(s1[]).

9. By 4, the attacker may know K_6.
By 3, the attacker may know v2_1.
By 8, the attacker may know s1[].
Using the function bitstring-bitstring-seat-tuple the attacker may obtain (K_6,v2_1,s1[]).
attacker_bitstring((K_6,v2_1,s1[])).

10. By 9, the attacker may know (K_6,v2_1,s1[]).
By 7, the attacker may know sk1[].
Using the function sign the attacker may obtain sign((K_6,v2_1,s1[]),sk1[]).
attacker_bitstring(sign((K_6,v2_1,s1[]),sk1[])).

11. By 4, the attacker may know K_6.
By 3, the attacker may know v2_1.
Using the function bitstring-bitstring-tuple the attacker may obtain (K_6,v2_1).
attacker_bitstring((K_6,v2_1)).

12. The message (K_6,v2_1) that the attacker may have by 11 may be received at input {29}.
The event Signed(s2[],K_6,v2_1) may be executed at {30}.
So the message sign((K_6,v2_1,s2[]),sk2[]) may be sent to the attacker at output {31}.
attacker_bitstring(sign((K_6,v2_1,s2[]),sk2[])).

13. By 4, the attacker may know K_6.
By 3, the attacker may know v2_1.
By 12, the attacker may know sign((K_6,v2_1,s2[]),sk2[]).
By 10, the attacker may know sign((K_6,v2_1,s1[]),sk1[]).
By 6, the attacker may know sign((K_6,v2_1,s0[]),sk0[]).
Using the function bitstring-bitstring-bitstring-bitstring-bitstring-tuple the attacker may obtain (K_6,v2_1,sign((K_6,v2_1,s2[]),sk2[]),sign((K_6,v2_1,s1[]),sk1[]),sign((K_6,v2_1,s0[]),sk0[])).
attacker_bitstring((K_6,v2_1,sign((K_6,v2_1,s2[]),sk2[]),sign((K_6,v2_1,s1[]),sk1[]),sign((K_6,v2_1,s0[]),sk0[]))).

14. The entry keys(s2[],pk(sk2[])) may be inserted in a table at insert {7}.
table(keys(s2[],pk(sk2[]))).

15. The entry keys(s1[],pk(sk1[])) may be inserted in a table at insert {6}.
table(keys(s1[],pk(sk1[]))).

16. The entry keys(s0[],pk(sk0[])) may be inserted in a table at insert {5}.
table(keys(s0[],pk(sk0[]))).

17. The message (K_6,v2_1,sign((K_6,v2_1,s2[]),sk2[]),sign((K_6,v2_1,s1[]),sk1[]),sign((K_6,v2_1,s0[]),sk0[])) that the attacker may have by 13 may be received at input {39}.
The entry keys(s2[],pk(sk2[])) that may be in a table by 14 may be read at get {53}.
The entry keys(s1[],pk(sk1[])) that may be in a table by 15 may be read at get {52}.
The entry keys(s0[],pk(sk0[])) that may be in a table by 16 may be read at get {51}.
We have s1[] ≠ s0[] && s2[] ≠ s0[] && s2[] ≠ s1[].
So event Accept(K_6,v2_1,s2[],s1[],s0[]) may be executed at {50}.
event(Accept(K_6,v2_1,s2[],s1[],s0[])).

18. We assume as hypothesis that
attacker_bitstring(v1_1).

19. By 4, the attacker may know K_6.
By 18, the attacker may know v1_1.
By 2, the attacker may know s0[].
Using the function bitstring-bitstring-seat-tuple the attacker may obtain (K_6,v1_1,s0[]).
attacker_bitstring((K_6,v1_1,s0[])).

20. By 19, the attacker may know (K_6,v1_1,s0[]).
By 1, the attacker may know sk0[].
Using the function sign the attacker may obtain sign((K_6,v1_1,s0[]),sk0[]).
attacker_bitstring(sign((K_6,v1_1,s0[]),sk0[])).

21. By 4, the attacker may know K_6.
By 18, the attacker may know v1_1.
By 8, the attacker may know s1[].
Using the function bitstring-bitstring-seat-tuple the attacker may obtain (K_6,v1_1,s1[]).
attacker_bitstring((K_6,v1_1,s1[])).

22. By 21, the attacker may know (K_6,v1_1,s1[]).
By 7, the attacker may know sk1[].
Using the function sign the attacker may obtain sign((K_6,v1_1,s1[]),sk1[]).
attacker_bitstring(sign((K_6,v1_1,s1[]),sk1[])).

23. By 4, the attacker may know K_6.
By 18, the attacker may know v1_1.
Using the function bitstring-bitstring-tuple the attacker may obtain (K_6,v1_1).
attacker_bitstring((K_6,v1_1)).

24. The message (K_6,v1_1) that the attacker may have by 23 may be received at input {35}.
The event Signed(s3[],K_6,v1_1) may be executed at {36}.
So the message sign((K_6,v1_1,s3[]),sk3[]) may be sent to the attacker at output {37}.
attacker_bitstring(sign((K_6,v1_1,s3[]),sk3[])).

25. By 4, the attacker may know K_6.
By 18, the attacker may know v1_1.
By 24, the attacker may know sign((K_6,v1_1,s3[]),sk3[]).
By 22, the attacker may know sign((K_6,v1_1,s1[]),sk1[]).
By 20, the attacker may know sign((K_6,v1_1,s0[]),sk0[]).
Using the function bitstring-bitstring-bitstring-bitstring-bitstring-tuple the attacker may obtain (K_6,v1_1,sign((K_6,v1_1,s3[]),sk3[]),sign((K_6,v1_1,s1[]),sk1[]),sign((K_6,v1_1,s0[]),sk0[])).
attacker_bitstring((K_6,v1_1,sign((K_6,v1_1,s3[]),sk3[]),sign((K_6,v1_1,s1[]),sk1[]),sign((K_6,v1_1,s0[]),sk0[]))).

26. The entry keys(s3[],pk(sk3[])) may be inserted in a table at insert {8}.
table(keys(s3[],pk(sk3[]))).

27. The message (K_6,v1_1,sign((K_6,v1_1,s3[]),sk3[]),sign((K_6,v1_1,s1[]),sk1[]),sign((K_6,v1_1,s0[]),sk0[])) that the attacker may have by 25 may be received at input {39}.
The entry keys(s3[],pk(sk3[])) that may be in a table by 26 may be read at get {53}.
The entry keys(s1[],pk(sk1[])) that may be in a table by 15 may be read at get {52}.
The entry keys(s0[],pk(sk0[])) that may be in a table by 16 may be read at get {51}.
We have s1[] ≠ s0[] && s3[] ≠ s0[] && s3[] ≠ s1[].
So event Accept(K_6,v1_1,s3[],s1[],s0[]) may be executed at {50}.
event(Accept(K_6,v1_1,s3[],s1[],s0[])).

28. By 27, event(Accept(K_6,v1_1,s3[],s1[],s0[])).
By 17, event(Accept(K_6,v2_1,s2[],s1[],s0[])).
The goals are reached, combined in the following fact:
event(Accept(K_6,v1_1,s3[],s1[],s0[])) && event(Accept(K_6,v2_1,s2[],s1[],s0[])).


A more detailed output of the traces is available with
  set traceDisplay = long.

new sk0: skey creating sk0_1 at {1}

new sk1: skey creating sk1_1 at {2}

new sk2: skey creating sk2_1 at {3}

new sk3: skey creating sk3_1 at {4}

insert keys(s0,pk(sk0_1)) at {5}

insert keys(s1,pk(sk1_1)) at {6}

insert keys(s2,pk(sk2_1)) at {7}

insert keys(s3,pk(sk3_1)) at {8}

out(c, (~M,~M_1,~M_2,~M_3)) with ~M = pk(sk0_1), ~M_1 = pk(sk1_1), ~M_2 = pk(sk2_1), ~M_3 = pk(sk3_1) at {9}

event Corrupt(s0) at {10}

out(c, ~M_4) with ~M_4 = sk0_1 at {11}

event Corrupt(s1) at {12}

out(c, ~M_5) with ~M_5 = sk1_1 at {13}

in(c, (a,a_1)) at {29} in copy a_2

event Signed(s2,a,a_1) at {30} in copy a_2

out(c, ~M_6) with ~M_6 = sign((a,a_1,s2),sk2_1) at {31} in copy a_2

in(c, (a,a_3)) at {35} in copy a_4

event Signed(s3,a,a_3) at {36} in copy a_4

out(c, ~M_7) with ~M_7 = sign((a,a_3,s3),sk3_1) at {37} in copy a_4

in(c, (a,a_3,~M_7,sign((a,a_3,s1),~M_5),sign((a,a_3,s0),~M_4))) with ~M_7 = sign((a,a_3,s3),sk3_1), sign((a,a_3,s1),~M_5) = sign((a,a_3,s1),sk1_1), sign((a,a_3,s0),~M_4) = sign((a,a_3,s0),sk0_1) at {39} in copy a_5

get keys(s3,pk(sk3_1)) at {53} in copy a_5

get keys(s1,pk(sk1_1)) at {52} in copy a_5

get keys(s0,pk(sk0_1)) at {51} in copy a_5

event Verified(s3,a,a_3) at {47} in copy a_5

event Verified(s1,a,a_3) at {48} in copy a_5

event Verified(s0,a,a_3) at {49} in copy a_5

event Accept(a,a_3,s3,s1,s0) at {50} in copy a_5 (goal)

in(c, (a,a_1,~M_6,sign((a,a_1,s1),~M_5),sign((a,a_1,s0),~M_4))) with ~M_6 = sign((a,a_1,s2),sk2_1), sign((a,a_1,s1),~M_5) = sign((a,a_1,s1),sk1_1), sign((a,a_1,s0),~M_4) = sign((a,a_1,s0),sk0_1) at {39} in copy a_6

get keys(s2,pk(sk2_1)) at {53} in copy a_6

get keys(s1,pk(sk1_1)) at {52} in copy a_6

get keys(s0,pk(sk0_1)) at {51} in copy a_6

event Verified(s2,a,a_1) at {47} in copy a_6

event Verified(s1,a,a_1) at {48} in copy a_6

event Verified(s0,a,a_1) at {49} in copy a_6

event Accept(a,a_1,s2,s1,s0) at {50} in copy a_6 (goal)

The event Accept(a,a_3,s3,s1,s0) is executed at {50} in copy a_5.
The event Accept(a,a_1,s2,s1,s0) is executed at {50} in copy a_6.
A trace has been found.
RESULT event(Accept(K_6,v1_1,a1_1,a2_1,a3_1)) && event(Accept(K_6,v2_1,b1,b2,b3)) ==> v1_1 = v2_1 is false.
-- Query not event(Accept(K_6,v_5,a1_1,a2_1,a3_1)) in process 1.
Translating the process into Horn clauses...
Completing...
200 rules inserted. Base: 198 rules (58 with conclusion selected). Queue: 72 rules.
Starting query not event(Accept(K_6,v_5,a1_1,a2_1,a3_1))
goal reachable: b-event(Signed(s3[],K_6,v_5)) && b-event(Signed(s2[],K_6,v_5)) && attacker_bitstring(K_6) && attacker_bitstring(v_5) -> event(Accept(K_6,v_5,s3[],s2[],s1[]))

Derivation:

1. The message sk1[] may be sent to the attacker at output {13}.
attacker_skey(sk1[]).

2. The attacker initially knows s1[].
attacker_seat(s1[]).

3. We assume as hypothesis that
attacker_bitstring(v_5).

4. We assume as hypothesis that
attacker_bitstring(K_6).

5. By 4, the attacker may know K_6.
By 3, the attacker may know v_5.
By 2, the attacker may know s1[].
Using the function bitstring-bitstring-seat-tuple the attacker may obtain (K_6,v_5,s1[]).
attacker_bitstring((K_6,v_5,s1[])).

6. By 5, the attacker may know (K_6,v_5,s1[]).
By 1, the attacker may know sk1[].
Using the function sign the attacker may obtain sign((K_6,v_5,s1[]),sk1[]).
attacker_bitstring(sign((K_6,v_5,s1[]),sk1[])).

7. By 4, the attacker may know K_6.
By 3, the attacker may know v_5.
Using the function bitstring-bitstring-tuple the attacker may obtain (K_6,v_5).
attacker_bitstring((K_6,v_5)).

8. The message (K_6,v_5) that the attacker may have by 7 may be received at input {29}.
The event Signed(s2[],K_6,v_5) may be executed at {30}.
So the message sign((K_6,v_5,s2[]),sk2[]) may be sent to the attacker at output {31}.
attacker_bitstring(sign((K_6,v_5,s2[]),sk2[])).

9. The message (K_6,v_5) that the attacker may have by 7 may be received at input {35}.
The event Signed(s3[],K_6,v_5) may be executed at {36}.
So the message sign((K_6,v_5,s3[]),sk3[]) may be sent to the attacker at output {37}.
attacker_bitstring(sign((K_6,v_5,s3[]),sk3[])).

10. By 4, the attacker may know K_6.
By 3, the attacker may know v_5.
By 9, the attacker may know sign((K_6,v_5,s3[]),sk3[]).
By 8, the attacker may know sign((K_6,v_5,s2[]),sk2[]).
By 6, the attacker may know sign((K_6,v_5,s1[]),sk1[]).
Using the function bitstring-bitstring-bitstring-bitstring-bitstring-tuple the attacker may obtain (K_6,v_5,sign((K_6,v_5,s3[]),sk3[]),sign((K_6,v_5,s2[]),sk2[]),sign((K_6,v_5,s1[]),sk1[])).
attacker_bitstring((K_6,v_5,sign((K_6,v_5,s3[]),sk3[]),sign((K_6,v_5,s2[]),sk2[]),sign((K_6,v_5,s1[]),sk1[]))).

11. The entry keys(s3[],pk(sk3[])) may be inserted in a table at insert {8}.
table(keys(s3[],pk(sk3[]))).

12. The entry keys(s2[],pk(sk2[])) may be inserted in a table at insert {7}.
table(keys(s2[],pk(sk2[]))).

13. The entry keys(s1[],pk(sk1[])) may be inserted in a table at insert {6}.
table(keys(s1[],pk(sk1[]))).

14. The message (K_6,v_5,sign((K_6,v_5,s3[]),sk3[]),sign((K_6,v_5,s2[]),sk2[]),sign((K_6,v_5,s1[]),sk1[])) that the attacker may have by 10 may be received at input {39}.
The entry keys(s3[],pk(sk3[])) that may be in a table by 11 may be read at get {53}.
The entry keys(s2[],pk(sk2[])) that may be in a table by 12 may be read at get {52}.
The entry keys(s1[],pk(sk1[])) that may be in a table by 13 may be read at get {51}.
We have s2[] ≠ s1[] && s3[] ≠ s1[] && s3[] ≠ s2[].
So event Accept(K_6,v_5,s3[],s2[],s1[]) may be executed at {50}.
event(Accept(K_6,v_5,s3[],s2[],s1[])).

15. By 14, event(Accept(K_6,v_5,s3[],s2[],s1[])).
The goal is reached, represented in the following fact:
event(Accept(K_6,v_5,s3[],s2[],s1[])).


A more detailed output of the traces is available with
  set traceDisplay = long.

new sk0: skey creating sk0_1 at {1}

new sk1: skey creating sk1_1 at {2}

new sk2: skey creating sk2_1 at {3}

new sk3: skey creating sk3_1 at {4}

insert keys(s0,pk(sk0_1)) at {5}

insert keys(s1,pk(sk1_1)) at {6}

insert keys(s2,pk(sk2_1)) at {7}

insert keys(s3,pk(sk3_1)) at {8}

out(c, (~M,~M_1,~M_2,~M_3)) with ~M = pk(sk0_1), ~M_1 = pk(sk1_1), ~M_2 = pk(sk2_1), ~M_3 = pk(sk3_1) at {9}

event Corrupt(s0) at {10}

out(c, ~M_4) with ~M_4 = sk0_1 at {11}

event Corrupt(s1) at {12}

out(c, ~M_5) with ~M_5 = sk1_1 at {13}

in(c, (a,a_1)) at {29} in copy a_2

event Signed(s2,a,a_1) at {30} in copy a_2

out(c, ~M_6) with ~M_6 = sign((a,a_1,s2),sk2_1) at {31} in copy a_2

in(c, (a,a_1)) at {35} in copy a_3

event Signed(s3,a,a_1) at {36} in copy a_3

out(c, ~M_7) with ~M_7 = sign((a,a_1,s3),sk3_1) at {37} in copy a_3

in(c, (a,a_1,~M_7,~M_6,sign((a,a_1,s1),~M_5))) with ~M_7 = sign((a,a_1,s3),sk3_1), ~M_6 = sign((a,a_1,s2),sk2_1), sign((a,a_1,s1),~M_5) = sign((a,a_1,s1),sk1_1) at {39} in copy a_4

get keys(s3,pk(sk3_1)) at {53} in copy a_4

get keys(s2,pk(sk2_1)) at {52} in copy a_4

get keys(s1,pk(sk1_1)) at {51} in copy a_4

event Verified(s3,a,a_1) at {47} in copy a_4

event Verified(s2,a,a_1) at {48} in copy a_4

event Verified(s1,a,a_1) at {49} in copy a_4

event Accept(a,a_1,s3,s2,s1) at {50} in copy a_4 (goal)

The event Accept(a,a_1,s3,s2,s1) is executed at {50} in copy a_4.
A trace has been found.
RESULT not event(Accept(K_6,v_5,a1_1,a2_1,a3_1)) is false.
-- Query not event(Evidence(s_5,K_6,v1_1,v2_1)) in process 1.
Translating the process into Horn clauses...
Completing...
Starting query not event(Evidence(s_5,K_6,v1_1,v2_1))
goal reachable: v1_1 ≠ v2_1 && attacker_bitstring(v1_1) && attacker_bitstring(K_6) && attacker_bitstring(v2_1) -> event(Evidence(s1[],K_6,v1_1,v2_1))

Derivation:

1. The message sk1[] may be sent to the attacker at output {13}.
attacker_skey(sk1[]).

2. The attacker initially knows s1[].
attacker_seat(s1[]).

3. We assume as hypothesis that
attacker_bitstring(v2_1).

4. We assume as hypothesis that
attacker_bitstring(K_6).

5. By 4, the attacker may know K_6.
By 3, the attacker may know v2_1.
By 2, the attacker may know s1[].
Using the function bitstring-bitstring-seat-tuple the attacker may obtain (K_6,v2_1,s1[]).
attacker_bitstring((K_6,v2_1,s1[])).

6. By 5, the attacker may know (K_6,v2_1,s1[]).
By 1, the attacker may know sk1[].
Using the function sign the attacker may obtain sign((K_6,v2_1,s1[]),sk1[]).
attacker_bitstring(sign((K_6,v2_1,s1[]),sk1[])).

7. We assume as hypothesis that
attacker_bitstring(v1_1).

8. By 4, the attacker may know K_6.
By 7, the attacker may know v1_1.
By 2, the attacker may know s1[].
Using the function bitstring-bitstring-seat-tuple the attacker may obtain (K_6,v1_1,s1[]).
attacker_bitstring((K_6,v1_1,s1[])).

9. By 8, the attacker may know (K_6,v1_1,s1[]).
By 1, the attacker may know sk1[].
Using the function sign the attacker may obtain sign((K_6,v1_1,s1[]),sk1[]).
attacker_bitstring(sign((K_6,v1_1,s1[]),sk1[])).

10. By 4, the attacker may know K_6.
By 7, the attacker may know v1_1.
By 3, the attacker may know v2_1.
By 9, the attacker may know sign((K_6,v1_1,s1[]),sk1[]).
By 6, the attacker may know sign((K_6,v2_1,s1[]),sk1[]).
Using the function bitstring-bitstring-bitstring-bitstring-bitstring-tuple the attacker may obtain (K_6,v1_1,v2_1,sign((K_6,v1_1,s1[]),sk1[]),sign((K_6,v2_1,s1[]),sk1[])).
attacker_bitstring((K_6,v1_1,v2_1,sign((K_6,v1_1,s1[]),sk1[]),sign((K_6,v2_1,s1[]),sk1[]))).

11. The entry keys(s1[],pk(sk1[])) may be inserted in a table at insert {6}.
table(keys(s1[],pk(sk1[]))).

12. The message (K_6,v1_1,v2_1,sign((K_6,v1_1,s1[]),sk1[]),sign((K_6,v2_1,s1[]),sk1[])) that the attacker may have by 10 may be received at input {55}.
The entry keys(s1[],pk(sk1[])) that may be in a table by 11 may be read at get {63}.
We have v1_1 ≠ v2_1.
So event Evidence(s1[],K_6,v1_1,v2_1) may be executed at {61}.
event(Evidence(s1[],K_6,v1_1,v2_1)).

13. By 12, event(Evidence(s1[],K_6,v1_1,v2_1)).
The goal is reached, represented in the following fact:
event(Evidence(s1[],K_6,v1_1,v2_1)).


A more detailed output of the traces is available with
  set traceDisplay = long.

new sk0: skey creating sk0_1 at {1}

new sk1: skey creating sk1_1 at {2}

new sk2: skey creating sk2_1 at {3}

new sk3: skey creating sk3_1 at {4}

insert keys(s0,pk(sk0_1)) at {5}

insert keys(s1,pk(sk1_1)) at {6}

insert keys(s2,pk(sk2_1)) at {7}

insert keys(s3,pk(sk3_1)) at {8}

out(c, (~M,~M_1,~M_2,~M_3)) with ~M = pk(sk0_1), ~M_1 = pk(sk1_1), ~M_2 = pk(sk2_1), ~M_3 = pk(sk3_1) at {9}

event Corrupt(s0) at {10}

out(c, ~M_4) with ~M_4 = sk0_1 at {11}

event Corrupt(s1) at {12}

out(c, ~M_5) with ~M_5 = sk1_1 at {13}

in(c, (a,a_1,a_2,sign((a,a_1,s1),~M_5),sign((a,a_2,s1),~M_5))) with sign((a,a_1,s1),~M_5) = sign((a,a_1,s1),sk1_1), sign((a,a_2,s1),~M_5) = sign((a,a_2,s1),sk1_1) at {55} in copy a_3

get keys(s1,pk(sk1_1)) at {63} in copy a_3

event Evidence(s1,a,a_1,a_2) at {61} in copy a_3 (goal)

The event Evidence(s1,a,a_1,a_2) is executed at {61} in copy a_3.
A trace has been found.
RESULT not event(Evidence(s_5,K_6,v1_1,v2_1)) is false.

--------------------------------------------------------------
Verification summary:

Query(ies):
 - Query event(Accept(K_6,v_5,a1_1,a2_1,a3_1)) ==> (event(Signed(a1_1,K_6,v_5)) || event(Corrupt(a1_1))) && (event(Signed(a2_1,K_6,v_5)) || event(Corrupt(a2_1))) && (event(Signed(a3_1,K_6,v_5)) || event(Corrupt(a3_1))) is true.
 - Query event(Verified(s_5,K_6,v_5)) ==> event(Signed(s_5,K_6,v_5)) || event(Corrupt(s_5)) is true.
 - Query event(Accept(K_6,v1_1,a1_1,a2_1,a3_1)) && event(Accept(K_6,v2_1,b1,b2,b3)) ==> v1_1 = v2_1 || (event(Corrupt(s0[])) && event(Corrupt(s1[]))) is true.
 - Query event(Accept(K_6,v1_1,a1_1,a2_1,a3_1)) && event(Accept(K_6,v2_1,b1,b2,b3)) ==> v1_1 = v2_1 || a1_1 = b1 || a1_1 = b2 || a1_1 = b3 || a2_1 = b1 || a2_1 = b2 || a2_1 = b3 || a3_1 = b1 || a3_1 = b2 || a3_1 = b3 is true.
 - Query event(Evidence(s_5,K_6,v1_1,v2_1)) ==> event(Corrupt(s_5)) is true.
 - Query event(Verified(s_5,K_6,v1_1)) && event(Verified(s_5,K_6,v2_1)) ==> v1_1 = v2_1 || event(Corrupt(s_5)) is true.
 - Query event(Accept(K_6,v1_1,a1_1,a2_1,a3_1)) && event(Accept(K_6,v2_1,b1,b2,b3)) ==> v1_1 = v2_1 is false.
 - Query not event(Accept(K_6,v_5,a1_1,a2_1,a3_1)) is false.
 - Query not event(Evidence(s_5,K_6,v1_1,v2_1)) is false.
Associated restriction(s):
 - Restriction event(Signed(s_5,K_6,v1_1)) && event(Signed(s_5,K_6,v2_1)) ==> v1_1 = v2_1 in process 1.

--------------------------------------------------------------

