== MATH + CRYPTANALYSIS (SymPy, galois, exact Grover, multi-target, toy FRAME)
[M1_quorum] {"symbolic_threshold": "-N + 2*q", "N64_q43": 22, "exhaustive_N4_to_64_mismatches": [], "verdict": "REPRODUCED"}
[M2_arithmetic] {"cfhl_queries_log2": {"n256": 81.74, "n768": 252.4}, "cfhl_gates_log2": {"n256": 99.74, "n768": 270.4}, "module_bound_at_2^81.7_queries": 0.3333, "classical_birthday_log2": {"n256": 128, "n768": 384}, "grover_iterations_log2_and_gates": {"128": [63.65, 82.0], "192": [95.65, 114.0], "256": [127.65, 146.0]}, "multi_target_unprefixed_pass_iff_T_log2_le": 36, "multi_target_T40_gates_log2": 126.0, "prefixed_gates_log2": 146, "category_attacks_pass_2^128": {"1": false, "2": false, "3": false, "5": true}, "s6_margins_bits": {"128": -46, "192": -14, "256": 18}, "sizes": {"qc_43_mldsa87": 199357, "lms
[M3_gf_differential] {"samples": 400, "mismatches": {"mul": 0, "inv": 0, "pow7": 0, "root7": 0}, "toy_fields": {"8": {"irreducible_by_galois": true, "pairs": 4096, "mismatches": 0}, "10": {"irreducible_by_galois": true, "pairs": 4096, "mismatches": 0}, "16": {"irreducible_by_galois": true, "pairs": 4096, "mismatches": 0}}, "verdict": "REPRODUCED"}
[M4_kernel] {"linearized_D": {"GF(2^4)": {"mode": "exhaustive", "triples": 4095, "kernel_dim_histogram": {"0": 1320, "1": 2250, "2": 525}, "max_dim": 2, "non_subspace_cases": 0}, "GF(2^6)": {"mode": "exhaustive", "triples": 262143, "kernel_dim_histogram": {"0": 86184, "1": 134946, "2": 41013}, "max_dim": 2, "non_subspace_cases": 0}, "GF(2^8)": {"mode": "random", "triples": 20000, "kernel_dim_histogram": {"0": 6636, "1": 10133, "2": 3231}, "max_dim": 2, "non_subspace_cases": 0}, "GF(2^12)": {"mode": "random", "triples": 3000, "kernel_dim_histogram": {"0": 1030, "1": 1475, "2": 495}, "max_dim": 2, "non_subs
[M5_quantum] {"rows": [{"n": 8, "k_measured": 12, "k_predicted": 12, "p_at_pred": 0.999947, "closed_form": 0.999947}, {"n": 10, "k_measured": 25, "k_predicted": 25, "p_at_pred": 0.999461, "closed_form": 0.999461}, {"n": 12, "k_measured": 50, "k_predicted": 50, "p_at_pred": 0.999945, "closed_form": 0.999945}, {"n": 14, "k_measured": 100, "k_predicted": 100, "p_at_pred": 1.0, "closed_form": 1.0}, {"n": 16, "k_measured": 201, "k_predicted": 201, "p_at_pred": 0.999988, "closed_form": 0.999988}, {"n": 18, "k_measured": 402, "k_predicted": 402, "p_at_pred": 0.999998, "closed_form": 0.999998}], "fitted_slope_log2
[M6_multi_target] {"classical_n16": {"1": {"shared_mean_work": 72806, "prefixed_mean_work": 40283, "expected_shared": 65536, "expected_prefixed": 65536}, "2": {"shared_mean_work": 22120, "prefixed_mean_work": 60515, "expected_shared": 32768, "expected_prefixed": 65536}, "4": {"shared_mean_work": 5433, "prefixed_mean_work": 31596, "expected_shared": 16384, "expected_prefixed": 65536}, "16": {"shared_mean_work": 2319, "prefixed_mean_work": 65012, "expected_shared": 4096, "expected_prefixed": 65536}, "64": {"shared_mean_work": 746, "prefixed_mean_work": 39251, "expected_shared": 1024, "expected_prefixed": 65536}, 
[M7_frame_toy] {"rows": [{"bits": 8, "forgery_work": 279, "expected_2^bits": 256, "honest_named_before_attack": [], "frame_succeeded_after_forgery": true}, {"bits": 10, "forgery_work": 2879, "expected_2^bits": 1024, "honest_named_before_attack": [], "frame_succeeded_after_forgery": true}, {"bits": 12, "forgery_work": 4418, "expected_2^bits": 4096, "honest_named_before_attack": [], "frame_succeeded_after_forgery": true}, {"bits": 14, "forgery_work": 22285, "expected_2^bits": 16384, "honest_named_before_attack": [], "frame_succeeded_after_forgery": true}], "fitted_slope_log2work_vs_bits": 0.979, "expected_slop
[M8_evade] {"N": 7, "q": 5, "pairs": 441, "pairs_below_2q_minus_N": 0, "verdict": "REPRODUCED"}
{
 "engines": {
  "sympy": "1.13.1",
  "galois": "0.4.11",
  "numpy": "2.4.6",
  "sage": "not installed"
 },
 "seconds": 82.6,
 "verdicts": {
  "M1_quorum": "REPRODUCED",
  "M2_arithmetic": "REPRODUCED",
  "M3_gf_differential": "REPRODUCED",
  "M4_kernel": "REPRODUCED",
  "M5_quantum": "REPRODUCED",
  "M6_multi_target": "REPRODUCED",
  "M7_frame_toy": "REPRODUCED",
  "M8_evade": "REPRODUCED"
 }
}
   exit 0
== FORMAL: bounded model checker (third model)
QPT-128 / CE-QS profile B0 -- bounded exhaustive checker
q = floor(2N/3)+1 ; threshold 2q-N ; two candidates per K

  N   q  2q-N   C | conflicting_pair_exists extraction_nonempty honest_named |     certs     pairs    A    C |    csets   E_ok
------------------------------------------------------------------------------------------------------------------------------
  4   3     2   0 |                  False                 n/a        False |        26         0   ok   ok |        1     ok
  4   3     2   1 |                  False                 n/a        False |        88         0   ok   ok |        4     ok
  4   3     2   2 |                   True       yes(min|I|=2)        False |       108        12   ok   ok |        6     ok
  4   3     2   3 |                   True       yes(min|I|=2)        False |        56        44   ok   ok |        4     ok
  4   3     2   4 |                   True       yes(min|I|=2)        False |        10        25   ok   ok |        1     ok
   boundary N=4 q=3 2q-N=2: C=1 -> no conflicting pair; C=2 -> pair exists, witness cert(v0)=[0, 1, 2] cert(v1)=[0, 1, 3] intersection=[0, 1] (all corrupt: True)

  5   4     3   0 |                  False                 n/a        False |        32         0   ok   ok |        1     ok
  5   4     3   1 |                  False                 n/a        False |       140         0   ok   ok |        5     ok
  5   4     3   2 |                  False                 n/a        False |       240         0   ok   ok |       10     ok
  5   4     3   3 |                   True       yes(min|I|=3)        False |       200        20   ok   ok |       10     ok
  5   4     3   4 |                   True       yes(min|I|=3)        False |        80        65   ok   ok |        5     ok
  5   4     3   5 |                   True       yes(min|I|=3)        False |        12        36   ok   ok |        1     ok
   boundary N=5 q=4 2q-N=3: C=2 -> no conflicting pair; C=3 -> pair exists, witness cert(v0)=[0, 1, 2, 3] cert(v1)=[0, 1, 2, 4] intersection=[0, 1, 2] (all corrupt: True)

  7   5     3   0 |                  False                 n/a        False |       422         0   ok   ok |        1     ok
  7   5     3   1 |                  False                 n/a        False |      2422         0   ok   ok |        7     ok
  7   5     3   2 |                  False                 n/a        False |      5838         0   ok   ok |       21     ok
  7   5     3   3 |                   True       yes(min|I|=3)        False |      7630       210   ok   ok |       35     ok
  7   5     3   4 |                   True       yes(min|I|=3)        False |      5810      1680   ok   ok |       35     ok
  7   5     3   5 |                   True       yes(min|I|=3)        False |      2562      3885   ok   ok |       21     ok
  7   5     3   6 |                   True       yes(min|I|=3)        False |       602      3185   ok   ok |        7     ok
  7   5     3   7 |                   True       yes(min|I|=3)        False |        58       841   ok   ok |        1     ok
   boundary N=7 q=5 2q-N=3: C=2 -> no conflicting pair; C=3 -> pair exists, witness cert(v0)=[0, 1, 2, 3, 4] cert(v1)=[0, 1, 2, 5, 6] intersection=[0, 1, 2] (all corrupt: True)

 10   7     4   0 |                  False                 n/a        False |      7352         0   ok   ok |        1     ok
 10   7     4   1 |                  False                 n/a        False |      5944         0   ok   ok |        1     ok
 10   7     4   2 |                  False                 n/a        False |      4736         0   ok   ok |        1     ok
 10   7     4   3 |                  False                 n/a        False |      3712         0   ok   ok |        1     ok
 10   7     4   4 |                   True       yes(min|I|=4)        False |      2856        20   ok   ok |        1     ok
 10   7     4   5 |                   True       yes(min|I|=4)        False |      2152       210   ok   ok |        1     ok
 10   7     4   6 |                   True       yes(min|I|=4)        False |      1584      1082   ok   ok |        1     ok
 10   7     4   7 |                   True       yes(min|I|=4)        False |      1136      3653   ok   ok |        1     ok
 10   7     4   8 |                   True       yes(min|I|=4)        False |       792      9137   ok   ok |        1     ok
 10   7     4   9 |                   True       yes(min|I|=4)        False |       536     18308   ok   ok |        1     ok
 10   7     4  10 |                   True       yes(min|I|=4)        False |       352     30976   ok   ok |        1     ok
   boundary N=10 q=7 2q-N=4: C=3 -> no conflicting pair; C=4 -> pair exists, witness cert(v0)=[0, 1, 2, 3, 4, 5, 6] cert(v1)=[0, 1, 2, 3, 7, 8, 9] intersection=[0, 1, 2, 3] (all corrupt: True)

three-candidate sanity (N<=5, every corrupt subset): boundary and D re-checked
   N=4 q=3 2q-N=2: ok for all C in 0..4 and all corrupt subsets
   N=5 q=4 2q-N=3: ok for all C in 0..5 and all corrupt subsets

ratified parameters: N=64 q=43 2q-N=22 (any two q-subsets of an N-set share >= 22 seats; with C < 22 corrupt no two conflicting certificates can exist)

RESULT: all rows ok; boundary C = 2q-N confirmed for N in [4, 5, 7, 10]
   exit 0
== FORMAL: Tamarin --prove
maude tool: 'maude'
 checking version: 3.5.1. OK.
 checking installation: OK.
[Theory QPT128_Quorum_N4_q3] Theory loaded
[Theory QPT128_Quorum_N4_q3] Theory translated
[Theory QPT128_Quorum_N4_q3] Derivation checks started
[Theory QPT128_Quorum_N4_q3] Derivation checks ended
[Theory QPT128_Quorum_N4_q3] Theory closed
[Saturating Sources] Step 1 (Max 5)
[Saturating Sources] Done
theory QPT128_Quorum_N4_q3

begin

// Function signature and definition of the equational theory E

functions: fst/1, pair/2, pk/1, sign/2, snd/1, true/0, verify/3
equations:
    fst(<x.1, x.2>) = x.1,
    snd(<x.1, x.2>) = x.2,
    verify(sign(x.1, x.2), x.1, pk(x.2)) = true

rule (modulo E) Register:
   [ Fr( ~sk ) ]
  --[ Register( $s ), OnlyOnce( <'reg', $s> ) ]->
   [ !Seat( $s, ~sk ), !Pk( $s, pk(~sk) ), Out( pk(~sk) ) ]

  /* has exactly the trivial AC variant */

restriction SeatUniverse:
  "∀ s #i.
    (Register( s ) @ #i) ⇒
    ((((s = 's0') ∨ (s = 's1')) ∨ (s = 's2')) ∨ (s = 's3'))"
  // safety formula

  /*
  expanded formula:
  "∀ s #i.
    (Register( s ) @ #i) ⇒
    ((((s = 's0') ∨ (s = 's1')) ∨ (s = 's2')) ∨ (s = 's3'))"
  */

restriction OnlyOnce:
  "∀ x #i #j. ((OnlyOnce( x ) @ #i) ∧ (OnlyOnce( x ) @ #j)) ⇒ (#i = #j)"
  // safety formula

  /*
  expanded formula:
  "∀ x #i #j. ((OnlyOnce( x ) @ #i) ∧ (OnlyOnce( x ) @ #j)) ⇒ (#i = #j)"
  */

rule (modulo E) Corrupt:
   [ !Seat( $s, ~sk ) ] --[ Corrupt( $s ) ]-> [ Out( ~sk ) ]

  /* has exactly the trivial AC variant */

rule (modulo E) Sign:
   [ !Seat( $s, ~sk ), In( <K, v> ) ]
  --[ Signed( $s, K, v ) ]->
   [ Out( sign(<K, v, $s>, ~sk) ) ]

  /* has exactly the trivial AC variant */

restriction HonestSignsOneCandidatePerCoordinate:
  "∀ s K v1 v2 #i #j.
    ((Signed( s, K, v1 ) @ #i) ∧ (Signed( s, K, v2 ) @ #j)) ⇒ (v1 = v2)"
  // safety formula

  /*
  expanded formula:
  "∀ s K v1 v2 #i #j.
    ((Signed( s, K, v1 ) @ #i) ∧ (Signed( s, K, v2 ) @ #j)) ⇒ (v1 = v2)"
  */

rule (modulo E) Accept_012[no_derivcheck]:
   [
   !Pk( 's0', pk(skA) ), !Pk( 's1', pk(skB) ), !Pk( 's2', pk(skC) ),
   In( <K, v, sign(<K, v, 's0'>, skA), sign(<K, v, 's1'>, skB), 
        sign(<K, v, 's2'>, skC)>
   ),
   Fr( ~c )
   ]
  --[
  Accept( ~c, K, v ), Signers( ~c, 's0', 's1', 's2' ),
  Verified( 's0', K, v ), Verified( 's1', K, v ), Verified( 's2', K, v )
  ]->
   [
   !Cert( ~c, K, v ), !Signer( ~c, 's0', sign(<K, v, 's0'>, skA) ),
   !Signer( ~c, 's1', sign(<K, v, 's1'>, skB) ),
   !Signer( ~c, 's2', sign(<K, v, 's2'>, skC) )
   ]

  /* has exactly the trivial AC variant */

rule (modulo E) Accept_013[no_derivcheck]:
   [
   !Pk( 's0', pk(skA) ), !Pk( 's1', pk(skB) ), !Pk( 's3', pk(skC) ),
   In( <K, v, sign(<K, v, 's0'>, skA), sign(<K, v, 's1'>, skB), 
        sign(<K, v, 's3'>, skC)>
   ),
   Fr( ~c )
   ]
  --[
  Accept( ~c, K, v ), Signers( ~c, 's0', 's1', 's3' ),
  Verified( 's0', K, v ), Verified( 's1', K, v ), Verified( 's3', K, v )
  ]->
   [
   !Cert( ~c, K, v ), !Signer( ~c, 's0', sign(<K, v, 's0'>, skA) ),
   !Signer( ~c, 's1', sign(<K, v, 's1'>, skB) ),
   !Signer( ~c, 's3', sign(<K, v, 's3'>, skC) )
   ]

  /* has exactly the trivial AC variant */

rule (modulo E) Accept_023[no_derivcheck]:
   [
   !Pk( 's0', pk(skA) ), !Pk( 's2', pk(skB) ), !Pk( 's3', pk(skC) ),
   In( <K, v, sign(<K, v, 's0'>, skA), sign(<K, v, 's2'>, skB), 
        sign(<K, v, 's3'>, skC)>
   ),
   Fr( ~c )
   ]
  --[
  Accept( ~c, K, v ), Signers( ~c, 's0', 's2', 's3' ),
  Verified( 's0', K, v ), Verified( 's2', K, v ), Verified( 's3', K, v )
  ]->
   [
   !Cert( ~c, K, v ), !Signer( ~c, 's0', sign(<K, v, 's0'>, skA) ),
   !Signer( ~c, 's2', sign(<K, v, 's2'>, skB) ),
   !Signer( ~c, 's3', sign(<K, v, 's3'>, skC) )
   ]

  /* has exactly the trivial AC variant */

rule (modulo E) Accept_123[no_derivcheck]:
   [
   !Pk( 's1', pk(skA) ), !Pk( 's2', pk(skB) ), !Pk( 's3', pk(skC) ),
   In( <K, v, sign(<K, v, 's1'>, skA), sign(<K, v, 's2'>, skB), 
        sign(<K, v, 's3'>, skC)>
   ),
   Fr( ~c )
   ]
  --[
  Accept( ~c, K, v ), Signers( ~c, 's1', 's2', 's3' ),
  Verified( 's1', K, v ), Verified( 's2', K, v ), Verified( 's3', K, v )
  ]->
   [
   !Cert( ~c, K, v ), !Signer( ~c, 's1', sign(<K, v, 's1'>, skA) ),
   !Signer( ~c, 's2', sign(<K, v, 's2'>, skB) ),
   !Signer( ~c, 's3', sign(<K, v, 's3'>, skC) )
   ]

  /* has exactly the trivial AC variant */

rule (modulo E) Extract:
   [
   !Cert( c1, K, v1 ), !Cert( c2, K, v2 ), !Signer( c1, s, sig1 ),
   !Signer( c2, s, sig2 )
   ]
  --[ Evidence( s, K, v1, v2 ), Neq( v1, v2 ) ]->
   [ !SlashProof( s, K, v1, v2, sig1, sig2 ) ]

  /* has exactly the trivial AC variant */

restriction Neq:
  "∀ x y #i. (Neq( x, y ) @ #i) ⇒ (¬(x = y))"
  // safety formula

  /*
  expanded formula:
  "∀ x y #i. (Neq( x, y ) @ #i) ⇒ (¬(x = y))"
  */

lemma sanity_honest_certificate:
  exists-trace
  "∃ c K v #i. (Accept( c, K, v ) @ #i) ∧ (¬(∃ s #k. Corrupt( s ) @ #k))"
/*
guarded formula characterizing all satisfying traces:
"∃ c K v #i. (Accept( c, K, v ) @ #i) ∧ ∀ s #k. (Corrupt( s ) @ #k) ⇒ ⊥"
*/
simplify
solve( Accept( c, K, v ) @ #i )
  case Accept_012
  solve( !Pk( 's0', pk(skA) ) ▶₀ #i )
    case Register
    solve( !Pk( 's1', pk(skB) ) ▶₁ #i )
      case Register
      solve( !Pk( 's2', pk(skC) ) ▶₂ #i )
        case Register
        solve( !KU( sign(<K, v, 's0'>, ~sk) ) @ #vk.5 )
          case Sign
          solve( !KU( sign(<K, v, 's1'>, ~sk.1) ) @ #vk.8 )
            case Sign
            solve( !KU( sign(<K, v, 's2'>, ~sk.2) ) @ #vk.9 )
              case Sign
              SOLVED // trace found
            qed
          qed
        qed
      qed
    qed
  qed
qed

lemma A1_three_distinct_signers:
  all-traces
  "∀ c K v #i.
    (Accept( c, K, v ) @ #i) ⇒
    (∃ a1 a2 a3.
      ((((((Signers( c, a1, a2, a3 ) @ #i) ∧ (Verified( a1, K, v ) @ #i)) ∧
          (Verified( a2, K, v ) @ #i)) ∧
         (Verified( a3, K, v ) @ #i)) ∧
        (¬(a1 = a2))) ∧
       (¬(a1 = a3))) ∧
      (¬(a2 = a3)))"
/*
guarded formula characterizing all counter-examples:
"∃ c K v #i.
  (Accept( c, K, v ) @ #i)
 ∧
  ∀ a1 a2 a3.
   (Signers( c, a1, a2, a3 ) @ #i) ∧
   (Verified( a1, K, v ) @ #i) ∧
   (Verified( a2, K, v ) @ #i) ∧
   (Verified( a3, K, v ) @ #i)
  ⇒
   ((a1 = a2) ∨ (a1 = a3) ∨ (a2 = a3))"
*/
simplify
solve( Accept( c, K, v ) @ #i )
  case Accept_012
  by contradiction /* from formulas */
next
  case Accept_013
  by contradiction /* from formulas */
next
  case Accept_023
  by contradiction /* from formulas */
next
  case Accept_123
  by contradiction /* from formulas */
qed

lemma A2_signer_authorized [reuse]:
  all-traces
  "∀ s c K v #i.
    ((Accept( c, K, v ) @ #i) ∧ (Verified( s, K, v ) @ #i)) ⇒
    ((∃ #k. (Signed( s, K, v ) @ #k) ∧ (#k < #i)) ∨
     (∃ #k. (Corrupt( s ) @ #k) ∧ (#k < #i)))"
/*
guarded formula characterizing all counter-examples:
"∃ s c K v #i.
  (Accept( c, K, v ) @ #i) ∧ (Verified( s, K, v ) @ #i)
 ∧
  (∀ #k. (Signed( s, K, v ) @ #k) ⇒ ¬(#k < #i)) ∧
  (∀ #k. (Corrupt( s ) @ #k) ⇒ ¬(#k < #i))"
*/
simplify
solve( Accept( c, K, v ) @ #i )
  case Accept_012
  solve( !Pk( 's0', pk(skA) ) ▶₀ #i )
    case Register
    solve( !Pk( 's1', pk(skB) ) ▶₁ #i )
      case Register
      solve( !Pk( 's2', pk(skC) ) ▶₂ #i )
        case Register
        solve( Verified( s, K, v ) @ #i )
          case Accept_012_case_1
          solve( !KU( sign(<K, v, 's0'>, ~sk) ) @ #vk.5 )
            case Sign
            by contradiction /* from formulas */
          next
            case c_sign
            solve( !KU( ~sk ) @ #vk.11 )
              case Corrupt
              by contradiction /* from formulas */
            qed
          qed
        next
          case Accept_012_case_2
          solve( !KU( sign(<K, v, 's0'>, ~sk) ) @ #vk.5 )
            case Sign
            solve( !KU( sign(<K, v, 's1'>, ~sk.1) ) @ #vk.8 )
              case Sign
              by contradiction /* from formulas */
            next
              case c_sign
              solve( !KU( ~sk.1 ) @ #vk.12 )
                case Corrupt
                by contradiction /* from formulas */
              qed
            qed
          next
            case c_sign
            solve( !KU( ~sk ) @ #vk.11 )
              case Corrupt
              solve( !KU( sign(<K, v, 's1'>, ~sk.1) ) @ #vk.10 )
                case Sign
                by contradiction /* from formulas */
              next
                case c_sign
                solve( !KU( ~sk.1 ) @ #vk.15 )
                  case Corrupt
                  by contradiction /* from formulas */
                qed
              qed
            qed
          qed
        next
          case Accept_012_case_3
          solve( !KU( sign(<K, v, 's0'>, ~sk) ) @ #vk.5 )
            case Sign
            solve( !KU( sign(<K, v, 's1'>, ~sk.1) ) @ #vk.8 )
              case Sign
              solve( !KU( sign(<K, v, 's2'>, ~sk.2) ) @ #vk.9 )
                case Sign
                by contradiction /* from formulas */
              next
                case c_sign
                solve( !KU( ~sk.2 ) @ #vk.12 )
                  case Corrupt
                  by contradiction /* from formulas */
                qed
              qed
            next
              case c_sign
              solve( !KU( ~sk.1 ) @ #vk.12 )
                case Corrupt
                solve( !KU( sign(<K, v, 's2'>, ~sk.2) ) @ #vk.12 )
                  case Sign
                  by contradiction /* from formulas */
                next
                  case c_sign
                  solve( !KU( ~sk.2 ) @ #vk.16 )
                    case Corrupt
                    by contradiction /* from formulas */
                  qed
                qed
              qed
            qed
          next
            case c_sign
            solve( !KU( ~sk ) @ #vk.11 )
              case Corrupt
              solve( !KU( sign(<K, v, 's1'>, ~sk.1) ) @ #vk.10 )
                case Sign
                solve( !KU( sign(<K, v, 's2'>, ~sk.2) ) @ #vk.12 )
                  case Sign
                  by contradiction /* from formulas */
                next
                  case c_sign
                  solve( !KU( ~sk.2 ) @ #vk.16 )
                    case Corrupt
                    by contradiction /* from formulas */
                  qed
                qed
              next
                case c_sign
                solve( !KU( ~sk.1 ) @ #vk.15 )
                  case Corrupt
                  solve( !KU( sign(<K, v, 's2'>, ~sk.2) ) @ #vk.14 )
                    case Sign
                    by contradiction /* from formulas */
                  next
                    case c_sign
                    solve( !KU( ~sk.2 ) @ #vk.19 )
                      case Corrupt
                      by contradiction /* from formulas */
                    qed
                  qed
                qed
              qed
            qed
          qed
        qed
      qed
    qed
  qed
next
  case Accept_013
  solve( !Pk( 's0', pk(skA) ) ▶₀ #i )
    case Register
    solve( !Pk( 's1', pk(skB) ) ▶₁ #i )
      case Register
      solve( !Pk( 's3', pk(skC) ) ▶₂ #i )
        case Register
        solve( Verified( s, K, v ) @ #i )
          case Accept_013_case_1
          solve( !KU( sign(<K, v, 's0'>, ~sk) ) @ #vk.5 )
            case Sign
            by contradiction /* from formulas */
          next
            case c_sign
            solve( !KU( ~sk ) @ #vk.11 )
              case Corrupt
              by contradiction /* from formulas */
            qed
          qed
        next
          case Accept_013_case_2
          solve( !KU( sign(<K, v, 's0'>, ~sk) ) @ #vk.5 )
            case Sign
            solve( !KU( sign(<K, v, 's1'>, ~sk.1) ) @ #vk.8 )
              case Sign
              by contradiction /* from formulas */
            next
              case c_sign
              solve( !KU( ~sk.1 ) @ #vk.12 )
                case Corrupt
                by contradiction /* from formulas */
              qed
            qed
          next
            case c_sign
            solve( !KU( ~sk ) @ #vk.11 )
              case Corrupt
              solve( !KU( sign(<K, v, 's1'>, ~sk.1) ) @ #vk.10 )
                case Sign
                by contradiction /* from formulas */
              next
                case c_sign
                solve( !KU( ~sk.1 ) @ #vk.15 )
                  case Corrupt
                  by contradiction /* from formulas */
                qed
              qed
            qed
          qed
        next
          case Accept_013_case_3
          solve( !KU( sign(<K, v, 's0'>, ~sk) ) @ #vk.5 )
            case Sign
            solve( !KU( sign(<K, v, 's1'>, ~sk.1) ) @ #vk.8 )
              case Sign
              solve( !KU( sign(<K, v, 's3'>, ~sk.2) ) @ #vk.9 )
                case Sign
                by contradiction /* from formulas */
              next
                case c_sign
                solve( !KU( ~sk.2 ) @ #vk.12 )
                  case Corrupt
                  by contradiction /* from formulas */
                qed
              qed
            next
              case c_sign
              solve( !KU( ~sk.1 ) @ #vk.12 )
                case Corrupt
                solve( !KU( sign(<K, v, 's3'>, ~sk.2) ) @ #vk.12 )
                  case Sign
                  by contradiction /* from formulas */
                next
                  case c_sign
                  solve( !KU( ~sk.2 ) @ #vk.16 )
                    case Corrupt
                    by contradiction /* from formulas */
                  qed
                qed
              qed
            qed
          next
            case c_sign
            solve( !KU( ~sk ) @ #vk.11 )
              case Corrupt
              solve( !KU( sign(<K, v, 's1'>, ~sk.1) ) @ #vk.10 )
                case Sign
                solve( !KU( sign(<K, v, 's3'>, ~sk.2) ) @ #vk.12 )
                  case Sign
                  by contradiction /* from formulas */
                next
                  case c_sign
                  solve( !KU( ~sk.2 ) @ #vk.16 )
                    case Corrupt
                    by contradiction /* from formulas */
                  qed
                qed
              next
                case c_sign
                solve( !KU( ~sk.1 ) @ #vk.15 )
                  case Corrupt
                  solve( !KU( sign(<K, v, 's3'>, ~sk.2) ) @ #vk.14 )
                    case Sign
                    by contradiction /* from formulas */
                  next
                    case c_sign
                    solve( !KU( ~sk.2 ) @ #vk.19 )
                      case Corrupt
                      by contradiction /* from formulas */
                    qed
                  qed
                qed
              qed
            qed
          qed
        qed
      qed
    qed
  qed
next
  case Accept_023
  solve( !Pk( 's0', pk(skA) ) ▶₀ #i )
    case Register
    solve( !Pk( 's2', pk(skB) ) ▶₁ #i )
      case Register
      solve( !Pk( 's3', pk(skC) ) ▶₂ #i )
        case Register
        solve( Verified( s, K, v ) @ #i )
          case Accept_023_case_1
          solve( !KU( sign(<K, v, 's0'>, ~sk) ) @ #vk.5 )
            case Sign
            by contradiction /* from formulas */
          next
            case c_sign
            solve( !KU( ~sk ) @ #vk.11 )
              case Corrupt
              by contradiction /* from formulas */
            qed
          qed
        next
          case Accept_023_case_2
          solve( !KU( sign(<K, v, 's0'>, ~sk) ) @ #vk.5 )
            case Sign
            solve( !KU( sign(<K, v, 's2'>, ~sk.1) ) @ #vk.8 )
              case Sign
              by contradiction /* from formulas */
            next
              case c_sign
              solve( !KU( ~sk.1 ) @ #vk.12 )
                case Corrupt
                by contradiction /* from formulas */
              qed
            qed
          next
            case c_sign
            solve( !KU( ~sk ) @ #vk.11 )
              case Corrupt
              solve( !KU( sign(<K, v, 's2'>, ~sk.1) ) @ #vk.10 )
                case Sign
                by contradiction /* from formulas */
              next
                case c_sign
                solve( !KU( ~sk.1 ) @ #vk.15 )
                  case Corrupt
                  by contradiction /* from formulas */
                qed
              qed
            qed
          qed
        next
          case Accept_023_case_3
          solve( !KU( sign(<K, v, 's0'>, ~sk) ) @ #vk.5 )
            case Sign
            solve( !KU( sign(<K, v, 's2'>, ~sk.1) ) @ #vk.8 )
              case Sign
              solve( !KU( sign(<K, v, 's3'>, ~sk.2) ) @ #vk.9 )
                case Sign
                by contradiction /* from formulas */
              next
                case c_sign
                solve( !KU( ~sk.2 ) @ #vk.12 )
                  case Corrupt
                  by contradiction /* from formulas */
                qed
              qed
            next
              case c_sign
              solve( !KU( ~sk.1 ) @ #vk.12 )
                case Corrupt
                solve( !KU( sign(<K, v, 's3'>, ~sk.2) ) @ #vk.12 )
                  case Sign
                  by contradiction /* from formulas */
                next
                  case c_sign
                  solve( !KU( ~sk.2 ) @ #vk.16 )
                    case Corrupt
                    by contradiction /* from formulas */
                  qed
                qed
              qed
            qed
          next
            case c_sign
            solve( !KU( ~sk ) @ #vk.11 )
              case Corrupt
              solve( !KU( sign(<K, v, 's2'>, ~sk.1) ) @ #vk.10 )
                case Sign
                solve( !KU( sign(<K, v, 's3'>, ~sk.2) ) @ #vk.12 )
                  case Sign
                  by contradiction /* from formulas */
                next
                  case c_sign
                  solve( !KU( ~sk.2 ) @ #vk.16 )
                    case Corrupt
                    by contradiction /* from formulas */
                  qed
                qed
              next
                case c_sign
                solve( !KU( ~sk.1 ) @ #vk.15 )
                  case Corrupt
                  solve( !KU( sign(<K, v, 's3'>, ~sk.2) ) @ #vk.14 )
                    case Sign
                    by contradiction /* from formulas */
                  next
                    case c_sign
                    solve( !KU( ~sk.2 ) @ #vk.19 )
                      case Corrupt
                      by contradiction /* from formulas */
                    qed
                  qed
                qed
              qed
            qed
          qed
        qed
      qed
    qed
  qed
next
  case Accept_123
  solve( !Pk( 's1', pk(skA) ) ▶₀ #i )
    case Register
    solve( !Pk( 's2', pk(skB) ) ▶₁ #i )
      case Register
      solve( !Pk( 's3', pk(skC) ) ▶₂ #i )
        case Register
        solve( Verified( s, K, v ) @ #i )
          case Accept_123_case_1
          solve( !KU( sign(<K, v, 's1'>, ~sk) ) @ #vk.5 )
            case Sign
            by contradiction /* from formulas */
          next
            case c_sign
            solve( !KU( ~sk ) @ #vk.11 )
              case Corrupt
              by contradiction /* from formulas */
            qed
          qed
        next
          case Accept_123_case_2
          solve( !KU( sign(<K, v, 's1'>, ~sk) ) @ #vk.5 )
            case Sign
            solve( !KU( sign(<K, v, 's2'>, ~sk.1) ) @ #vk.8 )
              case Sign
              by contradiction /* from formulas */
            next
              case c_sign
              solve( !KU( ~sk.1 ) @ #vk.12 )
                case Corrupt
                by contradiction /* from formulas */
              qed
            qed
          next
            case c_sign
            solve( !KU( ~sk ) @ #vk.11 )
              case Corrupt
              solve( !KU( sign(<K, v, 's2'>, ~sk.1) ) @ #vk.10 )
                case Sign
                by contradiction /* from formulas */
              next
                case c_sign
                solve( !KU( ~sk.1 ) @ #vk.15 )
                  case Corrupt
                  by contradiction /* from formulas */
                qed
              qed
            qed
          qed
        next
          case Accept_123_case_3
          solve( !KU( sign(<K, v, 's1'>, ~sk) ) @ #vk.5 )
            case Sign
            solve( !KU( sign(<K, v, 's2'>, ~sk.1) ) @ #vk.8 )
              case Sign
              solve( !KU( sign(<K, v, 's3'>, ~sk.2) ) @ #vk.9 )
                case Sign
                by contradiction /* from formulas */
              next
                case c_sign
                solve( !KU( ~sk.2 ) @ #vk.12 )
                  case Corrupt
                  by contradiction /* from formulas */
                qed
              qed
            next
              case c_sign
              solve( !KU( ~sk.1 ) @ #vk.12 )
                case Corrupt
                solve( !KU( sign(<K, v, 's3'>, ~sk.2) ) @ #vk.12 )
                  case Sign
                  by contradiction /* from formulas */
                next
                  case c_sign
                  solve( !KU( ~sk.2 ) @ #vk.16 )
                    case Corrupt
                    by contradiction /* from formulas */
                  qed
                qed
              qed
            qed
          next
            case c_sign
            solve( !KU( ~sk ) @ #vk.11 )
              case Corrupt
              solve( !KU( sign(<K, v, 's2'>, ~sk.1) ) @ #vk.10 )
                case Sign
                solve( !KU( sign(<K, v, 's3'>, ~sk.2) ) @ #vk.12 )
                  case Sign
                  by contradiction /* from formulas */
                next
                  case c_sign
                  solve( !KU( ~sk.2 ) @ #vk.16 )
                    case Corrupt
                    by contradiction /* from formulas */
                  qed
                qed
              next
                case c_sign
                solve( !KU( ~sk.1 ) @ #vk.15 )
                  case Corrupt
                  solve( !KU( sign(<K, v, 's3'>, ~sk.2) ) @ #vk.14 )
                    case Sign
                    by contradiction /* from formulas */
                  next
                    case c_sign
                    solve( !KU( ~sk.2 ) @ #vk.19 )
                      case Corrupt
                      by contradiction /* from formulas */
                    qed
                  qed
                qed
              qed
            qed
          qed
        qed
      qed
    qed
  qed
qed

lemma A_acceptance_authorized:
  all-traces
  "∀ c K v #i.
    (Accept( c, K, v ) @ #i) ⇒
    (∃ a1 a2 a3.
      (((((((((Signers( c, a1, a2, a3 ) @ #i) ∧ (Verified( a1, K, v ) @ #i)) ∧
             (Verified( a2, K, v ) @ #i)) ∧
            (Verified( a3, K, v ) @ #i)) ∧
           (¬(a1 = a2))) ∧
          (¬(a1 = a3))) ∧
         (¬(a2 = a3))) ∧
        ((∃ #k. (Signed( a1, K, v ) @ #k) ∧ (#k < #i)) ∨
         (∃ #k. (Corrupt( a1 ) @ #k) ∧ (#k < #i)))) ∧
       ((∃ #k. (Signed( a2, K, v ) @ #k) ∧ (#k < #i)) ∨
        (∃ #k. (Corrupt( a2 ) @ #k) ∧ (#k < #i)))) ∧
      ((∃ #k. (Signed( a3, K, v ) @ #k) ∧ (#k < #i)) ∨
       (∃ #k. (Corrupt( a3 ) @ #k) ∧ (#k < #i))))"
/*
guarded formula characterizing all counter-examples:
"∃ c K v #i.
  (Accept( c, K, v ) @ #i)
 ∧
  ∀ a1 a2 a3.
   (Signers( c, a1, a2, a3 ) @ #i) ∧
   (Verified( a1, K, v ) @ #i) ∧
   (Verified( a2, K, v ) @ #i) ∧
   (Verified( a3, K, v ) @ #i)
  ⇒
   ((a1 = a2) ∨
    (a1 = a3) ∨
    (a2 = a3) ∨
    ((∀ #k. (Signed( a1, K, v ) @ #k) ⇒ ¬(#k < #i)) ∧
     (∀ #k. (Corrupt( a1 ) @ #k) ⇒ ¬(#k < #i))) ∨
    ((∀ #k. (Signed( a2, K, v ) @ #k) ⇒ ¬(#k < #i)) ∧
     (∀ #k. (Corrupt( a2 ) @ #k) ⇒ ¬(#k < #i))) ∨
    ((∀ #k. (Signed( a3, K, v ) @ #k) ⇒ ¬(#k < #i)) ∧
     (∀ #k. (Corrupt( a3 ) @ #k) ⇒ ¬(#k < #i))))"
*/
simplify
solve( Accept( c, K, v ) @ #i )
  case Accept_012
  solve( (∃ #k. (Signed( 's0', K, v ) @ #k) ∧ #k < #i)  ∥
         (∃ #k. (Corrupt( 's0' ) @ #k) ∧ #k < #i) )
    case case_1
    solve( (∃ #k. (Signed( 's1', K, v ) @ #k) ∧ #k < #i)  ∥
           (∃ #k. (Corrupt( 's1' ) @ #k) ∧ #k < #i) )
      case case_1
      solve( (∃ #k. (Signed( 's2', K, v ) @ #k) ∧ #k < #i)  ∥
             (∃ #k. (Corrupt( 's2' ) @ #k) ∧ #k < #i) )
        case case_1
        solve( ((∀ #k. (Signed( 's0', K, v ) @ #k) ⇒ ¬(#k < #i)) ∧
                (∀ #k. (Corrupt( 's0' ) @ #k) ⇒ ¬(#k < #i)))  ∥
               ((∀ #k. (Signed( 's1', K, v ) @ #k) ⇒ ¬(#k < #i)) ∧
                (∀ #k. (Corrupt( 's1' ) @ #k) ⇒ ¬(#k < #i)))  ∥
               ((∀ #k. (Signed( 's2', K, v ) @ #k) ⇒ ¬(#k < #i)) ∧
                (∀ #k. (Corrupt( 's2' ) @ #k) ⇒ ¬(#k < #i))) )
          case case_1
          by contradiction /* from formulas */
        next
          case case_2
          by contradiction /* from formulas */
        next
          case case_3
          by contradiction /* from formulas */
        qed
      next
        case case_2
        solve( ((∀ #k. (Signed( 's0', K, v ) @ #k) ⇒ ¬(#k < #i)) ∧
                (∀ #k. (Corrupt( 's0' ) @ #k) ⇒ ¬(#k < #i)))  ∥
               ((∀ #k. (Signed( 's1', K, v ) @ #k) ⇒ ¬(#k < #i)) ∧
                (∀ #k. (Corrupt( 's1' ) @ #k) ⇒ ¬(#k < #i)))  ∥
               ((∀ #k. (Signed( 's2', K, v ) @ #k) ⇒ ¬(#k < #i)) ∧
                (∀ #k. (Corrupt( 's2' ) @ #k) ⇒ ¬(#k < #i))) )
          case case_1
          by contradiction /* from formulas */
        next
          case case_2
          by contradiction /* from formulas */
        next
          case case_3
          by contradiction /* from formulas */
        qed
      qed
    next
      case case_2
      solve( (∃ #k. (Signed( 's2', K, v ) @ #k) ∧ #k < #i)  ∥
             (∃ #k. (Corrupt( 's2' ) @ #k) ∧ #k < #i) )
        case case_1
        solve( ((∀ #k. (Signed( 's0', K, v ) @ #k) ⇒ ¬(#k < #i)) ∧
                (∀ #k. (Corrupt( 's0' ) @ #k) ⇒ ¬(#k < #i)))  ∥
               ((∀ #k. (Signed( 's1', K, v ) @ #k) ⇒ ¬(#k < #i)) ∧
                (∀ #k. (Corrupt( 's1' ) @ #k) ⇒ ¬(#k < #i)))  ∥
               ((∀ #k. (Signed( 's2', K, v ) @ #k) ⇒ ¬(#k < #i)) ∧
                (∀ #k. (Corrupt( 's2' ) @ #k) ⇒ ¬(#k < #i))) )
          case case_1
          by contradiction /* from formulas */
        next
          case case_2
          by contradiction /* from formulas */
        next
          case case_3
          by contradiction /* from formulas */
        qed
      next
        case case_2
        solve( ((∀ #k. (Signed( 's0', K, v ) @ #k) ⇒ ¬(#k < #i)) ∧
                (∀ #k. (Corrupt( 's0' ) @ #k) ⇒ ¬(#k < #i)))  ∥
               ((∀ #k. (Signed( 's1', K, v ) @ #k) ⇒ ¬(#k < #i)) ∧
                (∀ #k. (Corrupt( 's1' ) @ #k) ⇒ ¬(#k < #i)))  ∥
               ((∀ #k. (Signed( 's2', K, v ) @ #k) ⇒ ¬(#k < #i)) ∧
                (∀ #k. (Corrupt( 's2' ) @ #k) ⇒ ¬(#k < #i))) )
          case case_1
          by contradiction /* from formulas */
        next
          case case_2
          by contradiction /* from formulas */
        next
          case case_3
          by contradiction /* from formulas */
        qed
      qed
    qed
  next
    case case_2
    solve( (∃ #k. (Signed( 's1', K, v ) @ #k) ∧ #k < #i)  ∥
           (∃ #k. (Corrupt( 's1' ) @ #k) ∧ #k < #i) )
      case case_1
      solve( (∃ #k. (Signed( 's2', K, v ) @ #k) ∧ #k < #i)  ∥
             (∃ #k. (Corrupt( 's2' ) @ #k) ∧ #k < #i) )
        case case_1
        solve( ((∀ #k. (Signed( 's0', K, v ) @ #k) ⇒ ¬(#k < #i)) ∧
                (∀ #k. (Corrupt( 's0' ) @ #k) ⇒ ¬(#k < #i)))  ∥
               ((∀ #k. (Signed( 's1', K, v ) @ #k) ⇒ ¬(#k < #i)) ∧
                (∀ #k. (Corrupt( 's1' ) @ #k) ⇒ ¬(#k < #i)))  ∥
               ((∀ #k. (Signed( 's2', K, v ) @ #k) ⇒ ¬(#k < #i)) ∧
                (∀ #k. (Corrupt( 's2' ) @ #k) ⇒ ¬(#k < #i))) )
          case case_1
          by contradiction /* from formulas */
        next
          case case_2
          by contradiction /* from formulas */
        next
          case case_3
          by contradiction /* from formulas */
        qed
      next
        case case_2
        solve( ((∀ #k. (Signed( 's0', K, v ) @ #k) ⇒ ¬(#k < #i)) ∧
                (∀ #k. (Corrupt( 's0' ) @ #k) ⇒ ¬(#k < #i)))  ∥
               ((∀ #k. (Signed( 's1', K, v ) @ #k) ⇒ ¬(#k < #i)) ∧
                (∀ #k. (Corrupt( 's1' ) @ #k) ⇒ ¬(#k < #i)))  ∥
               ((∀ #k. (Signed( 's2', K, v ) @ #k) ⇒ ¬(#k < #i)) ∧
                (∀ #k. (Corrupt( 's2' ) @ #k) ⇒ ¬(#k < #i))) )
          case case_1
          by contradiction /* from formulas */
        next
          case case_2
          by contradiction /* from formulas */
        next
          case case_3
          by contradiction /* from formulas */
        qed
      qed
    next
      case case_2
      solve( (∃ #k. (Signed( 's2', K, v ) @ #k) ∧ #k < #i)  ∥
             (∃ #k. (Corrupt( 's2' ) @ #k) ∧ #k < #i) )
        case case_1
        solve( ((∀ #k. (Signed( 's0', K, v ) @ #k) ⇒ ¬(#k < #i)) ∧
                (∀ #k. (Corrupt( 's0' ) @ #k) ⇒ ¬(#k < #i)))  ∥
               ((∀ #k. (Signed( 's1', K, v ) @ #k) ⇒ ¬(#k < #i)) ∧
                (∀ #k. (Corrupt( 's1' ) @ #k) ⇒ ¬(#k < #i)))  ∥
               ((∀ #k. (Signed( 's2', K, v ) @ #k) ⇒ ¬(#k < #i)) ∧
                (∀ #k. (Corrupt( 's2' ) @ #k) ⇒ ¬(#k < #i))) )
          case case_1
          by contradiction /* from formulas */
        next
          case case_2
          by contradiction /* from formulas */
        next
          case case_3
          by contradiction /* from formulas */
        qed
      next
        case case_2
        solve( ((∀ #k. (Signed( 's0', K, v ) @ #k) ⇒ ¬(#k < #i)) ∧
                (∀ #k. (Corrupt( 's0' ) @ #k) ⇒ ¬(#k < #i)))  ∥
               ((∀ #k. (Signed( 's1', K, v ) @ #k) ⇒ ¬(#k < #i)) ∧
                (∀ #k. (Corrupt( 's1' ) @ #k) ⇒ ¬(#k < #i)))  ∥
               ((∀ #k. (Signed( 's2', K, v ) @ #k) ⇒ ¬(#k < #i)) ∧
                (∀ #k. (Corrupt( 's2' ) @ #k) ⇒ ¬(#k < #i))) )
          case case_1
          by contradiction /* from formulas */
        next
          case case_2
          by contradiction /* from formulas */
        next
          case case_3
          by contradiction /* from formulas */
        qed
      qed
    qed
  qed
next
  case Accept_013
  solve( (∃ #k. (Signed( 's0', K, v ) @ #k) ∧ #k < #i)  ∥
         (∃ #k. (Corrupt( 's0' ) @ #k) ∧ #k < #i) )
    case case_1
    solve( (∃ #k. (Signed( 's1', K, v ) @ #k) ∧ #k < #i)  ∥
           (∃ #k. (Corrupt( 's1' ) @ #k) ∧ #k < #i) )
      case case_1
      solve( (∃ #k. (Signed( 's3', K, v ) @ #k) ∧ #k < #i)  ∥
             (∃ #k. (Corrupt( 's3' ) @ #k) ∧ #k < #i) )
        case case_1
        solve( ((∀ #k. (Signed( 's0', K, v ) @ #k) ⇒ ¬(#k < #i)) ∧
                (∀ #k. (Corrupt( 's0' ) @ #k) ⇒ ¬(#k < #i)))  ∥
               ((∀ #k. (Signed( 's1', K, v ) @ #k) ⇒ ¬(#k < #i)) ∧
                (∀ #k. (Corrupt( 's1' ) @ #k) ⇒ ¬(#k < #i)))  ∥
               ((∀ #k. (Signed( 's3', K, v ) @ #k) ⇒ ¬(#k < #i)) ∧
                (∀ #k. (Corrupt( 's3' ) @ #k) ⇒ ¬(#k < #i))) )
          case case_1
          by contradiction /* from formulas */
        next
          case case_2
          by contradiction /* from formulas */
        next
          case case_3
          by contradiction /* from formulas */
        qed
      next
        case case_2
        solve( ((∀ #k. (Signed( 's0', K, v ) @ #k) ⇒ ¬(#k < #i)) ∧
                (∀ #k. (Corrupt( 's0' ) @ #k) ⇒ ¬(#k < #i)))  ∥
               ((∀ #k. (Signed( 's1', K, v ) @ #k) ⇒ ¬(#k < #i)) ∧
                (∀ #k. (Corrupt( 's1' ) @ #k) ⇒ ¬(#k < #i)))  ∥
               ((∀ #k. (Signed( 's3', K, v ) @ #k) ⇒ ¬(#k < #i)) ∧
                (∀ #k. (Corrupt( 's3' ) @ #k) ⇒ ¬(#k < #i))) )
          case case_1
          by contradiction /* from formulas */
        next
          case case_2
          by contradiction /* from formulas */
        next
          case case_3
          by contradiction /* from formulas */
        qed
      qed
    next
      case case_2
      solve( (∃ #k. (Signed( 's3', K, v ) @ #k) ∧ #k < #i)  ∥
             (∃ #k. (Corrupt( 's3' ) @ #k) ∧ #k < #i) )
        case case_1
        solve( ((∀ #k. (Signed( 's0', K, v ) @ #k) ⇒ ¬(#k < #i)) ∧
                (∀ #k. (Corrupt( 's0' ) @ #k) ⇒ ¬(#k < #i)))  ∥
               ((∀ #k. (Signed( 's1', K, v ) @ #k) ⇒ ¬(#k < #i)) ∧
                (∀ #k. (Corrupt( 's1' ) @ #k) ⇒ ¬(#k < #i)))  ∥
               ((∀ #k. (Signed( 's3', K, v ) @ #k) ⇒ ¬(#k < #i)) ∧
                (∀ #k. (Corrupt( 's3' ) @ #k) ⇒ ¬(#k < #i))) )
          case case_1
          by contradiction /* from formulas */
        next
          case case_2
          by contradiction /* from formulas */
        next
          case case_3
          by contradiction /* from formulas */
        qed
      next
        case case_2
        solve( ((∀ #k. (Signed( 's0', K, v ) @ #k) ⇒ ¬(#k < #i)) ∧
                (∀ #k. (Corrupt( 's0' ) @ #k) ⇒ ¬(#k < #i)))  ∥
               ((∀ #k. (Signed( 's1', K, v ) @ #k) ⇒ ¬(#k < #i)) ∧
                (∀ #k. (Corrupt( 's1' ) @ #k) ⇒ ¬(#k < #i)))  ∥
               ((∀ #k. (Signed( 's3', K, v ) @ #k) ⇒ ¬(#k < #i)) ∧
                (∀ #k. (Corrupt( 's3' ) @ #k) ⇒ ¬(#k < #i))) )
          case case_1
          by contradiction /* from formulas */
        next
          case case_2
          by contradiction /* from formulas */
        next
          case case_3
          by contradiction /* from formulas */
        qed
      qed
    qed
  next
    case case_2
    solve( (∃ #k. (Signed( 's1', K, v ) @ #k) ∧ #k < #i)  ∥
           (∃ #k. (Corrupt( 's1' ) @ #k) ∧ #k < #i) )
      case case_1
      solve( (∃ #k. (Signed( 's3', K, v ) @ #k) ∧ #k < #i)  ∥
             (∃ #k. (Corrupt( 's3' ) @ #k) ∧ #k < #i) )
        case case_1
        solve( ((∀ #k. (Signed( 's0', K, v ) @ #k) ⇒ ¬(#k < #i)) ∧
                (∀ #k. (Corrupt( 's0' ) @ #k) ⇒ ¬(#k < #i)))  ∥
               ((∀ #k. (Signed( 's1', K, v ) @ #k) ⇒ ¬(#k < #i)) ∧
                (∀ #k. (Corrupt( 's1' ) @ #k) ⇒ ¬(#k < #i)))  ∥
               ((∀ #k. (Signed( 's3', K, v ) @ #k) ⇒ ¬(#k < #i)) ∧
                (∀ #k. (Corrupt( 's3' ) @ #k) ⇒ ¬(#k < #i))) )
          case case_1
          by contradiction /* from formulas */
        next
          case case_2
          by contradiction /* from formulas */
        next
          case case_3
          by contradiction /* from formulas */
        qed
      next
        case case_2
        solve( ((∀ #k. (Signed( 's0', K, v ) @ #k) ⇒ ¬(#k < #i)) ∧
                (∀ #k. (Corrupt( 's0' ) @ #k) ⇒ ¬(#k < #i)))  ∥
               ((∀ #k. (Signed( 's1', K, v ) @ #k) ⇒ ¬(#k < #i)) ∧
                (∀ #k. (Corrupt( 's1' ) @ #k) ⇒ ¬(#k < #i)))  ∥
               ((∀ #k. (Signed( 's3', K, v ) @ #k) ⇒ ¬(#k < #i)) ∧
                (∀ #k. (Corrupt( 's3' ) @ #k) ⇒ ¬(#k < #i))) )
          case case_1
          by contradiction /* from formulas */
        next
          case case_2
          by contradiction /* from formulas */
        next
          case case_3
          by contradiction /* from formulas */
        qed
      qed
    next
      case case_2
      solve( (∃ #k. (Signed( 's3', K, v ) @ #k) ∧ #k < #i)  ∥
             (∃ #k. (Corrupt( 's3' ) @ #k) ∧ #k < #i) )
        case case_1
        solve( ((∀ #k. (Signed( 's0', K, v ) @ #k) ⇒ ¬(#k < #i)) ∧
                (∀ #k. (Corrupt( 's0' ) @ #k) ⇒ ¬(#k < #i)))  ∥
               ((∀ #k. (Signed( 's1', K, v ) @ #k) ⇒ ¬(#k < #i)) ∧
                (∀ #k. (Corrupt( 's1' ) @ #k) ⇒ ¬(#k < #i)))  ∥
               ((∀ #k. (Signed( 's3', K, v ) @ #k) ⇒ ¬(#k < #i)) ∧
                (∀ #k. (Corrupt( 's3' ) @ #k) ⇒ ¬(#k < #i))) )
          case case_1
          by contradiction /* from formulas */
        next
          case case_2
          by contradiction /* from formulas */
        next
          case case_3
          by contradiction /* from formulas */
        qed
      next
        case case_2
        solve( ((∀ #k. (Signed( 's0', K, v ) @ #k) ⇒ ¬(#k < #i)) ∧
                (∀ #k. (Corrupt( 's0' ) @ #k) ⇒ ¬(#k < #i)))  ∥
               ((∀ #k. (Signed( 's1', K, v ) @ #k) ⇒ ¬(#k < #i)) ∧
                (∀ #k. (Corrupt( 's1' ) @ #k) ⇒ ¬(#k < #i)))  ∥
               ((∀ #k. (Signed( 's3', K, v ) @ #k) ⇒ ¬(#k < #i)) ∧
                (∀ #k. (Corrupt( 's3' ) @ #k) ⇒ ¬(#k < #i))) )
          case case_1
          by contradiction /* from formulas */
        next
          case case_2
          by contradiction /* from formulas */
        next
          case case_3
          by contradiction /* from formulas */
        qed
      qed
    qed
  qed
next
  case Accept_023
  solve( (∃ #k. (Signed( 's0', K, v ) @ #k) ∧ #k < #i)  ∥
         (∃ #k. (Corrupt( 's0' ) @ #k) ∧ #k < #i) )
    case case_1
    solve( (∃ #k. (Signed( 's2', K, v ) @ #k) ∧ #k < #i)  ∥
           (∃ #k. (Corrupt( 's2' ) @ #k) ∧ #k < #i) )
      case case_1
      solve( (∃ #k. (Signed( 's3', K, v ) @ #k) ∧ #k < #i)  ∥
             (∃ #k. (Corrupt( 's3' ) @ #k) ∧ #k < #i) )
        case case_1
        solve( ((∀ #k. (Signed( 's0', K, v ) @ #k) ⇒ ¬(#k < #i)) ∧
                (∀ #k. (Corrupt( 's0' ) @ #k) ⇒ ¬(#k < #i)))  ∥
               ((∀ #k. (Signed( 's2', K, v ) @ #k) ⇒ ¬(#k < #i)) ∧
                (∀ #k. (Corrupt( 's2' ) @ #k) ⇒ ¬(#k < #i)))  ∥
               ((∀ #k. (Signed( 's3', K, v ) @ #k) ⇒ ¬(#k < #i)) ∧
                (∀ #k. (Corrupt( 's3' ) @ #k) ⇒ ¬(#k < #i))) )
          case case_1
          by contradiction /* from formulas */
        next
          case case_2
          by contradiction /* from formulas */
        next
          case case_3
          by contradiction /* from formulas */
        qed
      next
        case case_2
        solve( ((∀ #k. (Signed( 's0', K, v ) @ #k) ⇒ ¬(#k < #i)) ∧
                (∀ #k. (Corrupt( 's0' ) @ #k) ⇒ ¬(#k < #i)))  ∥
               ((∀ #k. (Signed( 's2', K, v ) @ #k) ⇒ ¬(#k < #i)) ∧
                (∀ #k. (Corrupt( 's2' ) @ #k) ⇒ ¬(#k < #i)))  ∥
               ((∀ #k. (Signed( 's3', K, v ) @ #k) ⇒ ¬(#k < #i)) ∧
                (∀ #k. (Corrupt( 's3' ) @ #k) ⇒ ¬(#k < #i))) )
          case case_1
          by contradiction /* from formulas */
        next
          case case_2
          by contradiction /* from formulas */
        next
          case case_3
          by contradiction /* from formulas */
        qed
      qed
    next
      case case_2
      solve( (∃ #k. (Signed( 's3', K, v ) @ #k) ∧ #k < #i)  ∥
             (∃ #k. (Corrupt( 's3' ) @ #k) ∧ #k < #i) )
        case case_1
        solve( ((∀ #k. (Signed( 's0', K, v ) @ #k) ⇒ ¬(#k < #i)) ∧
                (∀ #k. (Corrupt( 's0' ) @ #k) ⇒ ¬(#k < #i)))  ∥
               ((∀ #k. (Signed( 's2', K, v ) @ #k) ⇒ ¬(#k < #i)) ∧
                (∀ #k. (Corrupt( 's2' ) @ #k) ⇒ ¬(#k < #i)))  ∥
               ((∀ #k. (Signed( 's3', K, v ) @ #k) ⇒ ¬(#k < #i)) ∧
                (∀ #k. (Corrupt( 's3' ) @ #k) ⇒ ¬(#k < #i))) )
          case case_1
          by contradiction /* from formulas */
        next
          case case_2
          by contradiction /* from formulas */
        next
          case case_3
          by contradiction /* from formulas */
        qed
      next
        case case_2
        solve( ((∀ #k. (Signed( 's0', K, v ) @ #k) ⇒ ¬(#k < #i)) ∧
                (∀ #k. (Corrupt( 's0' ) @ #k) ⇒ ¬(#k < #i)))  ∥
               ((∀ #k. (Signed( 's2', K, v ) @ #k) ⇒ ¬(#k < #i)) ∧
                (∀ #k. (Corrupt( 's2' ) @ #k) ⇒ ¬(#k < #i)))  ∥
               ((∀ #k. (Signed( 's3', K, v ) @ #k) ⇒ ¬(#k < #i)) ∧
                (∀ #k. (Corrupt( 's3' ) @ #k) ⇒ ¬(#k < #i))) )
          case case_1
          by contradiction /* from formulas */
        next
          case case_2
          by contradiction /* from formulas */
        next
          case case_3
          by contradiction /* from formulas */
        qed
      qed
    qed
  next
    case case_2
    solve( (∃ #k. (Signed( 's2', K, v ) @ #k) ∧ #k < #i)  ∥
           (∃ #k. (Corrupt( 's2' ) @ #k) ∧ #k < #i) )
      case case_1
      solve( (∃ #k. (Signed( 's3', K, v ) @ #k) ∧ #k < #i)  ∥
             (∃ #k. (Corrupt( 's3' ) @ #k) ∧ #k < #i) )
        case case_1
        solve( ((∀ #k. (Signed( 's0', K, v ) @ #k) ⇒ ¬(#k < #i)) ∧
                (∀ #k. (Corrupt( 's0' ) @ #k) ⇒ ¬(#k < #i)))  ∥
               ((∀ #k. (Signed( 's2', K, v ) @ #k) ⇒ ¬(#k < #i)) ∧
                (∀ #k. (Corrupt( 's2' ) @ #k) ⇒ ¬(#k < #i)))  ∥
               ((∀ #k. (Signed( 's3', K, v ) @ #k) ⇒ ¬(#k < #i)) ∧
                (∀ #k. (Corrupt( 's3' ) @ #k) ⇒ ¬(#k < #i))) )
          case case_1
          by contradiction /* from formulas */
        next
          case case_2
          by contradiction /* from formulas */
        next
          case case_3
          by contradiction /* from formulas */
        qed
      next
        case case_2
        solve( ((∀ #k. (Signed( 's0', K, v ) @ #k) ⇒ ¬(#k < #i)) ∧
                (∀ #k. (Corrupt( 's0' ) @ #k) ⇒ ¬(#k < #i)))  ∥
               ((∀ #k. (Signed( 's2', K, v ) @ #k) ⇒ ¬(#k < #i)) ∧
                (∀ #k. (Corrupt( 's2' ) @ #k) ⇒ ¬(#k < #i)))  ∥
               ((∀ #k. (Signed( 's3', K, v ) @ #k) ⇒ ¬(#k < #i)) ∧
                (∀ #k. (Corrupt( 's3' ) @ #k) ⇒ ¬(#k < #i))) )
          case case_1
          by contradiction /* from formulas */
        next
          case case_2
          by contradiction /* from formulas */
        next
          case case_3
          by contradiction /* from formulas */
        qed
      qed
    next
      case case_2
      solve( (∃ #k. (Signed( 's3', K, v ) @ #k) ∧ #k < #i)  ∥
             (∃ #k. (Corrupt( 's3' ) @ #k) ∧ #k < #i) )
        case case_1
        solve( ((∀ #k. (Signed( 's0', K, v ) @ #k) ⇒ ¬(#k < #i)) ∧
                (∀ #k. (Corrupt( 's0' ) @ #k) ⇒ ¬(#k < #i)))  ∥
               ((∀ #k. (Signed( 's2', K, v ) @ #k) ⇒ ¬(#k < #i)) ∧
                (∀ #k. (Corrupt( 's2' ) @ #k) ⇒ ¬(#k < #i)))  ∥
               ((∀ #k. (Signed( 's3', K, v ) @ #k) ⇒ ¬(#k < #i)) ∧
                (∀ #k. (Corrupt( 's3' ) @ #k) ⇒ ¬(#k < #i))) )
          case case_1
          by contradiction /* from formulas */
        next
          case case_2
          by contradiction /* from formulas */
        next
          case case_3
          by contradiction /* from formulas */
        qed
      next
        case case_2
        solve( ((∀ #k. (Signed( 's0', K, v ) @ #k) ⇒ ¬(#k < #i)) ∧
                (∀ #k. (Corrupt( 's0' ) @ #k) ⇒ ¬(#k < #i)))  ∥
               ((∀ #k. (Signed( 's2', K, v ) @ #k) ⇒ ¬(#k < #i)) ∧
                (∀ #k. (Corrupt( 's2' ) @ #k) ⇒ ¬(#k < #i)))  ∥
               ((∀ #k. (Signed( 's3', K, v ) @ #k) ⇒ ¬(#k < #i)) ∧
                (∀ #k. (Corrupt( 's3' ) @ #k) ⇒ ¬(#k < #i))) )
          case case_1
          by contradiction /* from formulas */
        next
          case case_2
          by contradiction /* from formulas */
        next
          case case_3
          by contradiction /* from formulas */
        qed
      qed
    qed
  qed
next
  case Accept_123
  solve( (∃ #k. (Signed( 's1', K, v ) @ #k) ∧ #k < #i)  ∥
         (∃ #k. (Corrupt( 's1' ) @ #k) ∧ #k < #i) )
    case case_1
    solve( (∃ #k. (Signed( 's2', K, v ) @ #k) ∧ #k < #i)  ∥
           (∃ #k. (Corrupt( 's2' ) @ #k) ∧ #k < #i) )
      case case_1
      solve( (∃ #k. (Signed( 's3', K, v ) @ #k) ∧ #k < #i)  ∥
             (∃ #k. (Corrupt( 's3' ) @ #k) ∧ #k < #i) )
        case case_1
        solve( ((∀ #k. (Signed( 's1', K, v ) @ #k) ⇒ ¬(#k < #i)) ∧
                (∀ #k. (Corrupt( 's1' ) @ #k) ⇒ ¬(#k < #i)))  ∥
               ((∀ #k. (Signed( 's2', K, v ) @ #k) ⇒ ¬(#k < #i)) ∧
                (∀ #k. (Corrupt( 's2' ) @ #k) ⇒ ¬(#k < #i)))  ∥
               ((∀ #k. (Signed( 's3', K, v ) @ #k) ⇒ ¬(#k < #i)) ∧
                (∀ #k. (Corrupt( 's3' ) @ #k) ⇒ ¬(#k < #i))) )
          case case_1
          by contradiction /* from formulas */
        next
          case case_2
          by contradiction /* from formulas */
        next
          case case_3
          by contradiction /* from formulas */
        qed
      next
        case case_2
        solve( ((∀ #k. (Signed( 's1', K, v ) @ #k) ⇒ ¬(#k < #i)) ∧
                (∀ #k. (Corrupt( 's1' ) @ #k) ⇒ ¬(#k < #i)))  ∥
               ((∀ #k. (Signed( 's2', K, v ) @ #k) ⇒ ¬(#k < #i)) ∧
                (∀ #k. (Corrupt( 's2' ) @ #k) ⇒ ¬(#k < #i)))  ∥
               ((∀ #k. (Signed( 's3', K, v ) @ #k) ⇒ ¬(#k < #i)) ∧
                (∀ #k. (Corrupt( 's3' ) @ #k) ⇒ ¬(#k < #i))) )
          case case_1
          by contradiction /* from formulas */
        next
          case case_2
          by contradiction /* from formulas */
        next
          case case_3
          by contradiction /* from formulas */
        qed
      qed
    next
      case case_2
      solve( (∃ #k. (Signed( 's3', K, v ) @ #k) ∧ #k < #i)  ∥
             (∃ #k. (Corrupt( 's3' ) @ #k) ∧ #k < #i) )
        case case_1
        solve( ((∀ #k. (Signed( 's1', K, v ) @ #k) ⇒ ¬(#k < #i)) ∧
                (∀ #k. (Corrupt( 's1' ) @ #k) ⇒ ¬(#k < #i)))  ∥
               ((∀ #k. (Signed( 's2', K, v ) @ #k) ⇒ ¬(#k < #i)) ∧
                (∀ #k. (Corrupt( 's2' ) @ #k) ⇒ ¬(#k < #i)))  ∥
               ((∀ #k. (Signed( 's3', K, v ) @ #k) ⇒ ¬(#k < #i)) ∧
                (∀ #k. (Corrupt( 's3' ) @ #k) ⇒ ¬(#k < #i))) )
          case case_1
          by contradiction /* from formulas */
        next
          case case_2
          by contradiction /* from formulas */
        next
          case case_3
          by contradiction /* from formulas */
        qed
      next
        case case_2
        solve( ((∀ #k. (Signed( 's1', K, v ) @ #k) ⇒ ¬(#k < #i)) ∧
                (∀ #k. (Corrupt( 's1' ) @ #k) ⇒ ¬(#k < #i)))  ∥
               ((∀ #k. (Signed( 's2', K, v ) @ #k) ⇒ ¬(#k < #i)) ∧
                (∀ #k. (Corrupt( 's2' ) @ #k) ⇒ ¬(#k < #i)))  ∥
               ((∀ #k. (Signed( 's3', K, v ) @ #k) ⇒ ¬(#k < #i)) ∧
                (∀ #k. (Corrupt( 's3' ) @ #k) ⇒ ¬(#k < #i))) )
          case case_1
          by contradiction /* from formulas */
        next
          case case_2
          by contradiction /* from formulas */
        next
          case case_3
          by contradiction /* from formulas */
        qed
      qed
    qed
  next
    case case_2
    solve( (∃ #k. (Signed( 's2', K, v ) @ #k) ∧ #k < #i)  ∥
           (∃ #k. (Corrupt( 's2' ) @ #k) ∧ #k < #i) )
      case case_1
      solve( (∃ #k. (Signed( 's3', K, v ) @ #k) ∧ #k < #i)  ∥
             (∃ #k. (Corrupt( 's3' ) @ #k) ∧ #k < #i) )
        case case_1
        solve( ((∀ #k. (Signed( 's1', K, v ) @ #k) ⇒ ¬(#k < #i)) ∧
                (∀ #k. (Corrupt( 's1' ) @ #k) ⇒ ¬(#k < #i)))  ∥
               ((∀ #k. (Signed( 's2', K, v ) @ #k) ⇒ ¬(#k < #i)) ∧
                (∀ #k. (Corrupt( 's2' ) @ #k) ⇒ ¬(#k < #i)))  ∥
               ((∀ #k. (Signed( 's3', K, v ) @ #k) ⇒ ¬(#k < #i)) ∧
                (∀ #k. (Corrupt( 's3' ) @ #k) ⇒ ¬(#k < #i))) )
          case case_1
          by contradiction /* from formulas */
        next
          case case_2
          by contradiction /* from formulas */
        next
          case case_3
          by contradiction /* from formulas */
        qed
      next
        case case_2
        solve( ((∀ #k. (Signed( 's1', K, v ) @ #k) ⇒ ¬(#k < #i)) ∧
                (∀ #k. (Corrupt( 's1' ) @ #k) ⇒ ¬(#k < #i)))  ∥
               ((∀ #k. (Signed( 's2', K, v ) @ #k) ⇒ ¬(#k < #i)) ∧
                (∀ #k. (Corrupt( 's2' ) @ #k) ⇒ ¬(#k < #i)))  ∥
               ((∀ #k. (Signed( 's3', K, v ) @ #k) ⇒ ¬(#k < #i)) ∧
                (∀ #k. (Corrupt( 's3' ) @ #k) ⇒ ¬(#k < #i))) )
          case case_1
          by contradiction /* from formulas */
        next
          case case_2
          by contradiction /* from formulas */
        next
          case case_3
          by contradiction /* from formulas */
        qed
      qed
    next
      case case_2
      solve( (∃ #k. (Signed( 's3', K, v ) @ #k) ∧ #k < #i)  ∥
             (∃ #k. (Corrupt( 's3' ) @ #k) ∧ #k < #i) )
        case case_1
        solve( ((∀ #k. (Signed( 's1', K, v ) @ #k) ⇒ ¬(#k < #i)) ∧
                (∀ #k. (Corrupt( 's1' ) @ #k) ⇒ ¬(#k < #i)))  ∥
               ((∀ #k. (Signed( 's2', K, v ) @ #k) ⇒ ¬(#k < #i)) ∧
                (∀ #k. (Corrupt( 's2' ) @ #k) ⇒ ¬(#k < #i)))  ∥
               ((∀ #k. (Signed( 's3', K, v ) @ #k) ⇒ ¬(#k < #i)) ∧
                (∀ #k. (Corrupt( 's3' ) @ #k) ⇒ ¬(#k < #i))) )
          case case_1
          by contradiction /* from formulas */
        next
          case case_2
          by contradiction /* from formulas */
        next
          case case_3
          by contradiction /* from formulas */
        qed
      next
        case case_2
        solve( ((∀ #k. (Signed( 's1', K, v ) @ #k) ⇒ ¬(#k < #i)) ∧
                (∀ #k. (Corrupt( 's1' ) @ #k) ⇒ ¬(#k < #i)))  ∥
               ((∀ #k. (Signed( 's2', K, v ) @ #k) ⇒ ¬(#k < #i)) ∧
                (∀ #k. (Corrupt( 's2' ) @ #k) ⇒ ¬(#k < #i)))  ∥
               ((∀ #k. (Signed( 's3', K, v ) @ #k) ⇒ ¬(#k < #i)) ∧
                (∀ #k. (Corrupt( 's3' ) @ #k) ⇒ ¬(#k < #i))) )
          case case_1
          by contradiction /* from formulas */
        next
          case case_2
          by contradiction /* from formulas */
        next
          case case_3
          by contradiction /* from formulas */
        qed
      qed
    qed
  qed
qed

lemma D2_intersection_seats_corrupt [reuse]:
  all-traces
  "∀ s c1 c2 K v1 v2 #i #j.
    (((((Accept( c1, K, v1 ) @ #i) ∧ (Accept( c2, K, v2 ) @ #j)) ∧
       (¬(v1 = v2))) ∧
      (Verified( s, K, v1 ) @ #i)) ∧
     (Verified( s, K, v2 ) @ #j)) ⇒
    (∃ #k. (Corrupt( s ) @ #k) ∧ ((#k < #i) ∨ (#k < #j)))"
/*
guarded formula characterizing all counter-examples:
"∃ s c1 c2 K v1 v2 #i #j.
  (Accept( c1, K, v1 ) @ #i) ∧
  (Accept( c2, K, v2 ) @ #j) ∧
  (Verified( s, K, v1 ) @ #i) ∧
  (Verified( s, K, v2 ) @ #j)
 ∧
  (¬(v1 = v2)) ∧ (∀ #k. (Corrupt( s ) @ #k) ⇒ (¬(#k < #i)) ∧ (¬(#k < #j)))"
*/
simplify
solve( (∃ #k. (Signed( s, K, v1 ) @ #k) ∧ #k < #i)  ∥
       (∃ #k. (Corrupt( s ) @ #k) ∧ #k < #i) )
  case case_1
  solve( (∃ #k. (Signed( $s, K, v2 ) @ #k) ∧ #k < #j)  ∥
         (∃ #k. (Corrupt( $s ) @ #k) ∧ #k < #j) )
    case case_1
    by contradiction /* from formulas */
  next
    case case_2
    by contradiction /* from formulas */
  qed
next
  case case_2
  by contradiction /* from formulas */
qed

lemma D1_non_frameability [hide_lemma=A2_signer_authorized]:
  all-traces
  "∀ s K v1 v2 #i.
    (Evidence( s, K, v1, v2 ) @ #i) ⇒
    (∃ #k. (Corrupt( s ) @ #k) ∧ (#k < #i))"
/*
guarded formula characterizing all counter-examples:
"∃ s K v1 v2 #i.
  (Evidence( s, K, v1, v2 ) @ #i) ∧ ∀ #k. (Corrupt( s ) @ #k) ⇒ ¬(#k < #i)"
*/
simplify
solve( !Cert( c1, K, v1 ) ▶₀ #i )
  case Accept_012
  solve( !Cert( c2, K, v2 ) ▶₁ #i )
    case Accept_012
    solve( (v1 = v2)  ∥
           (∃ #k. (Corrupt( 's0' ) @ #k) ∧ ((#k < #vr) ∨ (#k < #vr.4))) )
      case case_1
      by contradiction /* from formulas */
    next
      case case_2
      solve( (v1 = v2)  ∥
             (∃ #k. (Corrupt( 's1' ) @ #k) ∧ ((#k < #vr) ∨ (#k < #vr.4))) )
        case case_1
        by contradiction /* from formulas */
      next
        case case_2
        solve( (v1 = v2)  ∥
               (∃ #k. (Corrupt( 's2' ) @ #k) ∧ ((#k < #vr) ∨ (#k < #vr.4))) )
          case case_1
          by contradiction /* from formulas */
        next
          case case_2
          solve( (v2 = v1)  ∥
                 (∃ #k. (Corrupt( 's0' ) @ #k) ∧ ((#k < #vr.4) ∨ (#k < #vr))) )
            case case_1
            by contradiction /* from formulas */
          next
            case case_2
            solve( (v2 = v1)  ∥
                   (∃ #k. (Corrupt( 's1' ) @ #k) ∧ ((#k < #vr.4) ∨ (#k < #vr))) )
              case case_1
              by contradiction /* from formulas */
            next
              case case_2
              solve( (v2 = v1)  ∥
                     (∃ #k. (Corrupt( 's2' ) @ #k) ∧ ((#k < #vr.4) ∨ (#k < #vr))) )
                case case_1
                by contradiction /* from formulas */
              next
                case case_2
                solve( (#k < #vr)  ∥ (#k < #vr.4) )
                  case case_1
                  solve( (#k.1 < #vr)  ∥ (#k.1 < #vr.4) )
                    case case_1
                    solve( (#k.2 < #vr)  ∥ (#k.2 < #vr.4) )
                      case case_1
                      solve( (#k.3 < #vr.4)  ∥ (#k.3 < #vr) )
                        case case_1
                        solve( (#k.4 < #vr.4)  ∥ (#k.4 < #vr) )
                          case case_1
                          solve( (#k.5 < #vr.4)  ∥ (#k.5 < #vr) )
                            case case_1
                            solve( !Signer( ~c, s, sig1 ) ▶₂ #i )
                              case Accept_012_case_1
                              by contradiction /* from formulas */
                            next
                              case Accept_012_case_2
                              by contradiction /* from formulas */
                            next
                              case Accept_012_case_3
                              by contradiction /* from formulas */
                            qed
                          next
                            case case_2
                            solve( !Signer( ~c, s, sig1 ) ▶₂ #i )
                              case Accept_012_case_1
                              by contradiction /* from formulas */
                            next
                              case Accept_012_case_2
                              by contradiction /* from formulas */
                            next
                              case Accept_012_case_3
                              by contradiction /* from formulas */
                            qed
                          qed
                        next
                          case case_2
                          solve( (#k.5 < #vr.4)  ∥ (#k.5 < #vr) )
                            case case_1
                            solve( !Signer( ~c, s, sig1 ) ▶₂ #i )
                              case Accept_012_case_1
                              by contradiction /* from formulas */
                            next
                              case Accept_012_case_2
                              by contradiction /* from formulas */
                            next
                              case Accept_012_case_3
                              by contradiction /* from formulas */
                            qed
                          next
                            case case_2
                            solve( !Signer( ~c, s, sig1 ) ▶₂ #i )
                              case Accept_012_case_1
                              by contradiction /* from formulas */
                            next
                              case Accept_012_case_2
                              by contradiction /* from formulas */
                            next
                              case Accept_012_case_3
                              by contradiction /* from formulas */
                            qed
                          qed
                        qed
                      next
                        case case_2
                        solve( (#k.4 < #vr.4)  ∥ (#k.4 < #vr) )
                          case case_1
                          solve( (#k.5 < #vr.4)  ∥ (#k.5 < #vr) )
                            case case_1
                            solve( !Signer( ~c, s, sig1 ) ▶₂ #i )
                              case Accept_012_case_1
                              by contradiction /* from formulas */
                            next
                              case Accept_012_case_2
                              by contradiction /* from formulas */
                            next
                              case Accept_012_case_3
                              by contradiction /* from formulas */
                            qed
                          next
                            case case_2
                            solve( !Signer( ~c, s, sig1 ) ▶₂ #i )
                              case Accept_012_case_1
                              by contradiction /* from formulas */
                            next
                              case Accept_012_case_2
                              by contradiction /* from formulas */
                            next
                              case Accept_012_case_3
                              by contradiction /* from formulas */
                            qed
                          qed
                        next
                          case case_2
                          solve( (#k.5 < #vr.4)  ∥ (#k.5 < #vr) )
                            case case_1
                            solve( !Signer( ~c, s, sig1 ) ▶₂ #i )
                              case Accept_012_case_1
                              by contradiction /* from formulas */
                            next
                              case Accept_012_case_2
                              by contradiction /* from formulas */
                            next
                              case Accept_012_case_3
                              by contradiction /* from formulas */
                            qed
                          next
                            case case_2
                            solve( !Signer( ~c, s, sig1 ) ▶₂ #i )
                              case Accept_012_case_1
                              by contradiction /* from formulas */
                            next
                              case Accept_012_case_2
                              by contradiction /* from formulas */
                            next
                              case Accept_012_case_3
                              by contradiction /* from formulas */
                            qed
                          qed
                        qed
                      qed
                    next
                      case case_2
                      solve( (#k.3 < #vr.4)  ∥ (#k.3 < #vr) )
                        case case_1
                        solve( (#k.4 < #vr.4)  ∥ (#k.4 < #vr) )
                          case case_1
                          solve( (#k.5 < #vr.4)  ∥ (#k.5 < #vr) )
                            case case_1
                            solve( !Signer( ~c, s, sig1 ) ▶₂ #i )
                              case Accept_012_case_1
                              by contradiction /* from formulas */
                            next
                              case Accept_012_case_2
                              by contradiction /* from formulas */
                            next
                              case Accept_012_case_3
                              by contradiction /* from formulas */
                            qed
                          next
                            case case_2
                            solve( !Signer( ~c, s, sig1 ) ▶₂ #i )
                              case Accept_012_case_1
                              by contradiction /* from formulas */
                            next
                              case Accept_012_case_2
                              by contradiction /* from formulas */
                            next
                              case Accept_012_case_3
                              by contradiction /* from formulas */
                            qed
                          qed
                        next
                          case case_2
                          solve( (#k.5 < #vr.4)  ∥ (#k.5 < #vr) )
                            case case_1
                            solve( !Signer( ~c, s, sig1 ) ▶₂ #i )
                              case Accept_012_case_1
                              by contradiction /* from formulas */
                            next
                              case Accept_012_case_2
                              by contradiction /* from formulas */
                            next
                              case Accept_012_case_3
                              by contradiction /* from formulas */
                            qed
                          next
                            case case_2
                            solve( !Signer( ~c, s, sig1 ) ▶₂ #i )
                              case Accept_012_case_1
                              by contradiction /* from formulas */
                            next
                              case Accept_012_case_2
                              by contradiction /* from formulas */
                            next
                              case Accept_012_case_3
                              by contradiction /* from formulas */
                            qed
                          qed
                        qed
                      next
                        case case_2
                        solve( (#k.4 < #vr.4)  ∥ (#k.4 < #vr) )
                          case case_1
                          solve( (#k.5 < #vr.4)  ∥ (#k.5 < #vr) )
                            case case_1
                            solve( !Signer( ~c, s, sig1 ) ▶₂ #i )
                              case Accept_012_case_1
                              by contradiction /* from formulas */
                            next
                              case Accept_012_case_2
                              by contradiction /* from formulas */
                            next
                              case Accept_012_case_3
                              by contradiction /* from formulas */
                            qed
                          next
                            case case_2
                            solve( !Signer( ~c, s, sig1 ) ▶₂ #i )
                              case Accept_012_case_1
                              by contradiction /* from formulas */
                            next
                              case Accept_012_case_2
                              by contradiction /* from formulas */
                            next
                              case Accept_012_case_3
                              by contradiction /* from formulas */
                            qed
                          qed
                        next
                          case case_2
                          solve( (#k.5 < #vr.4)  ∥ (#k.5 < #vr) )
                            case case_1
                            solve( !Signer( ~c, s, sig1 ) ▶₂ #i )
                              case Accept_012_case_1
                              by contradiction /* from formulas */
                            next
                              case Accept_012_case_2
                              by contradiction /* from formulas */
                            next
                              case Accept_012_case_3
                              by contradiction /* from formulas */
                            qed
                          next
                            case case_2
                            solve( !Signer( ~c, s, sig1 ) ▶₂ #i )
                              case Accept_012_case_1
                              by contradiction /* from formulas */
                            next
                              case Accept_012_case_2
                              by contradiction /* from formulas */
                            next
                              case Accept_012_case_3
                              by contradiction /* from formulas */
                            qed
                          qed
                        qed
                      qed
                    qed
                  next
                    case case_2
                    solve( (#k.2 < #vr)  ∥ (#k.2 < #vr.4) )
                      case case_1
                      solve( (#k.3 < #vr.4)  ∥ (#k.3 < #vr) )
                        case case_1
                        solve( (#k.4 < #vr.4)  ∥ (#k.4 < #vr) )
                          case case_1
                          solve( (#k.5 < #vr.4)  ∥ (#k.5 < #vr) )
                            case case_1
                            solve( !Signer( ~c, s, sig1 ) ▶₂ #i )
                              case Accept_012_case_1
                              by contradiction /* from formulas */
                            next
                              case Accept_012_case_2
                              by contradiction /* from formulas */
                            next
                              case Accept_012_case_3
                              by contradiction /* from formulas */
                            qed
                          next
                            case case_2
                            solve( !Signer( ~c, s, sig1 ) ▶₂ #i )
                              case Accept_012_case_1
                              by contradiction /* from formulas */
                            next
                              case Accept_012_case_2
                              by contradiction /* from formulas */
                            next
                              case Accept_012_case_3
                              by contradiction /* from formulas */
                            qed
                          qed
                        next
                          case case_2
                          solve( (#k.5 < #vr.4)  ∥ (#k.5 < #vr) )
                            case case_1
                            solve( !Signer( ~c, s, sig1 ) ▶₂ #i )
                              case Accept_012_case_1
                              by contradiction /* from formulas */
                            next
                              case Accept_012_case_2
                              by contradiction /* from formulas */
                            next
                              case Accept_012_case_3
                              by contradiction /* from formulas */
                            qed
                          next
                            case case_2
                            solve( !Signer( ~c, s, sig1 ) ▶₂ #i )
                              case Accept_012_case_1
                              by contradiction /* from formulas */
                            next
                              case Accept_012_case_2
                              by contradiction /* from formulas */
                            next
                              case Accept_012_case_3
                              by contradiction /* from formulas */
                            qed
                          qed
                        qed
                      next
                        case case_2
                        solve( (#k.4 < #vr.4)  ∥ (#k.4 < #vr) )
                          case case_1
                          solve( (#k.5 < #vr.4)  ∥ (#k.5 < #vr) )
                            case case_1
                            solve( !Signer( ~c, s, sig1 ) ▶₂ #i )
                              case Accept_012_case_1
                              by contradiction /* from formulas */
                            next
                              case Accept_012_case_2
                              by contradiction /* from formulas */
                            next
                              case Accept_012_case_3
                              by contradiction /* from formulas */
                            qed
                          next
                            case case_2
                            solve( !Signer( ~c, s, sig1 ) ▶₂ #i )
                              case Accept_012_case_1
                              by contradiction /* from formulas */
                            next
                              case Accept_012_case_2
                              by contradiction /* from formulas */
                            next
                              case Accept_012_case_3
                              by contradiction /* from formulas */
                            qed
                          qed
                        next
                          case case_2
                          solve( (#k.5 < #vr.4)  ∥ (#k.5 < #vr) )
                            case case_1
                            solve( !Signer( ~c, s, sig1 ) ▶₂ #i )
                              case Accept_012_case_1
                              by contradiction /* from formulas */
                            next
                              case Accept_012_case_2
                              by contradiction /* from formulas */
                            next
                              case Accept_012_case_3
                              by contradiction /* from formulas */
                            qed
                          next
                            case case_2
                            solve( !Signer( ~c, s, sig1 ) ▶₂ #i )
                              case Accept_012_case_1
                              by contradiction /* from formulas */
                            next
                              case Accept_012_case_2
                              by contradiction /* from formulas */
                            next
                              case Accept_012_case_3
                              by contradiction /* from formulas */
                            qed
                          qed
                        qed
                      qed
                    next
                      case case_2
                      solve( (#k.3 < #vr.4)  ∥ (#k.3 < #vr) )
                        case case_1
                        solve( (#k.4 < #vr.4)  ∥ (#k.4 < #vr) )
                          case case_1
                          solve( (#k.5 < #vr.4)  ∥ (#k.5 < #vr) )
                            case case_1
                            solve( !Signer( ~c, s, sig1 ) ▶₂ #i )
                              case Accept_012_case_1
                              by contradiction /* from formulas */
                            next
                              case Accept_012_case_2
                              by contradiction /* from formulas */
                            next
                              case Accept_012_case_3
                              by contradiction /* from formulas */
                            qed
                          next
                            case case_2
                            solve( !Signer( ~c, s, sig1 ) ▶₂ #i )
                              case Accept_012_case_1
                              by contradiction /* from formulas */
                            next
                              case Accept_012_case_2
                              by contradiction /* from formulas */
                            next
                              case Accept_012_case_3
                              by contradiction /* from formulas */
                            qed
                          qed
                        next
                          case case_2
                          solve( (#k.5 < #vr.4)  ∥ (#k.5 < #vr) )
                            case case_1
                            solve( !Signer( ~c, s, sig1 ) ▶₂ #i )
                              case Accept_012_case_1
                              by contradiction /* from formulas */
                            next
                              case Accept_012_case_2
                              by contradiction /* from formulas */
                            next
                              case Accept_012_case_3
                              by contradiction /* from formulas */
                            qed
                          next
                            case case_2
                            solve( !Signer( ~c, s, sig1 ) ▶₂ #i )
                              case Accept_012_case_1
                              by contradiction /* from formulas */
                            next
                              case Accept_012_case_2
                              by contradiction /* from formulas */
                            next
                              case Accept_012_case_3
                              by contradiction /* from formulas */
                            qed
                          qed
                        qed
                      next
                        case case_2
                        solve( (#k.4 < #vr.4)  ∥ (#k.4 < #vr) )
                          case case_1
                          solve( (#k.5 < #vr.4)  ∥ (#k.5 < #vr) )
                            case case_1
                            solve( !Signer( ~c, s, sig1 ) ▶₂ #i )
                              case Accept_012_case_1
                              by contradiction /* from formulas */
                            next
                              case Accept_012_case_2
                              by contradiction /* from formulas */
                            next
                              case Accept_012_case_3
                              by contradiction /* from formulas */
                            qed
                          next
                            case case_2
                            solve( !Signer( ~c, s, sig1 ) ▶₂ #i )
                              case Accept_012_case_1
                              by contradiction /* from formulas */
                            next
                              case Accept_012_case_2
                              by contradiction /* from formulas */
                            next
                              case Accept_012_case_3
                              by contradiction /* from formulas */
                            qed
                          qed
                        next
                          case case_2
                          solve( (#k.5 < #vr.4)  ∥ (#k.5 < #vr) )
                            case case_1
                            solve( !Signer( ~c, s, sig1 ) ▶₂ #i )
                              case Accept_012_case_1
                              by contradiction /* from formulas */
                            next
                              case Accept_012_case_2
                              by contradiction /* from formulas */
                            next
                              case Accept_012_case_3
                              by contradiction /* from formulas */
                            qed
                          next
                            case case_2
                            solve( !Signer( ~c, s, sig1 ) ▶₂ #i )
                              case Accept_012_case_1
                              by contradiction /* from formulas */
                            next
                              case Accept_012_case_2
                              by contradiction /* from formulas */
                            next
                              case Accept_012_case_3
                              by contradiction /* from formulas */
                            qed
                          qed
                        qed
                      qed
                    qed
                  qed
                next
                  case case_2
                  solve( (#k.1 < #vr)  ∥ (#k.1 < #vr.4) )
                    case case_1
                    solve( (#k.2 < #vr)  ∥ (#k.2 < #vr.4) )
                      case case_1
                      solve( (#k.3 < #vr.4)  ∥ (#k.3 < #vr) )
                        case case_1
                        solve( (#k.4 < #vr.4)  ∥ (#k.4 < #vr) )
                          case case_1
                          solve( (#k.5 < #vr.4)  ∥ (#k.5 < #vr) )
                            case case_1
                            solve( !Signer( ~c, s, sig1 ) ▶₂ #i )
                              case Accept_012_case_1
                              by contradiction /* from formulas */
                            next
                              case Accept_012_case_2
                              by contradiction /* from formulas */
                            next
                              case Accept_012_case_3
                              by contradiction /* from formulas */
                            qed
                          next
                            case case_2
                            solve( !Signer( ~c, s, sig1 ) ▶₂ #i )
                              case Accept_012_case_1
                              by contradiction /* from formulas */
                            next
                              case Accept_012_case_2
                              by contradiction /* from formulas */
                            next
                              case Accept_012_case_3
                              by contradiction /* from formulas */
                            qed
                          qed
                        next
                          case case_2
                          solve( (#k.5 < #vr.4)  ∥ (#k.5 < #vr) )
                            case case_1
                            solve( !Signer( ~c, s, sig1 ) ▶₂ #i )
                              case Accept_012_case_1
                              by contradiction /* from formulas */
                            next
                              case Accept_012_case_2
                              by contradiction /* from formulas */
                            next
                              case Accept_012_case_3
                              by contradiction /* from formulas */
                            qed
                          next
                            case case_2
                            solve( !Signer( ~c, s, sig1 ) ▶₂ #i )
                              case Accept_012_case_1
                              by contradiction /* from formulas */
                            next
                              case Accept_012_case_2
                              by contradiction /* from formulas */
                            next
                              case Accept_012_case_3
                              by contradiction /* from formulas */
                            qed
                          qed
                        qed
                      next
                        case case_2
                        solve( (#k.4 < #vr.4)  ∥ (#k.4 < #vr) )
                          case case_1
                          solve( (#k.5 < #vr.4)  ∥ (#k.5 < #vr) )
                            case case_1
                            solve( !Signer( ~c, s, sig1 ) ▶₂ #i )
                              case Accept_012_case_1
                              by contradiction /* from formulas */
                            next
                              case Accept_012_case_2
                              by contradiction /* from formulas */
                            next
                              case Accept_012_case_3
                              by contradiction /* from formulas */
                            qed
                          next
                            case case_2
                            solve( !Signer( ~c, s, sig1 ) ▶₂ #i )
                              case Accept_012_case_1
                              by contradiction /* from formulas */
                            next
                              case Accept_012_case_2
                              by contradiction /* from formulas */
                            next
                              case Accept_012_case_3
                              by contradiction /* from formulas */
                            qed
                          qed
                        next
                          case case_2
                          solve( (#k.5 < #vr.4)  ∥ (#k.5 < #vr) )
                            case case_1
                            solve( !Signer( ~c, s, sig1 ) ▶₂ #i )
                              case Accept_012_case_1
                              by contradiction /* from formulas */
                            next
                              case Accept_012_case_2
                              by contradiction /* from formulas */
                            next
                              case Accept_012_case_3
                              by contradiction /* from formulas */
                            qed
                          next
                            case case_2
                            solve( !Signer( ~c, s, sig1 ) ▶₂ #i )
                              case Accept_012_case_1
                              by contradiction /* from formulas */
                            next
                              case Accept_012_case_2
                              by contradiction /* from formulas */
                            next
                              case Accept_012_case_3
                              by contradiction /* from formulas */
                            qed
                          qed
                        qed
                      qed
                    next
                      case case_2
                      solve( (#k.3 < #vr.4)  ∥ (#k.3 < #vr) )
                        case case_1
                        solve( (#k.4 < #vr.4)  ∥ (#k.4 < #vr) )
                          case case_1
                          solve( (#k.5 < #vr.4)  ∥ (#k.5 < #vr) )
                            case case_1
                            solve( !Signer( ~c, s, sig1 ) ▶₂ #i )
                              case Accept_012_case_1
                              by contradiction /* from formulas */
                            next
                              case Accept_012_case_2
                              by contradiction /* from formulas */
                            next
                              case Accept_012_case_3
                              by contradiction /* from formulas */
                            qed
                          next
                            case case_2
                            solve( !Signer( ~c, s, sig1 ) ▶₂ #i )
                              case Accept_012_case_1
                              by contradiction /* from formulas */
                            next
                              case Accept_012_case_2
                              by contradiction /* from formulas */
                            next
                              case Accept_012_case_3
                              by contradiction /* from formulas */
                            qed
                          qed
                        next
                          case case_2
                          solve( (#k.5 < #vr.4)  ∥ (#k.5 < #vr) )
                            case case_1
                            solve( !Signer( ~c, s, sig1 ) ▶₂ #i )
                              case Accept_012_case_1
                              by contradiction /* from formulas */
                            next
                              case Accept_012_case_2
                              by contradiction /* from formulas */
                            next
                              case Accept_012_case_3
                              by contradiction /* from formulas */
                            qed
                          next
                            case case_2
                            solve( !Signer( ~c, s, sig1 ) ▶₂ #i )
                              case Accept_012_case_1
                              by contradiction /* from formulas */
                            next
                              case Accept_012_case_2
                              by contradiction /* from formulas */
                            next
                              case Accept_012_case_3
                              by contradiction /* from formulas */
                            qed
                          qed
                        qed
                      next
                        case case_2
                        solve( (#k.4 < #vr.4)  ∥ (#k.4 < #vr) )
                          case case_1
                          solve( (#k.5 < #vr.4)  ∥ (#k.5 < #vr) )
                            case case_1
                            solve( !Signer( ~c, s, sig1 ) ▶₂ #i )
                              case Accept_012_case_1
                              by contradiction /* from formulas */
                            next
                              case Accept_012_case_2
                              by contradiction /* from formulas */
                            next
                              case Accept_012_case_3
                              by contradiction /* from formulas */
                            qed
                          next
                            case case_2
                            solve( !Signer( ~c, s, sig1 ) ▶₂ #i )
                              case Accept_012_case_1
                              by contradiction /* from formulas */
                            next
                              case Accept_012_case_2
                              by contradiction /* from formulas */
                            next
                              case Accept_012_case_3
                              by contradiction /* from formulas */
                            qed
                          qed
                        next
                          case case_2
                          solve( (#k.5 < #vr.4)  ∥ (#k.5 < #vr) )
                            case case_1
                            solve( !Signer( ~c, s, sig1 ) ▶₂ #i )
                              case Accept_012_case_1
                              by contradiction /* from formulas */
                            next
                              case Accept_012_case_2
                              by contradiction /* from formulas */
                            next
                              case Accept_012_case_3
                              by contradiction /* from formulas */
                            qed
                          next
                            case case_2
                            solve( !Signer( ~c, s, sig1 ) ▶₂ #i )
                              case Accept_012_case_1
                              by contradiction /* from formulas */
                            next
                              case Accept_012_case_2
                              by contradiction /* from formulas */
                            next
                              case Accept_012_case_3
                              by contradiction /* from formulas */
                            qed
                          qed
                        qed
                      qed
                    qed
                  next
                    case case_2
                    solve( (#k.2 < #vr)  ∥ (#k.2 < #vr.4) )
                      case case_1
                      solve( (#k.3 < #vr.4)  ∥ (#k.3 < #vr) )
                        case case_1
                        solve( (#k.4 < #vr.4)  ∥ (#k.4 < #vr) )
                          case case_1
                          solve( (#k.5 < #vr.4)  ∥ (#k.5 < #vr) )
                            case case_1
                            solve( !Signer( ~c, s, sig1 ) ▶₂ #i )
                              case Accept_012_case_1
                              by contradiction /* from formulas */
                            next
                              case Accept_012_case_2
                              by contradiction /* from formulas */
                            next
                              case Accept_012_case_3
                              by contradiction /* from formulas */
                            qed
                          next
                            case case_2
                            solve( !Signer( ~c, s, sig1 ) ▶₂ #i )
                              case Accept_012_case_1
                              by contradiction /* from formulas */
                            next
                              case Accept_012_case_2
                              by contradiction /* from formulas */
                            next
                              case Accept_012_case_3
                              by contradiction /* from formulas */
                            qed
                          qed
                        next
                          case case_2
                          solve( (#k.5 < #vr.4)  ∥ (#k.5 < #vr) )
                            case case_1
                            solve( !Signer( ~c, s, sig1 ) ▶₂ #i )
                              case Accept_012_case_1
                              by contradiction /* from formulas */
                            next
                              case Accept_012_case_2
                              by contradiction /* from formulas */
                            next
                              case Accept_012_case_3
                              by contradiction /* from formulas */
                            qed
                          next
                            case case_2
                            solve( !Signer( ~c, s, sig1 ) ▶₂ #i )
                              case Accept_012_case_1
                              by contradiction /* from formulas */
                            next
                              case Accept_012_case_2
                              by contradiction /* from formulas */
                            next
                              case Accept_012_case_3
                              by contradiction /* from formulas */
                            qed
                          qed
                        qed
                      next
                        case case_2
                        solve( (#k.4 < #vr.4)  ∥ (#k.4 < #vr) )
                          case case_1
                          solve( (#k.5 < #vr.4)  ∥ (#k.5 < #vr) )
                            case case_1
                            solve( !Signer( ~c, s, sig1 ) ▶₂ #i )
                              case Accept_012_case_1
                              by contradiction /* from formulas */
                            next
                              case Accept_012_case_2
                              by contradiction /* from formulas */
                            next
                              case Accept_012_case_3
                              by contradiction /* from formulas */
                            qed
                          next
                            case case_2
                            solve( !Signer( ~c, s, sig1 ) ▶₂ #i )
                              case Accept_012_case_1
                              by contradiction /* from formulas */
                            next
                              case Accept_012_case_2
                              by contradiction /* from formulas */
                            next
                              case Accept_012_case_3
                              by contradiction /* from formulas */
                            qed
                          qed
                        next
                          case case_2
                          solve( (#k.5 < #vr.4)  ∥ (#k.5 < #vr) )
                            case case_1
                            solve( !Signer( ~c, s, sig1 ) ▶₂ #i )
                              case Accept_012_case_1
                              by contradiction /* from formulas */
                            next
                              case Accept_012_case_2
                              by contradiction /* from formulas */
                            next
                              case Accept_012_case_3
                              by contradiction /* from formulas */
                            qed
                          next
                            case case_2
                            solve( !Signer( ~c, s, sig1 ) ▶₂ #i )
                              case Accept_012_case_1
                              by contradiction /* from formulas */
                            next
                              case Accept_012_case_2
                              by contradiction /* from formulas */
                            next
                              case Accept_012_case_3
                              by contradiction /* from formulas */
                            qed
                          qed
                        qed
                      qed
                    next
                      case case_2
                      solve( (#k.3 < #vr.4)  ∥ (#k.3 < #vr) )
                        case case_1
                        solve( (#k.4 < #vr.4)  ∥ (#k.4 < #vr) )
                          case case_1
                          solve( (#k.5 < #vr.4)  ∥ (#k.5 < #vr) )
                            case case_1
                            solve( !Signer( ~c, s, sig1 ) ▶₂ #i )
                              case Accept_012_case_1
                              by contradiction /* from formulas */
                            next
                              case Accept_012_case_2
                              by contradiction /* from formulas */
                            next
                              case Accept_012_case_3
                              by contradiction /* from formulas */
                            qed
                          next
                            case case_2
                            solve( !Signer( ~c, s, sig1 ) ▶₂ #i )
                              case Accept_012_case_1
                              by contradiction /* from formulas */
                            next
                              case Accept_012_case_2
                              by contradiction /* from formulas */
                            next
                              case Accept_012_case_3
                              by contradiction /* from formulas */
                            qed
                          qed
                        next
                          case case_2
                          solve( (#k.5 < #vr.4)  ∥ (#k.5 < #vr) )
                            case case_1
                            solve( !Signer( ~c, s, sig1 ) ▶₂ #i )
                              case Accept_012_case_1
                              by contradiction /* from formulas */
                            next
                              case Accept_012_case_2
                              by contradiction /* from formulas */
                            next
                              case Accept_012_case_3
                              by contradiction /* from formulas */
                            qed
                          next
                            case case_2
                            solve( !Signer( ~c, s, sig1 ) ▶₂ #i )
                              case Accept_012_case_1
                              by contradiction /* from formulas */
                            next
                              case Accept_012_case_2
                              by contradiction /* from formulas */
                            next
                              case Accept_012_case_3
                              by contradiction /* from formulas */
                            qed
                          qed
                        qed
                      next
                        case case_2
                        solve( (#k.4 < #vr.4)  ∥ (#k.4 < #vr) )
                          case case_1
                          solve( (#k.5 < #vr.4)  ∥ (#k.5 < #vr) )
                            case case_1
                            solve( !Signer( ~c, s, sig1 ) ▶₂ #i )
                              case Accept_012_case_1
                              by contradiction /* from formulas */
                            next
                              case Accept_012_case_2
                              by contradiction /* from formulas */
                            next
                              case Accept_012_case_3
                              by contradiction /* from formulas */
                            qed
                          next
                            case case_2
                            solve( !Signer( ~c, s, sig1 ) ▶₂ #i )
                              case Accept_012_case_1
                              by contradiction /* from formulas */
                            next
                              case Accept_012_case_2
                              by contradiction /* from formulas */
                            next
                              case Accept_012_case_3
                              by contradiction /* from formulas */
                            qed
                          qed
                        next
                          case case_2
                          solve( (#k.5 < #vr.4)  ∥ (#k.5 < #vr) )
                            case case_1
                            solve( !Signer( ~c, s, sig1 ) ▶₂ #i )
                              case Accept_012_case_1
                              by contradiction /* from formulas */
                            next
                              case Accept_012_case_2
                              by contradiction /* from formulas */
                            next
                              case Accept_012_case_3
                              by contradiction /* from formulas */
                            qed
                          next
                            case case_2
                            solve( !Signer( ~c, s, sig1 ) ▶₂ #i )
                              case Accept_012_case_1
                              by contradiction /* from formulas */
                            next
                              case Accept_012_case_2
                              by contradiction /* from formulas */
                            next
                              case Accept_012_case_3
                              by contradiction /* from formulas */
                            qed
                          qed
                        qed
                      qed
                    qed
                  qed
                qed
              qed
            qed
          qed
        qed
      qed
    qed
  next
    case Accept_013
    solve( (v1 = v2)  ∥
           (∃ #k. (Corrupt( 's0' ) @ #k) ∧ ((#k < #vr) ∨ (#k < #vr.4))) )
      case case_1
      by contradiction /* from formulas */
    next
      case case_2
      solve( (v1 = v2)  ∥
             (∃ #k. (Corrupt( 's1' ) @ #k) ∧ ((#k < #vr) ∨ (#k < #vr.4))) )
        case case_1
        by contradiction /* from formulas */
      next
        case case_2
        solve( (v2 = v1)  ∥
               (∃ #k. (Corrupt( 's0' ) @ #k) ∧ ((#k < #vr.4) ∨ (#k < #vr))) )
          case case_1
          by contradiction /* from formulas */
        next
          case case_2
          solve( (v2 = v1)  ∥
                 (∃ #k. (Corrupt( 's1' ) @ #k) ∧ ((#k < #vr.4) ∨ (#k < #vr))) )
            case case_1
            by contradiction /* from formulas */
          next
            case case_2
            solve( (#k < #vr)  ∥ (#k < #vr.4) )
              case case_1
              solve( (#k.1 < #vr)  ∥ (#k.1 < #vr.4) )
                case case_1
                solve( (#k.2 < #vr.4)  ∥ (#k.2 < #vr) )
                  case case_1
                  solve( (#k.3 < #vr.4)  ∥ (#k.3 < #vr) )
                    case case_1
                    solve( !Signer( ~c, s, sig1 ) ▶₂ #i )
                      case Accept_012_case_1
                      by contradiction /* from formulas */
                    next
                      case Accept_012_case_2
                      by contradiction /* from formulas */
                    next
                      case Accept_012_case_3
                      by solve( !Signer( ~c.1, 's2', sig2 ) ▶₃ #i )
                    qed
                  next
                    case case_2
                    solve( !Signer( ~c, s, sig1 ) ▶₂ #i )
                      case Accept_012_case_1
                      by contradiction /* from formulas */
                    next
                      case Accept_012_case_2
                      by contradiction /* from formulas */
                    next
                      case Accept_012_case_3
                      by solve( !Signer( ~c.1, 's2', sig2 ) ▶₃ #i )
                    qed
                  qed
                next
                  case case_2
                  solve( (#k.3 < #vr.4)  ∥ (#k.3 < #vr) )
                    case case_1
                    solve( !Signer( ~c, s, sig1 ) ▶₂ #i )
                      case Accept_012_case_1
                      by contradiction /* from formulas */
                    next
                      case Accept_012_case_2
                      by contradiction /* from formulas */
                    next
                      case Accept_012_case_3
                      by solve( !Signer( ~c.1, 's2', sig2 ) ▶₃ #i )
                    qed
                  next
                    case case_2
                    solve( !Signer( ~c, s, sig1 ) ▶₂ #i )
                      case Accept_012_case_1
                      by contradiction /* from formulas */
                    next
                      case Accept_012_case_2
                      by contradiction /* from formulas */
                    next
                      case Accept_012_case_3
                      by solve( !Signer( ~c.1, 's2', sig2 ) ▶₃ #i )
                    qed
                  qed
                qed
              next
                case case_2
                solve( (#k.2 < #vr.4)  ∥ (#k.2 < #vr) )
                  case case_1
                  solve( (#k.3 < #vr.4)  ∥ (#k.3 < #vr) )
                    case case_1
                    solve( !Signer( ~c, s, sig1 ) ▶₂ #i )
                      case Accept_012_case_1
                      by contradiction /* from formulas */
                    next
                      case Accept_012_case_2
                      by contradiction /* from formulas */
                    next
                      case Accept_012_case_3
                      by solve( !Signer( ~c.1, 's2', sig2 ) ▶₃ #i )
                    qed
                  next
                    case case_2
                    solve( !Signer( ~c, s, sig1 ) ▶₂ #i )
                      case Accept_012_case_1
                      by contradiction /* from formulas */
                    next
                      case Accept_012_case_2
                      by contradiction /* from formulas */
                    next
                      case Accept_012_case_3
                      by solve( !Signer( ~c.1, 's2', sig2 ) ▶₃ #i )
                    qed
                  qed
                next
                  case case_2
                  solve( (#k.3 < #vr.4)  ∥ (#k.3 < #vr) )
                    case case_1
                    solve( !Signer( ~c, s, sig1 ) ▶₂ #i )
                      case Accept_012_case_1
                      by contradiction /* from formulas */
                    next
                      case Accept_012_case_2
                      by contradiction /* from formulas */
                    next
                      case Accept_012_case_3
                      by solve( !Signer( ~c.1, 's2', sig2 ) ▶₃ #i )
                    qed
                  next
                    case case_2
                    solve( !Signer( ~c, s, sig1 ) ▶₂ #i )
                      case Accept_012_case_1
                      by contradiction /* from formulas */
                    next
                      case Accept_012_case_2
                      by contradiction /* from formulas */
                    next
                      case Accept_012_case_3
                      by solve( !Signer( ~c.1, 's2', sig2 ) ▶₃ #i )
                    qed
                  qed
                qed
              qed
            next
              case case_2
              solve( (#k.1 < #vr)  ∥ (#k.1 < #vr.4) )
                case case_1
                solve( (#k.2 < #vr.4)  ∥ (#k.2 < #vr) )
                  case case_1
                  solve( (#k.3 < #vr.4)  ∥ (#k.3 < #vr) )
                    case case_1
                    solve( !Signer( ~c, s, sig1 ) ▶₂ #i )
                      case Accept_012_case_1
                      by contradiction /* from formulas */
                    next
                      case Accept_012_case_2
                      by contradiction /* from formulas */
                    next
                      case Accept_012_case_3
                      by solve( !Signer( ~c.1, 's2', sig2 ) ▶₃ #i )
                    qed
                  next
                    case case_2
                    solve( !Signer( ~c, s, sig1 ) ▶₂ #i )
                      case Accept_012_case_1
                      by contradiction /* from formulas */
                    next
                      case Accept_012_case_2
                      by contradiction /* from formulas */
                    next
                      case Accept_012_case_3
                      by solve( !Signer( ~c.1, 's2', sig2 ) ▶₃ #i )
                    qed
                  qed
                next
                  case case_2
                  solve( (#k.3 < #vr.4)  ∥ (#k.3 < #vr) )
                    case case_1
                    solve( !Signer( ~c, s, sig1 ) ▶₂ #i )
                      case Accept_012_case_1
                      by contradiction /* from formulas */
                    next
                      case Accept_012_case_2
                      by contradiction /* from formulas */
                    next
                      case Accept_012_case_3
                      by solve( !Signer( ~c.1, 's2', sig2 ) ▶₃ #i )
                    qed
                  next
                    case case_2
                    solve( !Signer( ~c, s, sig1 ) ▶₂ #i )
                      case Accept_012_case_1
                      by contradiction /* from formulas */
                    next
                      case Accept_012_case_2
                      by contradiction /* from formulas */
                    next
                      case Accept_012_case_3
                      by solve( !Signer( ~c.1, 's2', sig2 ) ▶₃ #i )
                    qed
                  qed
                qed
              next
                case case_2
                solve( (#k.2 < #vr.4)  ∥ (#k.2 < #vr) )
                  case case_1
                  solve( (#k.3 < #vr.4)  ∥ (#k.3 < #vr) )
                    case case_1
                    solve( !Signer( ~c, s, sig1 ) ▶₂ #i )
                      case Accept_012_case_1
                      by contradiction /* from formulas */
                    next
                      case Accept_012_case_2
                      by contradiction /* from formulas */
                    next
                      case Accept_012_case_3
                      by solve( !Signer( ~c.1, 's2', sig2 ) ▶₃ #i )
                    qed
                  next
                    case case_2
                    solve( !Signer( ~c, s, sig1 ) ▶₂ #i )
                      case Accept_012_case_1
                      by contradiction /* from formulas */
                    next
                      case Accept_012_case_2
                      by contradiction /* from formulas */
                    next
                      case Accept_012_case_3
                      by solve( !Signer( ~c.1, 's2', sig2 ) ▶₃ #i )
                    qed
                  qed
                next
                  case case_2
                  solve( (#k.3 < #vr.4)  ∥ (#k.3 < #vr) )
                    case case_1
                    solve( !Signer( ~c, s, sig1 ) ▶₂ #i )
                      case Accept_012_case_1
                      by contradiction /* from formulas */
                    next
                      case Accept_012_case_2
                      by contradiction /* from formulas */
                    next
                      case Accept_012_case_3
                      by solve( !Signer( ~c.1, 's2', sig2 ) ▶₃ #i )
                    qed
                  next
                    case case_2
                    solve( !Signer( ~c, s, sig1 ) ▶₂ #i )
                      case Accept_012_case_1
                      by contradiction /* from formulas */
                    next
                      case Accept_012_case_2
                      by contradiction /* from formulas */
                    next
                      case Accept_012_case_3
                      by solve( !Signer( ~c.1, 's2', sig2 ) ▶₃ #i )
                    qed
                  qed
                qed
              qed
            qed
          qed
        qed
      qed
    qed
  next
    case Accept_023
    solve( (v1 = v2)  ∥
           (∃ #k. (Corrupt( 's0' ) @ #k) ∧ ((#k < #vr) ∨ (#k < #vr.4))) )
      case case_1
      by contradiction /* from formulas */
    next
      case case_2
      solve( (v1 = v2)  ∥
             (∃ #k. (Corrupt( 's2' ) @ #k) ∧ ((#k < #vr) ∨ (#k < #vr.4))) )
        case case_1
        by contradiction /* from formulas */
      next
        case case_2
        solve( (v2 = v1)  ∥
               (∃ #k. (Corrupt( 's0' ) @ #k) ∧ ((#k < #vr.4) ∨ (#k < #vr))) )
          case case_1
          by contradiction /* from formulas */
        next
          case case_2
          solve( (v2 = v1)  ∥
                 (∃ #k. (Corrupt( 's2' ) @ #k) ∧ ((#k < #vr.4) ∨ (#k < #vr))) )
            case case_1
            by contradiction /* from formulas */
          next
            case case_2
            solve( (#k < #vr)  ∥ (#k < #vr.4) )
              case case_1
              solve( (#k.1 < #vr)  ∥ (#k.1 < #vr.4) )
                case case_1
                solve( (#k.2 < #vr.4)  ∥ (#k.2 < #vr) )
                  case case_1
                  solve( (#k.3 < #vr.4)  ∥ (#k.3 < #vr) )
                    case case_1
                    solve( !Signer( ~c, s, sig1 ) ▶₂ #i )
                      case Accept_012_case_1
                      by contradiction /* from formulas */
                    next
                      case Accept_012_case_2
                      by solve( !Signer( ~c.1, 's1', sig2 ) ▶₃ #i )
                    next
                      case Accept_012_case_3
                      by contradiction /* from formulas */
                    qed
                  next
                    case case_2
                    solve( !Signer( ~c, s, sig1 ) ▶₂ #i )
                      case Accept_012_case_1
                      by contradiction /* from formulas */
                    next
                      case Accept_012_case_2
                      by solve( !Signer( ~c.1, 's1', sig2 ) ▶₃ #i )
                    next
                      case Accept_012_case_3
                      by contradiction /* from formulas */
                    qed
                  qed
                next
                  case case_2
                  solve( (#k.3 < #vr.4)  ∥ (#k.3 < #vr) )
                    case case_1
                    solve( !Signer( ~c, s, sig1 ) ▶₂ #i )
                      case Accept_012_case_1
                      by contradiction /* from formulas */
                    next
                      case Accept_012_case_2
                      by solve( !Signer( ~c.1, 's1', sig2 ) ▶₃ #i )
                    next
                      case Accept_012_case_3
                      by contradiction /* from formulas */
                    qed
                  next
                    case case_2
                    solve( !Signer( ~c, s, sig1 ) ▶₂ #i )
                      case Accept_012_case_1
                      by contradiction /* from formulas */
                    next
                      case Accept_012_case_2
                      by solve( !Signer( ~c.1, 's1', sig2 ) ▶₃ #i )
                    next
                      case Accept_012_case_3
                      by contradiction /* from formulas */
                    qed
                  qed
                qed
              next
                case case_2
                solve( (#k.2 < #vr.4)  ∥ (#k.2 < #vr) )
                  case case_1
                  solve( (#k.3 < #vr.4)  ∥ (#k.3 < #vr) )
                    case case_1
                    solve( !Signer( ~c, s, sig1 ) ▶₂ #i )
                      case Accept_012_case_1
                      by contradiction /* from formulas */
                    next
                      case Accept_012_case_2
                      by solve( !Signer( ~c.1, 's1', sig2 ) ▶₃ #i )
                    next
                      case Accept_012_case_3
                      by contradiction /* from formulas */
                    qed
                  next
                    case case_2
                    solve( !Signer( ~c, s, sig1 ) ▶₂ #i )
                      case Accept_012_case_1
                      by contradiction /* from formulas */
                    next
                      case Accept_012_case_2
                      by solve( !Signer( ~c.1, 's1', sig2 ) ▶₃ #i )
                    next
                      case Accept_012_case_3
                      by contradiction /* from formulas */
                    qed
                  qed
                next
                  case case_2
                  solve( (#k.3 < #vr.4)  ∥ (#k.3 < #vr) )
                    case case_1
                    solve( !Signer( ~c, s, sig1 ) ▶₂ #i )
                      case Accept_012_case_1
                      by contradiction /* from formulas */
                    next
                      case Accept_012_case_2
                      by solve( !Signer( ~c.1, 's1', sig2 ) ▶₃ #i )
                    next
                      case Accept_012_case_3
                      by contradiction /* from formulas */
                    qed
                  next
                    case case_2
                    solve( !Signer( ~c, s, sig1 ) ▶₂ #i )
                      case Accept_012_case_1
                      by contradiction /* from formulas */
                    next
                      case Accept_012_case_2
                      by solve( !Signer( ~c.1, 's1', sig2 ) ▶₃ #i )
                    next
                      case Accept_012_case_3
                      by contradiction /* from formulas */
                    qed
                  qed
                qed
              qed
            next
              case case_2
              solve( (#k.1 < #vr)  ∥ (#k.1 < #vr.4) )
                case case_1
                solve( (#k.2 < #vr.4)  ∥ (#k.2 < #vr) )
                  case case_1
                  solve( (#k.3 < #vr.4)  ∥ (#k.3 < #vr) )
                    case case_1
                    solve( !Signer( ~c, s, sig1 ) ▶₂ #i )
                      case Accept_012_case_1
                      by contradiction /* from formulas */
                    next
                      case Accept_012_case_2
                      by solve( !Signer( ~c.1, 's1', sig2 ) ▶₃ #i )
                    next
                      case Accept_012_case_3
                      by contradiction /* from formulas */
                    qed
                  next
                    case case_2
                    solve( !Signer( ~c, s, sig1 ) ▶₂ #i )
                      case Accept_012_case_1
                      by contradiction /* from formulas */
                    next
                      case Accept_012_case_2
                      by solve( !Signer( ~c.1, 's1', sig2 ) ▶₃ #i )
                    next
                      case Accept_012_case_3
                      by contradiction /* from formulas */
                    qed
                  qed
                next
                  case case_2
                  solve( (#k.3 < #vr.4)  ∥ (#k.3 < #vr) )
                    case case_1
                    solve( !Signer( ~c, s, sig1 ) ▶₂ #i )
                      case Accept_012_case_1
                      by contradiction /* from formulas */
                    next
                      case Accept_012_case_2
                      by solve( !Signer( ~c.1, 's1', sig2 ) ▶₃ #i )
                    next
                      case Accept_012_case_3
                      by contradiction /* from formulas */
                    qed
                  next
                    case case_2
                    solve( !Signer( ~c, s, sig1 ) ▶₂ #i )
                      case Accept_012_case_1
                      by contradiction /* from formulas */
                    next
                      case Accept_012_case_2
                      by solve( !Signer( ~c.1, 's1', sig2 ) ▶₃ #i )
                    next
                      case Accept_012_case_3
                      by contradiction /* from formulas */
                    qed
                  qed
                qed
              next
                case case_2
                solve( (#k.2 < #vr.4)  ∥ (#k.2 < #vr) )
                  case case_1
                  solve( (#k.3 < #vr.4)  ∥ (#k.3 < #vr) )
                    case case_1
                    solve( !Signer( ~c, s, sig1 ) ▶₂ #i )
                      case Accept_012_case_1
                      by contradiction /* from formulas */
                    next
                      case Accept_012_case_2
                      by solve( !Signer( ~c.1, 's1', sig2 ) ▶₃ #i )
                    next
                      case Accept_012_case_3
                      by contradiction /* from formulas */
                    qed
                  next
                    case case_2
                    solve( !Signer( ~c, s, sig1 ) ▶₂ #i )
                      case Accept_012_case_1
                      by contradiction /* from formulas */
                    next
                      case Accept_012_case_2
                      by solve( !Signer( ~c.1, 's1', sig2 ) ▶₃ #i )
                    next
                      case Accept_012_case_3
                      by contradiction /* from formulas */
                    qed
                  qed
                next
                  case case_2
                  solve( (#k.3 < #vr.4)  ∥ (#k.3 < #vr) )
                    case case_1
                    solve( !Signer( ~c, s, sig1 ) ▶₂ #i )
                      case Accept_012_case_1
                      by contradiction /* from formulas */
                    next
                      case Accept_012_case_2
                      by solve( !Signer( ~c.1, 's1', sig2 ) ▶₃ #i )
                    next
                      case Accept_012_case_3
                      by contradiction /* from formulas */
                    qed
                  next
                    case case_2
                    solve( !Signer( ~c, s, sig1 ) ▶₂ #i )
                      case Accept_012_case_1
                      by contradiction /* from formulas */
                    next
                      case Accept_012_case_2
                      by solve( !Signer( ~c.1, 's1', sig2 ) ▶₃ #i )
                    next
                      case Accept_012_case_3
                      by contradiction /* from formulas */
                    qed
                  qed
                qed
              qed
            qed
          qed
        qed
      qed
    qed
  next
    case Accept_123
    solve( (v1 = v2)  ∥
           (∃ #k. (Corrupt( 's1' ) @ #k) ∧ ((#k < #vr) ∨ (#k < #vr.4))) )
      case case_1
      by contradiction /* from formulas */
    next
      case case_2
      solve( (v1 = v2)  ∥
             (∃ #k. (Corrupt( 's2' ) @ #k) ∧ ((#k < #vr) ∨ (#k < #vr.4))) )
        case case_1
        by contradiction /* from formulas */
      next
        case case_2
        solve( (v2 = v1)  ∥
               (∃ #k. (Corrupt( 's1' ) @ #k) ∧ ((#k < #vr.4) ∨ (#k < #vr))) )
          case case_1
          by contradiction /* from formulas */
        next
          case case_2
          solve( (v2 = v1)  ∥
                 (∃ #k. (Corrupt( 's2' ) @ #k) ∧ ((#k < #vr.4) ∨ (#k < #vr))) )
            case case_1
            by contradiction /* from formulas */
          next
            case case_2
            solve( (#k < #vr)  ∥ (#k < #vr.4) )
              case case_1
              solve( (#k.1 < #vr)  ∥ (#k.1 < #vr.4) )
                case case_1
                solve( (#k.2 < #vr.4)  ∥ (#k.2 < #vr) )
                  case case_1
                  solve( (#k.3 < #vr.4)  ∥ (#k.3 < #vr) )
                    case case_1
                    solve( !Signer( ~c, s, sig1 ) ▶₂ #i )
                      case Accept_012_case_1
                      by solve( !Signer( ~c.1, 's0', sig2 ) ▶₃ #i )
                    next
                      case Accept_012_case_2
                      by contradiction /* from formulas */
                    next
                      case Accept_012_case_3
                      by contradiction /* from formulas */
                    qed
                  next
                    case case_2
                    solve( !Signer( ~c, s, sig1 ) ▶₂ #i )
                      case Accept_012_case_1
                      by solve( !Signer( ~c.1, 's0', sig2 ) ▶₃ #i )
                    next
                      case Accept_012_case_2
                      by contradiction /* from formulas */
                    next
                      case Accept_012_case_3
                      by contradiction /* from formulas */
                    qed
                  qed
                next
                  case case_2
                  solve( (#k.3 < #vr.4)  ∥ (#k.3 < #vr) )
                    case case_1
                    solve( !Signer( ~c, s, sig1 ) ▶₂ #i )
                      case Accept_012_case_1
                      by solve( !Signer( ~c.1, 's0', sig2 ) ▶₃ #i )
                    next
                      case Accept_012_case_2
                      by contradiction /* from formulas */
                    next
                      case Accept_012_case_3
                      by contradiction /* from formulas */
                    qed
                  next
                    case case_2
                    solve( !Signer( ~c, s, sig1 ) ▶₂ #i )
                      case Accept_012_case_1
                      by solve( !Signer( ~c.1, 's0', sig2 ) ▶₃ #i )
                    next
                      case Accept_012_case_2
                      by contradiction /* from formulas */
                    next
                      case Accept_012_case_3
                      by contradiction /* from formulas */
                    qed
                  qed
                qed
              next
                case case_2
                solve( (#k.2 < #vr.4)  ∥ (#k.2 < #vr) )
                  case case_1
                  solve( (#k.3 < #vr.4)  ∥ (#k.3 < #vr) )
                    case case_1
                    solve( !Signer( ~c, s, sig1 ) ▶₂ #i )
                      case Accept_012_case_1
                      by solve( !Signer( ~c.1, 's0', sig2 ) ▶₃ #i )
                    next
                      case Accept_012_case_2
                      by contradiction /* from formulas */
                    next
                      case Accept_012_case_3
                      by contradiction /* from formulas */
                    qed
                  next
                    case case_2
                    solve( !Signer( ~c, s, sig1 ) ▶₂ #i )
                      case Accept_012_case_1
                      by solve( !Signer( ~c.1, 's0', sig2 ) ▶₃ #i )
                    next
                      case Accept_012_case_2
                      by contradiction /* from formulas */
                    next
                      case Accept_012_case_3
                      by contradiction /* from formulas */
                    qed
                  qed
                next
                  case case_2
                  solve( (#k.3 < #vr.4)  ∥ (#k.3 < #vr) )
                    case case_1
                    solve( !Signer( ~c, s, sig1 ) ▶₂ #i )
                      case Accept_012_case_1
                      by solve( !Signer( ~c.1, 's0', sig2 ) ▶₃ #i )
                    next
                      case Accept_012_case_2
                      by contradiction /* from formulas */
                    next
                      case Accept_012_case_3
                      by contradiction /* from formulas */
                    qed
                  next
                    case case_2
                    solve( !Signer( ~c, s, sig1 ) ▶₂ #i )
                      case Accept_012_case_1
                      by solve( !Signer( ~c.1, 's0', sig2 ) ▶₃ #i )
                    next
                      case Accept_012_case_2
                      by contradiction /* from formulas */
                    next
                      case Accept_012_case_3
                      by contradiction /* from formulas */
                    qed
                  qed
                qed
              qed
            next
              case case_2
              solve( (#k.1 < #vr)  ∥ (#k.1 < #vr.4) )
                case case_1
                solve( (#k.2 < #vr.4)  ∥ (#k.2 < #vr) )
                  case case_1
                  solve( (#k.3 < #vr.4)  ∥ (#k.3 < #vr) )
                    case case_1
                    solve( !Signer( ~c, s, sig1 ) ▶₂ #i )
                      case Accept_012_case_1
                      by solve( !Signer( ~c.1, 's0', sig2 ) ▶₃ #i )
                    next
                      case Accept_012_case_2
                      by contradiction /* from formulas */
                    next
                      case Accept_012_case_3
                      by contradiction /* from formulas */
                    qed
                  next
                    case case_2
                    solve( !Signer( ~c, s, sig1 ) ▶₂ #i )
                      case Accept_012_case_1
                      by solve( !Signer( ~c.1, 's0', sig2 ) ▶₃ #i )
                    next
                      case Accept_012_case_2
                      by contradiction /* from formulas */
                    next
                      case Accept_012_case_3
                      by contradiction /* from formulas */
                    qed
                  qed
                next
                  case case_2
                  solve( (#k.3 < #vr.4)  ∥ (#k.3 < #vr) )
                    case case_1
                    solve( !Signer( ~c, s, sig1 ) ▶₂ #i )
                      case Accept_012_case_1
                      by solve( !Signer( ~c.1, 's0', sig2 ) ▶₃ #i )
                    next
                      case Accept_012_case_2
                      by contradiction /* from formulas */
                    next
                      case Accept_012_case_3
                      by contradiction /* from formulas */
                    qed
                  next
                    case case_2
                    solve( !Signer( ~c, s, sig1 ) ▶₂ #i )
                      case Accept_012_case_1
                      by solve( !Signer( ~c.1, 's0', sig2 ) ▶₃ #i )
                    next
                      case Accept_012_case_2
                      by contradiction /* from formulas */
                    next
                      case Accept_012_case_3
                      by contradiction /* from formulas */
                    qed
                  qed
                qed
              next
                case case_2
                solve( (#k.2 < #vr.4)  ∥ (#k.2 < #vr) )
                  case case_1
                  solve( (#k.3 < #vr.4)  ∥ (#k.3 < #vr) )
                    case case_1
                    solve( !Signer( ~c, s, sig1 ) ▶₂ #i )
                      case Accept_012_case_1
                      by solve( !Signer( ~c.1, 's0', sig2 ) ▶₃ #i )
                    next
                      case Accept_012_case_2
                      by contradiction /* from formulas */
                    next
                      case Accept_012_case_3
                      by contradiction /* from formulas */
                    qed
                  next
                    case case_2
                    solve( !Signer( ~c, s, sig1 ) ▶₂ #i )
                      case Accept_012_case_1
                      by solve( !Signer( ~c.1, 's0', sig2 ) ▶₃ #i )
                    next
                      case Accept_012_case_2
                      by contradiction /* from formulas */
                    next
                      case Accept_012_case_3
                      by contradiction /* from formulas */
                    qed
                  qed
                next
                  case case_2
                  solve( (#k.3 < #vr.4)  ∥ (#k.3 < #vr) )
                    case case_1
                    solve( !Signer( ~c, s, sig1 ) ▶₂ #i )
                      case Accept_012_case_1
                      by solve( !Signer( ~c.1, 's0', sig2 ) ▶₃ #i )
                    next
                      case Accept_012_case_2
                      by contradiction /* from formulas */
                    next
                      case Accept_012_case_3
                      by contradiction /* from formulas */
                    qed
                  next
                    case case_2
                    solve( !Signer( ~c, s, sig1 ) ▶₂ #i )
                      case Accept_012_case_1
                      by solve( !Signer( ~c.1, 's0', sig2 ) ▶₃ #i )
                    next
                      case Accept_012_case_2
                      by contradiction /* from formulas */
                    next
                      case Accept_012_case_3
                      by contradiction /* from formulas */
                    qed
                  qed
                qed
              qed
            qed
          qed
        qed
      qed
    qed
  qed
next
  case Accept_013
  solve( !Cert( c2, K, v2 ) ▶₁ #i )
    case Accept_012
    solve( (v1 = v2)  ∥
           (∃ #k. (Corrupt( 's0' ) @ #k) ∧ ((#k < #vr) ∨ (#k < #vr.4))) )
      case case_1
      by contradiction /* from formulas */
    next
      case case_2
      solve( (v1 = v2)  ∥
             (∃ #k. (Corrupt( 's1' ) @ #k) ∧ ((#k < #vr) ∨ (#k < #vr.4))) )
        case case_1
        by contradiction /* from formulas */
      next
        case case_2
        solve( (v2 = v1)  ∥
               (∃ #k. (Corrupt( 's0' ) @ #k) ∧ ((#k < #vr.4) ∨ (#k < #vr))) )
          case case_1
          by contradiction /* from formulas */
        next
          case case_2
          solve( (v2 = v1)  ∥
                 (∃ #k. (Corrupt( 's1' ) @ #k) ∧ ((#k < #vr.4) ∨ (#k < #vr))) )
            case case_1
            by contradiction /* from formulas */
          next
            case case_2
            solve( (#k < #vr)  ∥ (#k < #vr.4) )
              case case_1
              solve( (#k.1 < #vr)  ∥ (#k.1 < #vr.4) )
                case case_1
                solve( (#k.2 < #vr.4)  ∥ (#k.2 < #vr) )
                  case case_1
                  solve( (#k.3 < #vr.4)  ∥ (#k.3 < #vr) )
                    case case_1
                    solve( !Signer( ~c, s, sig1 ) ▶₂ #i )
                      case Accept_013_case_1
                      by contradiction /* from formulas */
                    next
                      case Accept_013_case_2
                      by contradiction /* from formulas */
                    next
                      case Accept_013_case_3
                      by solve( !Signer( ~c.1, 's3', sig2 ) ▶₃ #i )
                    qed
                  next
                    case case_2
                    solve( !Signer( ~c, s, sig1 ) ▶₂ #i )
                      case Accept_013_case_1
                      by contradiction /* from formulas */
                    next
                      case Accept_013_case_2
                      by contradiction /* from formulas */
                    next
                      case Accept_013_case_3
                      by solve( !Signer( ~c.1, 's3', sig2 ) ▶₃ #i )
                    qed
                  qed
                next
                  case case_2
                  solve( (#k.3 < #vr.4)  ∥ (#k.3 < #vr) )
                    case case_1
                    solve( !Signer( ~c, s, sig1 ) ▶₂ #i )
                      case Accept_013_case_1
                      by contradiction /* from formulas */
                    next
                      case Accept_013_case_2
                      by contradiction /* from formulas */
                    next
                      case Accept_013_case_3
                      by solve( !Signer( ~c.1, 's3', sig2 ) ▶₃ #i )
                    qed
                  next
                    case case_2
                    solve( !Signer( ~c, s, sig1 ) ▶₂ #i )
                      case Accept_013_case_1
                      by contradiction /* from formulas */
                    next
                      case Accept_013_case_2
                      by contradiction /* from formulas */
                    next
                      case Accept_013_case_3
                      by solve( !Signer( ~c.1, 's3', sig2 ) ▶₃ #i )
                    qed
                  qed
                qed
              next
                case case_2
                solve( (#k.2 < #vr.4)  ∥ (#k.2 < #vr) )
                  case case_1
                  solve( (#k.3 < #vr.4)  ∥ (#k.3 < #vr) )
                    case case_1
                    solve( !Signer( ~c, s, sig1 ) ▶₂ #i )
                      case Accept_013_case_1
                      by contradiction /* from formulas */
                    next
                      case Accept_013_case_2
                      by contradiction /* from formulas */
                    next
                      case Accept_013_case_3
                      by solve( !Signer( ~c.1, 's3', sig2 ) ▶₃ #i )
                    qed
                  next
                    case case_2
                    solve( !Signer( ~c, s, sig1 ) ▶₂ #i )
                      case Accept_013_case_1
                      by contradiction /* from formulas */
                    next
                      case Accept_013_case_2
                      by contradiction /* from formulas */
                    next
                      case Accept_013_case_3
                      by solve( !Signer( ~c.1, 's3', sig2 ) ▶₃ #i )
                    qed
                  qed
                next
                  case case_2
                  solve( (#k.3 < #vr.4)  ∥ (#k.3 < #vr) )
                    case case_1
                    solve( !Signer( ~c, s, sig1 ) ▶₂ #i )
                      case Accept_013_case_1
                      by contradiction /* from formulas */
                    next
                      case Accept_013_case_2
                      by contradiction /* from formulas */
                    next
                      case Accept_013_case_3
                      by solve( !Signer( ~c.1, 's3', sig2 ) ▶₃ #i )
                    qed
                  next
                    case case_2
                    solve( !Signer( ~c, s, sig1 ) ▶₂ #i )
                      case Accept_013_case_1
                      by contradiction /* from formulas */
                    next
                      case Accept_013_case_2
                      by contradiction /* from formulas */
                    next
                      case Accept_013_case_3
                      by solve( !Signer( ~c.1, 's3', sig2 ) ▶₃ #i )
                    qed
                  qed
                qed
              qed
            next
              case case_2
              solve( (#k.1 < #vr)  ∥ (#k.1 < #vr.4) )
                case case_1
                solve( (#k.2 < #vr.4)  ∥ (#k.2 < #vr) )
                  case case_1
                  solve( (#k.3 < #vr.4)  ∥ (#k.3 < #vr) )
                    case case_1
                    solve( !Signer( ~c, s, sig1 ) ▶₂ #i )
                      case Accept_013_case_1
                      by contradiction /* from formulas */
                    next
                      case Accept_013_case_2
                      by contradiction /* from formulas */
                    next
                      case Accept_013_case_3
                      by solve( !Signer( ~c.1, 's3', sig2 ) ▶₃ #i )
                    qed
                  next
                    case case_2
                    solve( !Signer( ~c, s, sig1 ) ▶₂ #i )
                      case Accept_013_case_1
                      by contradiction /* from formulas */
                    next
                      case Accept_013_case_2
                      by contradiction /* from formulas */
                    next
                      case Accept_013_case_3
                      by solve( !Signer( ~c.1, 's3', sig2 ) ▶₃ #i )
                    qed
                  qed
                next
                  case case_2
                  solve( (#k.3 < #vr.4)  ∥ (#k.3 < #vr) )
                    case case_1
                    solve( !Signer( ~c, s, sig1 ) ▶₂ #i )
                      case Accept_013_case_1
                      by contradiction /* from formulas */
                    next
                      case Accept_013_case_2
                      by contradiction /* from formulas */
                    next
                      case Accept_013_case_3
                      by solve( !Signer( ~c.1, 's3', sig2 ) ▶₃ #i )
                    qed
                  next
                    case case_2
                    solve( !Signer( ~c, s, sig1 ) ▶₂ #i )
                      case Accept_013_case_1
                      by contradiction /* from formulas */
                    next
                      case Accept_013_case_2
                      by contradiction /* from formulas */
                    next
                      case Accept_013_case_3
                      by solve( !Signer( ~c.1, 's3', sig2 ) ▶₃ #i )
                    qed
                  qed
                qed
              next
                case case_2
                solve( (#k.2 < #vr.4)  ∥ (#k.2 < #vr) )
                  case case_1
                  solve( (#k.3 < #vr.4)  ∥ (#k.3 < #vr) )
                    case case_1
                    solve( !Signer( ~c, s, sig1 ) ▶₂ #i )
                      case Accept_013_case_1
                      by contradiction /* from formulas */
                    next
                      case Accept_013_case_2
                      by contradiction /* from formulas */
                    next
                      case Accept_013_case_3
                      by solve( !Signer( ~c.1, 's3', sig2 ) ▶₃ #i )
                    qed
                  next
                    case case_2
                    solve( !Signer( ~c, s, sig1 ) ▶₂ #i )
                      case Accept_013_case_1
                      by contradiction /* from formulas */
                    next
                      case Accept_013_case_2
                      by contradiction /* from formulas */
                    next
                      case Accept_013_case_3
                      by solve( !Signer( ~c.1, 's3', sig2 ) ▶₃ #i )
                    qed
                  qed
                next
                  case case_2
                  solve( (#k.3 < #vr.4)  ∥ (#k.3 < #vr) )
                    case case_1
                    solve( !Signer( ~c, s, sig1 ) ▶₂ #i )
                      case Accept_013_case_1
                      by contradiction /* from formulas */
                    next
                      case Accept_013_case_2
                      by contradiction /* from formulas */
                    next
                      case Accept_013_case_3
                      by solve( !Signer( ~c.1, 's3', sig2 ) ▶₃ #i )
                    qed
                  next
                    case case_2
                    solve( !Signer( ~c, s, sig1 ) ▶₂ #i )
                      case Accept_013_case_1
                      by contradiction /* from formulas */
                    next
                      case Accept_013_case_2
                      by contradiction /* from formulas */
                    next
                      case Accept_013_case_3
                      by solve( !Signer( ~c.1, 's3', sig2 ) ▶₃ #i )
                    qed
                  qed
                qed
              qed
            qed
          qed
        qed
      qed
    qed
  next
    case Accept_013
    solve( (v1 = v2)  ∥
           (∃ #k. (Corrupt( 's0' ) @ #k) ∧ ((#k < #vr) ∨ (#k < #vr.4))) )
      case case_1
      by contradiction /* from formulas */
    next
      case case_2
      solve( (v1 = v2)  ∥
             (∃ #k. (Corrupt( 's1' ) @ #k) ∧ ((#k < #vr) ∨ (#k < #vr.4))) )
        case case_1
        by contradiction /* from formulas */
      next
        case case_2
        solve( (v1 = v2)  ∥
               (∃ #k. (Corrupt( 's3' ) @ #k) ∧ ((#k < #vr) ∨ (#k < #vr.4))) )
          case case_1
          by contradiction /* from formulas */
        next
          case case_2
          solve( (v2 = v1)  ∥
                 (∃ #k. (Corrupt( 's0' ) @ #k) ∧ ((#k < #vr.4) ∨ (#k < #vr))) )
            case case_1
            by contradiction /* from formulas */
          next
            case case_2
            solve( (v2 = v1)  ∥
                   (∃ #k. (Corrupt( 's1' ) @ #k) ∧ ((#k < #vr.4) ∨ (#k < #vr))) )
              case case_1
              by contradiction /* from formulas */
            next
              case case_2
              solve( (v2 = v1)  ∥
                     (∃ #k. (Corrupt( 's3' ) @ #k) ∧ ((#k < #vr.4) ∨ (#k < #vr))) )
                case case_1
                by contradiction /* from formulas */
              next
                case case_2
                solve( (#k < #vr)  ∥ (#k < #vr.4) )
                  case case_1
                  solve( (#k.1 < #vr)  ∥ (#k.1 < #vr.4) )
                    case case_1
                    solve( (#k.2 < #vr)  ∥ (#k.2 < #vr.4) )
                      case case_1
                      solve( (#k.3 < #vr.4)  ∥ (#k.3 < #vr) )
                        case case_1
                        solve( (#k.4 < #vr.4)  ∥ (#k.4 < #vr) )
                          case case_1
                          solve( (#k.5 < #vr.4)  ∥ (#k.5 < #vr) )
                            case case_1
                            solve( !Signer( ~c, s, sig1 ) ▶₂ #i )
                              case Accept_013_case_1
                              by contradiction /* from formulas */
                            next
                              case Accept_013_case_2
                              by contradiction /* from formulas */
                            next
                              case Accept_013_case_3
                              by contradiction /* from formulas */
                            qed
                          next
                            case case_2
                            solve( !Signer( ~c, s, sig1 ) ▶₂ #i )
                              case Accept_013_case_1
                              by contradiction /* from formulas */
                            next
                              case Accept_013_case_2
                              by contradiction /* from formulas */
                            next
                              case Accept_013_case_3
                              by contradiction /* from formulas */
                            qed
                          qed
                        next
                          case case_2
                          solve( (#k.5 < #vr.4)  ∥ (#k.5 < #vr) )
                            case case_1
                            solve( !Signer( ~c, s, sig1 ) ▶₂ #i )
                              case Accept_013_case_1
                              by contradiction /* from formulas */
                            next
                              case Accept_013_case_2
                              by contradiction /* from formulas */
                            next
                              case Accept_013_case_3
                              by contradiction /* from formulas */
                            qed
                          next
                            case case_2
                            solve( !Signer( ~c, s, sig1 ) ▶₂ #i )
                              case Accept_013_case_1
                              by contradiction /* from formulas */
                            next
                              case Accept_013_case_2
                              by contradiction /* from formulas */
                            next
                              case Accept_013_case_3
                              by contradiction /* from formulas */
                            qed
                          qed
                        qed
                      next
                        case case_2
                        solve( (#k.4 < #vr.4)  ∥ (#k.4 < #vr) )
                          case case_1
                          solve( (#k.5 < #vr.4)  ∥ (#k.5 < #vr) )
                            case case_1
                            solve( !Signer( ~c, s, sig1 ) ▶₂ #i )
                              case Accept_013_case_1
                              by contradiction /* from formulas */
                            next
                              case Accept_013_case_2
                              by contradiction /* from formulas */
                            next
                              case Accept_013_case_3
                              by contradiction /* from formulas */
                            qed
                          next
                            case case_2
                            solve( !Signer( ~c, s, sig1 ) ▶₂ #i )
                              case Accept_013_case_1
                              by contradiction /* from formulas */
                            next
                              case Accept_013_case_2
                              by contradiction /* from formulas */
                            next
                              case Accept_013_case_3
                              by contradiction /* from formulas */
                            qed
                          qed
                        next
                          case case_2
                          solve( (#k.5 < #vr.4)  ∥ (#k.5 < #vr) )
                            case case_1
                            solve( !Signer( ~c, s, sig1 ) ▶₂ #i )
                              case Accept_013_case_1
                              by contradiction /* from formulas */
                            next
                              case Accept_013_case_2
                              by contradiction /* from formulas */
                            next
                              case Accept_013_case_3
                              by contradiction /* from formulas */
                            qed
                          next
                            case case_2
                            solve( !Signer( ~c, s, sig1 ) ▶₂ #i )
                              case Accept_013_case_1
                              by contradiction /* from formulas */
                            next
                              case Accept_013_case_2
                              by contradiction /* from formulas */
                            next
                              case Accept_013_case_3
                              by contradiction /* from formulas */
                            qed
                          qed
                        qed
                      qed
                    next
                      case case_2
                      solve( (#k.3 < #vr.4)  ∥ (#k.3 < #vr) )
                        case case_1
                        solve( (#k.4 < #vr.4)  ∥ (#k.4 < #vr) )
                          case case_1
                          solve( (#k.5 < #vr.4)  ∥ (#k.5 < #vr) )
                            case case_1
                            solve( !Signer( ~c, s, sig1 ) ▶₂ #i )
                              case Accept_013_case_1
                              by contradiction /* from formulas */
                            next
                              case Accept_013_case_2
                              by contradiction /* from formulas */
                            next
                              case Accept_013_case_3
                              by contradiction /* from formulas */
                            qed
                          next
                            case case_2
                            solve( !Signer( ~c, s, sig1 ) ▶₂ #i )
                              case Accept_013_case_1
                              by contradiction /* from formulas */
                            next
                              case Accept_013_case_2
                              by contradiction /* from formulas */
                            next
                              case Accept_013_case_3
                              by contradiction /* from formulas */
                            qed
                          qed
                        next
                          case case_2
                          solve( (#k.5 < #vr.4)  ∥ (#k.5 < #vr) )
                            case case_1
                            solve( !Signer( ~c, s, sig1 ) ▶₂ #i )
                              case Accept_013_case_1
                              by contradiction /* from formulas */
                            next
                              case Accept_013_case_2
                              by contradiction /* from formulas */
                            next
                              case Accept_013_case_3
                              by contradiction /* from formulas */
                            qed
                          next
                            case case_2
                            solve( !Signer( ~c, s, sig1 ) ▶₂ #i )
                              case Accept_013_case_1
                              by contradiction /* from formulas */
                            next
                              case Accept_013_case_2
                              by contradiction /* from formulas */
                            next
                              case Accept_013_case_3
                              by contradiction /* from formulas */
                            qed
                          qed
                        qed
                      next
                        case case_2
                        solve( (#k.4 < #vr.4)  ∥ (#k.4 < #vr) )
                          case case_1
                          solve( (#k.5 < #vr.4)  ∥ (#k.5 < #vr) )
                            case case_1
                            solve( !Signer( ~c, s, sig1 ) ▶₂ #i )
                              case Accept_013_case_1
                              by contradiction /* from formulas */
                            next
                              case Accept_013_case_2
                              by contradiction /* from formulas */
                            next
                              case Accept_013_case_3
                              by contradiction /* from formulas */
                            qed
                          next
                            case case_2
                            solve( !Signer( ~c, s, sig1 ) ▶₂ #i )
                              case Accept_013_case_1
                              by contradiction /* from formulas */
                            next
                              case Accept_013_case_2
                              by contradiction /* from formulas */
                            next
                              case Accept_013_case_3
                              by contradiction /* from formulas */
                            qed
                          qed
                        next
                          case case_2
                          solve( (#k.5 < #vr.4)  ∥ (#k.5 < #vr) )
                            case case_1
                            solve( !Signer( ~c, s, sig1 ) ▶₂ #i )
                              case Accept_013_case_1
                              by contradiction /* from formulas */
                            next
                              case Accept_013_case_2
                              by contradiction /* from formulas */
                            next
                              case Accept_013_case_3
                              by contradiction /* from formulas */
                            qed
                          next
                            case case_2
                            solve( !Signer( ~c, s, sig1 ) ▶₂ #i )
                              case Accept_013_case_1
                              by contradiction /* from formulas */
                            next
                              case Accept_013_case_2
                              by contradiction /* from formulas */
                            next
                              case Accept_013_case_3
                              by contradiction /* from formulas */
                            qed
                          qed
                        qed
                      qed
                    qed
                  next
                    case case_2
                    solve( (#k.2 < #vr)  ∥ (#k.2 < #vr.4) )
                      case case_1
                      solve( (#k.3 < #vr.4)  ∥ (#k.3 < #vr) )
                        case case_1
                        solve( (#k.4 < #vr.4)  ∥ (#k.4 < #vr) )
                          case case_1
                          solve( (#k.5 < #vr.4)  ∥ (#k.5 < #vr) )
                            case case_1
                            solve( !Signer( ~c, s, sig1 ) ▶₂ #i )
                              case Accept_013_case_1
                              by contradiction /* from formulas */
                            next
                              case Accept_013_case_2
                              by contradiction /* from formulas */
                            next
                              case Accept_013_case_3
                              by contradiction /* from formulas */
                            qed
                          next
                            case case_2
                            solve( !Signer( ~c, s, sig1 ) ▶₂ #i )
                              case Accept_013_case_1
                              by contradiction /* from formulas */
                            next
                              case Accept_013_case_2
                              by contradiction /* from formulas */
                            next
                              case Accept_013_case_3
                              by contradiction /* from formulas */
                            qed
                          qed
                        next
                          case case_2
                          solve( (#k.5 < #vr.4)  ∥ (#k.5 < #vr) )
                            case case_1
                            solve( !Signer( ~c, s, sig1 ) ▶₂ #i )
                              case Accept_013_case_1
                              by contradiction /* from formulas */
                            next
                              case Accept_013_case_2
                              by contradiction /* from formulas */
                            next
                              case Accept_013_case_3
                              by contradiction /* from formulas */
                            qed
                          next
                            case case_2
                            solve( !Signer( ~c, s, sig1 ) ▶₂ #i )
                              case Accept_013_case_1
                              by contradiction /* from formulas */
                            next
                              case Accept_013_case_2
                              by contradiction /* from formulas */
                            next
                              case Accept_013_case_3
                              by contradiction /* from formulas */
                            qed
                          qed
                        qed
                      next
                        case case_2
                        solve( (#k.4 < #vr.4)  ∥ (#k.4 < #vr) )
                          case case_1
                          solve( (#k.5 < #vr.4)  ∥ (#k.5 < #vr) )
                            case case_1
                            solve( !Signer( ~c, s, sig1 ) ▶₂ #i )
                              case Accept_013_case_1
                              by contradiction /* from formulas */
                            next
                              case Accept_013_case_2
                              by contradiction /* from formulas */
                            next
                              case Accept_013_case_3
                              by contradiction /* from formulas */
                            qed
                          next
                            case case_2
                            solve( !Signer( ~c, s, sig1 ) ▶₂ #i )
                              case Accept_013_case_1
                              by contradiction /* from formulas */
                            next
                              case Accept_013_case_2
                              by contradiction /* from formulas */
                            next
                              case Accept_013_case_3
                              by contradiction /* from formulas */
                            qed
                          qed
                        next
                          case case_2
                          solve( (#k.5 < #vr.4)  ∥ (#k.5 < #vr) )
                            case case_1
                            solve( !Signer( ~c, s, sig1 ) ▶₂ #i )
                              case Accept_013_case_1
                              by contradiction /* from formulas */
                            next
                              case Accept_013_case_2
                              by contradiction /* from formulas */
                            next
                              case Accept_013_case_3
                              by contradiction /* from formulas */
                            qed
                          next
                            case case_2
                            solve( !Signer( ~c, s, sig1 ) ▶₂ #i )
                              case Accept_013_case_1
                              by contradiction /* from formulas */
                            next
                              case Accept_013_case_2
                              by contradiction /* from formulas */
                            next
                              case Accept_013_case_3
                              by contradiction /* from formulas */
                            qed
                          qed
                        qed
                      qed
                    next
                      case case_2
                      solve( (#k.3 < #vr.4)  ∥ (#k.3 < #vr) )
                        case case_1
                        solve( (#k.4 < #vr.4)  ∥ (#k.4 < #vr) )
                          case case_1
                          solve( (#k.5 < #vr.4)  ∥ (#k.5 < #vr) )
                            case case_1
                            solve( !Signer( ~c, s, sig1 ) ▶₂ #i )
                              case Accept_013_case_1
                              by contradiction /* from formulas */
                            next
                              case Accept_013_case_2
                              by contradiction /* from formulas */
                            next
                              case Accept_013_case_3
                              by contradiction /* from formulas */
                            qed
                          next
                            case case_2
                            solve( !Signer( ~c, s, sig1 ) ▶₂ #i )
                              case Accept_013_case_1
                              by contradiction /* from formulas */
                            next
                              case Accept_013_case_2
                              by contradiction /* from formulas */
                            next
                              case Accept_013_case_3
                              by contradiction /* from formulas */
                            qed
                          qed
                        next
                          case case_2
                          solve( (#k.5 < #vr.4)  ∥ (#k.5 < #vr) )
                            case case_1
                            solve( !Signer( ~c, s, sig1 ) ▶₂ #i )
                              case Accept_013_case_1
                              by contradiction /* from formulas */
                            next
                              case Accept_013_case_2
                              by contradiction /* from formulas */
                            next
                              case Accept_013_case_3
                              by contradiction /* from formulas */
                            qed
                          next
                            case case_2
                            solve( !Signer( ~c, s, sig1 ) ▶₂ #i )
                              case Accept_013_case_1
                              by contradiction /* from formulas */
                            next
                              case Accept_013_case_2
                              by contradiction /* from formulas */
                            next
                              case Accept_013_case_3
                              by contradiction /* from formulas */
                            qed
                          qed
                        qed
                      next
                        case case_2
                        solve( (#k.4 < #vr.4)  ∥ (#k.4 < #vr) )
                          case case_1
                          solve( (#k.5 < #vr.4)  ∥ (#k.5 < #vr) )
                            case case_1
                            solve( !Signer( ~c, s, sig1 ) ▶₂ #i )
                              case Accept_013_case_1
                              by contradiction /* from formulas */
                            next
                              case Accept_013_case_2
                              by contradiction /* from formulas */
                            next
                              case Accept_013_case_3
                              by contradiction /* from formulas */
                            qed
                          next
                            case case_2
                            solve( !Signer( ~c, s, sig1 ) ▶₂ #i )
                              case Accept_013_case_1
                              by contradiction /* from formulas */
                            next
                              case Accept_013_case_2
                              by contradiction /* from formulas */
                            next
                              case Accept_013_case_3
                              by contradiction /* from formulas */
                            qed
                          qed
                        next
                          case case_2
                          solve( (#k.5 < #vr.4)  ∥ (#k.5 < #vr) )
                            case case_1
                            solve( !Signer( ~c, s, sig1 ) ▶₂ #i )
                              case Accept_013_case_1
                              by contradiction /* from formulas */
                            next
                              case Accept_013_case_2
                              by contradiction /* from formulas */
                            next
                              case Accept_013_case_3
                              by contradiction /* from formulas */
                            qed
                          next
                            case case_2
                            solve( !Signer( ~c, s, sig1 ) ▶₂ #i )
                              case Accept_013_case_1
                              by contradiction /* from formulas */
                            next
                              case Accept_013_case_2
                              by contradiction /* from formulas */
                            next
                              case Accept_013_case_3
                              by contradiction /* from formulas */
                            qed
                          qed
                        qed
                      qed
                    qed
                  qed
                next
                  case case_2
                  solve( (#k.1 < #vr)  ∥ (#k.1 < #vr.4) )
                    case case_1
                    solve( (#k.2 < #vr)  ∥ (#k.2 < #vr.4) )
                      case case_1
                      solve( (#k.3 < #vr.4)  ∥ (#k.3 < #vr) )
                        case case_1
                        solve( (#k.4 < #vr.4)  ∥ (#k.4 < #vr) )
                          case case_1
                          solve( (#k.5 < #vr.4)  ∥ (#k.5 < #vr) )
                            case case_1
                            solve( !Signer( ~c, s, sig1 ) ▶₂ #i )
                              case Accept_013_case_1
                              by contradiction /* from formulas */
                            next
                              case Accept_013_case_2
                              by contradiction /* from formulas */
                            next
                              case Accept_013_case_3
                              by contradiction /* from formulas */
                            qed
                          next
                            case case_2
                            solve( !Signer( ~c, s, sig1 ) ▶₂ #i )
                              case Accept_013_case_1
                              by contradiction /* from formulas */
                            next
                              case Accept_013_case_2
                              by contradiction /* from formulas */
                            next
                              case Accept_013_case_3
                              by contradiction /* from formulas */
                            qed
                          qed
                        next
                          case case_2
                          solve( (#k.5 < #vr.4)  ∥ (#k.5 < #vr) )
                            case case_1
                            solve( !Signer( ~c, s, sig1 ) ▶₂ #i )
                              case Accept_013_case_1
                              by contradiction /* from formulas */
                            next
                              case Accept_013_case_2
                              by contradiction /* from formulas */
                            next
                              case Accept_013_case_3
                              by contradiction /* from formulas */
                            qed
                          next
                            case case_2
                            solve( !Signer( ~c, s, sig1 ) ▶₂ #i )
                              case Accept_013_case_1
                              by contradiction /* from formulas */
                            next
                              case Accept_013_case_2
                              by contradiction /* from formulas */
                            next
                              case Accept_013_case_3
                              by contradiction /* from formulas */
                            qed
                          qed
                        qed
                      next
                        case case_2
                        solve( (#k.4 < #vr.4)  ∥ (#k.4 < #vr) )
                          case case_1
                          solve( (#k.5 < #vr.4)  ∥ (#k.5 < #vr) )
                            case case_1
                            solve( !Signer( ~c, s, sig1 ) ▶₂ #i )
                              case Accept_013_case_1
                              by contradiction /* from formulas */
                            next
                              case Accept_013_case_2
                              by contradiction /* from formulas */
                            next
                              case Accept_013_case_3
                              by contradiction /* from formulas */
                            qed
                          next
                            case case_2
                            solve( !Signer( ~c, s, sig1 ) ▶₂ #i )
                              case Accept_013_case_1
                              by contradiction /* from formulas */
                            next
                              case Accept_013_case_2
                              by contradiction /* from formulas */
                            next
                              case Accept_013_case_3
                              by contradiction /* from formulas */
                            qed
                          qed
                        next
                          case case_2
                          solve( (#k.5 < #vr.4)  ∥ (#k.5 < #vr) )
                            case case_1
                            solve( !Signer( ~c, s, sig1 ) ▶₂ #i )
                              case Accept_013_case_1
                              by contradiction /* from formulas */
                            next
                              case Accept_013_case_2
                              by contradiction /* from formulas */
                            next
                              case Accept_013_case_3
                              by contradiction /* from formulas */
                            qed
                          next
                            case case_2
                            solve( !Signer( ~c, s, sig1 ) ▶₂ #i )
                              case Accept_013_case_1
                              by contradiction /* from formulas */
                            next
                              case Accept_013_case_2
                              by contradiction /* from formulas */
                            next
                              case Accept_013_case_3
                              by contradiction /* from formulas */
                            qed
                          qed
                        qed
                      qed
                    next
                      case case_2
                      solve( (#k.3 < #vr.4)  ∥ (#k.3 < #vr) )
                        case case_1
                        solve( (#k.4 < #vr.4)  ∥ (#k.4 < #vr) )
                          case case_1
                          solve( (#k.5 < #vr.4)  ∥ (#k.5 < #vr) )
                            case case_1
                            solve( !Signer( ~c, s, sig1 ) ▶₂ #i )
                              case Accept_013_case_1
                              by contradiction /* from formulas */
                            next
                              case Accept_013_case_2
                              by contradiction /* from formulas */
                            next
                              case Accept_013_case_3
                              by contradiction /* from formulas */
                            qed
                          next
                            case case_2
                            solve( !Signer( ~c, s, sig1 ) ▶₂ #i )
                              case Accept_013_case_1
                              by contradiction /* from formulas */
                            next
                              case Accept_013_case_2
                              by contradiction /* from formulas */
                            next
                              case Accept_013_case_3
                              by contradiction /* from formulas */
                            qed
                          qed
                        next
                          case case_2
                          solve( (#k.5 < #vr.4)  ∥ (#k.5 < #vr) )
                            case case_1
                            solve( !Signer( ~c, s, sig1 ) ▶₂ #i )
                              case Accept_013_case_1
                              by contradiction /* from formulas */
                            next
                              case Accept_013_case_2
                              by contradiction /* from formulas */
                            next
                              case Accept_013_case_3
                              by contradiction /* from formulas */
                            qed
                          next
                            case case_2
                            solve( !Signer( ~c, s, sig1 ) ▶₂ #i )
                              case Accept_013_case_1
                              by contradiction /* from formulas */
                            next
                              case Accept_013_case_2
                              by contradiction /* from formulas */
                            next
                              case Accept_013_case_3
                              by contradiction /* from formulas */
                            qed
                          qed
                        qed
                      next
                        case case_2
                        solve( (#k.4 < #vr.4)  ∥ (#k.4 < #vr) )
                          case case_1
                          solve( (#k.5 < #vr.4)  ∥ (#k.5 < #vr) )
                            case case_1
                            solve( !Signer( ~c, s, sig1 ) ▶₂ #i )
                              case Accept_013_case_1
                              by contradiction /* from formulas */
                            next
                              case Accept_013_case_2
                              by contradiction /* from formulas */
                            next
                              case Accept_013_case_3
                              by contradiction /* from formulas */
                            qed
                          next
                            case case_2
                            solve( !Signer( ~c, s, sig1 ) ▶₂ #i )
                              case Accept_013_case_1
                              by contradiction /* from formulas */
                            next
                              case Accept_013_case_2
                              by contradiction /* from formulas */
                            next
                              case Accept_013_case_3
                              by contradiction /* from formulas */
                            qed
                          qed
                        next
                          case case_2
                          solve( (#k.5 < #vr.4)  ∥ (#k.5 < #vr) )
                            case case_1
                            solve( !Signer( ~c, s, sig1 ) ▶₂ #i )
                              case Accept_013_case_1
                              by contradiction /* from formulas */
                            next
                              case Accept_013_case_2
                              by contradiction /* from formulas */
                            next
                              case Accept_013_case_3
                              by contradiction /* from formulas */
                            qed
                          next
                            case case_2
                            solve( !Signer( ~c, s, sig1 ) ▶₂ #i )
                              case Accept_013_case_1
                              by contradiction /* from formulas */
                            next
                              case Accept_013_case_2
                              by contradiction /* from formulas */
                            next
                              case Accept_013_case_3
                              by contradiction /* from formulas */
                            qed
                          qed
                        qed
                      qed
                    qed
                  next
                    case case_2
                    solve( (#k.2 < #vr)  ∥ (#k.2 < #vr.4) )
                      case case_1
                      solve( (#k.3 < #vr.4)  ∥ (#k.3 < #vr) )
                        case case_1
                        solve( (#k.4 < #vr.4)  ∥ (#k.4 < #vr) )
                          case case_1
                          solve( (#k.5 < #vr.4)  ∥ (#k.5 < #vr) )
                            case case_1
                            solve( !Signer( ~c, s, sig1 ) ▶₂ #i )
                              case Accept_013_case_1
                              by contradiction /* from formulas */
                            next
                              case Accept_013_case_2
                              by contradiction /* from formulas */
                            next
                              case Accept_013_case_3
                              by contradiction /* from formulas */
                            qed
                          next
                            case case_2
                            solve( !Signer( ~c, s, sig1 ) ▶₂ #i )
                              case Accept_013_case_1
                              by contradiction /* from formulas */
                            next
                              case Accept_013_case_2
                              by contradiction /* from formulas */
                            next
                              case Accept_013_case_3
                              by contradiction /* from formulas */
                            qed
                          qed
                        next
                          case case_2
                          solve( (#k.5 < #vr.4)  ∥ (#k.5 < #vr) )
                            case case_1
                            solve( !Signer( ~c, s, sig1 ) ▶₂ #i )
                              case Accept_013_case_1
                              by contradiction /* from formulas */
                            next
                              case Accept_013_case_2
                              by contradiction /* from formulas */
                            next
                              case Accept_013_case_3
                              by contradiction /* from formulas */
                            qed
                          next
                            case case_2
                            solve( !Signer( ~c, s, sig1 ) ▶₂ #i )
                              case Accept_013_case_1
                              by contradiction /* from formulas */
                            next
                              case Accept_013_case_2
                              by contradiction /* from formulas */
                            next
                              case Accept_013_case_3
                              by contradiction /* from formulas */
                            qed
                          qed
                        qed
                      next
                        case case_2
                        solve( (#k.4 < #vr.4)  ∥ (#k.4 < #vr) )
                          case case_1
                          solve( (#k.5 < #vr.4)  ∥ (#k.5 < #vr) )
                            case case_1
                            solve( !Signer( ~c, s, sig1 ) ▶₂ #i )
                              case Accept_013_case_1
                              by contradiction /* from formulas */
                            next
                              case Accept_013_case_2
                              by contradiction /* from formulas */
                            next
                              case Accept_013_case_3
                              by contradiction /* from formulas */
                            qed
                          next
                            case case_2
                            solve( !Signer( ~c, s, sig1 ) ▶₂ #i )
                              case Accept_013_case_1
                              by contradiction /* from formulas */
                            next
                              case Accept_013_case_2
                              by contradiction /* from formulas */
                            next
                              case Accept_013_case_3
                              by contradiction /* from formulas */
                            qed
                          qed
                        next
                          case case_2
                          solve( (#k.5 < #vr.4)  ∥ (#k.5 < #vr) )
                            case case_1
                            solve( !Signer( ~c, s, sig1 ) ▶₂ #i )
                              case Accept_013_case_1
                              by contradiction /* from formulas */
                            next
                              case Accept_013_case_2
                              by contradiction /* from formulas */
                            next
                              case Accept_013_case_3
                              by contradiction /* from formulas */
                            qed
                          next
                            case case_2
                            solve( !Signer( ~c, s, sig1 ) ▶₂ #i )
                              case Accept_013_case_1
                              by contradiction /* from formulas */
                            next
                              case Accept_013_case_2
                              by contradiction /* from formulas */
                            next
                              case Accept_013_case_3
                              by contradiction /* from formulas */
                            qed
                          qed
                        qed
                      qed
                    next
                      case case_2
                      solve( (#k.3 < #vr.4)  ∥ (#k.3 < #vr) )
                        case case_1
                        solve( (#k.4 < #vr.4)  ∥ (#k.4 < #vr) )
                          case case_1
                          solve( (#k.5 < #vr.4)  ∥ (#k.5 < #vr) )
                            case case_1
                            solve( !Signer( ~c, s, sig1 ) ▶₂ #i )
                              case Accept_013_case_1
                              by contradiction /* from formulas */
                            next
                              case Accept_013_case_2
                              by contradiction /* from formulas */
                            next
                              case Accept_013_case_3
                              by contradiction /* from formulas */
                            qed
                          next
                            case case_2
                            solve( !Signer( ~c, s, sig1 ) ▶₂ #i )
                              case Accept_013_case_1
                              by contradiction /* from formulas */
                            next
                              case Accept_013_case_2
                              by contradiction /* from formulas */
                            next
                              case Accept_013_case_3
                              by contradiction /* from formulas */
                            qed
                          qed
                        next
                          case case_2
                          solve( (#k.5 < #vr.4)  ∥ (#k.5 < #vr) )
                            case case_1
                            solve( !Signer( ~c, s, sig1 ) ▶₂ #i )
                              case Accept_013_case_1
                              by contradiction /* from formulas */
                            next
                              case Accept_013_case_2
                              by contradiction /* from formulas */
                            next
                              case Accept_013_case_3
                              by contradiction /* from formulas */
                            qed
                          next
                            case case_2
                            solve( !Signer( ~c, s, sig1 ) ▶₂ #i )
                              case Accept_013_case_1
                              by contradiction /* from formulas */
                            next
                              case Accept_013_case_2
                              by contradiction /* from formulas */
                            next
                              case Accept_013_case_3
                              by contradiction /* from formulas */
                            qed
                          qed
                        qed
                      next
                        case case_2
                        solve( (#k.4 < #vr.4)  ∥ (#k.4 < #vr) )
                          case case_1
                          solve( (#k.5 < #vr.4)  ∥ (#k.5 < #vr) )
                            case case_1
                            solve( !Signer( ~c, s, sig1 ) ▶₂ #i )
                              case Accept_013_case_1
                              by contradiction /* from formulas */
                            next
                              case Accept_013_case_2
                              by contradiction /* from formulas */
                            next
                              case Accept_013_case_3
                              by contradiction /* from formulas */
                            qed
                          next
                            case case_2
                            solve( !Signer( ~c, s, sig1 ) ▶₂ #i )
                              case Accept_013_case_1
                              by contradiction /* from formulas */
                            next
                              case Accept_013_case_2
                              by contradiction /* from formulas */
                            next
                              case Accept_013_case_3
                              by contradiction /* from formulas */
                            qed
                          qed
                        next
                          case case_2
                          solve( (#k.5 < #vr.4)  ∥ (#k.5 < #vr) )
                            case case_1
                            solve( !Signer( ~c, s, sig1 ) ▶₂ #i )
                              case Accept_013_case_1
                              by contradiction /* from formulas */
                            next
                              case Accept_013_case_2
                              by contradiction /* from formulas */
                            next
                              case Accept_013_case_3
                              by contradiction /* from formulas */
                            qed
                          next
                            case case_2
                            solve( !Signer( ~c, s, sig1 ) ▶₂ #i )
                              case Accept_013_case_1
                              by contradiction /* from formulas */
                            next
                              case Accept_013_case_2
                              by contradiction /* from formulas */
                            next
                              case Accept_013_case_3
                              by contradiction /* from formulas */
                            qed
                          qed
                        qed
                      qed
                    qed
                  qed
                qed
              qed
            qed
          qed
        qed
      qed
    qed
  next
    case Accept_023
    solve( (v1 = v2)  ∥
           (∃ #k. (Corrupt( 's0' ) @ #k) ∧ ((#k < #vr) ∨ (#k < #vr.4))) )
      case case_1
      by contradiction /* from formulas */
    next
      case case_2
      solve( (v1 = v2)  ∥
             (∃ #k. (Corrupt( 's3' ) @ #k) ∧ ((#k < #vr) ∨ (#k < #vr.4))) )
        case case_1
        by contradiction /* from formulas */
      next
        case case_2
        solve( (v2 = v1)  ∥
               (∃ #k. (Corrupt( 's0' ) @ #k) ∧ ((#k < #vr.4) ∨ (#k < #vr))) )
          case case_1
          by contradiction /* from formulas */
        next
          case case_2
          solve( (v2 = v1)  ∥
                 (∃ #k. (Corrupt( 's3' ) @ #k) ∧ ((#k < #vr.4) ∨ (#k < #vr))) )
            case case_1
            by contradiction /* from formulas */
          next
            case case_2
            solve( (#k < #vr)  ∥ (#k < #vr.4) )
              case case_1
              solve( (#k.1 < #vr)  ∥ (#k.1 < #vr.4) )
                case case_1
                solve( (#k.2 < #vr.4)  ∥ (#k.2 < #vr) )
                  case case_1
                  solve( (#k.3 < #vr.4)  ∥ (#k.3 < #vr) )
                    case case_1
                    solve( !Signer( ~c, s, sig1 ) ▶₂ #i )
                      case Accept_013_case_1
                      by contradiction /* from formulas */
                    next
                      case Accept_013_case_2
                      by solve( !Signer( ~c.1, 's1', sig2 ) ▶₃ #i )
                    next
                      case Accept_013_case_3
                      by contradiction /* from formulas */
                    qed
                  next
                    case case_2
                    solve( !Signer( ~c, s, sig1 ) ▶₂ #i )
                      case Accept_013_case_1
                      by contradiction /* from formulas */
                    next
                      case Accept_013_case_2
                      by solve( !Signer( ~c.1, 's1', sig2 ) ▶₃ #i )
                    next
                      case Accept_013_case_3
                      by contradiction /* from formulas */
                    qed
                  qed
                next
                  case case_2
                  solve( (#k.3 < #vr.4)  ∥ (#k.3 < #vr) )
                    case case_1
                    solve( !Signer( ~c, s, sig1 ) ▶₂ #i )
                      case Accept_013_case_1
                      by contradiction /* from formulas */
                    next
                      case Accept_013_case_2
                      by solve( !Signer( ~c.1, 's1', sig2 ) ▶₃ #i )
                    next
                      case Accept_013_case_3
                      by contradiction /* from formulas */
                    qed
                  next
                    case case_2
                    solve( !Signer( ~c, s, sig1 ) ▶₂ #i )
                      case Accept_013_case_1
                      by contradiction /* from formulas */
                    next
                      case Accept_013_case_2
                      by solve( !Signer( ~c.1, 's1', sig2 ) ▶₃ #i )
                    next
                      case Accept_013_case_3
                      by contradiction /* from formulas */
                    qed
                  qed
                qed
              next
                case case_2
                solve( (#k.2 < #vr.4)  ∥ (#k.2 < #vr) )
                  case case_1
                  solve( (#k.3 < #vr.4)  ∥ (#k.3 < #vr) )
                    case case_1
                    solve( !Signer( ~c, s, sig1 ) ▶₂ #i )
                      case Accept_013_case_1
                      by contradiction /* from formulas */
                    next
                      case Accept_013_case_2
                      by solve( !Signer( ~c.1, 's1', sig2 ) ▶₃ #i )
                    next
                      case Accept_013_case_3
                      by contradiction /* from formulas */
                    qed
                  next
                    case case_2
                    solve( !Signer( ~c, s, sig1 ) ▶₂ #i )
                      case Accept_013_case_1
                      by contradiction /* from formulas */
                    next
                      case Accept_013_case_2
                      by solve( !Signer( ~c.1, 's1', sig2 ) ▶₃ #i )
                    next
                      case Accept_013_case_3
                      by contradiction /* from formulas */
                    qed
                  qed
                next
                  case case_2
                  solve( (#k.3 < #vr.4)  ∥ (#k.3 < #vr) )
                    case case_1
                    solve( !Signer( ~c, s, sig1 ) ▶₂ #i )
                      case Accept_013_case_1
                      by contradiction /* from formulas */
                    next
                      case Accept_013_case_2
                      by solve( !Signer( ~c.1, 's1', sig2 ) ▶₃ #i )
                    next
                      case Accept_013_case_3
                      by contradiction /* from formulas */
                    qed
                  next
                    case case_2
                    solve( !Signer( ~c, s, sig1 ) ▶₂ #i )
                      case Accept_013_case_1
                      by contradiction /* from formulas */
                    next
                      case Accept_013_case_2
                      by solve( !Signer( ~c.1, 's1', sig2 ) ▶₃ #i )
                    next
                      case Accept_013_case_3
                      by contradiction /* from formulas */
                    qed
                  qed
                qed
              qed
            next
              case case_2
              solve( (#k.1 < #vr)  ∥ (#k.1 < #vr.4) )
                case case_1
                solve( (#k.2 < #vr.4)  ∥ (#k.2 < #vr) )
                  case case_1
                  solve( (#k.3 < #vr.4)  ∥ (#k.3 < #vr) )
                    case case_1
                    solve( !Signer( ~c, s, sig1 ) ▶₂ #i )
                      case Accept_013_case_1
                      by contradiction /* from formulas */
                    next
                      case Accept_013_case_2
                      by solve( !Signer( ~c.1, 's1', sig2 ) ▶₃ #i )
                    next
                      case Accept_013_case_3
                      by contradiction /* from formulas */
                    qed
                  next
                    case case_2
                    solve( !Signer( ~c, s, sig1 ) ▶₂ #i )
                      case Accept_013_case_1
                      by contradiction /* from formulas */
                    next
                      case Accept_013_case_2
                      by solve( !Signer( ~c.1, 's1', sig2 ) ▶₃ #i )
                    next
                      case Accept_013_case_3
                      by contradiction /* from formulas */
                    qed
                  qed
                next
                  case case_2
                  solve( (#k.3 < #vr.4)  ∥ (#k.3 < #vr) )
                    case case_1
                    solve( !Signer( ~c, s, sig1 ) ▶₂ #i )
                      case Accept_013_case_1
                      by contradiction /* from formulas */
                    next
                      case Accept_013_case_2
                      by solve( !Signer( ~c.1, 's1', sig2 ) ▶₃ #i )
                    next
                      case Accept_013_case_3
                      by contradiction /* from formulas */
                    qed
                  next
                    case case_2
                    solve( !Signer( ~c, s, sig1 ) ▶₂ #i )
                      case Accept_013_case_1
                      by contradiction /* from formulas */
                    next
                      case Accept_013_case_2
                      by solve( !Signer( ~c.1, 's1', sig2 ) ▶₃ #i )
                    next
                      case Accept_013_case_3
                      by contradiction /* from formulas */
                    qed
                  qed
                qed
              next
                case case_2
                solve( (#k.2 < #vr.4)  ∥ (#k.2 < #vr) )
                  case case_1
                  solve( (#k.3 < #vr.4)  ∥ (#k.3 < #vr) )
                    case case_1
                    solve( !Signer( ~c, s, sig1 ) ▶₂ #i )
                      case Accept_013_case_1
                      by contradiction /* from formulas */
                    next
                      case Accept_013_case_2
                      by solve( !Signer( ~c.1, 's1', sig2 ) ▶₃ #i )
                    next
                      case Accept_013_case_3
                      by contradiction /* from formulas */
                    qed
                  next
                    case case_2
                    solve( !Signer( ~c, s, sig1 ) ▶₂ #i )
                      case Accept_013_case_1
                      by contradiction /* from formulas */
                    next
                      case Accept_013_case_2
                      by solve( !Signer( ~c.1, 's1', sig2 ) ▶₃ #i )
                    next
                      case Accept_013_case_3
                      by contradiction /* from formulas */
                    qed
                  qed
                next
                  case case_2
                  solve( (#k.3 < #vr.4)  ∥ (#k.3 < #vr) )
                    case case_1
                    solve( !Signer( ~c, s, sig1 ) ▶₂ #i )
                      case Accept_013_case_1
                      by contradiction /* from formulas */
                    next
                      case Accept_013_case_2
                      by solve( !Signer( ~c.1, 's1', sig2 ) ▶₃ #i )
                    next
                      case Accept_013_case_3
                      by contradiction /* from formulas */
                    qed
                  next
                    case case_2
                    solve( !Signer( ~c, s, sig1 ) ▶₂ #i )
                      case Accept_013_case_1
                      by contradiction /* from formulas */
                    next
                      case Accept_013_case_2
                      by solve( !Signer( ~c.1, 's1', sig2 ) ▶₃ #i )
                    next
                      case Accept_013_case_3
                      by contradiction /* from formulas */
                    qed
                  qed
                qed
              qed
            qed
          qed
        qed
      qed
    qed
  next
    case Accept_123
    solve( (v1 = v2)  ∥
           (∃ #k. (Corrupt( 's1' ) @ #k) ∧ ((#k < #vr) ∨ (#k < #vr.4))) )
      case case_1
      by contradiction /* from formulas */
    next
      case case_2
      solve( (v1 = v2)  ∥
             (∃ #k. (Corrupt( 's3' ) @ #k) ∧ ((#k < #vr) ∨ (#k < #vr.4))) )
        case case_1
        by contradiction /* from formulas */
      next
        case case_2
        solve( (v2 = v1)  ∥
               (∃ #k. (Corrupt( 's1' ) @ #k) ∧ ((#k < #vr.4) ∨ (#k < #vr))) )
          case case_1
          by contradiction /* from formulas */
        next
          case case_2
          solve( (v2 = v1)  ∥
                 (∃ #k. (Corrupt( 's3' ) @ #k) ∧ ((#k < #vr.4) ∨ (#k < #vr))) )
            case case_1
            by contradiction /* from formulas */
          next
            case case_2
            solve( (#k < #vr)  ∥ (#k < #vr.4) )
              case case_1
              solve( (#k.1 < #vr)  ∥ (#k.1 < #vr.4) )
                case case_1
                solve( (#k.2 < #vr.4)  ∥ (#k.2 < #vr) )
                  case case_1
                  solve( (#k.3 < #vr.4)  ∥ (#k.3 < #vr) )
                    case case_1
                    solve( !Signer( ~c, s, sig1 ) ▶₂ #i )
                      case Accept_013_case_1
                      by solve( !Signer( ~c.1, 's0', sig2 ) ▶₃ #i )
                    next
                      case Accept_013_case_2
                      by contradiction /* from formulas */
                    next
                      case Accept_013_case_3
                      by contradiction /* from formulas */
                    qed
                  next
                    case case_2
                    solve( !Signer( ~c, s, sig1 ) ▶₂ #i )
                      case Accept_013_case_1
                      by solve( !Signer( ~c.1, 's0', sig2 ) ▶₃ #i )
                    next
                      case Accept_013_case_2
                      by contradiction /* from formulas */
                    next
                      case Accept_013_case_3
                      by contradiction /* from formulas */
                    qed
                  qed
                next
                  case case_2
                  solve( (#k.3 < #vr.4)  ∥ (#k.3 < #vr) )
                    case case_1
                    solve( !Signer( ~c, s, sig1 ) ▶₂ #i )
                      case Accept_013_case_1
                      by solve( !Signer( ~c.1, 's0', sig2 ) ▶₃ #i )
                    next
                      case Accept_013_case_2
                      by contradiction /* from formulas */
                    next
                      case Accept_013_case_3
                      by contradiction /* from formulas */
                    qed
                  next
                    case case_2
                    solve( !Signer( ~c, s, sig1 ) ▶₂ #i )
                      case Accept_013_case_1
                      by solve( !Signer( ~c.1, 's0', sig2 ) ▶₃ #i )
                    next
                      case Accept_013_case_2
                      by contradiction /* from formulas */
                    next
                      case Accept_013_case_3
                      by contradiction /* from formulas */
                    qed
                  qed
                qed
              next
                case case_2
                solve( (#k.2 < #vr.4)  ∥ (#k.2 < #vr) )
                  case case_1
                  solve( (#k.3 < #vr.4)  ∥ (#k.3 < #vr) )
                    case case_1
                    solve( !Signer( ~c, s, sig1 ) ▶₂ #i )
                      case Accept_013_case_1
                      by solve( !Signer( ~c.1, 's0', sig2 ) ▶₃ #i )
                    next
                      case Accept_013_case_2
                      by contradiction /* from formulas */
                    next
                      case Accept_013_case_3
                      by contradiction /* from formulas */
                    qed
                  next
                    case case_2
                    solve( !Signer( ~c, s, sig1 ) ▶₂ #i )
                      case Accept_013_case_1
                      by solve( !Signer( ~c.1, 's0', sig2 ) ▶₃ #i )
                    next
                      case Accept_013_case_2
                      by contradiction /* from formulas */
                    next
                      case Accept_013_case_3
                      by contradiction /* from formulas */
                    qed
                  qed
                next
                  case case_2
                  solve( (#k.3 < #vr.4)  ∥ (#k.3 < #vr) )
                    case case_1
                    solve( !Signer( ~c, s, sig1 ) ▶₂ #i )
                      case Accept_013_case_1
                      by solve( !Signer( ~c.1, 's0', sig2 ) ▶₃ #i )
                    next
                      case Accept_013_case_2
                      by contradiction /* from formulas */
                    next
                      case Accept_013_case_3
                      by contradiction /* from formulas */
                    qed
                  next
                    case case_2
                    solve( !Signer( ~c, s, sig1 ) ▶₂ #i )
                      case Accept_013_case_1
                      by solve( !Signer( ~c.1, 's0', sig2 ) ▶₃ #i )
                    next
                      case Accept_013_case_2
                      by contradiction /* from formulas */
                    next
                      case Accept_013_case_3
                      by contradiction /* from formulas */
                    qed
                  qed
                qed
              qed
            next
              case case_2
              solve( (#k.1 < #vr)  ∥ (#k.1 < #vr.4) )
                case case_1
                solve( (#k.2 < #vr.4)  ∥ (#k.2 < #vr) )
                  case case_1
                  solve( (#k.3 < #vr.4)  ∥ (#k.3 < #vr) )
                    case case_1
                    solve( !Signer( ~c, s, sig1 ) ▶₂ #i )
                      case Accept_013_case_1
                      by solve( !Signer( ~c.1, 's0', sig2 ) ▶₃ #i )
                    next
                      case Accept_013_case_2
                      by contradiction /* from formulas */
                    next
                      case Accept_013_case_3
                      by contradiction /* from formulas */
                    qed
                  next
                    case case_2
                    solve( !Signer( ~c, s, sig1 ) ▶₂ #i )
                      case Accept_013_case_1
                      by solve( !Signer( ~c.1, 's0', sig2 ) ▶₃ #i )
                    next
                      case Accept_013_case_2
                      by contradiction /* from formulas */
                    next
                      case Accept_013_case_3
                      by contradiction /* from formulas */
                    qed
                  qed
                next
                  case case_2
                  solve( (#k.3 < #vr.4)  ∥ (#k.3 < #vr) )
                    case case_1
                    solve( !Signer( ~c, s, sig1 ) ▶₂ #i )
                      case Accept_013_case_1
                      by solve( !Signer( ~c.1, 's0', sig2 ) ▶₃ #i )
                    next
                      case Accept_013_case_2
                      by contradiction /* from formulas */
                    next
                      case Accept_013_case_3
                      by contradiction /* from formulas */
                    qed
                  next
                    case case_2
                    solve( !Signer( ~c, s, sig1 ) ▶₂ #i )
                      case Accept_013_case_1
                      by solve( !Signer( ~c.1, 's0', sig2 ) ▶₃ #i )
                    next
                      case Accept_013_case_2
                      by contradiction /* from formulas */
                    next
                      case Accept_013_case_3
                      by contradiction /* from formulas */
                    qed
                  qed
                qed
              next
                case case_2
                solve( (#k.2 < #vr.4)  ∥ (#k.2 < #vr) )
                  case case_1
                  solve( (#k.3 < #vr.4)  ∥ (#k.3 < #vr) )
                    case case_1
                    solve( !Signer( ~c, s, sig1 ) ▶₂ #i )
                      case Accept_013_case_1
                      by solve( !Signer( ~c.1, 's0', sig2 ) ▶₃ #i )
                    next
                      case Accept_013_case_2
                      by contradiction /* from formulas */
                    next
                      case Accept_013_case_3
                      by contradiction /* from formulas */
                    qed
                  next
                    case case_2
                    solve( !Signer( ~c, s, sig1 ) ▶₂ #i )
                      case Accept_013_case_1
                      by solve( !Signer( ~c.1, 's0', sig2 ) ▶₃ #i )
                    next
                      case Accept_013_case_2
                      by contradiction /* from formulas */
                    next
                      case Accept_013_case_3
                      by contradiction /* from formulas */
                    qed
                  qed
                next
                  case case_2
                  solve( (#k.3 < #vr.4)  ∥ (#k.3 < #vr) )
                    case case_1
                    solve( !Signer( ~c, s, sig1 ) ▶₂ #i )
                      case Accept_013_case_1
                      by solve( !Signer( ~c.1, 's0', sig2 ) ▶₃ #i )
                    next
                      case Accept_013_case_2
                      by contradiction /* from formulas */
                    next
                      case Accept_013_case_3
                      by contradiction /* from formulas */
                    qed
                  next
                    case case_2
                    solve( !Signer( ~c, s, sig1 ) ▶₂ #i )
                      case Accept_013_case_1
                      by solve( !Signer( ~c.1, 's0', sig2 ) ▶₃ #i )
                    next
                      case Accept_013_case_2
                      by contradiction /* from formulas */
                    next
                      case Accept_013_case_3
                      by contradiction /* from formulas */
                    qed
                  qed
                qed
              qed
            qed
          qed
        qed
      qed
    qed
  qed
next
  case Accept_023
  solve( !Cert( c2, K, v2 ) ▶₁ #i )
    case Accept_012
    solve( (v1 = v2)  ∥
           (∃ #k. (Corrupt( 's0' ) @ #k) ∧ ((#k < #vr) ∨ (#k < #vr.4))) )
      case case_1
      by contradiction /* from formulas */
    next
      case case_2
      solve( (v1 = v2)  ∥
             (∃ #k. (Corrupt( 's2' ) @ #k) ∧ ((#k < #vr) ∨ (#k < #vr.4))) )
        case case_1
        by contradiction /* from formulas */
      next
        case case_2
        solve( (v2 = v1)  ∥
               (∃ #k. (Corrupt( 's0' ) @ #k) ∧ ((#k < #vr.4) ∨ (#k < #vr))) )
          case case_1
          by contradiction /* from formulas */
        next
          case case_2
          solve( (v2 = v1)  ∥
                 (∃ #k. (Corrupt( 's2' ) @ #k) ∧ ((#k < #vr.4) ∨ (#k < #vr))) )
            case case_1
            by contradiction /* from formulas */
          next
            case case_2
            solve( (#k < #vr)  ∥ (#k < #vr.4) )
              case case_1
              solve( (#k.1 < #vr)  ∥ (#k.1 < #vr.4) )
                case case_1
                solve( (#k.2 < #vr.4)  ∥ (#k.2 < #vr) )
                  case case_1
                  solve( (#k.3 < #vr.4)  ∥ (#k.3 < #vr) )
                    case case_1
                    solve( !Signer( ~c, s, sig1 ) ▶₂ #i )
                      case Accept_023_case_1
                      by contradiction /* from formulas */
                    next
                      case Accept_023_case_2
                      by contradiction /* from formulas */
                    next
                      case Accept_023_case_3
                      by solve( !Signer( ~c.1, 's3', sig2 ) ▶₃ #i )
                    qed
                  next
                    case case_2
                    solve( !Signer( ~c, s, sig1 ) ▶₂ #i )
                      case Accept_023_case_1
                      by contradiction /* from formulas */
                    next
                      case Accept_023_case_2
                      by contradiction /* from formulas */
                    next
                      case Accept_023_case_3
                      by solve( !Signer( ~c.1, 's3', sig2 ) ▶₃ #i )
                    qed
                  qed
                next
                  case case_2
                  solve( (#k.3 < #vr.4)  ∥ (#k.3 < #vr) )
                    case case_1
                    solve( !Signer( ~c, s, sig1 ) ▶₂ #i )
                      case Accept_023_case_1
                      by contradiction /* from formulas */
                    next
                      case Accept_023_case_2
                      by contradiction /* from formulas */
                    next
                      case Accept_023_case_3
                      by solve( !Signer( ~c.1, 's3', sig2 ) ▶₃ #i )
                    qed
                  next
                    case case_2
                    solve( !Signer( ~c, s, sig1 ) ▶₂ #i )
                      case Accept_023_case_1
                      by contradiction /* from formulas */
                    next
                      case Accept_023_case_2
                      by contradiction /* from formulas */
                    next
                      case Accept_023_case_3
                      by solve( !Signer( ~c.1, 's3', sig2 ) ▶₃ #i )
                    qed
                  qed
                qed
              next
                case case_2
                solve( (#k.2 < #vr.4)  ∥ (#k.2 < #vr) )
                  case case_1
                  solve( (#k.3 < #vr.4)  ∥ (#k.3 < #vr) )
                    case case_1
                    solve( !Signer( ~c, s, sig1 ) ▶₂ #i )
                      case Accept_023_case_1
                      by contradiction /* from formulas */
                    next
                      case Accept_023_case_2
                      by contradiction /* from formulas */
                    next
                      case Accept_023_case_3
                      by solve( !Signer( ~c.1, 's3', sig2 ) ▶₃ #i )
                    qed
                  next
                    case case_2
                    solve( !Signer( ~c, s, sig1 ) ▶₂ #i )
                      case Accept_023_case_1
                      by contradiction /* from formulas */
                    next
                      case Accept_023_case_2
                      by contradiction /* from formulas */
                    next
                      case Accept_023_case_3
                      by solve( !Signer( ~c.1, 's3', sig2 ) ▶₃ #i )
                    qed
                  qed
                next
                  case case_2
                  solve( (#k.3 < #vr.4)  ∥ (#k.3 < #vr) )
                    case case_1
                    solve( !Signer( ~c, s, sig1 ) ▶₂ #i )
                      case Accept_023_case_1
                      by contradiction /* from formulas */
                    next
                      case Accept_023_case_2
                      by contradiction /* from formulas */
                    next
                      case Accept_023_case_3
                      by solve( !Signer( ~c.1, 's3', sig2 ) ▶₃ #i )
                    qed
                  next
                    case case_2
                    solve( !Signer( ~c, s, sig1 ) ▶₂ #i )
                      case Accept_023_case_1
                      by contradiction /* from formulas */
                    next
                      case Accept_023_case_2
                      by contradiction /* from formulas */
                    next
                      case Accept_023_case_3
                      by solve( !Signer( ~c.1, 's3', sig2 ) ▶₃ #i )
                    qed
                  qed
                qed
              qed
            next
              case case_2
              solve( (#k.1 < #vr)  ∥ (#k.1 < #vr.4) )
                case case_1
                solve( (#k.2 < #vr.4)  ∥ (#k.2 < #vr) )
                  case case_1
                  solve( (#k.3 < #vr.4)  ∥ (#k.3 < #vr) )
                    case case_1
                    solve( !Signer( ~c, s, sig1 ) ▶₂ #i )
                      case Accept_023_case_1
                      by contradiction /* from formulas */
                    next
                      case Accept_023_case_2
                      by contradiction /* from formulas */
                    next
                      case Accept_023_case_3
                      by solve( !Signer( ~c.1, 's3', sig2 ) ▶₃ #i )
                    qed
                  next
                    case case_2
                    solve( !Signer( ~c, s, sig1 ) ▶₂ #i )
                      case Accept_023_case_1
                      by contradiction /* from formulas */
                    next
                      case Accept_023_case_2
                      by contradiction /* from formulas */
                    next
                      case Accept_023_case_3
                      by solve( !Signer( ~c.1, 's3', sig2 ) ▶₃ #i )
                    qed
                  qed
                next
                  case case_2
                  solve( (#k.3 < #vr.4)  ∥ (#k.3 < #vr) )
                    case case_1
                    solve( !Signer( ~c, s, sig1 ) ▶₂ #i )
                      case Accept_023_case_1
                      by contradiction /* from formulas */
                    next
                      case Accept_023_case_2
                      by contradiction /* from formulas */
                    next
                      case Accept_023_case_3
                      by solve( !Signer( ~c.1, 's3', sig2 ) ▶₃ #i )
                    qed
                  next
                    case case_2
                    solve( !Signer( ~c, s, sig1 ) ▶₂ #i )
                      case Accept_023_case_1
                      by contradiction /* from formulas */
                    next
                      case Accept_023_case_2
                      by contradiction /* from formulas */
                    next
                      case Accept_023_case_3
                      by solve( !Signer( ~c.1, 's3', sig2 ) ▶₃ #i )
                    qed
                  qed
                qed
              next
                case case_2
                solve( (#k.2 < #vr.4)  ∥ (#k.2 < #vr) )
                  case case_1
                  solve( (#k.3 < #vr.4)  ∥ (#k.3 < #vr) )
                    case case_1
                    solve( !Signer( ~c, s, sig1 ) ▶₂ #i )
                      case Accept_023_case_1
                      by contradiction /* from formulas */
                    next
                      case Accept_023_case_2
                      by contradiction /* from formulas */
                    next
                      case Accept_023_case_3
                      by solve( !Signer( ~c.1, 's3', sig2 ) ▶₃ #i )
                    qed
                  next
                    case case_2
                    solve( !Signer( ~c, s, sig1 ) ▶₂ #i )
                      case Accept_023_case_1
                      by contradiction /* from formulas */
                    next
                      case Accept_023_case_2
                      by contradiction /* from formulas */
                    next
                      case Accept_023_case_3
                      by solve( !Signer( ~c.1, 's3', sig2 ) ▶₃ #i )
                    qed
                  qed
                next
                  case case_2
                  solve( (#k.3 < #vr.4)  ∥ (#k.3 < #vr) )
                    case case_1
                    solve( !Signer( ~c, s, sig1 ) ▶₂ #i )
                      case Accept_023_case_1
                      by contradiction /* from formulas */
                    next
                      case Accept_023_case_2
                      by contradiction /* from formulas */
                    next
                      case Accept_023_case_3
                      by solve( !Signer( ~c.1, 's3', sig2 ) ▶₃ #i )
                    qed
                  next
                    case case_2
                    solve( !Signer( ~c, s, sig1 ) ▶₂ #i )
                      case Accept_023_case_1
                      by contradiction /* from formulas */
                    next
                      case Accept_023_case_2
                      by contradiction /* from formulas */
                    next
                      case Accept_023_case_3
                      by solve( !Signer( ~c.1, 's3', sig2 ) ▶₃ #i )
                    qed
                  qed
                qed
              qed
            qed
          qed
        qed
      qed
    qed
  next
    case Accept_013
    solve( (v1 = v2)  ∥
           (∃ #k. (Corrupt( 's0' ) @ #k) ∧ ((#k < #vr) ∨ (#k < #vr.4))) )
      case case_1
      by contradiction /* from formulas */
    next
      case case_2
      solve( (v1 = v2)  ∥
             (∃ #k. (Corrupt( 's3' ) @ #k) ∧ ((#k < #vr) ∨ (#k < #vr.4))) )
        case case_1
        by contradiction /* from formulas */
      next
        case case_2
        solve( (v2 = v1)  ∥
               (∃ #k. (Corrupt( 's0' ) @ #k) ∧ ((#k < #vr.4) ∨ (#k < #vr))) )
          case case_1
          by contradiction /* from formulas */
        next
          case case_2
          solve( (v2 = v1)  ∥
                 (∃ #k. (Corrupt( 's3' ) @ #k) ∧ ((#k < #vr.4) ∨ (#k < #vr))) )
            case case_1
            by contradiction /* from formulas */
          next
            case case_2
            solve( (#k < #vr)  ∥ (#k < #vr.4) )
              case case_1
              solve( (#k.1 < #vr)  ∥ (#k.1 < #vr.4) )
                case case_1
                solve( (#k.2 < #vr.4)  ∥ (#k.2 < #vr) )
                  case case_1
                  solve( (#k.3 < #vr.4)  ∥ (#k.3 < #vr) )
                    case case_1
                    solve( !Signer( ~c, s, sig1 ) ▶₂ #i )
                      case Accept_023_case_1
                      by contradiction /* from formulas */
                    next
                      case Accept_023_case_2
                      by solve( !Signer( ~c.1, 's2', sig2 ) ▶₃ #i )
                    next
                      case Accept_023_case_3
                      by contradiction /* from formulas */
                    qed
                  next
                    case case_2
                    solve( !Signer( ~c, s, sig1 ) ▶₂ #i )
                      case Accept_023_case_1
                      by contradiction /* from formulas */
                    next
                      case Accept_023_case_2
                      by solve( !Signer( ~c.1, 's2', sig2 ) ▶₃ #i )
                    next
                      case Accept_023_case_3
                      by contradiction /* from formulas */
                    qed
                  qed
                next
                  case case_2
                  solve( (#k.3 < #vr.4)  ∥ (#k.3 < #vr) )
                    case case_1
                    solve( !Signer( ~c, s, sig1 ) ▶₂ #i )
                      case Accept_023_case_1
                      by contradiction /* from formulas */
                    next
                      case Accept_023_case_2
                      by solve( !Signer( ~c.1, 's2', sig2 ) ▶₃ #i )
                    next
                      case Accept_023_case_3
                      by contradiction /* from formulas */
                    qed
                  next
                    case case_2
                    solve( !Signer( ~c, s, sig1 ) ▶₂ #i )
                      case Accept_023_case_1
                      by contradiction /* from formulas */
                    next
                      case Accept_023_case_2
                      by solve( !Signer( ~c.1, 's2', sig2 ) ▶₃ #i )
                    next
                      case Accept_023_case_3
                      by contradiction /* from formulas */
                    qed
                  qed
                qed
              next
                case case_2
                solve( (#k.2 < #vr.4)  ∥ (#k.2 < #vr) )
                  case case_1
                  solve( (#k.3 < #vr.4)  ∥ (#k.3 < #vr) )
                    case case_1
                    solve( !Signer( ~c, s, sig1 ) ▶₂ #i )
                      case Accept_023_case_1
                      by contradiction /* from formulas */
                    next
                      case Accept_023_case_2
                      by solve( !Signer( ~c.1, 's2', sig2 ) ▶₃ #i )
                    next
                      case Accept_023_case_3
                      by contradiction /* from formulas */
                    qed
                  next
                    case case_2
                    solve( !Signer( ~c, s, sig1 ) ▶₂ #i )
                      case Accept_023_case_1
                      by contradiction /* from formulas */
                    next
                      case Accept_023_case_2
                      by solve( !Signer( ~c.1, 's2', sig2 ) ▶₃ #i )
                    next
                      case Accept_023_case_3
                      by contradiction /* from formulas */
                    qed
                  qed
                next
                  case case_2
                  solve( (#k.3 < #vr.4)  ∥ (#k.3 < #vr) )
                    case case_1
                    solve( !Signer( ~c, s, sig1 ) ▶₂ #i )
                      case Accept_023_case_1
                      by contradiction /* from formulas */
                    next
                      case Accept_023_case_2
                      by solve( !Signer( ~c.1, 's2', sig2 ) ▶₃ #i )
                    next
                      case Accept_023_case_3
                      by contradiction /* from formulas */
                    qed
                  next
                    case case_2
                    solve( !Signer( ~c, s, sig1 ) ▶₂ #i )
                      case Accept_023_case_1
                      by contradiction /* from formulas */
                    next
                      case Accept_023_case_2
                      by solve( !Signer( ~c.1, 's2', sig2 ) ▶₃ #i )
                    next
                      case Accept_023_case_3
                      by contradiction /* from formulas */
                    qed
                  qed
                qed
              qed
            next
              case case_2
              solve( (#k.1 < #vr)  ∥ (#k.1 < #vr.4) )
                case case_1
                solve( (#k.2 < #vr.4)  ∥ (#k.2 < #vr) )
                  case case_1
                  solve( (#k.3 < #vr.4)  ∥ (#k.3 < #vr) )
                    case case_1
                    solve( !Signer( ~c, s, sig1 ) ▶₂ #i )
                      case Accept_023_case_1
                      by contradiction /* from formulas */
                    next
                      case Accept_023_case_2
                      by solve( !Signer( ~c.1, 's2', sig2 ) ▶₃ #i )
                    next
                      case Accept_023_case_3
                      by contradiction /* from formulas */
                    qed
                  next
                    case case_2
                    solve( !Signer( ~c, s, sig1 ) ▶₂ #i )
                      case Accept_023_case_1
                      by contradiction /* from formulas */
                    next
                      case Accept_023_case_2
                      by solve( !Signer( ~c.1, 's2', sig2 ) ▶₃ #i )
                    next
                      case Accept_023_case_3
                      by contradiction /* from formulas */
                    qed
                  qed
                next
                  case case_2
                  solve( (#k.3 < #vr.4)  ∥ (#k.3 < #vr) )
                    case case_1
                    solve( !Signer( ~c, s, sig1 ) ▶₂ #i )
                      case Accept_023_case_1
                      by contradiction /* from formulas */
                    next
                      case Accept_023_case_2
                      by solve( !Signer( ~c.1, 's2', sig2 ) ▶₃ #i )
                    next
                      case Accept_023_case_3
                      by contradiction /* from formulas */
                    qed
                  next
                    case case_2
                    solve( !Signer( ~c, s, sig1 ) ▶₂ #i )
                      case Accept_023_case_1
                      by contradiction /* from formulas */
                    next
                      case Accept_023_case_2
                      by solve( !Signer( ~c.1, 's2', sig2 ) ▶₃ #i )
                    next
                      case Accept_023_case_3
                      by contradiction /* from formulas */
                    qed
                  qed
                qed
              next
                case case_2
                solve( (#k.2 < #vr.4)  ∥ (#k.2 < #vr) )
                  case case_1
                  solve( (#k.3 < #vr.4)  ∥ (#k.3 < #vr) )
                    case case_1
                    solve( !Signer( ~c, s, sig1 ) ▶₂ #i )
                      case Accept_023_case_1
                      by contradiction /* from formulas */
                    next
                      case Accept_023_case_2
                      by solve( !Signer( ~c.1, 's2', sig2 ) ▶₃ #i )
                    next
                      case Accept_023_case_3
                      by contradiction /* from formulas */
                    qed
                  next
                    case case_2
                    solve( !Signer( ~c, s, sig1 ) ▶₂ #i )
                      case Accept_023_case_1
                      by contradiction /* from formulas */
                    next
                      case Accept_023_case_2
                      by solve( !Signer( ~c.1, 's2', sig2 ) ▶₃ #i )
                    next
                      case Accept_023_case_3
                      by contradiction /* from formulas */
                    qed
                  qed
                next
                  case case_2
                  solve( (#k.3 < #vr.4)  ∥ (#k.3 < #vr) )
                    case case_1
                    solve( !Signer( ~c, s, sig1 ) ▶₂ #i )
                      case Accept_023_case_1
                      by contradiction /* from formulas */
                    next
                      case Accept_023_case_2
                      by solve( !Signer( ~c.1, 's2', sig2 ) ▶₃ #i )
                    next
                      case Accept_023_case_3
                      by contradiction /* from formulas */
                    qed
                  next
                    case case_2
                    solve( !Signer( ~c, s, sig1 ) ▶₂ #i )
                      case Accept_023_case_1
                      by contradiction /* from formulas */
                    next
                      case Accept_023_case_2
                      by solve( !Signer( ~c.1, 's2', sig2 ) ▶₃ #i )
                    next
                      case Accept_023_case_3
                      by contradiction /* from formulas */
                    qed
                  qed
                qed
              qed
            qed
          qed
        qed
      qed
    qed
  next
    case Accept_023
    solve( (v1 = v2)  ∥
           (∃ #k. (Corrupt( 's0' ) @ #k) ∧ ((#k < #vr) ∨ (#k < #vr.4))) )
      case case_1
      by contradiction /* from formulas */
    next
      case case_2
      solve( (v1 = v2)  ∥
             (∃ #k. (Corrupt( 's2' ) @ #k) ∧ ((#k < #vr) ∨ (#k < #vr.4))) )
        case case_1
        by contradiction /* from formulas */
      next
        case case_2
        solve( (v1 = v2)  ∥
               (∃ #k. (Corrupt( 's3' ) @ #k) ∧ ((#k < #vr) ∨ (#k < #vr.4))) )
          case case_1
          by contradiction /* from formulas */
        next
          case case_2
          solve( (v2 = v1)  ∥
                 (∃ #k. (Corrupt( 's0' ) @ #k) ∧ ((#k < #vr.4) ∨ (#k < #vr))) )
            case case_1
            by contradiction /* from formulas */
          next
            case case_2
            solve( (v2 = v1)  ∥
                   (∃ #k. (Corrupt( 's2' ) @ #k) ∧ ((#k < #vr.4) ∨ (#k < #vr))) )
              case case_1
              by contradiction /* from formulas */
            next
              case case_2
              solve( (v2 = v1)  ∥
                     (∃ #k. (Corrupt( 's3' ) @ #k) ∧ ((#k < #vr.4) ∨ (#k < #vr))) )
                case case_1
                by contradiction /* from formulas */
              next
                case case_2
                solve( (#k < #vr)  ∥ (#k < #vr.4) )
                  case case_1
                  solve( (#k.1 < #vr)  ∥ (#k.1 < #vr.4) )
                    case case_1
                    solve( (#k.2 < #vr)  ∥ (#k.2 < #vr.4) )
                      case case_1
                      solve( (#k.3 < #vr.4)  ∥ (#k.3 < #vr) )
                        case case_1
                        solve( (#k.4 < #vr.4)  ∥ (#k.4 < #vr) )
                          case case_1
                          solve( (#k.5 < #vr.4)  ∥ (#k.5 < #vr) )
                            case case_1
                            solve( !Signer( ~c, s, sig1 ) ▶₂ #i )
                              case Accept_023_case_1
                              by contradiction /* from formulas */
                            next
                              case Accept_023_case_2
                              by contradiction /* from formulas */
                            next
                              case Accept_023_case_3
                              by contradiction /* from formulas */
                            qed
                          next
                            case case_2
                            solve( !Signer( ~c, s, sig1 ) ▶₂ #i )
                              case Accept_023_case_1
                              by contradiction /* from formulas */
                            next
                              case Accept_023_case_2
                              by contradiction /* from formulas */
                            next
                              case Accept_023_case_3
                              by contradiction /* from formulas */
                            qed
                          qed
                        next
                          case case_2
                          solve( (#k.5 < #vr.4)  ∥ (#k.5 < #vr) )
                            case case_1
                            solve( !Signer( ~c, s, sig1 ) ▶₂ #i )
                              case Accept_023_case_1
                              by contradiction /* from formulas */
                            next
                              case Accept_023_case_2
                              by contradiction /* from formulas */
                            next
                              case Accept_023_case_3
                              by contradiction /* from formulas */
                            qed
                          next
                            case case_2
                            solve( !Signer( ~c, s, sig1 ) ▶₂ #i )
                              case Accept_023_case_1
                              by contradiction /* from formulas */
                            next
                              case Accept_023_case_2
                              by contradiction /* from formulas */
                            next
                              case Accept_023_case_3
                              by contradiction /* from formulas */
                            qed
                          qed
                        qed
                      next
                        case case_2
                        solve( (#k.4 < #vr.4)  ∥ (#k.4 < #vr) )
                          case case_1
                          solve( (#k.5 < #vr.4)  ∥ (#k.5 < #vr) )
                            case case_1
                            solve( !Signer( ~c, s, sig1 ) ▶₂ #i )
                              case Accept_023_case_1
                              by contradiction /* from formulas */
                            next
                              case Accept_023_case_2
                              by contradiction /* from formulas */
                            next
                              case Accept_023_case_3
                              by contradiction /* from formulas */
                            qed
                          next
                            case case_2
                            solve( !Signer( ~c, s, sig1 ) ▶₂ #i )
                              case Accept_023_case_1
                              by contradiction /* from formulas */
                            next
                              case Accept_023_case_2
                              by contradiction /* from formulas */
                            next
                              case Accept_023_case_3
                              by contradiction /* from formulas */
                            qed
                          qed
                        next
                          case case_2
                          solve( (#k.5 < #vr.4)  ∥ (#k.5 < #vr) )
                            case case_1
                            solve( !Signer( ~c, s, sig1 ) ▶₂ #i )
                              case Accept_023_case_1
                              by contradiction /* from formulas */
                            next
                              case Accept_023_case_2
                              by contradiction /* from formulas */
                            next
                              case Accept_023_case_3
                              by contradiction /* from formulas */
                            qed
                          next
                            case case_2
                            solve( !Signer( ~c, s, sig1 ) ▶₂ #i )
                              case Accept_023_case_1
                              by contradiction /* from formulas */
                            next
                              case Accept_023_case_2
                              by contradiction /* from formulas */
                            next
                              case Accept_023_case_3
                              by contradiction /* from formulas */
                            qed
                          qed
                        qed
                      qed
                    next
                      case case_2
                      solve( (#k.3 < #vr.4)  ∥ (#k.3 < #vr) )
                        case case_1
                        solve( (#k.4 < #vr.4)  ∥ (#k.4 < #vr) )
                          case case_1
                          solve( (#k.5 < #vr.4)  ∥ (#k.5 < #vr) )
                            case case_1
                            solve( !Signer( ~c, s, sig1 ) ▶₂ #i )
                              case Accept_023_case_1
                              by contradiction /* from formulas */
                            next
                              case Accept_023_case_2
                              by contradiction /* from formulas */
                            next
                              case Accept_023_case_3
                              by contradiction /* from formulas */
                            qed
                          next
                            case case_2
                            solve( !Signer( ~c, s, sig1 ) ▶₂ #i )
                              case Accept_023_case_1
                              by contradiction /* from formulas */
                            next
                              case Accept_023_case_2
                              by contradiction /* from formulas */
                            next
                              case Accept_023_case_3
                              by contradiction /* from formulas */
                            qed
                          qed
                        next
                          case case_2
                          solve( (#k.5 < #vr.4)  ∥ (#k.5 < #vr) )
                            case case_1
                            solve( !Signer( ~c, s, sig1 ) ▶₂ #i )
                              case Accept_023_case_1
                              by contradiction /* from formulas */
                            next
                              case Accept_023_case_2
                              by contradiction /* from formulas */
                            next
                              case Accept_023_case_3
                              by contradiction /* from formulas */
                            qed
                          next
                            case case_2
                            solve( !Signer( ~c, s, sig1 ) ▶₂ #i )
                              case Accept_023_case_1
                              by contradiction /* from formulas */
                            next
                              case Accept_023_case_2
                              by contradiction /* from formulas */
                            next
                              case Accept_023_case_3
                              by contradiction /* from formulas */
                            qed
                          qed
                        qed
                      next
                        case case_2
                        solve( (#k.4 < #vr.4)  ∥ (#k.4 < #vr) )
                          case case_1
                          solve( (#k.5 < #vr.4)  ∥ (#k.5 < #vr) )
                            case case_1
                            solve( !Signer( ~c, s, sig1 ) ▶₂ #i )
                              case Accept_023_case_1
                              by contradiction /* from formulas */
                            next
                              case Accept_023_case_2
                              by contradiction /* from formulas */
                            next
                              case Accept_023_case_3
                              by contradiction /* from formulas */
                            qed
                          next
                            case case_2
                            solve( !Signer( ~c, s, sig1 ) ▶₂ #i )
                              case Accept_023_case_1
                              by contradiction /* from formulas */
                            next
                              case Accept_023_case_2
                              by contradiction /* from formulas */
                            next
                              case Accept_023_case_3
                              by contradiction /* from formulas */
                            qed
                          qed
                        next
                          case case_2
                          solve( (#k.5 < #vr.4)  ∥ (#k.5 < #vr) )
                            case case_1
                            solve( !Signer( ~c, s, sig1 ) ▶₂ #i )
                              case Accept_023_case_1
                              by contradiction /* from formulas */
                            next
                              case Accept_023_case_2
                              by contradiction /* from formulas */
                            next
                              case Accept_023_case_3
                              by contradiction /* from formulas */
                            qed
                          next
                            case case_2
                            solve( !Signer( ~c, s, sig1 ) ▶₂ #i )
                              case Accept_023_case_1
                              by contradiction /* from formulas */
                            next
                              case Accept_023_case_2
                              by contradiction /* from formulas */
                            next
                              case Accept_023_case_3
                              by contradiction /* from formulas */
                            qed
                          qed
                        qed
                      qed
                    qed
                  next
                    case case_2
                    solve( (#k.2 < #vr)  ∥ (#k.2 < #vr.4) )
                      case case_1
                      solve( (#k.3 < #vr.4)  ∥ (#k.3 < #vr) )
                        case case_1
                        solve( (#k.4 < #vr.4)  ∥ (#k.4 < #vr) )
                          case case_1
                          solve( (#k.5 < #vr.4)  ∥ (#k.5 < #vr) )
                            case case_1
                            solve( !Signer( ~c, s, sig1 ) ▶₂ #i )
                              case Accept_023_case_1
                              by contradiction /* from formulas */
                            next
                              case Accept_023_case_2
                              by contradiction /* from formulas */
                            next
                              case Accept_023_case_3
                              by contradiction /* from formulas */
                            qed
                          next
                            case case_2
                            solve( !Signer( ~c, s, sig1 ) ▶₂ #i )
                              case Accept_023_case_1
                              by contradiction /* from formulas */
                            next
                              case Accept_023_case_2
                              by contradiction /* from formulas */
                            next
                              case Accept_023_case_3
                              by contradiction /* from formulas */
                            qed
                          qed
                        next
                          case case_2
                          solve( (#k.5 < #vr.4)  ∥ (#k.5 < #vr) )
                            case case_1
                            solve( !Signer( ~c, s, sig1 ) ▶₂ #i )
                              case Accept_023_case_1
                              by contradiction /* from formulas */
                            next
                              case Accept_023_case_2
                              by contradiction /* from formulas */
                            next
                              case Accept_023_case_3
                              by contradiction /* from formulas */
                            qed
                          next
                            case case_2
                            solve( !Signer( ~c, s, sig1 ) ▶₂ #i )
                              case Accept_023_case_1
                              by contradiction /* from formulas */
                            next
                              case Accept_023_case_2
                              by contradiction /* from formulas */
                            next
                              case Accept_023_case_3
                              by contradiction /* from formulas */
                            qed
                          qed
                        qed
                      next
                        case case_2
                        solve( (#k.4 < #vr.4)  ∥ (#k.4 < #vr) )
                          case case_1
                          solve( (#k.5 < #vr.4)  ∥ (#k.5 < #vr) )
                            case case_1
                            solve( !Signer( ~c, s, sig1 ) ▶₂ #i )
                              case Accept_023_case_1
                              by contradiction /* from formulas */
                            next
                              case Accept_023_case_2
                              by contradiction /* from formulas */
                            next
                              case Accept_023_case_3
                              by contradiction /* from formulas */
                            qed
                          next
                            case case_2
                            solve( !Signer( ~c, s, sig1 ) ▶₂ #i )
                              case Accept_023_case_1
                              by contradiction /* from formulas */
                            next
                              case Accept_023_case_2
                              by contradiction /* from formulas */
                            next
                              case Accept_023_case_3
                              by contradiction /* from formulas */
                            qed
                          qed
                        next
                          case case_2
                          solve( (#k.5 < #vr.4)  ∥ (#k.5 < #vr) )
                            case case_1
                            solve( !Signer( ~c, s, sig1 ) ▶₂ #i )
                              case Accept_023_case_1
                              by contradiction /* from formulas */
                            next
                              case Accept_023_case_2
                              by contradiction /* from formulas */
                            next
                              case Accept_023_case_3
                              by contradiction /* from formulas */
                            qed
                          next
                            case case_2
                            solve( !Signer( ~c, s, sig1 ) ▶₂ #i )
                              case Accept_023_case_1
                              by contradiction /* from formulas */
                            next
                              case Accept_023_case_2
                              by contradiction /* from formulas */
                            next
                              case Accept_023_case_3
                              by contradiction /* from formulas */
                            qed
                          qed
                        qed
                      qed
                    next
                      case case_2
                      solve( (#k.3 < #vr.4)  ∥ (#k.3 < #vr) )
                        case case_1
                        solve( (#k.4 < #vr.4)  ∥ (#k.4 < #vr) )
                          case case_1
                          solve( (#k.5 < #vr.4)  ∥ (#k.5 < #vr) )
                            case case_1
                            solve( !Signer( ~c, s, sig1 ) ▶₂ #i )
                              case Accept_023_case_1
                              by contradiction /* from formulas */
                            next
                              case Accept_023_case_2
                              by contradiction /* from formulas */
                            next
                              case Accept_023_case_3
                              by contradiction /* from formulas */
                            qed
                          next
                            case case_2
                            solve( !Signer( ~c, s, sig1 ) ▶₂ #i )
                              case Accept_023_case_1
                              by contradiction /* from formulas */
                            next
                              case Accept_023_case_2
                              by contradiction /* from formulas */
                            next
                              case Accept_023_case_3
                              by contradiction /* from formulas */
                            qed
                          qed
                        next
                          case case_2
                          solve( (#k.5 < #vr.4)  ∥ (#k.5 < #vr) )
                            case case_1
                            solve( !Signer( ~c, s, sig1 ) ▶₂ #i )
                              case Accept_023_case_1
                              by contradiction /* from formulas */
                            next
                              case Accept_023_case_2
                              by contradiction /* from formulas */
                            next
                              case Accept_023_case_3
                              by contradiction /* from formulas */
                            qed
                          next
                            case case_2
                            solve( !Signer( ~c, s, sig1 ) ▶₂ #i )
                              case Accept_023_case_1
                              by contradiction /* from formulas */
                            next
                              case Accept_023_case_2
                              by contradiction /* from formulas */
                            next
                              case Accept_023_case_3
                              by contradiction /* from formulas */
                            qed
                          qed
                        qed
                      next
                        case case_2
                        solve( (#k.4 < #vr.4)  ∥ (#k.4 < #vr) )
                          case case_1
                          solve( (#k.5 < #vr.4)  ∥ (#k.5 < #vr) )
                            case case_1
                            solve( !Signer( ~c, s, sig1 ) ▶₂ #i )
                              case Accept_023_case_1
                              by contradiction /* from formulas */
                            next
                              case Accept_023_case_2
                              by contradiction /* from formulas */
                            next
                              case Accept_023_case_3
                              by contradiction /* from formulas */
                            qed
                          next
                            case case_2
                            solve( !Signer( ~c, s, sig1 ) ▶₂ #i )
                              case Accept_023_case_1
                              by contradiction /* from formulas */
                            next
                              case Accept_023_case_2
                              by contradiction /* from formulas */
                            next
                              case Accept_023_case_3
                              by contradiction /* from formulas */
                            qed
                          qed
                        next
                          case case_2
                          solve( (#k.5 < #vr.4)  ∥ (#k.5 < #vr) )
                            case case_1
                            solve( !Signer( ~c, s, sig1 ) ▶₂ #i )
                              case Accept_023_case_1
                              by contradiction /* from formulas */
                            next
                              case Accept_023_case_2
                              by contradiction /* from formulas */
                            next
                              case Accept_023_case_3
                              by contradiction /* from formulas */
                            qed
                          next
                            case case_2
                            solve( !Signer( ~c, s, sig1 ) ▶₂ #i )
                              case Accept_023_case_1
                              by contradiction /* from formulas */
                            next
                              case Accept_023_case_2
                              by contradiction /* from formulas */
                            next
                              case Accept_023_case_3
                              by contradiction /* from formulas */
                            qed
                          qed
                        qed
                      qed
                    qed
                  qed
                next
                  case case_2
                  solve( (#k.1 < #vr)  ∥ (#k.1 < #vr.4) )
                    case case_1
                    solve( (#k.2 < #vr)  ∥ (#k.2 < #vr.4) )
                      case case_1
                      solve( (#k.3 < #vr.4)  ∥ (#k.3 < #vr) )
                        case case_1
                        solve( (#k.4 < #vr.4)  ∥ (#k.4 < #vr) )
                          case case_1
                          solve( (#k.5 < #vr.4)  ∥ (#k.5 < #vr) )
                            case case_1
                            solve( !Signer( ~c, s, sig1 ) ▶₂ #i )
                              case Accept_023_case_1
                              by contradiction /* from formulas */
                            next
                              case Accept_023_case_2
                              by contradiction /* from formulas */
                            next
                              case Accept_023_case_3
                              by contradiction /* from formulas */
                            qed
                          next
                            case case_2
                            solve( !Signer( ~c, s, sig1 ) ▶₂ #i )
                              case Accept_023_case_1
                              by contradiction /* from formulas */
                            next
                              case Accept_023_case_2
                              by contradiction /* from formulas */
                            next
                              case Accept_023_case_3
                              by contradiction /* from formulas */
                            qed
                          qed
                        next
                          case case_2
                          solve( (#k.5 < #vr.4)  ∥ (#k.5 < #vr) )
                            case case_1
                            solve( !Signer( ~c, s, sig1 ) ▶₂ #i )
                              case Accept_023_case_1
                              by contradiction /* from formulas */
                            next
                              case Accept_023_case_2
                              by contradiction /* from formulas */
                            next
                              case Accept_023_case_3
                              by contradiction /* from formulas */
                            qed
                          next
                            case case_2
                            solve( !Signer( ~c, s, sig1 ) ▶₂ #i )
                              case Accept_023_case_1
                              by contradiction /* from formulas */
                            next
                              case Accept_023_case_2
                              by contradiction /* from formulas */
                            next
                              case Accept_023_case_3
                              by contradiction /* from formulas */
                            qed
                          qed
                        qed
                      next
                        case case_2
                        solve( (#k.4 < #vr.4)  ∥ (#k.4 < #vr) )
                          case case_1
                          solve( (#k.5 < #vr.4)  ∥ (#k.5 < #vr) )
                            case case_1
                            solve( !Signer( ~c, s, sig1 ) ▶₂ #i )
                              case Accept_023_case_1
                              by contradiction /* from formulas */
                            next
                              case Accept_023_case_2
                              by contradiction /* from formulas */
                            next
                              case Accept_023_case_3
                              by contradiction /* from formulas */
                            qed
                          next
                            case case_2
                            solve( !Signer( ~c, s, sig1 ) ▶₂ #i )
                              case Accept_023_case_1
                              by contradiction /* from formulas */
                            next
                              case Accept_023_case_2
                              by contradiction /* from formulas */
                            next
                              case Accept_023_case_3
                              by contradiction /* from formulas */
                            qed
                          qed
                        next
                          case case_2
                          solve( (#k.5 < #vr.4)  ∥ (#k.5 < #vr) )
                            case case_1
                            solve( !Signer( ~c, s, sig1 ) ▶₂ #i )
                              case Accept_023_case_1
                              by contradiction /* from formulas */
                            next
                              case Accept_023_case_2
                              by contradiction /* from formulas */
                            next
                              case Accept_023_case_3
                              by contradiction /* from formulas */
                            qed
                          next
                            case case_2
                            solve( !Signer( ~c, s, sig1 ) ▶₂ #i )
                              case Accept_023_case_1
                              by contradiction /* from formulas */
                            next
                              case Accept_023_case_2
                              by contradiction /* from formulas */
                            next
                              case Accept_023_case_3
                              by contradiction /* from formulas */
                            qed
                          qed
                        qed
                      qed
                    next
                      case case_2
                      solve( (#k.3 < #vr.4)  ∥ (#k.3 < #vr) )
                        case case_1
                        solve( (#k.4 < #vr.4)  ∥ (#k.4 < #vr) )
                          case case_1
                          solve( (#k.5 < #vr.4)  ∥ (#k.5 < #vr) )
                            case case_1
                            solve( !Signer( ~c, s, sig1 ) ▶₂ #i )
                              case Accept_023_case_1
                              by contradiction /* from formulas */
                            next
                              case Accept_023_case_2
                              by contradiction /* from formulas */
                            next
                              case Accept_023_case_3
                              by contradiction /* from formulas */
                            qed
                          next
                            case case_2
                            solve( !Signer( ~c, s, sig1 ) ▶₂ #i )
                              case Accept_023_case_1
                              by contradiction /* from formulas */
                            next
                              case Accept_023_case_2
                              by contradiction /* from formulas */
                            next
                              case Accept_023_case_3
                              by contradiction /* from formulas */
                            qed
                          qed
                        next
                          case case_2
                          solve( (#k.5 < #vr.4)  ∥ (#k.5 < #vr) )
                            case case_1
                            solve( !Signer( ~c, s, sig1 ) ▶₂ #i )
                              case Accept_023_case_1
                              by contradiction /* from formulas */
                            next
                              case Accept_023_case_2
                              by contradiction /* from formulas */
                            next
                              case Accept_023_case_3
                              by contradiction /* from formulas */
                            qed
                          next
                            case case_2
                            solve( !Signer( ~c, s, sig1 ) ▶₂ #i )
                              case Accept_023_case_1
                              by contradiction /* from formulas */
                            next
                              case Accept_023_case_2
                              by contradiction /* from formulas */
                            next
                              case Accept_023_case_3
                              by contradiction /* from formulas */
                            qed
                          qed
                        qed
                      next
                        case case_2
                        solve( (#k.4 < #vr.4)  ∥ (#k.4 < #vr) )
                          case case_1
                          solve( (#k.5 < #vr.4)  ∥ (#k.5 < #vr) )
                            case case_1
                            solve( !Signer( ~c, s, sig1 ) ▶₂ #i )
                              case Accept_023_case_1
                              by contradiction /* from formulas */
                            next
                              case Accept_023_case_2
                              by contradiction /* from formulas */
                            next
                              case Accept_023_case_3
                              by contradiction /* from formulas */
                            qed
                          next
                            case case_2
                            solve( !Signer( ~c, s, sig1 ) ▶₂ #i )
                              case Accept_023_case_1
                              by contradiction /* from formulas */
                            next
                              case Accept_023_case_2
                              by contradiction /* from formulas */
                            next
                              case Accept_023_case_3
                              by contradiction /* from formulas */
                            qed
                          qed
                        next
                          case case_2
                          solve( (#k.5 < #vr.4)  ∥ (#k.5 < #vr) )
                            case case_1
                            solve( !Signer( ~c, s, sig1 ) ▶₂ #i )
                              case Accept_023_case_1
                              by contradiction /* from formulas */
                            next
                              case Accept_023_case_2
                              by contradiction /* from formulas */
                            next
                              case Accept_023_case_3
                              by contradiction /* from formulas */
                            qed
                          next
                            case case_2
                            solve( !Signer( ~c, s, sig1 ) ▶₂ #i )
                              case Accept_023_case_1
                              by contradiction /* from formulas */
                            next
                              case Accept_023_case_2
                              by contradiction /* from formulas */
                            next
                              case Accept_023_case_3
                              by contradiction /* from formulas */
                            qed
                          qed
                        qed
                      qed
                    qed
                  next
                    case case_2
                    solve( (#k.2 < #vr)  ∥ (#k.2 < #vr.4) )
                      case case_1
                      solve( (#k.3 < #vr.4)  ∥ (#k.3 < #vr) )
                        case case_1
                        solve( (#k.4 < #vr.4)  ∥ (#k.4 < #vr) )
                          case case_1
                          solve( (#k.5 < #vr.4)  ∥ (#k.5 < #vr) )
                            case case_1
                            solve( !Signer( ~c, s, sig1 ) ▶₂ #i )
                              case Accept_023_case_1
                              by contradiction /* from formulas */
                            next
                              case Accept_023_case_2
                              by contradiction /* from formulas */
                            next
                              case Accept_023_case_3
                              by contradiction /* from formulas */
                            qed
                          next
                            case case_2
                            solve( !Signer( ~c, s, sig1 ) ▶₂ #i )
                              case Accept_023_case_1
                              by contradiction /* from formulas */
                            next
                              case Accept_023_case_2
                              by contradiction /* from formulas */
                            next
                              case Accept_023_case_3
                              by contradiction /* from formulas */
                            qed
                          qed
                        next
                          case case_2
                          solve( (#k.5 < #vr.4)  ∥ (#k.5 < #vr) )
                            case case_1
                            solve( !Signer( ~c, s, sig1 ) ▶₂ #i )
                              case Accept_023_case_1
                              by contradiction /* from formulas */
                            next
                              case Accept_023_case_2
                              by contradiction /* from formulas */
                            next
                              case Accept_023_case_3
                              by contradiction /* from formulas */
                            qed
                          next
                            case case_2
                            solve( !Signer( ~c, s, sig1 ) ▶₂ #i )
                              case Accept_023_case_1
                              by contradiction /* from formulas */
                            next
                              case Accept_023_case_2
                              by contradiction /* from formulas */
                            next
                              case Accept_023_case_3
                              by contradiction /* from formulas */
                            qed
                          qed
                        qed
                      next
                        case case_2
                        solve( (#k.4 < #vr.4)  ∥ (#k.4 < #vr) )
                          case case_1
                          solve( (#k.5 < #vr.4)  ∥ (#k.5 < #vr) )
                            case case_1
                            solve( !Signer( ~c, s, sig1 ) ▶₂ #i )
                              case Accept_023_case_1
                              by contradiction /* from formulas */
                            next
                              case Accept_023_case_2
                              by contradiction /* from formulas */
                            next
                              case Accept_023_case_3
                              by contradiction /* from formulas */
                            qed
                          next
                            case case_2
                            solve( !Signer( ~c, s, sig1 ) ▶₂ #i )
                              case Accept_023_case_1
                              by contradiction /* from formulas */
                            next
                              case Accept_023_case_2
                              by contradiction /* from formulas */
                            next
                              case Accept_023_case_3
                              by contradiction /* from formulas */
                            qed
                          qed
                        next
                          case case_2
                          solve( (#k.5 < #vr.4)  ∥ (#k.5 < #vr) )
                            case case_1
                            solve( !Signer( ~c, s, sig1 ) ▶₂ #i )
                              case Accept_023_case_1
                              by contradiction /* from formulas */
                            next
                              case Accept_023_case_2
                              by contradiction /* from formulas */
                            next
                              case Accept_023_case_3
                              by contradiction /* from formulas */
                            qed
                          next
                            case case_2
                            solve( !Signer( ~c, s, sig1 ) ▶₂ #i )
                              case Accept_023_case_1
                              by contradiction /* from formulas */
                            next
                              case Accept_023_case_2
                              by contradiction /* from formulas */
                            next
                              case Accept_023_case_3
                              by contradiction /* from formulas */
                            qed
                          qed
                        qed
                      qed
                    next
                      case case_2
                      solve( (#k.3 < #vr.4)  ∥ (#k.3 < #vr) )
                        case case_1
                        solve( (#k.4 < #vr.4)  ∥ (#k.4 < #vr) )
                          case case_1
                          solve( (#k.5 < #vr.4)  ∥ (#k.5 < #vr) )
                            case case_1
                            solve( !Signer( ~c, s, sig1 ) ▶₂ #i )
                              case Accept_023_case_1
                              by contradiction /* from formulas */
                            next
                              case Accept_023_case_2
                              by contradiction /* from formulas */
                            next
                              case Accept_023_case_3
                              by contradiction /* from formulas */
                            qed
                          next
                            case case_2
                            solve( !Signer( ~c, s, sig1 ) ▶₂ #i )
                              case Accept_023_case_1
                              by contradiction /* from formulas */
                            next
                              case Accept_023_case_2
                              by contradiction /* from formulas */
                            next
                              case Accept_023_case_3
                              by contradiction /* from formulas */
                            qed
                          qed
                        next
                          case case_2
                          solve( (#k.5 < #vr.4)  ∥ (#k.5 < #vr) )
                            case case_1
                            solve( !Signer( ~c, s, sig1 ) ▶₂ #i )
                              case Accept_023_case_1
                              by contradiction /* from formulas */
                            next
                              case Accept_023_case_2
                              by contradiction /* from formulas */
                            next
                              case Accept_023_case_3
                              by contradiction /* from formulas */
                            qed
                          next
                            case case_2
                            solve( !Signer( ~c, s, sig1 ) ▶₂ #i )
                              case Accept_023_case_1
                              by contradiction /* from formulas */
                            next
                              case Accept_023_case_2
                              by contradiction /* from formulas */
                            next
                              case Accept_023_case_3
                              by contradiction /* from formulas */
                            qed
                          qed
                        qed
                      next
                        case case_2
                        solve( (#k.4 < #vr.4)  ∥ (#k.4 < #vr) )
                          case case_1
                          solve( (#k.5 < #vr.4)  ∥ (#k.5 < #vr) )
                            case case_1
                            solve( !Signer( ~c, s, sig1 ) ▶₂ #i )
                              case Accept_023_case_1
                              by contradiction /* from formulas */
                            next
                              case Accept_023_case_2
                              by contradiction /* from formulas */
                            next
                              case Accept_023_case_3
                              by contradiction /* from formulas */
                            qed
                          next
                            case case_2
                            solve( !Signer( ~c, s, sig1 ) ▶₂ #i )
                              case Accept_023_case_1
                              by contradiction /* from formulas */
                            next
                              case Accept_023_case_2
                              by contradiction /* from formulas */
                            next
                              case Accept_023_case_3
                              by contradiction /* from formulas */
                            qed
                          qed
                        next
                          case case_2
                          solve( (#k.5 < #vr.4)  ∥ (#k.5 < #vr) )
                            case case_1
                            solve( !Signer( ~c, s, sig1 ) ▶₂ #i )
                              case Accept_023_case_1
                              by contradiction /* from formulas */
                            next
                              case Accept_023_case_2
                              by contradiction /* from formulas */
                            next
                              case Accept_023_case_3
                              by contradiction /* from formulas */
                            qed
                          next
                            case case_2
                            solve( !Signer( ~c, s, sig1 ) ▶₂ #i )
                              case Accept_023_case_1
                              by contradiction /* from formulas */
                            next
                              case Accept_023_case_2
                              by contradiction /* from formulas */
                            next
                              case Accept_023_case_3
                              by contradiction /* from formulas */
                            qed
                          qed
                        qed
                      qed
                    qed
                  qed
                qed
              qed
            qed
          qed
        qed
      qed
    qed
  next
    case Accept_123
    solve( (v1 = v2)  ∥
           (∃ #k. (Corrupt( 's2' ) @ #k) ∧ ((#k < #vr) ∨ (#k < #vr.4))) )
      case case_1
      by contradiction /* from formulas */
    next
      case case_2
      solve( (v1 = v2)  ∥
             (∃ #k. (Corrupt( 's3' ) @ #k) ∧ ((#k < #vr) ∨ (#k < #vr.4))) )
        case case_1
        by contradiction /* from formulas */
      next
        case case_2
        solve( (v2 = v1)  ∥
               (∃ #k. (Corrupt( 's2' ) @ #k) ∧ ((#k < #vr.4) ∨ (#k < #vr))) )
          case case_1
          by contradiction /* from formulas */
        next
          case case_2
          solve( (v2 = v1)  ∥
                 (∃ #k. (Corrupt( 's3' ) @ #k) ∧ ((#k < #vr.4) ∨ (#k < #vr))) )
            case case_1
            by contradiction /* from formulas */
          next
            case case_2
            solve( (#k < #vr)  ∥ (#k < #vr.4) )
              case case_1
              solve( (#k.1 < #vr)  ∥ (#k.1 < #vr.4) )
                case case_1
                solve( (#k.2 < #vr.4)  ∥ (#k.2 < #vr) )
                  case case_1
                  solve( (#k.3 < #vr.4)  ∥ (#k.3 < #vr) )
                    case case_1
                    solve( !Signer( ~c, s, sig1 ) ▶₂ #i )
                      case Accept_023_case_1
                      by solve( !Signer( ~c.1, 's0', sig2 ) ▶₃ #i )
                    next
                      case Accept_023_case_2
                      by contradiction /* from formulas */
                    next
                      case Accept_023_case_3
                      by contradiction /* from formulas */
                    qed
                  next
                    case case_2
                    solve( !Signer( ~c, s, sig1 ) ▶₂ #i )
                      case Accept_023_case_1
                      by solve( !Signer( ~c.1, 's0', sig2 ) ▶₃ #i )
                    next
                      case Accept_023_case_2
                      by contradiction /* from formulas */
                    next
                      case Accept_023_case_3
                      by contradiction /* from formulas */
                    qed
                  qed
                next
                  case case_2
                  solve( (#k.3 < #vr.4)  ∥ (#k.3 < #vr) )
                    case case_1
                    solve( !Signer( ~c, s, sig1 ) ▶₂ #i )
                      case Accept_023_case_1
                      by solve( !Signer( ~c.1, 's0', sig2 ) ▶₃ #i )
                    next
                      case Accept_023_case_2
                      by contradiction /* from formulas */
                    next
                      case Accept_023_case_3
                      by contradiction /* from formulas */
                    qed
                  next
                    case case_2
                    solve( !Signer( ~c, s, sig1 ) ▶₂ #i )
                      case Accept_023_case_1
                      by solve( !Signer( ~c.1, 's0', sig2 ) ▶₃ #i )
                    next
                      case Accept_023_case_2
                      by contradiction /* from formulas */
                    next
                      case Accept_023_case_3
                      by contradiction /* from formulas */
                    qed
                  qed
                qed
              next
                case case_2
                solve( (#k.2 < #vr.4)  ∥ (#k.2 < #vr) )
                  case case_1
                  solve( (#k.3 < #vr.4)  ∥ (#k.3 < #vr) )
                    case case_1
                    solve( !Signer( ~c, s, sig1 ) ▶₂ #i )
                      case Accept_023_case_1
                      by solve( !Signer( ~c.1, 's0', sig2 ) ▶₃ #i )
                    next
                      case Accept_023_case_2
                      by contradiction /* from formulas */
                    next
                      case Accept_023_case_3
                      by contradiction /* from formulas */
                    qed
                  next
                    case case_2
                    solve( !Signer( ~c, s, sig1 ) ▶₂ #i )
                      case Accept_023_case_1
                      by solve( !Signer( ~c.1, 's0', sig2 ) ▶₃ #i )
                    next
                      case Accept_023_case_2
                      by contradiction /* from formulas */
                    next
                      case Accept_023_case_3
                      by contradiction /* from formulas */
                    qed
                  qed
                next
                  case case_2
                  solve( (#k.3 < #vr.4)  ∥ (#k.3 < #vr) )
                    case case_1
                    solve( !Signer( ~c, s, sig1 ) ▶₂ #i )
                      case Accept_023_case_1
                      by solve( !Signer( ~c.1, 's0', sig2 ) ▶₃ #i )
                    next
                      case Accept_023_case_2
                      by contradiction /* from formulas */
                    next
                      case Accept_023_case_3
                      by contradiction /* from formulas */
                    qed
                  next
                    case case_2
                    solve( !Signer( ~c, s, sig1 ) ▶₂ #i )
                      case Accept_023_case_1
                      by solve( !Signer( ~c.1, 's0', sig2 ) ▶₃ #i )
                    next
                      case Accept_023_case_2
                      by contradiction /* from formulas */
                    next
                      case Accept_023_case_3
                      by contradiction /* from formulas */
                    qed
                  qed
                qed
              qed
            next
              case case_2
              solve( (#k.1 < #vr)  ∥ (#k.1 < #vr.4) )
                case case_1
                solve( (#k.2 < #vr.4)  ∥ (#k.2 < #vr) )
                  case case_1
                  solve( (#k.3 < #vr.4)  ∥ (#k.3 < #vr) )
                    case case_1
                    solve( !Signer( ~c, s, sig1 ) ▶₂ #i )
                      case Accept_023_case_1
                      by solve( !Signer( ~c.1, 's0', sig2 ) ▶₃ #i )
                    next
                      case Accept_023_case_2
                      by contradiction /* from formulas */
                    next
                      case Accept_023_case_3
                      by contradiction /* from formulas */
                    qed
                  next
                    case case_2
                    solve( !Signer( ~c, s, sig1 ) ▶₂ #i )
                      case Accept_023_case_1
                      by solve( !Signer( ~c.1, 's0', sig2 ) ▶₃ #i )
                    next
                      case Accept_023_case_2
                      by contradiction /* from formulas */
                    next
                      case Accept_023_case_3
                      by contradiction /* from formulas */
                    qed
                  qed
                next
                  case case_2
                  solve( (#k.3 < #vr.4)  ∥ (#k.3 < #vr) )
                    case case_1
                    solve( !Signer( ~c, s, sig1 ) ▶₂ #i )
                      case Accept_023_case_1
                      by solve( !Signer( ~c.1, 's0', sig2 ) ▶₃ #i )
                    next
                      case Accept_023_case_2
                      by contradiction /* from formulas */
                    next
                      case Accept_023_case_3
                      by contradiction /* from formulas */
                    qed
                  next
                    case case_2
                    solve( !Signer( ~c, s, sig1 ) ▶₂ #i )
                      case Accept_023_case_1
                      by solve( !Signer( ~c.1, 's0', sig2 ) ▶₃ #i )
                    next
                      case Accept_023_case_2
                      by contradiction /* from formulas */
                    next
                      case Accept_023_case_3
                      by contradiction /* from formulas */
                    qed
                  qed
                qed
              next
                case case_2
                solve( (#k.2 < #vr.4)  ∥ (#k.2 < #vr) )
                  case case_1
                  solve( (#k.3 < #vr.4)  ∥ (#k.3 < #vr) )
                    case case_1
                    solve( !Signer( ~c, s, sig1 ) ▶₂ #i )
                      case Accept_023_case_1
                      by solve( !Signer( ~c.1, 's0', sig2 ) ▶₃ #i )
                    next
                      case Accept_023_case_2
                      by contradiction /* from formulas */
                    next
                      case Accept_023_case_3
                      by contradiction /* from formulas */
                    qed
                  next
                    case case_2
                    solve( !Signer( ~c, s, sig1 ) ▶₂ #i )
                      case Accept_023_case_1
                      by solve( !Signer( ~c.1, 's0', sig2 ) ▶₃ #i )
                    next
                      case Accept_023_case_2
                      by contradiction /* from formulas */
                    next
                      case Accept_023_case_3
                      by contradiction /* from formulas */
                    qed
                  qed
                next
                  case case_2
                  solve( (#k.3 < #vr.4)  ∥ (#k.3 < #vr) )
                    case case_1
                    solve( !Signer( ~c, s, sig1 ) ▶₂ #i )
                      case Accept_023_case_1
                      by solve( !Signer( ~c.1, 's0', sig2 ) ▶₃ #i )
                    next
                      case Accept_023_case_2
                      by contradiction /* from formulas */
                    next
                      case Accept_023_case_3
                      by contradiction /* from formulas */
                    qed
                  next
                    case case_2
                    solve( !Signer( ~c, s, sig1 ) ▶₂ #i )
                      case Accept_023_case_1
                      by solve( !Signer( ~c.1, 's0', sig2 ) ▶₃ #i )
                    next
                      case Accept_023_case_2
                      by contradiction /* from formulas */
                    next
                      case Accept_023_case_3
                      by contradiction /* from formulas */
                    qed
                  qed
                qed
              qed
            qed
          qed
        qed
      qed
    qed
  qed
next
  case Accept_123
  solve( !Cert( c2, K, v2 ) ▶₁ #i )
    case Accept_012
    solve( (v1 = v2)  ∥
           (∃ #k. (Corrupt( 's1' ) @ #k) ∧ ((#k < #vr) ∨ (#k < #vr.4))) )
      case case_1
      by contradiction /* from formulas */
    next
      case case_2
      solve( (v1 = v2)  ∥
             (∃ #k. (Corrupt( 's2' ) @ #k) ∧ ((#k < #vr) ∨ (#k < #vr.4))) )
        case case_1
        by contradiction /* from formulas */
      next
        case case_2
        solve( (v2 = v1)  ∥
               (∃ #k. (Corrupt( 's1' ) @ #k) ∧ ((#k < #vr.4) ∨ (#k < #vr))) )
          case case_1
          by contradiction /* from formulas */
        next
          case case_2
          solve( (v2 = v1)  ∥
                 (∃ #k. (Corrupt( 's2' ) @ #k) ∧ ((#k < #vr.4) ∨ (#k < #vr))) )
            case case_1
            by contradiction /* from formulas */
          next
            case case_2
            solve( (#k < #vr)  ∥ (#k < #vr.4) )
              case case_1
              solve( (#k.1 < #vr)  ∥ (#k.1 < #vr.4) )
                case case_1
                solve( (#k.2 < #vr.4)  ∥ (#k.2 < #vr) )
                  case case_1
                  solve( (#k.3 < #vr.4)  ∥ (#k.3 < #vr) )
                    case case_1
                    solve( !Signer( ~c, s, sig1 ) ▶₂ #i )
                      case Accept_123_case_1
                      by contradiction /* from formulas */
                    next
                      case Accept_123_case_2
                      by contradiction /* from formulas */
                    next
                      case Accept_123_case_3
                      by solve( !Signer( ~c.1, 's3', sig2 ) ▶₃ #i )
                    qed
                  next
                    case case_2
                    solve( !Signer( ~c, s, sig1 ) ▶₂ #i )
                      case Accept_123_case_1
                      by contradiction /* from formulas */
                    next
                      case Accept_123_case_2
                      by contradiction /* from formulas */
                    next
                      case Accept_123_case_3
                      by solve( !Signer( ~c.1, 's3', sig2 ) ▶₃ #i )
                    qed
                  qed
                next
                  case case_2
                  solve( (#k.3 < #vr.4)  ∥ (#k.3 < #vr) )
                    case case_1
                    solve( !Signer( ~c, s, sig1 ) ▶₂ #i )
                      case Accept_123_case_1
                      by contradiction /* from formulas */
                    next
                      case Accept_123_case_2
                      by contradiction /* from formulas */
                    next
                      case Accept_123_case_3
                      by solve( !Signer( ~c.1, 's3', sig2 ) ▶₃ #i )
                    qed
                  next
                    case case_2
                    solve( !Signer( ~c, s, sig1 ) ▶₂ #i )
                      case Accept_123_case_1
                      by contradiction /* from formulas */
                    next
                      case Accept_123_case_2
                      by contradiction /* from formulas */
                    next
                      case Accept_123_case_3
                      by solve( !Signer( ~c.1, 's3', sig2 ) ▶₃ #i )
                    qed
                  qed
                qed
              next
                case case_2
                solve( (#k.2 < #vr.4)  ∥ (#k.2 < #vr) )
                  case case_1
                  solve( (#k.3 < #vr.4)  ∥ (#k.3 < #vr) )
                    case case_1
                    solve( !Signer( ~c, s, sig1 ) ▶₂ #i )
                      case Accept_123_case_1
                      by contradiction /* from formulas */
                    next
                      case Accept_123_case_2
                      by contradiction /* from formulas */
                    next
                      case Accept_123_case_3
                      by solve( !Signer( ~c.1, 's3', sig2 ) ▶₃ #i )
                    qed
                  next
                    case case_2
                    solve( !Signer( ~c, s, sig1 ) ▶₂ #i )
                      case Accept_123_case_1
                      by contradiction /* from formulas */
                    next
                      case Accept_123_case_2
                      by contradiction /* from formulas */
                    next
                      case Accept_123_case_3
                      by solve( !Signer( ~c.1, 's3', sig2 ) ▶₃ #i )
                    qed
                  qed
                next
                  case case_2
                  solve( (#k.3 < #vr.4)  ∥ (#k.3 < #vr) )
                    case case_1
                    solve( !Signer( ~c, s, sig1 ) ▶₂ #i )
                      case Accept_123_case_1
                      by contradiction /* from formulas */
                    next
                      case Accept_123_case_2
                      by contradiction /* from formulas */
                    next
                      case Accept_123_case_3
                      by solve( !Signer( ~c.1, 's3', sig2 ) ▶₃ #i )
                    qed
                  next
                    case case_2
                    solve( !Signer( ~c, s, sig1 ) ▶₂ #i )
                      case Accept_123_case_1
                      by contradiction /* from formulas */
                    next
                      case Accept_123_case_2
                      by contradiction /* from formulas */
                    next
                      case Accept_123_case_3
                      by solve( !Signer( ~c.1, 's3', sig2 ) ▶₃ #i )
                    qed
                  qed
                qed
              qed
            next
              case case_2
              solve( (#k.1 < #vr)  ∥ (#k.1 < #vr.4) )
                case case_1
                solve( (#k.2 < #vr.4)  ∥ (#k.2 < #vr) )
                  case case_1
                  solve( (#k.3 < #vr.4)  ∥ (#k.3 < #vr) )
                    case case_1
                    solve( !Signer( ~c, s, sig1 ) ▶₂ #i )
                      case Accept_123_case_1
                      by contradiction /* from formulas */
                    next
                      case Accept_123_case_2
                      by contradiction /* from formulas */
                    next
                      case Accept_123_case_3
                      by solve( !Signer( ~c.1, 's3', sig2 ) ▶₃ #i )
                    qed
                  next
                    case case_2
                    solve( !Signer( ~c, s, sig1 ) ▶₂ #i )
                      case Accept_123_case_1
                      by contradiction /* from formulas */
                    next
                      case Accept_123_case_2
                      by contradiction /* from formulas */
                    next
                      case Accept_123_case_3
                      by solve( !Signer( ~c.1, 's3', sig2 ) ▶₃ #i )
                    qed
                  qed
                next
                  case case_2
                  solve( (#k.3 < #vr.4)  ∥ (#k.3 < #vr) )
                    case case_1
                    solve( !Signer( ~c, s, sig1 ) ▶₂ #i )
                      case Accept_123_case_1
                      by contradiction /* from formulas */
                    next
                      case Accept_123_case_2
                      by contradiction /* from formulas */
                    next
                      case Accept_123_case_3
                      by solve( !Signer( ~c.1, 's3', sig2 ) ▶₃ #i )
                    qed
                  next
                    case case_2
                    solve( !Signer( ~c, s, sig1 ) ▶₂ #i )
                      case Accept_123_case_1
                      by contradiction /* from formulas */
                    next
                      case Accept_123_case_2
                      by contradiction /* from formulas */
                    next
                      case Accept_123_case_3
                      by solve( !Signer( ~c.1, 's3', sig2 ) ▶₃ #i )
                    qed
                  qed
                qed
              next
                case case_2
                solve( (#k.2 < #vr.4)  ∥ (#k.2 < #vr) )
                  case case_1
                  solve( (#k.3 < #vr.4)  ∥ (#k.3 < #vr) )
                    case case_1
                    solve( !Signer( ~c, s, sig1 ) ▶₂ #i )
                      case Accept_123_case_1
                      by contradiction /* from formulas */
                    next
                      case Accept_123_case_2
                      by contradiction /* from formulas */
                    next
                      case Accept_123_case_3
                      by solve( !Signer( ~c.1, 's3', sig2 ) ▶₃ #i )
                    qed
                  next
                    case case_2
                    solve( !Signer( ~c, s, sig1 ) ▶₂ #i )
                      case Accept_123_case_1
                      by contradiction /* from formulas */
                    next
                      case Accept_123_case_2
                      by contradiction /* from formulas */
                    next
                      case Accept_123_case_3
                      by solve( !Signer( ~c.1, 's3', sig2 ) ▶₃ #i )
                    qed
                  qed
                next
                  case case_2
                  solve( (#k.3 < #vr.4)  ∥ (#k.3 < #vr) )
                    case case_1
                    solve( !Signer( ~c, s, sig1 ) ▶₂ #i )
                      case Accept_123_case_1
                      by contradiction /* from formulas */
                    next
                      case Accept_123_case_2
                      by contradiction /* from formulas */
                    next
                      case Accept_123_case_3
                      by solve( !Signer( ~c.1, 's3', sig2 ) ▶₃ #i )
                    qed
                  next
                    case case_2
                    solve( !Signer( ~c, s, sig1 ) ▶₂ #i )
                      case Accept_123_case_1
                      by contradiction /* from formulas */
                    next
                      case Accept_123_case_2
                      by contradiction /* from formulas */
                    next
                      case Accept_123_case_3
                      by solve( !Signer( ~c.1, 's3', sig2 ) ▶₃ #i )
                    qed
                  qed
                qed
              qed
            qed
          qed
        qed
      qed
    qed
  next
    case Accept_013
    solve( (v1 = v2)  ∥
           (∃ #k. (Corrupt( 's1' ) @ #k) ∧ ((#k < #vr) ∨ (#k < #vr.4))) )
      case case_1
      by contradiction /* from formulas */
    next
      case case_2
      solve( (v1 = v2)  ∥
             (∃ #k. (Corrupt( 's3' ) @ #k) ∧ ((#k < #vr) ∨ (#k < #vr.4))) )
        case case_1
        by contradiction /* from formulas */
      next
        case case_2
        solve( (v2 = v1)  ∥
               (∃ #k. (Corrupt( 's1' ) @ #k) ∧ ((#k < #vr.4) ∨ (#k < #vr))) )
          case case_1
          by contradiction /* from formulas */
        next
          case case_2
          solve( (v2 = v1)  ∥
                 (∃ #k. (Corrupt( 's3' ) @ #k) ∧ ((#k < #vr.4) ∨ (#k < #vr))) )
            case case_1
            by contradiction /* from formulas */
          next
            case case_2
            solve( (#k < #vr)  ∥ (#k < #vr.4) )
              case case_1
              solve( (#k.1 < #vr)  ∥ (#k.1 < #vr.4) )
                case case_1
                solve( (#k.2 < #vr.4)  ∥ (#k.2 < #vr) )
                  case case_1
                  solve( (#k.3 < #vr.4)  ∥ (#k.3 < #vr) )
                    case case_1
                    solve( !Signer( ~c, s, sig1 ) ▶₂ #i )
                      case Accept_123_case_1
                      by contradiction /* from formulas */
                    next
                      case Accept_123_case_2
                      by solve( !Signer( ~c.1, 's2', sig2 ) ▶₃ #i )
                    next
                      case Accept_123_case_3
                      by contradiction /* from formulas */
                    qed
                  next
                    case case_2
                    solve( !Signer( ~c, s, sig1 ) ▶₂ #i )
                      case Accept_123_case_1
                      by contradiction /* from formulas */
                    next
                      case Accept_123_case_2
                      by solve( !Signer( ~c.1, 's2', sig2 ) ▶₃ #i )
                    next
                      case Accept_123_case_3
                      by contradiction /* from formulas */
                    qed
                  qed
                next
                  case case_2
                  solve( (#k.3 < #vr.4)  ∥ (#k.3 < #vr) )
                    case case_1
                    solve( !Signer( ~c, s, sig1 ) ▶₂ #i )
                      case Accept_123_case_1
                      by contradiction /* from formulas */
                    next
                      case Accept_123_case_2
                      by solve( !Signer( ~c.1, 's2', sig2 ) ▶₃ #i )
                    next
                      case Accept_123_case_3
                      by contradiction /* from formulas */
                    qed
                  next
                    case case_2
                    solve( !Signer( ~c, s, sig1 ) ▶₂ #i )
                      case Accept_123_case_1
                      by contradiction /* from formulas */
                    next
                      case Accept_123_case_2
                      by solve( !Signer( ~c.1, 's2', sig2 ) ▶₃ #i )
                    next
                      case Accept_123_case_3
                      by contradiction /* from formulas */
                    qed
                  qed
                qed
              next
                case case_2
                solve( (#k.2 < #vr.4)  ∥ (#k.2 < #vr) )
                  case case_1
                  solve( (#k.3 < #vr.4)  ∥ (#k.3 < #vr) )
                    case case_1
                    solve( !Signer( ~c, s, sig1 ) ▶₂ #i )
                      case Accept_123_case_1
                      by contradiction /* from formulas */
                    next
                      case Accept_123_case_2
                      by solve( !Signer( ~c.1, 's2', sig2 ) ▶₃ #i )
                    next
                      case Accept_123_case_3
                      by contradiction /* from formulas */
                    qed
                  next
                    case case_2
                    solve( !Signer( ~c, s, sig1 ) ▶₂ #i )
                      case Accept_123_case_1
                      by contradiction /* from formulas */
                    next
                      case Accept_123_case_2
                      by solve( !Signer( ~c.1, 's2', sig2 ) ▶₃ #i )
                    next
                      case Accept_123_case_3
                      by contradiction /* from formulas */
                    qed
                  qed
                next
                  case case_2
                  solve( (#k.3 < #vr.4)  ∥ (#k.3 < #vr) )
                    case case_1
                    solve( !Signer( ~c, s, sig1 ) ▶₂ #i )
                      case Accept_123_case_1
                      by contradiction /* from formulas */
                    next
                      case Accept_123_case_2
                      by solve( !Signer( ~c.1, 's2', sig2 ) ▶₃ #i )
                    next
                      case Accept_123_case_3
                      by contradiction /* from formulas */
                    qed
                  next
                    case case_2
                    solve( !Signer( ~c, s, sig1 ) ▶₂ #i )
                      case Accept_123_case_1
                      by contradiction /* from formulas */
                    next
                      case Accept_123_case_2
                      by solve( !Signer( ~c.1, 's2', sig2 ) ▶₃ #i )
                    next
                      case Accept_123_case_3
                      by contradiction /* from formulas */
                    qed
                  qed
                qed
              qed
            next
              case case_2
              solve( (#k.1 < #vr)  ∥ (#k.1 < #vr.4) )
                case case_1
                solve( (#k.2 < #vr.4)  ∥ (#k.2 < #vr) )
                  case case_1
                  solve( (#k.3 < #vr.4)  ∥ (#k.3 < #vr) )
                    case case_1
                    solve( !Signer( ~c, s, sig1 ) ▶₂ #i )
                      case Accept_123_case_1
                      by contradiction /* from formulas */
                    next
                      case Accept_123_case_2
                      by solve( !Signer( ~c.1, 's2', sig2 ) ▶₃ #i )
                    next
                      case Accept_123_case_3
                      by contradiction /* from formulas */
                    qed
                  next
                    case case_2
                    solve( !Signer( ~c, s, sig1 ) ▶₂ #i )
                      case Accept_123_case_1
                      by contradiction /* from formulas */
                    next
                      case Accept_123_case_2
                      by solve( !Signer( ~c.1, 's2', sig2 ) ▶₃ #i )
                    next
                      case Accept_123_case_3
                      by contradiction /* from formulas */
                    qed
                  qed
                next
                  case case_2
                  solve( (#k.3 < #vr.4)  ∥ (#k.3 < #vr) )
                    case case_1
                    solve( !Signer( ~c, s, sig1 ) ▶₂ #i )
                      case Accept_123_case_1
                      by contradiction /* from formulas */
                    next
                      case Accept_123_case_2
                      by solve( !Signer( ~c.1, 's2', sig2 ) ▶₃ #i )
                    next
                      case Accept_123_case_3
                      by contradiction /* from formulas */
                    qed
                  next
                    case case_2
                    solve( !Signer( ~c, s, sig1 ) ▶₂ #i )
                      case Accept_123_case_1
                      by contradiction /* from formulas */
                    next
                      case Accept_123_case_2
                      by solve( !Signer( ~c.1, 's2', sig2 ) ▶₃ #i )
                    next
                      case Accept_123_case_3
                      by contradiction /* from formulas */
                    qed
                  qed
                qed
              next
                case case_2
                solve( (#k.2 < #vr.4)  ∥ (#k.2 < #vr) )
                  case case_1
                  solve( (#k.3 < #vr.4)  ∥ (#k.3 < #vr) )
                    case case_1
                    solve( !Signer( ~c, s, sig1 ) ▶₂ #i )
                      case Accept_123_case_1
                      by contradiction /* from formulas */
                    next
                      case Accept_123_case_2
                      by solve( !Signer( ~c.1, 's2', sig2 ) ▶₃ #i )
                    next
                      case Accept_123_case_3
                      by contradiction /* from formulas */
                    qed
                  next
                    case case_2
                    solve( !Signer( ~c, s, sig1 ) ▶₂ #i )
                      case Accept_123_case_1
                      by contradiction /* from formulas */
                    next
                      case Accept_123_case_2
                      by solve( !Signer( ~c.1, 's2', sig2 ) ▶₃ #i )
                    next
                      case Accept_123_case_3
                      by contradiction /* from formulas */
                    qed
                  qed
                next
                  case case_2
                  solve( (#k.3 < #vr.4)  ∥ (#k.3 < #vr) )
                    case case_1
                    solve( !Signer( ~c, s, sig1 ) ▶₂ #i )
                      case Accept_123_case_1
                      by contradiction /* from formulas */
                    next
                      case Accept_123_case_2
                      by solve( !Signer( ~c.1, 's2', sig2 ) ▶₃ #i )
                    next
                      case Accept_123_case_3
                      by contradiction /* from formulas */
                    qed
                  next
                    case case_2
                    solve( !Signer( ~c, s, sig1 ) ▶₂ #i )
                      case Accept_123_case_1
                      by contradiction /* from formulas */
                    next
                      case Accept_123_case_2
                      by solve( !Signer( ~c.1, 's2', sig2 ) ▶₃ #i )
                    next
                      case Accept_123_case_3
                      by contradiction /* from formulas */
                    qed
                  qed
                qed
              qed
            qed
          qed
        qed
      qed
    qed
  next
    case Accept_023
    solve( (v1 = v2)  ∥
           (∃ #k. (Corrupt( 's2' ) @ #k) ∧ ((#k < #vr) ∨ (#k < #vr.4))) )
      case case_1
      by contradiction /* from formulas */
    next
      case case_2
      solve( (v1 = v2)  ∥
             (∃ #k. (Corrupt( 's3' ) @ #k) ∧ ((#k < #vr) ∨ (#k < #vr.4))) )
        case case_1
        by contradiction /* from formulas */
      next
        case case_2
        solve( (v2 = v1)  ∥
               (∃ #k. (Corrupt( 's2' ) @ #k) ∧ ((#k < #vr.4) ∨ (#k < #vr))) )
          case case_1
          by contradiction /* from formulas */
        next
          case case_2
          solve( (v2 = v1)  ∥
                 (∃ #k. (Corrupt( 's3' ) @ #k) ∧ ((#k < #vr.4) ∨ (#k < #vr))) )
            case case_1
            by contradiction /* from formulas */
          next
            case case_2
            solve( (#k < #vr)  ∥ (#k < #vr.4) )
              case case_1
              solve( (#k.1 < #vr)  ∥ (#k.1 < #vr.4) )
                case case_1
                solve( (#k.2 < #vr.4)  ∥ (#k.2 < #vr) )
                  case case_1
                  solve( (#k.3 < #vr.4)  ∥ (#k.3 < #vr) )
                    case case_1
                    solve( !Signer( ~c, s, sig1 ) ▶₂ #i )
                      case Accept_123_case_1
                      by solve( !Signer( ~c.1, 's1', sig2 ) ▶₃ #i )
                    next
                      case Accept_123_case_2
                      by contradiction /* from formulas */
                    next
                      case Accept_123_case_3
                      by contradiction /* from formulas */
                    qed
                  next
                    case case_2
                    solve( !Signer( ~c, s, sig1 ) ▶₂ #i )
                      case Accept_123_case_1
                      by solve( !Signer( ~c.1, 's1', sig2 ) ▶₃ #i )
                    next
                      case Accept_123_case_2
                      by contradiction /* from formulas */
                    next
                      case Accept_123_case_3
                      by contradiction /* from formulas */
                    qed
                  qed
                next
                  case case_2
                  solve( (#k.3 < #vr.4)  ∥ (#k.3 < #vr) )
                    case case_1
                    solve( !Signer( ~c, s, sig1 ) ▶₂ #i )
                      case Accept_123_case_1
                      by solve( !Signer( ~c.1, 's1', sig2 ) ▶₃ #i )
                    next
                      case Accept_123_case_2
                      by contradiction /* from formulas */
                    next
                      case Accept_123_case_3
                      by contradiction /* from formulas */
                    qed
                  next
                    case case_2
                    solve( !Signer( ~c, s, sig1 ) ▶₂ #i )
                      case Accept_123_case_1
                      by solve( !Signer( ~c.1, 's1', sig2 ) ▶₃ #i )
                    next
                      case Accept_123_case_2
                      by contradiction /* from formulas */
                    next
                      case Accept_123_case_3
                      by contradiction /* from formulas */
                    qed
                  qed
                qed
              next
                case case_2
                solve( (#k.2 < #vr.4)  ∥ (#k.2 < #vr) )
                  case case_1
                  solve( (#k.3 < #vr.4)  ∥ (#k.3 < #vr) )
                    case case_1
                    solve( !Signer( ~c, s, sig1 ) ▶₂ #i )
                      case Accept_123_case_1
                      by solve( !Signer( ~c.1, 's1', sig2 ) ▶₃ #i )
                    next
                      case Accept_123_case_2
                      by contradiction /* from formulas */
                    next
                      case Accept_123_case_3
                      by contradiction /* from formulas */
                    qed
                  next
                    case case_2
                    solve( !Signer( ~c, s, sig1 ) ▶₂ #i )
                      case Accept_123_case_1
                      by solve( !Signer( ~c.1, 's1', sig2 ) ▶₃ #i )
                    next
                      case Accept_123_case_2
                      by contradiction /* from formulas */
                    next
                      case Accept_123_case_3
                      by contradiction /* from formulas */
                    qed
                  qed
                next
                  case case_2
                  solve( (#k.3 < #vr.4)  ∥ (#k.3 < #vr) )
                    case case_1
                    solve( !Signer( ~c, s, sig1 ) ▶₂ #i )
                      case Accept_123_case_1
                      by solve( !Signer( ~c.1, 's1', sig2 ) ▶₃ #i )
                    next
                      case Accept_123_case_2
                      by contradiction /* from formulas */
                    next
                      case Accept_123_case_3
                      by contradiction /* from formulas */
                    qed
                  next
                    case case_2
                    solve( !Signer( ~c, s, sig1 ) ▶₂ #i )
                      case Accept_123_case_1
                      by solve( !Signer( ~c.1, 's1', sig2 ) ▶₃ #i )
                    next
                      case Accept_123_case_2
                      by contradiction /* from formulas */
                    next
                      case Accept_123_case_3
                      by contradiction /* from formulas */
                    qed
                  qed
                qed
              qed
            next
              case case_2
              solve( (#k.1 < #vr)  ∥ (#k.1 < #vr.4) )
                case case_1
                solve( (#k.2 < #vr.4)  ∥ (#k.2 < #vr) )
                  case case_1
                  solve( (#k.3 < #vr.4)  ∥ (#k.3 < #vr) )
                    case case_1
                    solve( !Signer( ~c, s, sig1 ) ▶₂ #i )
                      case Accept_123_case_1
                      by solve( !Signer( ~c.1, 's1', sig2 ) ▶₃ #i )
                    next
                      case Accept_123_case_2
                      by contradiction /* from formulas */
                    next
                      case Accept_123_case_3
                      by contradiction /* from formulas */
                    qed
                  next
                    case case_2
                    solve( !Signer( ~c, s, sig1 ) ▶₂ #i )
                      case Accept_123_case_1
                      by solve( !Signer( ~c.1, 's1', sig2 ) ▶₃ #i )
                    next
                      case Accept_123_case_2
                      by contradiction /* from formulas */
                    next
                      case Accept_123_case_3
                      by contradiction /* from formulas */
                    qed
                  qed
                next
                  case case_2
                  solve( (#k.3 < #vr.4)  ∥ (#k.3 < #vr) )
                    case case_1
                    solve( !Signer( ~c, s, sig1 ) ▶₂ #i )
                      case Accept_123_case_1
                      by solve( !Signer( ~c.1, 's1', sig2 ) ▶₃ #i )
                    next
                      case Accept_123_case_2
                      by contradiction /* from formulas */
                    next
                      case Accept_123_case_3
                      by contradiction /* from formulas */
                    qed
                  next
                    case case_2
                    solve( !Signer( ~c, s, sig1 ) ▶₂ #i )
                      case Accept_123_case_1
                      by solve( !Signer( ~c.1, 's1', sig2 ) ▶₃ #i )
                    next
                      case Accept_123_case_2
                      by contradiction /* from formulas */
                    next
                      case Accept_123_case_3
                      by contradiction /* from formulas */
                    qed
                  qed
                qed
              next
                case case_2
                solve( (#k.2 < #vr.4)  ∥ (#k.2 < #vr) )
                  case case_1
                  solve( (#k.3 < #vr.4)  ∥ (#k.3 < #vr) )
                    case case_1
                    solve( !Signer( ~c, s, sig1 ) ▶₂ #i )
                      case Accept_123_case_1
                      by solve( !Signer( ~c.1, 's1', sig2 ) ▶₃ #i )
                    next
                      case Accept_123_case_2
                      by contradiction /* from formulas */
                    next
                      case Accept_123_case_3
                      by contradiction /* from formulas */
                    qed
                  next
                    case case_2
                    solve( !Signer( ~c, s, sig1 ) ▶₂ #i )
                      case Accept_123_case_1
                      by solve( !Signer( ~c.1, 's1', sig2 ) ▶₃ #i )
                    next
                      case Accept_123_case_2
                      by contradiction /* from formulas */
                    next
                      case Accept_123_case_3
                      by contradiction /* from formulas */
                    qed
                  qed
                next
                  case case_2
                  solve( (#k.3 < #vr.4)  ∥ (#k.3 < #vr) )
                    case case_1
                    solve( !Signer( ~c, s, sig1 ) ▶₂ #i )
                      case Accept_123_case_1
                      by solve( !Signer( ~c.1, 's1', sig2 ) ▶₃ #i )
                    next
                      case Accept_123_case_2
                      by contradiction /* from formulas */
                    next
                      case Accept_123_case_3
                      by contradiction /* from formulas */
                    qed
                  next
                    case case_2
                    solve( !Signer( ~c, s, sig1 ) ▶₂ #i )
                      case Accept_123_case_1
                      by solve( !Signer( ~c.1, 's1', sig2 ) ▶₃ #i )
                    next
                      case Accept_123_case_2
                      by contradiction /* from formulas */
                    next
                      case Accept_123_case_3
                      by contradiction /* from formulas */
                    qed
                  qed
                qed
              qed
            qed
          qed
        qed
      qed
    qed
  next
    case Accept_123
    solve( (v1 = v2)  ∥
           (∃ #k. (Corrupt( 's1' ) @ #k) ∧ ((#k < #vr) ∨ (#k < #vr.4))) )
      case case_1
      by contradiction /* from formulas */
    next
      case case_2
      solve( (v1 = v2)  ∥
             (∃ #k. (Corrupt( 's2' ) @ #k) ∧ ((#k < #vr) ∨ (#k < #vr.4))) )
        case case_1
        by contradiction /* from formulas */
      next
        case case_2
        solve( (v1 = v2)  ∥
               (∃ #k. (Corrupt( 's3' ) @ #k) ∧ ((#k < #vr) ∨ (#k < #vr.4))) )
          case case_1
          by contradiction /* from formulas */
        next
          case case_2
          solve( (v2 = v1)  ∥
                 (∃ #k. (Corrupt( 's1' ) @ #k) ∧ ((#k < #vr.4) ∨ (#k < #vr))) )
            case case_1
            by contradiction /* from formulas */
          next
            case case_2
            solve( (v2 = v1)  ∥
                   (∃ #k. (Corrupt( 's2' ) @ #k) ∧ ((#k < #vr.4) ∨ (#k < #vr))) )
              case case_1
              by contradiction /* from formulas */
            next
              case case_2
              solve( (v2 = v1)  ∥
                     (∃ #k. (Corrupt( 's3' ) @ #k) ∧ ((#k < #vr.4) ∨ (#k < #vr))) )
                case case_1
                by contradiction /* from formulas */
              next
                case case_2
                solve( (#k < #vr)  ∥ (#k < #vr.4) )
                  case case_1
                  solve( (#k.1 < #vr)  ∥ (#k.1 < #vr.4) )
                    case case_1
                    solve( (#k.2 < #vr)  ∥ (#k.2 < #vr.4) )
                      case case_1
                      solve( (#k.3 < #vr.4)  ∥ (#k.3 < #vr) )
                        case case_1
                        solve( (#k.4 < #vr.4)  ∥ (#k.4 < #vr) )
                          case case_1
                          solve( (#k.5 < #vr.4)  ∥ (#k.5 < #vr) )
                            case case_1
                            solve( !Signer( ~c, s, sig1 ) ▶₂ #i )
                              case Accept_123_case_1
                              by contradiction /* from formulas */
                            next
                              case Accept_123_case_2
                              by contradiction /* from formulas */
                            next
                              case Accept_123_case_3
                              by contradiction /* from formulas */
                            qed
                          next
                            case case_2
                            solve( !Signer( ~c, s, sig1 ) ▶₂ #i )
                              case Accept_123_case_1
                              by contradiction /* from formulas */
                            next
                              case Accept_123_case_2
                              by contradiction /* from formulas */
                            next
                              case Accept_123_case_3
                              by contradiction /* from formulas */
                            qed
                          qed
                        next
                          case case_2
                          solve( (#k.5 < #vr.4)  ∥ (#k.5 < #vr) )
                            case case_1
                            solve( !Signer( ~c, s, sig1 ) ▶₂ #i )
                              case Accept_123_case_1
                              by contradiction /* from formulas */
                            next
                              case Accept_123_case_2
                              by contradiction /* from formulas */
                            next
                              case Accept_123_case_3
                              by contradiction /* from formulas */
                            qed
                          next
                            case case_2
                            solve( !Signer( ~c, s, sig1 ) ▶₂ #i )
                              case Accept_123_case_1
                              by contradiction /* from formulas */
                            next
                              case Accept_123_case_2
                              by contradiction /* from formulas */
                            next
                              case Accept_123_case_3
                              by contradiction /* from formulas */
                            qed
                          qed
                        qed
                      next
                        case case_2
                        solve( (#k.4 < #vr.4)  ∥ (#k.4 < #vr) )
                          case case_1
                          solve( (#k.5 < #vr.4)  ∥ (#k.5 < #vr) )
                            case case_1
                            solve( !Signer( ~c, s, sig1 ) ▶₂ #i )
                              case Accept_123_case_1
                              by contradiction /* from formulas */
                            next
                              case Accept_123_case_2
                              by contradiction /* from formulas */
                            next
                              case Accept_123_case_3
                              by contradiction /* from formulas */
                            qed
                          next
                            case case_2
                            solve( !Signer( ~c, s, sig1 ) ▶₂ #i )
                              case Accept_123_case_1
                              by contradiction /* from formulas */
                            next
                              case Accept_123_case_2
                              by contradiction /* from formulas */
                            next
                              case Accept_123_case_3
                              by contradiction /* from formulas */
                            qed
                          qed
                        next
                          case case_2
                          solve( (#k.5 < #vr.4)  ∥ (#k.5 < #vr) )
                            case case_1
                            solve( !Signer( ~c, s, sig1 ) ▶₂ #i )
                              case Accept_123_case_1
                              by contradiction /* from formulas */
                            next
                              case Accept_123_case_2
                              by contradiction /* from formulas */
                            next
                              case Accept_123_case_3
                              by contradiction /* from formulas */
                            qed
                          next
                            case case_2
                            solve( !Signer( ~c, s, sig1 ) ▶₂ #i )
                              case Accept_123_case_1
                              by contradiction /* from formulas */
                            next
                              case Accept_123_case_2
                              by contradiction /* from formulas */
                            next
                              case Accept_123_case_3
                              by contradiction /* from formulas */
                            qed
                          qed
                        qed
                      qed
                    next
                      case case_2
                      solve( (#k.3 < #vr.4)  ∥ (#k.3 < #vr) )
                        case case_1
                        solve( (#k.4 < #vr.4)  ∥ (#k.4 < #vr) )
                          case case_1
                          solve( (#k.5 < #vr.4)  ∥ (#k.5 < #vr) )
                            case case_1
                            solve( !Signer( ~c, s, sig1 ) ▶₂ #i )
                              case Accept_123_case_1
                              by contradiction /* from formulas */
                            next
                              case Accept_123_case_2
                              by contradiction /* from formulas */
                            next
                              case Accept_123_case_3
                              by contradiction /* from formulas */
                            qed
                          next
                            case case_2
                            solve( !Signer( ~c, s, sig1 ) ▶₂ #i )
                              case Accept_123_case_1
                              by contradiction /* from formulas */
                            next
                              case Accept_123_case_2
                              by contradiction /* from formulas */
                            next
                              case Accept_123_case_3
                              by contradiction /* from formulas */
                            qed
                          qed
                        next
                          case case_2
                          solve( (#k.5 < #vr.4)  ∥ (#k.5 < #vr) )
                            case case_1
                            solve( !Signer( ~c, s, sig1 ) ▶₂ #i )
                              case Accept_123_case_1
                              by contradiction /* from formulas */
                            next
                              case Accept_123_case_2
                              by contradiction /* from formulas */
                            next
                              case Accept_123_case_3
                              by contradiction /* from formulas */
                            qed
                          next
                            case case_2
                            solve( !Signer( ~c, s, sig1 ) ▶₂ #i )
                              case Accept_123_case_1
                              by contradiction /* from formulas */
                            next
                              case Accept_123_case_2
                              by contradiction /* from formulas */
                            next
                              case Accept_123_case_3
                              by contradiction /* from formulas */
                            qed
                          qed
                        qed
                      next
                        case case_2
                        solve( (#k.4 < #vr.4)  ∥ (#k.4 < #vr) )
                          case case_1
                          solve( (#k.5 < #vr.4)  ∥ (#k.5 < #vr) )
                            case case_1
                            solve( !Signer( ~c, s, sig1 ) ▶₂ #i )
                              case Accept_123_case_1
                              by contradiction /* from formulas */
                            next
                              case Accept_123_case_2
                              by contradiction /* from formulas */
                            next
                              case Accept_123_case_3
                              by contradiction /* from formulas */
                            qed
                          next
                            case case_2
                            solve( !Signer( ~c, s, sig1 ) ▶₂ #i )
                              case Accept_123_case_1
                              by contradiction /* from formulas */
                            next
                              case Accept_123_case_2
                              by contradiction /* from formulas */
                            next
                              case Accept_123_case_3
                              by contradiction /* from formulas */
                            qed
                          qed
                        next
                          case case_2
                          solve( (#k.5 < #vr.4)  ∥ (#k.5 < #vr) )
                            case case_1
                            solve( !Signer( ~c, s, sig1 ) ▶₂ #i )
                              case Accept_123_case_1
                              by contradiction /* from formulas */
                            next
                              case Accept_123_case_2
                              by contradiction /* from formulas */
                            next
                              case Accept_123_case_3
                              by contradiction /* from formulas */
                            qed
                          next
                            case case_2
                            solve( !Signer( ~c, s, sig1 ) ▶₂ #i )
                              case Accept_123_case_1
                              by contradiction /* from formulas */
                            next
                              case Accept_123_case_2
                              by contradiction /* from formulas */
                            next
                              case Accept_123_case_3
                              by contradiction /* from formulas */
                            qed
                          qed
                        qed
                      qed
                    qed
                  next
                    case case_2
                    solve( (#k.2 < #vr)  ∥ (#k.2 < #vr.4) )
                      case case_1
                      solve( (#k.3 < #vr.4)  ∥ (#k.3 < #vr) )
                        case case_1
                        solve( (#k.4 < #vr.4)  ∥ (#k.4 < #vr) )
                          case case_1
                          solve( (#k.5 < #vr.4)  ∥ (#k.5 < #vr) )
                            case case_1
                            solve( !Signer( ~c, s, sig1 ) ▶₂ #i )
                              case Accept_123_case_1
                              by contradiction /* from formulas */
                            next
                              case Accept_123_case_2
                              by contradiction /* from formulas */
                            next
                              case Accept_123_case_3
                              by contradiction /* from formulas */
                            qed
                          next
                            case case_2
                            solve( !Signer( ~c, s, sig1 ) ▶₂ #i )
                              case Accept_123_case_1
                              by contradiction /* from formulas */
                            next
                              case Accept_123_case_2
                              by contradiction /* from formulas */
                            next
                              case Accept_123_case_3
                              by contradiction /* from formulas */
                            qed
                          qed
                        next
                          case case_2
                          solve( (#k.5 < #vr.4)  ∥ (#k.5 < #vr) )
                            case case_1
                            solve( !Signer( ~c, s, sig1 ) ▶₂ #i )
                              case Accept_123_case_1
                              by contradiction /* from formulas */
                            next
                              case Accept_123_case_2
                              by contradiction /* from formulas */
                            next
                              case Accept_123_case_3
                              by contradiction /* from formulas */
                            qed
                          next
                            case case_2
                            solve( !Signer( ~c, s, sig1 ) ▶₂ #i )
                              case Accept_123_case_1
                              by contradiction /* from formulas */
                            next
                              case Accept_123_case_2
                              by contradiction /* from formulas */
                            next
                              case Accept_123_case_3
                              by contradiction /* from formulas */
                            qed
                          qed
                        qed
                      next
                        case case_2
                        solve( (#k.4 < #vr.4)  ∥ (#k.4 < #vr) )
                          case case_1
                          solve( (#k.5 < #vr.4)  ∥ (#k.5 < #vr) )
                            case case_1
                            solve( !Signer( ~c, s, sig1 ) ▶₂ #i )
                              case Accept_123_case_1
                              by contradiction /* from formulas */
                            next
                              case Accept_123_case_2
                              by contradiction /* from formulas */
                            next
                              case Accept_123_case_3
                              by contradiction /* from formulas */
                            qed
                          next
                            case case_2
                            solve( !Signer( ~c, s, sig1 ) ▶₂ #i )
                              case Accept_123_case_1
                              by contradiction /* from formulas */
                            next
                              case Accept_123_case_2
                              by contradiction /* from formulas */
                            next
                              case Accept_123_case_3
                              by contradiction /* from formulas */
                            qed
                          qed
                        next
                          case case_2
                          solve( (#k.5 < #vr.4)  ∥ (#k.5 < #vr) )
                            case case_1
                            solve( !Signer( ~c, s, sig1 ) ▶₂ #i )
                              case Accept_123_case_1
                              by contradiction /* from formulas */
                            next
                              case Accept_123_case_2
                              by contradiction /* from formulas */
                            next
                              case Accept_123_case_3
                              by contradiction /* from formulas */
                            qed
                          next
                            case case_2
                            solve( !Signer( ~c, s, sig1 ) ▶₂ #i )
                              case Accept_123_case_1
                              by contradiction /* from formulas */
                            next
                              case Accept_123_case_2
                              by contradiction /* from formulas */
                            next
                              case Accept_123_case_3
                              by contradiction /* from formulas */
                            qed
                          qed
                        qed
                      qed
                    next
                      case case_2
                      solve( (#k.3 < #vr.4)  ∥ (#k.3 < #vr) )
                        case case_1
                        solve( (#k.4 < #vr.4)  ∥ (#k.4 < #vr) )
                          case case_1
                          solve( (#k.5 < #vr.4)  ∥ (#k.5 < #vr) )
                            case case_1
                            solve( !Signer( ~c, s, sig1 ) ▶₂ #i )
                              case Accept_123_case_1
                              by contradiction /* from formulas */
                            next
                              case Accept_123_case_2
                              by contradiction /* from formulas */
                            next
                              case Accept_123_case_3
                              by contradiction /* from formulas */
                            qed
                          next
                            case case_2
                            solve( !Signer( ~c, s, sig1 ) ▶₂ #i )
                              case Accept_123_case_1
                              by contradiction /* from formulas */
                            next
                              case Accept_123_case_2
                              by contradiction /* from formulas */
                            next
                              case Accept_123_case_3
                              by contradiction /* from formulas */
                            qed
                          qed
                        next
                          case case_2
                          solve( (#k.5 < #vr.4)  ∥ (#k.5 < #vr) )
                            case case_1
                            solve( !Signer( ~c, s, sig1 ) ▶₂ #i )
                              case Accept_123_case_1
                              by contradiction /* from formulas */
                            next
                              case Accept_123_case_2
                              by contradiction /* from formulas */
                            next
                              case Accept_123_case_3
                              by contradiction /* from formulas */
                            qed
                          next
                            case case_2
                            solve( !Signer( ~c, s, sig1 ) ▶₂ #i )
                              case Accept_123_case_1
                              by contradiction /* from formulas */
                            next
                              case Accept_123_case_2
                              by contradiction /* from formulas */
                            next
                              case Accept_123_case_3
                              by contradiction /* from formulas */
                            qed
                          qed
                        qed
                      next
                        case case_2
                        solve( (#k.4 < #vr.4)  ∥ (#k.4 < #vr) )
                          case case_1
                          solve( (#k.5 < #vr.4)  ∥ (#k.5 < #vr) )
                            case case_1
                            solve( !Signer( ~c, s, sig1 ) ▶₂ #i )
                              case Accept_123_case_1
                              by contradiction /* from formulas */
                            next
                              case Accept_123_case_2
                              by contradiction /* from formulas */
                            next
                              case Accept_123_case_3
                              by contradiction /* from formulas */
                            qed
                          next
                            case case_2
                            solve( !Signer( ~c, s, sig1 ) ▶₂ #i )
                              case Accept_123_case_1
                              by contradiction /* from formulas */
                            next
                              case Accept_123_case_2
                              by contradiction /* from formulas */
                            next
                              case Accept_123_case_3
                              by contradiction /* from formulas */
                            qed
                          qed
                        next
                          case case_2
                          solve( (#k.5 < #vr.4)  ∥ (#k.5 < #vr) )
                            case case_1
                            solve( !Signer( ~c, s, sig1 ) ▶₂ #i )
                              case Accept_123_case_1
                              by contradiction /* from formulas */
                            next
                              case Accept_123_case_2
                              by contradiction /* from formulas */
                            next
                              case Accept_123_case_3
                              by contradiction /* from formulas */
                            qed
                          next
                            case case_2
                            solve( !Signer( ~c, s, sig1 ) ▶₂ #i )
                              case Accept_123_case_1
                              by contradiction /* from formulas */
                            next
                              case Accept_123_case_2
                              by contradiction /* from formulas */
                            next
                              case Accept_123_case_3
                              by contradiction /* from formulas */
                            qed
                          qed
                        qed
                      qed
                    qed
                  qed
                next
                  case case_2
                  solve( (#k.1 < #vr)  ∥ (#k.1 < #vr.4) )
                    case case_1
                    solve( (#k.2 < #vr)  ∥ (#k.2 < #vr.4) )
                      case case_1
                      solve( (#k.3 < #vr.4)  ∥ (#k.3 < #vr) )
                        case case_1
                        solve( (#k.4 < #vr.4)  ∥ (#k.4 < #vr) )
                          case case_1
                          solve( (#k.5 < #vr.4)  ∥ (#k.5 < #vr) )
                            case case_1
                            solve( !Signer( ~c, s, sig1 ) ▶₂ #i )
                              case Accept_123_case_1
                              by contradiction /* from formulas */
                            next
                              case Accept_123_case_2
                              by contradiction /* from formulas */
                            next
                              case Accept_123_case_3
                              by contradiction /* from formulas */
                            qed
                          next
                            case case_2
                            solve( !Signer( ~c, s, sig1 ) ▶₂ #i )
                              case Accept_123_case_1
                              by contradiction /* from formulas */
                            next
                              case Accept_123_case_2
                              by contradiction /* from formulas */
                            next
                              case Accept_123_case_3
                              by contradiction /* from formulas */
                            qed
                          qed
                        next
                          case case_2
                          solve( (#k.5 < #vr.4)  ∥ (#k.5 < #vr) )
                            case case_1
                            solve( !Signer( ~c, s, sig1 ) ▶₂ #i )
                              case Accept_123_case_1
                              by contradiction /* from formulas */
                            next
                              case Accept_123_case_2
                              by contradiction /* from formulas */
                            next
                              case Accept_123_case_3
                              by contradiction /* from formulas */
                            qed
                          next
                            case case_2
                            solve( !Signer( ~c, s, sig1 ) ▶₂ #i )
                              case Accept_123_case_1
                              by contradiction /* from formulas */
                            next
                              case Accept_123_case_2
                              by contradiction /* from formulas */
                            next
                              case Accept_123_case_3
                              by contradiction /* from formulas */
                            qed
                          qed
                        qed
                      next
                        case case_2
                        solve( (#k.4 < #vr.4)  ∥ (#k.4 < #vr) )
                          case case_1
                          solve( (#k.5 < #vr.4)  ∥ (#k.5 < #vr) )
                            case case_1
                            solve( !Signer( ~c, s, sig1 ) ▶₂ #i )
                              case Accept_123_case_1
                              by contradiction /* from formulas */
                            next
                              case Accept_123_case_2
                              by contradiction /* from formulas */
                            next
                              case Accept_123_case_3
                              by contradiction /* from formulas */
                            qed
                          next
                            case case_2
                            solve( !Signer( ~c, s, sig1 ) ▶₂ #i )
                              case Accept_123_case_1
                              by contradiction /* from formulas */
                            next
                              case Accept_123_case_2
                              by contradiction /* from formulas */
                            next
                              case Accept_123_case_3
                              by contradiction /* from formulas */
                            qed
                          qed
                        next
                          case case_2
                          solve( (#k.5 < #vr.4)  ∥ (#k.5 < #vr) )
                            case case_1
                            solve( !Signer( ~c, s, sig1 ) ▶₂ #i )
                              case Accept_123_case_1
                              by contradiction /* from formulas */
                            next
                              case Accept_123_case_2
                              by contradiction /* from formulas */
                            next
                              case Accept_123_case_3
                              by contradiction /* from formulas */
                            qed
                          next
                            case case_2
                            solve( !Signer( ~c, s, sig1 ) ▶₂ #i )
                              case Accept_123_case_1
                              by contradiction /* from formulas */
                            next
                              case Accept_123_case_2
                              by contradiction /* from formulas */
                            next
                              case Accept_123_case_3
                              by contradiction /* from formulas */
                            qed
                          qed
                        qed
                      qed
                    next
                      case case_2
                      solve( (#k.3 < #vr.4)  ∥ (#k.3 < #vr) )
                        case case_1
                        solve( (#k.4 < #vr.4)  ∥ (#k.4 < #vr) )
                          case case_1
                          solve( (#k.5 < #vr.4)  ∥ (#k.5 < #vr) )
                            case case_1
                            solve( !Signer( ~c, s, sig1 ) ▶₂ #i )
                              case Accept_123_case_1
                              by contradiction /* from formulas */
                            next
                              case Accept_123_case_2
                              by contradiction /* from formulas */
                            next
                              case Accept_123_case_3
                              by contradiction /* from formulas */
                            qed
                          next
                            case case_2
                            solve( !Signer( ~c, s, sig1 ) ▶₂ #i )
                              case Accept_123_case_1
                              by contradiction /* from formulas */
                            next
                              case Accept_123_case_2
                              by contradiction /* from formulas */
                            next
                              case Accept_123_case_3
                              by contradiction /* from formulas */
                            qed
                          qed
                        next
                          case case_2
                          solve( (#k.5 < #vr.4)  ∥ (#k.5 < #vr) )
                            case case_1
                            solve( !Signer( ~c, s, sig1 ) ▶₂ #i )
                              case Accept_123_case_1
                              by contradiction /* from formulas */
                            next
                              case Accept_123_case_2
                              by contradiction /* from formulas */
                            next
                              case Accept_123_case_3
                              by contradiction /* from formulas */
                            qed
                          next
                            case case_2
                            solve( !Signer( ~c, s, sig1 ) ▶₂ #i )
                              case Accept_123_case_1
                              by contradiction /* from formulas */
                            next
                              case Accept_123_case_2
                              by contradiction /* from formulas */
                            next
                              case Accept_123_case_3
                              by contradiction /* from formulas */
                            qed
                          qed
                        qed
                      next
                        case case_2
                        solve( (#k.4 < #vr.4)  ∥ (#k.4 < #vr) )
                          case case_1
                          solve( (#k.5 < #vr.4)  ∥ (#k.5 < #vr) )
                            case case_1
                            solve( !Signer( ~c, s, sig1 ) ▶₂ #i )
                              case Accept_123_case_1
                              by contradiction /* from formulas */
                            next
                              case Accept_123_case_2
                              by contradiction /* from formulas */
                            next
                              case Accept_123_case_3
                              by contradiction /* from formulas */
                            qed
                          next
                            case case_2
                            solve( !Signer( ~c, s, sig1 ) ▶₂ #i )
                              case Accept_123_case_1
                              by contradiction /* from formulas */
                            next
                              case Accept_123_case_2
                              by contradiction /* from formulas */
                            next
                              case Accept_123_case_3
                              by contradiction /* from formulas */
                            qed
                          qed
                        next
                          case case_2
                          solve( (#k.5 < #vr.4)  ∥ (#k.5 < #vr) )
                            case case_1
                            solve( !Signer( ~c, s, sig1 ) ▶₂ #i )
                              case Accept_123_case_1
                              by contradiction /* from formulas */
                            next
                              case Accept_123_case_2
                              by contradiction /* from formulas */
                            next
                              case Accept_123_case_3
                              by contradiction /* from formulas */
                            qed
                          next
                            case case_2
                            solve( !Signer( ~c, s, sig1 ) ▶₂ #i )
                              case Accept_123_case_1
                              by contradiction /* from formulas */
                            next
                              case Accept_123_case_2
                              by contradiction /* from formulas */
                            next
                              case Accept_123_case_3
                              by contradiction /* from formulas */
                            qed
                          qed
                        qed
                      qed
                    qed
                  next
                    case case_2
                    solve( (#k.2 < #vr)  ∥ (#k.2 < #vr.4) )
                      case case_1
                      solve( (#k.3 < #vr.4)  ∥ (#k.3 < #vr) )
                        case case_1
                        solve( (#k.4 < #vr.4)  ∥ (#k.4 < #vr) )
                          case case_1
                          solve( (#k.5 < #vr.4)  ∥ (#k.5 < #vr) )
                            case case_1
                            solve( !Signer( ~c, s, sig1 ) ▶₂ #i )
                              case Accept_123_case_1
                              by contradiction /* from formulas */
                            next
                              case Accept_123_case_2
                              by contradiction /* from formulas */
                            next
                              case Accept_123_case_3
                              by contradiction /* from formulas */
                            qed
                          next
                            case case_2
                            solve( !Signer( ~c, s, sig1 ) ▶₂ #i )
                              case Accept_123_case_1
                              by contradiction /* from formulas */
                            next
                              case Accept_123_case_2
                              by contradiction /* from formulas */
                            next
                              case Accept_123_case_3
                              by contradiction /* from formulas */
                            qed
                          qed
                        next
                          case case_2
                          solve( (#k.5 < #vr.4)  ∥ (#k.5 < #vr) )
                            case case_1
                            solve( !Signer( ~c, s, sig1 ) ▶₂ #i )
                              case Accept_123_case_1
                              by contradiction /* from formulas */
                            next
                              case Accept_123_case_2
                              by contradiction /* from formulas */
                            next
                              case Accept_123_case_3
                              by contradiction /* from formulas */
                            qed
                          next
                            case case_2
                            solve( !Signer( ~c, s, sig1 ) ▶₂ #i )
                              case Accept_123_case_1
                              by contradiction /* from formulas */
                            next
                              case Accept_123_case_2
                              by contradiction /* from formulas */
                            next
                              case Accept_123_case_3
                              by contradiction /* from formulas */
                            qed
                          qed
                        qed
                      next
                        case case_2
                        solve( (#k.4 < #vr.4)  ∥ (#k.4 < #vr) )
                          case case_1
                          solve( (#k.5 < #vr.4)  ∥ (#k.5 < #vr) )
                            case case_1
                            solve( !Signer( ~c, s, sig1 ) ▶₂ #i )
                              case Accept_123_case_1
                              by contradiction /* from formulas */
                            next
                              case Accept_123_case_2
                              by contradiction /* from formulas */
                            next
                              case Accept_123_case_3
                              by contradiction /* from formulas */
                            qed
                          next
                            case case_2
                            solve( !Signer( ~c, s, sig1 ) ▶₂ #i )
                              case Accept_123_case_1
                              by contradiction /* from formulas */
                            next
                              case Accept_123_case_2
                              by contradiction /* from formulas */
                            next
                              case Accept_123_case_3
                              by contradiction /* from formulas */
                            qed
                          qed
                        next
                          case case_2
                          solve( (#k.5 < #vr.4)  ∥ (#k.5 < #vr) )
                            case case_1
                            solve( !Signer( ~c, s, sig1 ) ▶₂ #i )
                              case Accept_123_case_1
                              by contradiction /* from formulas */
                            next
                              case Accept_123_case_2
                              by contradiction /* from formulas */
                            next
                              case Accept_123_case_3
                              by contradiction /* from formulas */
                            qed
                          next
                            case case_2
                            solve( !Signer( ~c, s, sig1 ) ▶₂ #i )
                              case Accept_123_case_1
                              by contradiction /* from formulas */
                            next
                              case Accept_123_case_2
                              by contradiction /* from formulas */
                            next
                              case Accept_123_case_3
                              by contradiction /* from formulas */
                            qed
                          qed
                        qed
                      qed
                    next
                      case case_2
                      solve( (#k.3 < #vr.4)  ∥ (#k.3 < #vr) )
                        case case_1
                        solve( (#k.4 < #vr.4)  ∥ (#k.4 < #vr) )
                          case case_1
                          solve( (#k.5 < #vr.4)  ∥ (#k.5 < #vr) )
                            case case_1
                            solve( !Signer( ~c, s, sig1 ) ▶₂ #i )
                              case Accept_123_case_1
                              by contradiction /* from formulas */
                            next
                              case Accept_123_case_2
                              by contradiction /* from formulas */
                            next
                              case Accept_123_case_3
                              by contradiction /* from formulas */
                            qed
                          next
                            case case_2
                            solve( !Signer( ~c, s, sig1 ) ▶₂ #i )
                              case Accept_123_case_1
                              by contradiction /* from formulas */
                            next
                              case Accept_123_case_2
                              by contradiction /* from formulas */
                            next
                              case Accept_123_case_3
                              by contradiction /* from formulas */
                            qed
                          qed
                        next
                          case case_2
                          solve( (#k.5 < #vr.4)  ∥ (#k.5 < #vr) )
                            case case_1
                            solve( !Signer( ~c, s, sig1 ) ▶₂ #i )
                              case Accept_123_case_1
                              by contradiction /* from formulas */
                            next
                              case Accept_123_case_2
                              by contradiction /* from formulas */
                            next
                              case Accept_123_case_3
                              by contradiction /* from formulas */
                            qed
                          next
                            case case_2
                            solve( !Signer( ~c, s, sig1 ) ▶₂ #i )
                              case Accept_123_case_1
                              by contradiction /* from formulas */
                            next
                              case Accept_123_case_2
                              by contradiction /* from formulas */
                            next
                              case Accept_123_case_3
                              by contradiction /* from formulas */
                            qed
                          qed
                        qed
                      next
                        case case_2
                        solve( (#k.4 < #vr.4)  ∥ (#k.4 < #vr) )
                          case case_1
                          solve( (#k.5 < #vr.4)  ∥ (#k.5 < #vr) )
                            case case_1
                            solve( !Signer( ~c, s, sig1 ) ▶₂ #i )
                              case Accept_123_case_1
                              by contradiction /* from formulas */
                            next
                              case Accept_123_case_2
                              by contradiction /* from formulas */
                            next
                              case Accept_123_case_3
                              by contradiction /* from formulas */
                            qed
                          next
                            case case_2
                            solve( !Signer( ~c, s, sig1 ) ▶₂ #i )
                              case Accept_123_case_1
                              by contradiction /* from formulas */
                            next
                              case Accept_123_case_2
                              by contradiction /* from formulas */
                            next
                              case Accept_123_case_3
                              by contradiction /* from formulas */
                            qed
                          qed
                        next
                          case case_2
                          solve( (#k.5 < #vr.4)  ∥ (#k.5 < #vr) )
                            case case_1
                            solve( !Signer( ~c, s, sig1 ) ▶₂ #i )
                              case Accept_123_case_1
                              by contradiction /* from formulas */
                            next
                              case Accept_123_case_2
                              by contradiction /* from formulas */
                            next
                              case Accept_123_case_3
                              by contradiction /* from formulas */
                            qed
                          next
                            case case_2
                            solve( !Signer( ~c, s, sig1 ) ▶₂ #i )
                              case Accept_123_case_1
                              by contradiction /* from formulas */
                            next
                              case Accept_123_case_2
                              by contradiction /* from formulas */
                            next
                              case Accept_123_case_3
                              by contradiction /* from formulas */
                            qed
                          qed
                        qed
                      qed
                    qed
                  qed
                qed
              qed
            qed
          qed
        qed
      qed
    qed
  qed
qed

lemma B_conflict_needs_2qN_corrupt [hide_lemma=A2_signer_authorized]:
  all-traces
  "∀ c1 c2 K v1 v2 #i #j.
    (((Accept( c1, K, v1 ) @ #i) ∧ (Accept( c2, K, v2 ) @ #j)) ∧
     (¬(v1 = v2))) ⇒
    (∃ s1 s2 #k #l.
      ((Corrupt( s1 ) @ #k) ∧ (Corrupt( s2 ) @ #l)) ∧ (¬(s1 = s2)))"
/*
guarded formula characterizing all counter-examples:
"∃ c1 c2 K v1 v2 #i #j.
  (Accept( c1, K, v1 ) @ #i) ∧ (Accept( c2, K, v2 ) @ #j)
 ∧
  (¬(v1 = v2)) ∧
  (∀ s1 s2 #k #l. (Corrupt( s1 ) @ #k) ∧ (Corrupt( s2 ) @ #l) ⇒ s1 = s2)"
*/
simplify
solve( Accept( c1, K, v1 ) @ #i )
  case Accept_012
  solve( !Pk( 's0', pk(skA) ) ▶₀ #i )
    case Register
    solve( !Pk( 's1', pk(skB) ) ▶₁ #i )
      case Register
      solve( !Pk( 's2', pk(skC) ) ▶₂ #i )
        case Register
        solve( Accept( c2, K, v2 ) @ #j )
          case Accept_012
          solve( (v1 = v2)  ∥
                 (∃ #k. (Corrupt( 's0' ) @ #k) ∧ ((#k < #i) ∨ (#k < #j))) )
            case case_1
            by contradiction /* from formulas */
          next
            case case_2
            solve( (v1 = v2)  ∥
                   (∃ #k. (Corrupt( 's1' ) @ #k) ∧ ((#k < #i) ∨ (#k < #j))) )
              case case_1
              by contradiction /* from formulas */
            qed
          qed
        next
          case Accept_013
          solve( (v1 = v2)  ∥
                 (∃ #k. (Corrupt( 's0' ) @ #k) ∧ ((#k < #i) ∨ (#k < #j))) )
            case case_1
            by contradiction /* from formulas */
          next
            case case_2
            solve( (v1 = v2)  ∥
                   (∃ #k. (Corrupt( 's1' ) @ #k) ∧ ((#k < #i) ∨ (#k < #j))) )
              case case_1
              by contradiction /* from formulas */
            qed
          qed
        next
          case Accept_023
          solve( (v1 = v2)  ∥
                 (∃ #k. (Corrupt( 's0' ) @ #k) ∧ ((#k < #i) ∨ (#k < #j))) )
            case case_1
            by contradiction /* from formulas */
          next
            case case_2
            solve( (v1 = v2)  ∥
                   (∃ #k. (Corrupt( 's2' ) @ #k) ∧ ((#k < #i) ∨ (#k < #j))) )
              case case_1
              by contradiction /* from formulas */
            qed
          qed
        next
          case Accept_123
          solve( (v1 = v2)  ∥
                 (∃ #k. (Corrupt( 's1' ) @ #k) ∧ ((#k < #i) ∨ (#k < #j))) )
            case case_1
            by contradiction /* from formulas */
          next
            case case_2
            solve( (v1 = v2)  ∥
                   (∃ #k. (Corrupt( 's2' ) @ #k) ∧ ((#k < #i) ∨ (#k < #j))) )
              case case_1
              by contradiction /* from formulas */
            qed
          qed
        qed
      qed
    qed
  qed
next
  case Accept_013
  solve( !Pk( 's0', pk(skA) ) ▶₀ #i )
    case Register
    solve( !Pk( 's1', pk(skB) ) ▶₁ #i )
      case Register
      solve( !Pk( 's3', pk(skC) ) ▶₂ #i )
        case Register
        solve( Accept( c2, K, v2 ) @ #j )
          case Accept_012
          solve( (v1 = v2)  ∥
                 (∃ #k. (Corrupt( 's0' ) @ #k) ∧ ((#k < #i) ∨ (#k < #j))) )
            case case_1
            by contradiction /* from formulas */
          next
            case case_2
            solve( (v1 = v2)  ∥
                   (∃ #k. (Corrupt( 's1' ) @ #k) ∧ ((#k < #i) ∨ (#k < #j))) )
              case case_1
              by contradiction /* from formulas */
            qed
          qed
        next
          case Accept_013
          solve( (v1 = v2)  ∥
                 (∃ #k. (Corrupt( 's0' ) @ #k) ∧ ((#k < #i) ∨ (#k < #j))) )
            case case_1
            by contradiction /* from formulas */
          next
            case case_2
            solve( (v1 = v2)  ∥
                   (∃ #k. (Corrupt( 's1' ) @ #k) ∧ ((#k < #i) ∨ (#k < #j))) )
              case case_1
              by contradiction /* from formulas */
            qed
          qed
        next
          case Accept_023
          solve( (v1 = v2)  ∥
                 (∃ #k. (Corrupt( 's0' ) @ #k) ∧ ((#k < #i) ∨ (#k < #j))) )
            case case_1
            by contradiction /* from formulas */
          next
            case case_2
            solve( (v1 = v2)  ∥
                   (∃ #k. (Corrupt( 's3' ) @ #k) ∧ ((#k < #i) ∨ (#k < #j))) )
              case case_1
              by contradiction /* from formulas */
            qed
          qed
        next
          case Accept_123
          solve( (v1 = v2)  ∥
                 (∃ #k. (Corrupt( 's1' ) @ #k) ∧ ((#k < #i) ∨ (#k < #j))) )
            case case_1
            by contradiction /* from formulas */
          next
            case case_2
            solve( (v1 = v2)  ∥
                   (∃ #k. (Corrupt( 's3' ) @ #k) ∧ ((#k < #i) ∨ (#k < #j))) )
              case case_1
              by contradiction /* from formulas */
            qed
          qed
        qed
      qed
    qed
  qed
next
  case Accept_023
  solve( !Pk( 's0', pk(skA) ) ▶₀ #i )
    case Register
    solve( !Pk( 's2', pk(skB) ) ▶₁ #i )
      case Register
      solve( !Pk( 's3', pk(skC) ) ▶₂ #i )
        case Register
        solve( Accept( c2, K, v2 ) @ #j )
          case Accept_012
          solve( (v1 = v2)  ∥
                 (∃ #k. (Corrupt( 's0' ) @ #k) ∧ ((#k < #i) ∨ (#k < #j))) )
            case case_1
            by contradiction /* from formulas */
          next
            case case_2
            solve( (v1 = v2)  ∥
                   (∃ #k. (Corrupt( 's2' ) @ #k) ∧ ((#k < #i) ∨ (#k < #j))) )
              case case_1
              by contradiction /* from formulas */
            qed
          qed
        next
          case Accept_013
          solve( (v1 = v2)  ∥
                 (∃ #k. (Corrupt( 's0' ) @ #k) ∧ ((#k < #i) ∨ (#k < #j))) )
            case case_1
            by contradiction /* from formulas */
          next
            case case_2
            solve( (v1 = v2)  ∥
                   (∃ #k. (Corrupt( 's3' ) @ #k) ∧ ((#k < #i) ∨ (#k < #j))) )
              case case_1
              by contradiction /* from formulas */
            qed
          qed
        next
          case Accept_023
          solve( (v1 = v2)  ∥
                 (∃ #k. (Corrupt( 's0' ) @ #k) ∧ ((#k < #i) ∨ (#k < #j))) )
            case case_1
            by contradiction /* from formulas */
          next
            case case_2
            solve( (v1 = v2)  ∥
                   (∃ #k. (Corrupt( 's2' ) @ #k) ∧ ((#k < #i) ∨ (#k < #j))) )
              case case_1
              by contradiction /* from formulas */
            qed
          qed
        next
          case Accept_123
          solve( (v1 = v2)  ∥
                 (∃ #k. (Corrupt( 's2' ) @ #k) ∧ ((#k < #i) ∨ (#k < #j))) )
            case case_1
            by contradiction /* from formulas */
          next
            case case_2
            solve( (v1 = v2)  ∥
                   (∃ #k. (Corrupt( 's3' ) @ #k) ∧ ((#k < #i) ∨ (#k < #j))) )
              case case_1
              by contradiction /* from formulas */
            qed
          qed
        qed
      qed
    qed
  qed
next
  case Accept_123
  solve( !Pk( 's1', pk(skA) ) ▶₀ #i )
    case Register
    solve( !Pk( 's2', pk(skB) ) ▶₁ #i )
      case Register
      solve( !Pk( 's3', pk(skC) ) ▶₂ #i )
        case Register
        solve( Accept( c2, K, v2 ) @ #j )
          case Accept_012
          solve( (v1 = v2)  ∥
                 (∃ #k. (Corrupt( 's1' ) @ #k) ∧ ((#k < #i) ∨ (#k < #j))) )
            case case_1
            by contradiction /* from formulas */
          next
            case case_2
            solve( (v1 = v2)  ∥
                   (∃ #k. (Corrupt( 's2' ) @ #k) ∧ ((#k < #i) ∨ (#k < #j))) )
              case case_1
              by contradiction /* from formulas */
            qed
          qed
        next
          case Accept_013
          solve( (v1 = v2)  ∥
                 (∃ #k. (Corrupt( 's1' ) @ #k) ∧ ((#k < #i) ∨ (#k < #j))) )
            case case_1
            by contradiction /* from formulas */
          next
            case case_2
            solve( (v1 = v2)  ∥
                   (∃ #k. (Corrupt( 's3' ) @ #k) ∧ ((#k < #i) ∨ (#k < #j))) )
              case case_1
              by contradiction /* from formulas */
            qed
          qed
        next
          case Accept_023
          solve( (v1 = v2)  ∥
                 (∃ #k. (Corrupt( 's2' ) @ #k) ∧ ((#k < #i) ∨ (#k < #j))) )
            case case_1
            by contradiction /* from formulas */
          next
            case case_2
            solve( (v1 = v2)  ∥
                   (∃ #k. (Corrupt( 's3' ) @ #k) ∧ ((#k < #i) ∨ (#k < #j))) )
              case case_1
              by contradiction /* from formulas */
            qed
          qed
        next
          case Accept_123
          solve( (v1 = v2)  ∥
                 (∃ #k. (Corrupt( 's1' ) @ #k) ∧ ((#k < #i) ∨ (#k < #j))) )
            case case_1
            by contradiction /* from formulas */
          next
            case case_2
            solve( (v1 = v2)  ∥
                   (∃ #k. (Corrupt( 's2' ) @ #k) ∧ ((#k < #i) ∨ (#k < #j))) )
              case case_1
              by contradiction /* from formulas */
            qed
          qed
        qed
      qed
    qed
  qed
qed

lemma C1_intersection_nonempty [hide_lemma=A2_signer_authorized]:
  all-traces
  "∀ c1 c2 K v1 v2 #i #j.
    (((Accept( c1, K, v1 ) @ #i) ∧ (Accept( c2, K, v2 ) @ #j)) ∧
     (¬(v1 = v2))) ⇒
    (∃ s. (Verified( s, K, v1 ) @ #i) ∧ (Verified( s, K, v2 ) @ #j))"
/*
guarded formula characterizing all counter-examples:
"∃ c1 c2 K v1 v2 #i #j.
  (Accept( c1, K, v1 ) @ #i) ∧ (Accept( c2, K, v2 ) @ #j)
 ∧
  (¬(v1 = v2)) ∧
  (∀ s. (Verified( s, K, v1 ) @ #i) ∧ (Verified( s, K, v2 ) @ #j) ⇒ ⊥)"
*/
simplify
solve( Accept( c1, K, v1 ) @ #i )
  case Accept_012
  solve( !Pk( 's0', pk(skA) ) ▶₀ #i )
    case Register
    solve( !Pk( 's1', pk(skB) ) ▶₁ #i )
      case Register
      solve( !Pk( 's2', pk(skC) ) ▶₂ #i )
        case Register
        solve( Accept( c2, K, v2 ) @ #j )
          case Accept_012
          by contradiction /* from formulas */
        next
          case Accept_013
          by contradiction /* from formulas */
        next
          case Accept_023
          by contradiction /* from formulas */
        next
          case Accept_123
          by contradiction /* from formulas */
        qed
      qed
    qed
  qed
next
  case Accept_013
  solve( !Pk( 's0', pk(skA) ) ▶₀ #i )
    case Register
    solve( !Pk( 's1', pk(skB) ) ▶₁ #i )
      case Register
      solve( !Pk( 's3', pk(skC) ) ▶₂ #i )
        case Register
        solve( Accept( c2, K, v2 ) @ #j )
          case Accept_012
          by contradiction /* from formulas */
        next
          case Accept_013
          by contradiction /* from formulas */
        next
          case Accept_023
          by contradiction /* from formulas */
        next
          case Accept_123
          by contradiction /* from formulas */
        qed
      qed
    qed
  qed
next
  case Accept_023
  solve( !Pk( 's0', pk(skA) ) ▶₀ #i )
    case Register
    solve( !Pk( 's2', pk(skB) ) ▶₁ #i )
      case Register
      solve( !Pk( 's3', pk(skC) ) ▶₂ #i )
        case Register
        solve( Accept( c2, K, v2 ) @ #j )
          case Accept_012
          by contradiction /* from formulas */
        next
          case Accept_013
          by contradiction /* from formulas */
        next
          case Accept_023
          by contradiction /* from formulas */
        next
          case Accept_123
          by contradiction /* from formulas */
        qed
      qed
    qed
  qed
next
  case Accept_123
  solve( !Pk( 's1', pk(skA) ) ▶₀ #i )
    case Register
    solve( !Pk( 's2', pk(skB) ) ▶₁ #i )
      case Register
      solve( !Pk( 's3', pk(skC) ) ▶₂ #i )
        case Register
        solve( Accept( c2, K, v2 ) @ #j )
          case Accept_012
          by contradiction /* from formulas */
        next
          case Accept_013
          by contradiction /* from formulas */
        next
          case Accept_023
          by contradiction /* from formulas */
        next
          case Accept_123
          by contradiction /* from formulas */
        qed
      qed
    qed
  qed
qed

lemma C2_intersection_at_least_2qN [hide_lemma=A2_signer_authorized]:
  all-traces
  "∀ c1 c2 K v1 v2 #i #j.
    (((Accept( c1, K, v1 ) @ #i) ∧ (Accept( c2, K, v2 ) @ #j)) ∧
     (¬(v1 = v2))) ⇒
    (∃ s t.
      ((((Verified( s, K, v1 ) @ #i) ∧ (Verified( s, K, v2 ) @ #j)) ∧
        (Verified( t, K, v1 ) @ #i)) ∧
       (Verified( t, K, v2 ) @ #j)) ∧
      (¬(s = t)))"
/*
guarded formula characterizing all counter-examples:
"∃ c1 c2 K v1 v2 #i #j.
  (Accept( c1, K, v1 ) @ #i) ∧ (Accept( c2, K, v2 ) @ #j)
 ∧
  (¬(v1 = v2)) ∧
  (∀ s t.
    (Verified( s, K, v1 ) @ #i) ∧
    (Verified( s, K, v2 ) @ #j) ∧
    (Verified( t, K, v1 ) @ #i) ∧
    (Verified( t, K, v2 ) @ #j)
   ⇒
    s = t)"
*/
simplify
solve( Accept( c1, K, v1 ) @ #i )
  case Accept_012
  solve( !Pk( 's0', pk(skA) ) ▶₀ #i )
    case Register
    solve( !Pk( 's1', pk(skB) ) ▶₁ #i )
      case Register
      solve( !Pk( 's2', pk(skC) ) ▶₂ #i )
        case Register
        by solve( Accept( c2, K, v2 ) @ #j )
      qed
    qed
  qed
next
  case Accept_013
  solve( !Pk( 's0', pk(skA) ) ▶₀ #i )
    case Register
    solve( !Pk( 's1', pk(skB) ) ▶₁ #i )
      case Register
      solve( !Pk( 's3', pk(skC) ) ▶₂ #i )
        case Register
        by solve( Accept( c2, K, v2 ) @ #j )
      qed
    qed
  qed
next
  case Accept_023
  solve( !Pk( 's0', pk(skA) ) ▶₀ #i )
    case Register
    solve( !Pk( 's2', pk(skB) ) ▶₁ #i )
      case Register
      solve( !Pk( 's3', pk(skC) ) ▶₂ #i )
        case Register
        by solve( Accept( c2, K, v2 ) @ #j )
      qed
    qed
  qed
next
  case Accept_123
  solve( !Pk( 's1', pk(skA) ) ▶₀ #i )
    case Register
    solve( !Pk( 's2', pk(skB) ) ▶₁ #i )
      case Register
      solve( !Pk( 's3', pk(skC) ) ▶₂ #i )
        case Register
        by solve( Accept( c2, K, v2 ) @ #j )
      qed
    qed
  qed
qed

lemma C3_evidence_reachable [hide_lemma=A2_signer_authorized,
                             hide_lemma=D2_intersection_seats_corrupt]:
  exists-trace "∃ s K v1 v2 #i. Evidence( s, K, v1, v2 ) @ #i"
/*
guarded formula characterizing all satisfying traces:
"∃ s K v1 v2 #i. (Evidence( s, K, v1, v2 ) @ #i)"
*/
simplify
solve( !Cert( c1, K, v1 ) ▶₀ #i )
  case Accept_012
  solve( !Cert( c2, K, v2 ) ▶₁ #i )
    case Accept_012
    solve( !Signer( ~c, s, sig1 ) ▶₂ #i )
      case Accept_012_case_1
      solve( !Signer( ~c.1, 's0', sig2 ) ▶₃ #i )
        case Accept_012
        solve( !KU( sign(<K, v1, 's0'>, ~sk) ) @ #vk.6 )
          case Sign
          solve( !KU( sign(<K, v1, 's1'>, ~sk.1) ) @ #vk.9 )
            case Sign
            solve( !KU( sign(<K, v1, 's2'>, ~sk.2) ) @ #vk.10 )
              case Sign
              solve( !KU( sign(<K, v2, 's0'>, ~sk) ) @ #vk.14 )
                case c_sign
                solve( !KU( ~sk ) @ #vk.20 )
                  case Corrupt
                  solve( !KU( sign(<K, v2, 's1'>, ~sk.1) ) @ #vk.19 )
                    case c_sign
                    solve( !KU( ~sk.1 ) @ #vk.24 )
                      case Corrupt
                      solve( !KU( sign(<K, v2, 's2'>, ~sk.2) ) @ #vk.23 )
                        case c_sign
                        solve( !KU( ~sk.2 ) @ #vk.28 )
                          case Corrupt
                          SOLVED // trace found
                        qed
                      qed
                    qed
                  qed
                qed
              qed
            qed
          qed
        qed
      qed
    qed
  qed
qed

lemma E1_below_threshold_no_conflict [hide_lemma=A2_signer_authorized]:
  all-traces
  "(∀ s1 s2 #k #l.
     ((Corrupt( s1 ) @ #k) ∧ (Corrupt( s2 ) @ #l)) ⇒ (s1 = s2)) ⇒
   (¬(∃ c1 c2 K v1 v2 #i #j.
       ((Accept( c1, K, v1 ) @ #i) ∧ (Accept( c2, K, v2 ) @ #j)) ∧
       (¬(v1 = v2))))"
/*
guarded formula characterizing all counter-examples:
"(∀ s1 s2 #k #l. (Corrupt( s1 ) @ #k) ∧ (Corrupt( s2 ) @ #l) ⇒ s1 = s2) ∧
 (∃ c1 c2 K v1 v2 #i #j.
   (Accept( c1, K, v1 ) @ #i) ∧ (Accept( c2, K, v2 ) @ #j) ∧ ¬(v1 = v2))"
*/
simplify
solve( Accept( c1, K, v1 ) @ #i )
  case Accept_012
  solve( !Pk( 's0', pk(skA) ) ▶₀ #i )
    case Register
    solve( !Pk( 's1', pk(skB) ) ▶₁ #i )
      case Register
      solve( !Pk( 's2', pk(skC) ) ▶₂ #i )
        case Register
        solve( Accept( c2, K, v2 ) @ #j )
          case Accept_012
          solve( (v1 = v2)  ∥
                 (∃ #k. (Corrupt( 's0' ) @ #k) ∧ ((#k < #i) ∨ (#k < #j))) )
            case case_1
            by contradiction /* from formulas */
          next
            case case_2
            solve( (v1 = v2)  ∥
                   (∃ #k. (Corrupt( 's1' ) @ #k) ∧ ((#k < #i) ∨ (#k < #j))) )
              case case_1
              by contradiction /* from formulas */
            qed
          qed
        next
          case Accept_013
          solve( (v1 = v2)  ∥
                 (∃ #k. (Corrupt( 's0' ) @ #k) ∧ ((#k < #i) ∨ (#k < #j))) )
            case case_1
            by contradiction /* from formulas */
          next
            case case_2
            solve( (v1 = v2)  ∥
                   (∃ #k. (Corrupt( 's1' ) @ #k) ∧ ((#k < #i) ∨ (#k < #j))) )
              case case_1
              by contradiction /* from formulas */
            qed
          qed
        next
          case Accept_023
          solve( (v1 = v2)  ∥
                 (∃ #k. (Corrupt( 's0' ) @ #k) ∧ ((#k < #i) ∨ (#k < #j))) )
            case case_1
            by contradiction /* from formulas */
          next
            case case_2
            solve( (v1 = v2)  ∥
                   (∃ #k. (Corrupt( 's2' ) @ #k) ∧ ((#k < #i) ∨ (#k < #j))) )
              case case_1
              by contradiction /* from formulas */
            qed
          qed
        next
          case Accept_123
          solve( (v1 = v2)  ∥
                 (∃ #k. (Corrupt( 's1' ) @ #k) ∧ ((#k < #i) ∨ (#k < #j))) )
            case case_1
            by contradiction /* from formulas */
          next
            case case_2
            solve( (v1 = v2)  ∥
                   (∃ #k. (Corrupt( 's2' ) @ #k) ∧ ((#k < #i) ∨ (#k < #j))) )
              case case_1
              by contradiction /* from formulas */
            qed
          qed
        qed
      qed
    qed
  qed
next
  case Accept_013
  solve( !Pk( 's0', pk(skA) ) ▶₀ #i )
    case Register
    solve( !Pk( 's1', pk(skB) ) ▶₁ #i )
      case Register
      solve( !Pk( 's3', pk(skC) ) ▶₂ #i )
        case Register
        solve( Accept( c2, K, v2 ) @ #j )
          case Accept_012
          solve( (v1 = v2)  ∥
                 (∃ #k. (Corrupt( 's0' ) @ #k) ∧ ((#k < #i) ∨ (#k < #j))) )
            case case_1
            by contradiction /* from formulas */
          next
            case case_2
            solve( (v1 = v2)  ∥
                   (∃ #k. (Corrupt( 's1' ) @ #k) ∧ ((#k < #i) ∨ (#k < #j))) )
              case case_1
              by contradiction /* from formulas */
            qed
          qed
        next
          case Accept_013
          solve( (v1 = v2)  ∥
                 (∃ #k. (Corrupt( 's0' ) @ #k) ∧ ((#k < #i) ∨ (#k < #j))) )
            case case_1
            by contradiction /* from formulas */
          next
            case case_2
            solve( (v1 = v2)  ∥
                   (∃ #k. (Corrupt( 's1' ) @ #k) ∧ ((#k < #i) ∨ (#k < #j))) )
              case case_1
              by contradiction /* from formulas */
            qed
          qed
        next
          case Accept_023
          solve( (v1 = v2)  ∥
                 (∃ #k. (Corrupt( 's0' ) @ #k) ∧ ((#k < #i) ∨ (#k < #j))) )
            case case_1
            by contradiction /* from formulas */
          next
            case case_2
            solve( (v1 = v2)  ∥
                   (∃ #k. (Corrupt( 's3' ) @ #k) ∧ ((#k < #i) ∨ (#k < #j))) )
              case case_1
              by contradiction /* from formulas */
            qed
          qed
        next
          case Accept_123
          solve( (v1 = v2)  ∥
                 (∃ #k. (Corrupt( 's1' ) @ #k) ∧ ((#k < #i) ∨ (#k < #j))) )
            case case_1
            by contradiction /* from formulas */
          next
            case case_2
            solve( (v1 = v2)  ∥
                   (∃ #k. (Corrupt( 's3' ) @ #k) ∧ ((#k < #i) ∨ (#k < #j))) )
              case case_1
              by contradiction /* from formulas */
            qed
          qed
        qed
      qed
    qed
  qed
next
  case Accept_023
  solve( !Pk( 's0', pk(skA) ) ▶₀ #i )
    case Register
    solve( !Pk( 's2', pk(skB) ) ▶₁ #i )
      case Register
      solve( !Pk( 's3', pk(skC) ) ▶₂ #i )
        case Register
        solve( Accept( c2, K, v2 ) @ #j )
          case Accept_012
          solve( (v1 = v2)  ∥
                 (∃ #k. (Corrupt( 's0' ) @ #k) ∧ ((#k < #i) ∨ (#k < #j))) )
            case case_1
            by contradiction /* from formulas */
          next
            case case_2
            solve( (v1 = v2)  ∥
                   (∃ #k. (Corrupt( 's2' ) @ #k) ∧ ((#k < #i) ∨ (#k < #j))) )
              case case_1
              by contradiction /* from formulas */
            qed
          qed
        next
          case Accept_013
          solve( (v1 = v2)  ∥
                 (∃ #k. (Corrupt( 's0' ) @ #k) ∧ ((#k < #i) ∨ (#k < #j))) )
            case case_1
            by contradiction /* from formulas */
          next
            case case_2
            solve( (v1 = v2)  ∥
                   (∃ #k. (Corrupt( 's3' ) @ #k) ∧ ((#k < #i) ∨ (#k < #j))) )
              case case_1
              by contradiction /* from formulas */
            qed
          qed
        next
          case Accept_023
          solve( (v1 = v2)  ∥
                 (∃ #k. (Corrupt( 's0' ) @ #k) ∧ ((#k < #i) ∨ (#k < #j))) )
            case case_1
            by contradiction /* from formulas */
          next
            case case_2
            solve( (v1 = v2)  ∥
                   (∃ #k. (Corrupt( 's2' ) @ #k) ∧ ((#k < #i) ∨ (#k < #j))) )
              case case_1
              by contradiction /* from formulas */
            qed
          qed
        next
          case Accept_123
          solve( (v1 = v2)  ∥
                 (∃ #k. (Corrupt( 's2' ) @ #k) ∧ ((#k < #i) ∨ (#k < #j))) )
            case case_1
            by contradiction /* from formulas */
          next
            case case_2
            solve( (v1 = v2)  ∥
                   (∃ #k. (Corrupt( 's3' ) @ #k) ∧ ((#k < #i) ∨ (#k < #j))) )
              case case_1
              by contradiction /* from formulas */
            qed
          qed
        qed
      qed
    qed
  qed
next
  case Accept_123
  solve( !Pk( 's1', pk(skA) ) ▶₀ #i )
    case Register
    solve( !Pk( 's2', pk(skB) ) ▶₁ #i )
      case Register
      solve( !Pk( 's3', pk(skC) ) ▶₂ #i )
        case Register
        solve( Accept( c2, K, v2 ) @ #j )
          case Accept_012
          solve( (v1 = v2)  ∥
                 (∃ #k. (Corrupt( 's1' ) @ #k) ∧ ((#k < #i) ∨ (#k < #j))) )
            case case_1
            by contradiction /* from formulas */
          next
            case case_2
            solve( (v1 = v2)  ∥
                   (∃ #k. (Corrupt( 's2' ) @ #k) ∧ ((#k < #i) ∨ (#k < #j))) )
              case case_1
              by contradiction /* from formulas */
            qed
          qed
        next
          case Accept_013
          solve( (v1 = v2)  ∥
                 (∃ #k. (Corrupt( 's1' ) @ #k) ∧ ((#k < #i) ∨ (#k < #j))) )
            case case_1
            by contradiction /* from formulas */
          next
            case case_2
            solve( (v1 = v2)  ∥
                   (∃ #k. (Corrupt( 's3' ) @ #k) ∧ ((#k < #i) ∨ (#k < #j))) )
              case case_1
              by contradiction /* from formulas */
            qed
          qed
        next
          case Accept_023
          solve( (v1 = v2)  ∥
                 (∃ #k. (Corrupt( 's2' ) @ #k) ∧ ((#k < #i) ∨ (#k < #j))) )
            case case_1
            by contradiction /* from formulas */
          next
            case case_2
            solve( (v1 = v2)  ∥
                   (∃ #k. (Corrupt( 's3' ) @ #k) ∧ ((#k < #i) ∨ (#k < #j))) )
              case case_1
              by contradiction /* from formulas */
            qed
          qed
        next
          case Accept_123
          solve( (v1 = v2)  ∥
                 (∃ #k. (Corrupt( 's1' ) @ #k) ∧ ((#k < #i) ∨ (#k < #j))) )
            case case_1
            by contradiction /* from formulas */
          next
            case case_2
            solve( (v1 = v2)  ∥
                   (∃ #k. (Corrupt( 's2' ) @ #k) ∧ ((#k < #i) ∨ (#k < #j))) )
              case case_1
              by contradiction /* from formulas */
            qed
          qed
        qed
      qed
    qed
  qed
qed

lemma E2_at_threshold_conflict_exists [hide_lemma=A2_signer_authorized,
                                       hide_lemma=D2_intersection_seats_corrupt]:
  exists-trace
  "∃ c1 c2 K v1 v2 s1 s2 #i #j #k #l.
    ((((((Accept( c1, K, v1 ) @ #i) ∧ (Accept( c2, K, v2 ) @ #j)) ∧
        (¬(v1 = v2))) ∧
       (Corrupt( s1 ) @ #k)) ∧
      (Corrupt( s2 ) @ #l)) ∧
     (¬(s1 = s2))) ∧
    (∀ s #m. (Corrupt( s ) @ #m) ⇒ ((s = s1) ∨ (s = s2)))"
/*
guarded formula characterizing all satisfying traces:
"∃ c1 c2 K v1 v2 s1 s2 #i #j #k #l.
  (Accept( c1, K, v1 ) @ #i) ∧
  (Accept( c2, K, v2 ) @ #j) ∧
  (Corrupt( s1 ) @ #k) ∧
  (Corrupt( s2 ) @ #l)
 ∧
  (¬(v1 = v2)) ∧
  (¬(s1 = s2)) ∧
  (∀ s #m. (Corrupt( s ) @ #m) ⇒ ((s = s1) ∨ (s = s2)))"
*/
simplify
solve( !Seat( $s, ~sk ) ▶₀ #k )
  case Register
  solve( ($s = 's0')  ∥ ($s = 's1')  ∥ ($s = 's2')  ∥ ($s = 's3') )
    case case_1
    solve( !Seat( $s, ~sk.1 ) ▶₀ #l )
      case Register
      solve( ($s = 's0')  ∥ ($s = 's1')  ∥ ($s = 's2')  ∥ ($s = 's3') )
        case case_2
        solve( Accept( c1, K, v1 ) @ #i )
          case Accept_012
          solve( !Pk( 's0', pk(skA) ) ▶₀ #i )
            case Register
            solve( !Pk( 's1', pk(skB) ) ▶₁ #i )
              case Register
              solve( !Pk( 's2', pk(skC) ) ▶₂ #i )
                case Register
                solve( Accept( c2, K, v2 ) @ #j )
                  case Accept_013
                  solve( !Pk( 's0', pk(skA) ) ▶₀ #j )
                    case Register
                    solve( !Pk( 's1', pk(skB) ) ▶₁ #j )
                      case Register
                      solve( !Pk( 's3', pk(skC) ) ▶₂ #j )
                        case Register
                        solve( !KU( sign(<K, v1, 's0'>, ~sk) ) @ #vk.6 )
                          case Sign
                          solve( !KU( sign(<K, v1, 's1'>, ~sk.1) ) @ #vk.9 )
                            case Sign
                            solve( !KU( sign(<K, v1, 's2'>, ~sk.2) ) @ #vk.10 )
                              case Sign
                              solve( !KU( sign(<K, v2, 's0'>, ~sk) ) @ #vk.14 )
                                case c_sign
                                solve( !KU( sign(<K, v2, 's1'>, ~sk.1) ) @ #vk.18 )
                                  case c_sign
                                  solve( !KU( sign(<K, v2, 's3'>, ~sk.3) ) @ #vk.21 )
                                    case Sign
                                    solve( !KU( ~sk ) @ #vk.23 )
                                      case Corrupt
                                      solve( !KU( ~sk.1 ) @ #vk.25 )
                                        case Corrupt
                                        SOLVED // trace found
                                      qed
                                    qed
                                  qed
                                qed
                              qed
                            qed
                          qed
                        qed
                      qed
                    qed
                  qed
                qed
              qed
            qed
          qed
        qed
      qed
    qed
  qed
qed

/* All wellformedness checks were successful. */

/*
Generated from:
Tamarin version 1.12.0
Maude version 3.5.1
Git revision: 82780bbaf3328a45f624ddb41e51bf75425f851c (with uncommited changes), branch: master
Compiled at: 2026-03-07 14:22:39.174278293 UTC
*/

end

==============================================================================
summary of summaries:

analyzed: <workdir>/qpt_audit_stack/formal/qpt128_quorum.spthy

  processing time: 126.74s
  
  sanity_honest_certificate (exists-trace): verified (9 steps)
  A1_three_distinct_signers (all-traces): verified (6 steps)
  A2_signer_authorized (all-traces): verified (162 steps)
  A_acceptance_authorized (all-traces): verified (158 steps)
  D2_intersection_seats_corrupt (all-traces): verified (6 steps)
  D1_non_frameability (all-traces): verified (2374 steps)
  B_conflict_needs_2qN_corrupt (all-traces): verified (82 steps)
  C1_intersection_nonempty (all-traces): verified (34 steps)
  C2_intersection_at_least_2qN (all-traces): verified (18 steps)
  C3_evidence_reachable (exists-trace): verified (15 steps)
  E1_below_threshold_no_conflict (all-traces): verified (82 steps)
  E2_at_threshold_conflict_exists (exists-trace): verified (22 steps)

==============================================================================
   exit 0
== FORMAL: ProVerif NOT RUN (proverif not on PATH)
== PRIMITIVES: liboqs vs dilithium-py/kyber-py vs NIST ACVP
[acvp_keygen] done in 0.3s
[acvp_sigver] done in 0.6s
[acvp_siggen] done in 5.7s
[acvp_encapdecap] done in 0.3s
[cross_impl] done in 13.9s
[tamper] done in 1.7s
[timing] done in 1.6s
[harness_selftest] done in 0.5s
RESULTS.md: 55 lines; disagreements=0 critical=0
   exit 0
== IMPLEMENTATION: sanitizers + libFuzzer (see implementation/IMPLEMENTATION_RESULTS.md)
<workdir>/qpt_audit_stack/implementation/IMPLEMENTATION_RESULTS.md
<workdir>/qpt_audit_stack/implementation/TARGET_NOTES.md
   exit 0
== PROPERTY / DIFFERENTIAL / MALFORMED (Hypothesis)
==== summary (logs/*.log) ====
tesla exit=0 :: 8 passed, 2 xfailed in 2.61s
b0 exit=0 :: 12 passed in 6.56s
hashsig exit=1 :: 5 failed, 11 passed in 22.47s
modeB exit=1 :: 2 failed, 14 passed in 110.09s (0:01:50)
differential exit=0 ::   swapped_slots                    n= 100 agree= 100 accepted_by_both=   0
    ACCEPT invalid_encoding_bytearray   <-- FINDING
                          'ACCEPT-ON-INVALID multiproof: %r ; raises instead of False: %r' % (accepts, crashes))
    DESIGN corrupted_handle_byte                         parse ACCEPTS (structure-only); extract names 21 seats, all registered
                  design[name] = 'parse ACCEPTS (structure-only); extract names %d seats, all registered'\
    DESIGN signer_not_in_set_unregistered_handle         parse ACCEPTS (structure-only); extract names 22 seats, all registered
    DESIGN trailing_bytes_absorbed_into_proof            parse ACCEPTS (structure-only); extract names 22 seats, all registered
  E       + [] : ACCEPT-ON-INVALID: ['invalid_encoding_bytearray']
  E       AssertionError: False is not true : ACCEPT-ON-INVALID multiproof: ['empty_proof_dict'] ; raises instead of False: {'leaf_index_beyond_all_leaves': 'IndexError', 'unknown_rung_key': 'IndexError', 'nodes_wrong_shape': 'ValueError'}
  [MTL multiproof catalogue] ACCEPTS=['empty_proof_dict'] CRASHES={'leaf_index_beyond_all_leaves': 'IndexError', 'unknown_rung_key': 'IndexError', 'nodes_wrong_shape': 'ValueError'}
              print('  ACCEPT %s   <-- FINDING' % n)
          print('[MTL multiproof catalogue] ACCEPTS=%r CRASHES=%r' % (accepts, crashes))
  >       self.assertEqual(accepted, [], 'ACCEPT-ON-INVALID: %r' % accepted)
   exit 0
== FAULT INJECTION on the certificate/extraction pipeline
{
 "schedules": 300,
 "failures": 0,
 "fault_classes": [
  "loss",
  "duplication",
  "reorder",
  "delay",
  "clock_skew",
  "restart",
  "rollback",
  "corrupt_message",
  "corrupt_signature",
  "corrupt_certificate",
  "equivocation"
 ],
 "checks_total": 1717,
 "p1_corruptions_attempted": 3700,
 "p1_accepted_on_invalid": 0,
 "conflicts_extracted": 33,
 "honest_named_total": 0,
 "verdict": "REPRODUCED",
 "first_failures": []
}
   exit 0
== done; see <workdir>/qpt_audit_stack/run_all.log and AUDIT_STACK.md
